# Blender 5.0.1
# www.blender.org
mtllib model.mtl
o leavesMesh
v -33.502811 -35.077969 11.673414
v -33.502811 -35.077969 11.913057
v -32.454090 -35.077969 11.673414
v -32.454090 -35.077969 11.913057
v -33.502815 -36.126694 11.673413
v -33.502815 -36.126694 11.913058
v -32.454086 -36.126694 11.673413
v -32.454086 -36.126694 11.913058
v -32.978451 -34.870029 11.625898
v -32.978451 -34.870029 11.960573
v -32.978451 -36.334637 11.625896
v -32.978451 -36.334633 11.960575
v -32.246147 -35.602329 11.625897
v -32.246147 -35.602329 11.960574
v -33.710754 -35.602329 11.625897
v -33.710754 -35.602329 11.960574
v -32.978451 -35.602314 12.107049
v -32.978451 -35.602314 11.042057
v -32.314793 -36.943558 12.125098
v -32.964279 -36.714790 11.991205
v -32.964245 -36.714287 12.298280
v -33.601768 -36.684456 12.135007
v -32.516701 -37.825733 12.305644
v -33.127239 -37.624500 12.194136
v -33.133858 -37.620445 12.477243
v -33.777039 -37.616405 12.269221
v -32.719849 -38.527706 12.019056
v -32.863400 -38.619480 11.904740
v -33.278828 -38.435421 11.856892
v -33.302380 -38.597706 12.090816
v -33.707798 -38.546394 11.915735
v -33.312210 -39.440739 11.391063
v -33.425316 -39.425209 11.393640
v -33.538418 -39.409676 11.396216
v -31.438381 -34.951950 12.397063
v -31.530642 -35.602329 12.286331
v -31.536533 -35.601845 12.600216
v -31.407581 -36.183472 12.413056
v -30.429104 -34.957218 12.407850
v -30.452766 -35.602329 12.286331
v -30.452766 -35.602329 12.593406
v -30.618971 -36.386486 12.488162
v -30.401108 -36.250107 12.412273
v -29.781668 -35.068600 12.100556
v -29.828781 -35.609985 12.037600
v -29.696819 -35.594673 12.268567
v -29.689856 -36.213898 12.084624
v -29.752398 -36.256443 12.225529
v -28.989433 -35.360668 11.695210
v -28.972931 -35.530457 11.697036
v -28.956427 -35.700245 11.698861
v -34.504311 -34.739365 11.759973
v -34.523998 -36.188236 11.730502
v -34.412006 -35.472397 11.639698
v -34.412006 -35.472397 11.946773
v -35.299568 -34.821762 11.493219
v -35.330605 -36.014740 11.562347
v -35.177616 -35.408707 11.493014
v -35.271812 -35.383255 11.784175
v -35.904224 -34.872608 11.145402
v -35.799286 -35.892284 11.386201
v -35.743809 -35.356228 11.185792
v -35.976925 -35.347301 11.275205
v -36.071785 -35.179077 10.662056
v -36.074291 -35.615322 10.699065
v -36.073036 -35.397198 10.680561
v -32.978451 -34.161179 11.512256
v -33.650356 -34.161179 11.665792
v -32.302879 -36.832985 12.144865
v -32.978451 -34.161179 11.819330
v -32.257782 -34.139320 11.616251
v -32.975758 -33.521511 10.987383
v -33.568748 -33.521511 11.122888
v -33.535786 -33.499939 11.093770
v -32.978451 -33.518291 11.258392
v -32.414612 -33.443954 11.081713
v -33.016819 -33.392681 10.657135
v -33.218243 -33.346390 10.669086
v -33.016068 -33.304520 10.684233
v -32.814648 -33.350815 10.672282
v -35.107044 -34.709892 11.702868
v -34.350170 -36.204636 11.858464
v -33.625645 -36.596092 12.144620
v -33.849163 -37.457264 12.313984
v -33.779655 -38.403576 12.034041
v -32.327953 -37.589859 12.377546
v -31.574829 -36.315056 12.439870
v -29.853642 -34.974258 12.183556
v -30.592688 -34.864899 12.522040
v -31.611042 -34.886391 12.460055
v -32.265442 -34.251881 11.712421
v -32.385460 -33.518291 11.122888
v -33.699944 -34.226681 11.699063
v -35.205982 -36.113686 11.730828
v -35.915176 -35.793839 11.116241
v -35.742588 -34.812744 11.373643
v -34.231674 -34.777588 11.838446
v -34.875237 -42.120293 12.019531
v -34.875237 -42.120293 12.259175
v -35.325077 -41.172947 12.019531
v -35.325077 -41.172947 12.259175
v -33.927887 -41.670452 12.019531
v -33.927887 -41.670452 12.259176
v -34.377731 -40.723103 12.019531
v -34.377731 -40.723103 12.259176
v -35.287994 -41.735813 11.972015
v -35.287994 -41.735813 12.306691
v -33.964970 -41.107582 11.972014
v -33.964970 -41.107582 12.306693
v -34.940601 -40.760189 11.972014
v -34.940601 -40.760189 12.306692
v -34.312370 -42.083210 11.972014
v -34.312370 -42.083210 12.306692
v -34.626499 -41.421707 12.453167
v -34.626499 -41.421707 11.388175
v -33.699585 -40.246887 12.471216
v -33.627640 -40.931717 12.337323
v -33.628113 -40.931900 12.644398
v -33.381599 -41.520592 12.481125
v -32.816078 -40.050873 12.651762
v -32.735973 -40.688709 12.540254
v -32.736794 -40.696426 12.823361
v -32.464558 -41.279167 12.615339
v -32.094826 -39.933273 12.365174
v -31.950346 -40.023582 12.250858
v -31.938419 -40.477806 12.203010
v -31.781719 -40.429470 12.436934
v -31.654171 -40.817707 12.261853
v -31.015963 -40.076736 11.737181
v -30.981480 -40.185570 11.739758
v -30.946995 -40.294403 11.742334
v -35.874596 -40.309479 12.743181
v -35.247513 -40.113846 12.632449
v -35.245422 -40.119377 12.946334
v -34.775333 -39.753407 12.759174
v -36.302761 -39.395508 12.753967
v -35.709858 -39.140167 12.632449
v -35.709858 -39.140167 12.939524
v -34.930214 -38.953949 12.834280
v -35.146858 -38.815643 12.758391
v -36.479858 -38.762882 12.446674
v -35.970596 -38.573219 12.383718
v -36.041031 -38.460583 12.614685
v -35.484653 -38.188679 12.430742
v -35.419395 -38.226925 12.571647
v -36.555843 -37.921951 12.041328
v -36.409550 -37.834213 12.043154
v -36.263252 -37.746475 12.044979
v -34.751526 -43.170219 12.106091
v -33.434269 -42.566521 12.076620
v -34.128944 -42.772408 11.985816
v -34.128944 -42.772408 12.292891
v -34.335968 -43.853256 11.839337
v -33.245003 -43.369576 11.908464
v -33.858078 -43.491325 11.839132
v -33.840664 -43.587334 12.130293
v -34.030678 -44.377651 11.491520
v -33.154583 -43.845474 11.732319
v -33.662617 -44.025299 11.531910
v -33.570686 -44.239708 11.621323
v -33.681961 -44.397556 11.008174
v -33.286812 -44.212696 11.045183
v -33.484386 -44.305126 11.026678
v -35.928322 -42.039871 11.858374
v -35.640114 -42.646824 12.011910
v -33.804573 -40.283554 12.490983
v -35.928322 -42.039871 12.165448
v -36.257191 -41.398243 11.962369
v -36.507313 -42.311817 11.333501
v -36.252953 -42.847485 11.469006
v -36.286579 -42.826962 11.439888
v -36.509064 -42.315632 11.604510
v -36.818069 -41.838181 11.427831
v -36.606071 -42.404171 11.003253
v -36.561489 -42.605980 11.015203
v -36.686031 -42.441307 11.030351
v -36.730614 -42.239502 11.018400
v -34.519611 -43.727329 12.048986
v -33.494015 -42.402462 12.204581
v -33.451180 -41.580063 12.490738
v -32.577377 -41.412582 12.660102
v -31.752359 -40.943878 12.380159
v -33.110111 -39.981548 12.723664
v -34.584728 -39.848045 12.785988
v -36.534206 -38.868366 12.529673
v -36.315987 -39.582878 12.868158
v -35.859756 -40.493572 12.806173
v -36.152225 -41.356880 12.058539
v -36.763424 -41.779964 11.469006
v -35.559673 -42.663521 12.045181
v -33.209080 -43.214558 12.076946
v -33.193802 -43.992390 11.462358
v -34.154087 -44.257320 11.719761
v -34.833939 -42.907539 12.184564
v -37.471878 -46.936771 12.999963
v -37.471878 -46.936771 13.239607
v -38.389767 -47.444008 12.999963
v -38.389767 -47.444008 13.239607
v -37.979111 -46.018875 12.999962
v -37.979111 -46.018875 13.239607
v -38.897011 -46.526115 12.999962
v -38.897011 -46.526115 13.239607
v -37.830246 -47.372387 12.952447
v -37.830246 -47.372387 13.287123
v -38.538635 -46.090496 12.952445
v -38.538635 -46.090496 13.287124
v -38.825386 -47.085640 12.952446
v -38.825386 -47.085640 13.287123
v -37.543491 -46.377251 12.952446
v -37.543491 -46.377251 13.287123
v -38.184433 -46.731457 13.433598
v -38.184433 -46.731457 12.368607
v -39.414021 -45.878529 13.451648
v -38.734909 -45.764618 13.317755
v -38.734695 -45.765076 13.624828
v -38.162277 -45.482834 13.461555
v -39.663986 -45.008747 13.632194
v -39.032280 -44.889580 13.520685
v -39.024529 -44.889923 13.803792
v -38.459629 -44.582371 13.595771
v -39.825706 -44.296089 13.345605
v -39.744453 -44.146332 13.231289
v -39.291824 -44.106499 13.183440
v -39.349701 -43.953068 13.417366
v -38.970039 -43.801888 13.242284
v -39.748848 -43.210449 12.717612
v -39.642345 -43.169338 12.720189
v -39.535835 -43.128227 12.722766
v -39.217815 -48.045578 13.723613
v -39.451633 -47.431709 13.612881
v -39.446243 -47.429283 13.926765
v -39.840424 -46.982586 13.739605
v -40.103729 -48.529129 13.734399
v -40.395042 -47.953049 13.612881
v -40.395042 -47.953049 13.919955
v -40.628845 -47.186329 13.814711
v -40.753571 -47.411064 13.738823
v -40.724270 -48.744789 13.427105
v -40.944889 -48.248154 13.364148
v -41.052982 -48.325378 13.595116
v -41.358582 -47.786774 13.411174
v -41.324417 -47.719284 13.552078
v -41.558937 -48.872337 13.021759
v -41.655506 -48.731712 13.023585
v -41.752075 -48.591087 13.025411
v -36.431541 -46.748741 13.086522
v -37.115086 -45.471092 13.057051
v -36.866879 -46.151794 12.966248
v -36.866879 -46.151794 13.273322
v -35.775345 -46.291973 12.819768
v -36.325191 -45.232811 12.888896
v -36.165974 -45.837238 12.819563
v -36.071217 -45.813953 13.110723
v -35.270714 -45.955017 12.471951
v -35.855751 -45.113304 12.712749
v -35.645031 -45.609318 12.512341
v -35.436680 -45.504379 12.601753
v -35.272289 -45.605736 11.988605
v -35.481091 -45.222702 12.025614
v -35.376690 -45.414219 12.007110
v -37.487396 -47.992813 12.838804
v -36.899311 -47.667831 12.992342
v -39.370968 -45.981068 13.471414
v -37.487396 -47.992813 13.145879
v -38.107590 -48.360508 12.942800
v -37.180363 -48.553982 12.313931
v -36.661346 -48.267170 12.449436
v -36.679764 -48.301994 12.420320
v -37.176449 -48.555496 12.584941
v -37.633995 -48.893272 12.408262
v -37.082111 -48.646877 11.983684
v -36.883427 -48.589973 11.995634
v -37.040131 -48.724403 12.010782
v -37.238815 -48.781311 11.998832
v -35.889744 -46.483009 13.029417
v -37.275162 -45.540813 13.185013
v -38.098640 -45.548622 13.471169
v -38.319530 -44.686775 13.640533
v -38.838074 -43.892136 13.360590
v -39.715103 -45.306488 13.704095
v -39.757683 -46.786522 13.766418
v -40.615646 -48.792549 13.510104
v -39.915901 -48.530807 13.848589
v -39.034981 -48.019447 13.786605
v -38.155327 -48.258286 13.038970
v -37.695465 -48.842308 12.449436
v -36.887592 -47.586514 13.025612
v -36.482124 -45.206486 13.057377
v -35.706699 -45.143410 12.442789
v -35.383228 -46.085590 12.700192
v -36.688656 -46.847149 13.164995
v -43.628681 -49.171638 15.626930
v -43.628681 -49.171638 15.866573
v -43.647518 -50.220192 15.626930
v -43.647518 -50.220192 15.866573
v -44.677238 -49.152798 15.626928
v -44.677238 -49.152798 15.866573
v -44.696072 -50.201359 15.626928
v -44.696072 -50.201359 15.866573
v -43.430195 -49.699650 15.579414
v -43.430195 -49.699650 15.914089
v -44.894562 -49.673344 15.579412
v -44.894562 -49.673344 15.914091
v -44.175526 -50.418678 15.579412
v -44.175526 -50.418678 15.914090
v -44.149223 -48.954311 15.579412
v -44.149223 -48.954311 15.914090
v -44.162361 -49.686497 16.060566
v -44.162361 -49.686497 14.995573
v -45.515305 -50.325958 16.078613
v -45.274910 -49.680683 15.944721
v -45.274406 -49.680729 16.251795
v -45.233131 -49.043842 16.088524
v -46.393715 -50.108238 16.259159
v -46.181545 -49.501415 16.147652
v -46.177376 -49.494869 16.430759
v -46.161781 -48.851864 16.222736
v -47.091927 -49.892517 15.972572
v -47.181107 -49.747337 15.858256
v -46.989613 -49.335285 15.810408
v -47.151451 -49.308819 16.044333
v -47.092865 -48.904388 15.869251
v -47.994171 -49.283852 15.344579
v -47.976608 -49.171043 15.347156
v -47.959049 -49.058239 15.349732
v -43.539761 -51.237999 16.350580
v -44.188377 -51.134071 16.239847
v -44.187790 -51.128189 16.553732
v -44.771637 -51.246674 16.366573
v -43.563152 -52.247021 16.361366
v -44.207737 -52.211773 16.239847
v -44.207737 -52.211773 16.546921
v -44.988781 -52.031513 16.441677
v -44.856339 -52.251789 16.365789
v -43.686146 -52.892349 16.054073
v -44.226597 -52.835518 15.991116
v -44.213661 -52.967735 16.222084
v -44.832909 -52.963577 16.038139
v -44.874325 -52.900284 16.179045
v -43.992397 -53.679211 15.648726
v -44.162457 -53.692665 15.650552
v -44.332512 -53.706116 15.652378
v -43.272141 -48.176384 15.713489
v -44.720428 -48.130676 15.684018
v -44.006718 -48.255505 15.593214
v -44.006718 -48.255505 15.900289
v -43.340244 -47.379772 15.446735
v -44.532471 -47.327316 15.515863
v -43.929283 -47.491165 15.446530
v -43.902145 -47.397442 15.737690
v -43.380222 -46.774300 15.098918
v -44.401619 -46.860909 15.339716
v -43.866646 -46.926003 15.139308
v -43.853535 -46.693089 15.228721
v -43.683632 -46.601265 14.615572
v -44.119759 -46.590923 14.652581
v -43.901695 -46.596092 14.634076
v -42.721455 -49.712379 15.465772
v -42.709389 -49.040585 15.619308
v -45.404968 -50.339855 16.098381
v -42.721455 -49.712379 15.772846
v -42.712547 -50.433327 15.569767
v -42.081940 -49.726562 14.940899
v -42.071289 -49.133667 15.076404
v -42.050312 -49.167011 15.047286
v -42.078674 -49.723927 15.211908
v -42.014477 -50.289013 15.035229
v -41.952393 -49.687820 14.610651
v -41.902493 -49.487263 14.622602
v -41.864262 -49.690155 14.637749
v -41.914162 -49.890713 14.625798
v -43.231850 -47.574276 15.656384
v -44.739948 -48.304180 15.811979
v -45.144352 -49.021557 16.098137
v -46.001373 -48.782608 16.267500
v -46.948780 -48.835110 15.987557
v -46.161270 -50.301193 16.331062
v -44.900200 -51.077091 16.393387
v -43.590527 -52.822083 16.137072
v -43.467911 -52.085121 16.475555
v -43.471111 -51.066544 16.413570
v -42.824951 -50.423645 15.665937
v -42.089325 -50.316822 15.076404
v -42.773991 -48.989826 15.652579
v -44.633640 -47.450138 15.684344
v -44.301109 -46.746803 15.069757
v -43.323273 -46.936985 15.327159
v -43.315258 -48.448288 15.791962
v -49.933037 -51.663090 18.348518
v -49.933037 -51.663090 18.653372
v -50.974609 -52.496716 18.348518
v -50.974609 -52.496716 18.653372
v -50.766659 -50.621510 18.348516
v -50.766659 -50.621510 18.653374
v -51.808239 -51.455139 18.348516
v -51.808239 -51.455139 18.653374
v -50.288532 -52.286423 18.288073
v -50.288532 -52.286423 18.713818
v -51.452740 -50.831806 18.288071
v -51.452740 -50.831806 18.713820
v -51.597946 -52.141220 18.288071
v -51.597946 -52.141220 18.713818
v -50.143322 -50.977013 18.288071
v -50.143322 -50.977013 18.713818
v -50.870621 -51.559132 18.900150
v -50.870621 -51.559132 17.545361
v -52.595905 -50.754570 18.923111
v -51.769005 -50.465500 18.752785
v -51.768631 -50.466026 19.143417
v -51.111740 -49.988892 18.935717
v -53.096619 -49.717911 19.152786
v -52.330276 -49.432457 19.010935
v -52.320480 -49.431221 19.371082
v -51.678474 -48.923973 19.106453
v -53.452850 -48.859241 18.788214
v -53.383224 -48.653984 18.642792
v -52.824318 -48.506569 18.581923
v -52.929928 -48.326664 18.879501
v -52.486481 -48.055359 18.656778
v -53.590290 -47.481560 17.989334
v -53.465611 -47.407082 17.992613
v -53.340927 -47.332603 17.995890
v -51.883224 -53.429260 19.269083
v -52.308575 -52.709976 19.128220
v -52.302338 -52.705772 19.527517
v -52.892746 -52.230614 19.289429
v -52.889809 -54.226303 19.282804
v -53.379105 -53.566776 19.128220
v -53.379105 -53.566776 19.518852
v -53.837357 -52.655853 19.384972
v -53.945328 -52.964478 19.288431
v -53.621368 -54.630322 18.891891
v -54.004921 -54.055176 18.811804
v -54.123814 -54.175278 19.105621
v -54.622952 -53.565811 18.871624
v -54.594650 -53.473843 19.050871
v -54.640366 -54.969986 18.376245
v -54.791725 -54.814476 18.378567
v -54.943081 -54.658958 18.380890
v -48.669205 -51.203300 18.458630
v -49.801353 -49.748653 18.421141
v -49.343567 -50.548634 18.305626
v -49.343567 -50.548634 18.696262
v -47.944862 -50.489311 18.119289
v -48.862335 -49.279797 18.207228
v -48.532547 -50.003311 18.119028
v -48.418758 -49.953712 18.489418
v -47.384747 -49.958176 17.676826
v -48.299507 -49.028866 17.983150
v -47.928493 -49.605366 17.728207
v -47.689873 -49.428932 17.841949
v -47.461937 -49.520607 17.061954
v -47.806217 -49.085342 17.109034
v -47.634079 -49.302971 17.085493
v -49.725067 -52.990448 18.143505
v -49.057739 -52.456352 18.338823
v -52.519844 -50.873856 18.948257
v -49.725067 -52.990448 18.534140
v -50.423447 -53.585011 18.275799
v -49.219276 -53.627895 17.475807
v -48.630318 -53.156532 17.648186
v -48.645912 -53.204155 17.611145
v -49.214035 -53.628952 17.820562
v -49.714943 -54.150974 17.595806
v -49.076080 -53.723206 17.055695
v -48.839237 -53.609070 17.070896
v -49.006752 -53.811359 17.090164
v -49.243599 -53.925499 17.074963
v -48.047150 -50.753464 18.385986
v -49.987034 -49.870541 18.583923
v -51.017788 -50.057674 18.947945
v -51.480335 -49.024696 19.163397
v -52.301590 -48.140091 18.807278
v -53.096581 -50.102211 19.244255
v -52.831234 -51.966976 19.323538
v -53.474892 -54.666809 18.997477
v -52.653954 -54.187958 19.428068
v -51.659622 -53.357124 19.349216
v -50.505314 -53.467125 18.398140
v -49.802990 -54.100319 17.648186
v -49.060558 -52.351875 18.381145
v -49.064754 -49.280586 18.421555
v -48.106148 -49.034515 17.639729
v -47.497696 -50.146114 17.967175
v -48.970367 -51.382057 18.558456
v -56.669277 -50.471764 21.114086
v -56.669277 -50.471764 21.454393
v -57.831985 -51.402340 21.114086
v -57.831985 -51.402340 21.454393
v -57.599850 -49.309052 21.114084
v -57.599850 -49.309052 21.454395
v -58.762566 -50.239632 21.114084
v -58.762566 -50.239632 21.454395
v -57.066116 -51.167595 21.046612
v -57.066116 -51.167595 21.521870
v -58.365723 -49.543804 21.046608
v -58.365723 -49.543804 21.521872
v -58.527809 -51.005505 21.046608
v -58.527809 -51.005505 21.521870
v -56.904022 -49.705898 21.046608
v -56.904022 -49.705898 21.521870
v -57.715904 -50.355721 21.729874
v -57.715904 -50.355721 20.217522
v -59.641838 -49.457588 21.755505
v -58.718765 -49.134899 21.565369
v -58.718353 -49.135487 22.001432
v -57.985062 -48.602863 21.769575
v -60.200775 -48.300365 22.011890
v -59.345314 -47.981716 21.853542
v -59.334381 -47.980331 22.255571
v -58.617706 -47.414093 21.960167
v -60.598438 -47.341835 21.604919
v -60.520721 -47.112701 21.442583
v -59.896812 -46.948147 21.374634
v -60.014702 -46.747318 21.706821
v -59.519684 -46.444466 21.458197
v -60.751865 -45.803932 20.713131
v -60.612686 -45.720791 20.716789
v -60.473503 -45.637650 20.720448
v -58.846268 -52.443336 22.141712
v -59.321091 -51.640404 21.984465
v -59.314129 -51.635712 22.430202
v -59.973198 -51.105293 22.164421
v -59.969917 -53.333080 22.157028
v -60.516117 -52.596848 21.984465
v -60.516117 -52.596848 22.420528
v -61.027664 -51.579987 22.271076
v -61.148193 -51.924500 22.163311
v -60.786556 -53.784081 21.720654
v -61.214714 -53.142048 21.631252
v -61.347435 -53.276119 21.959240
v -61.904625 -52.595772 21.698029
v -61.873032 -52.493103 21.898121
v -61.924065 -54.163254 21.145039
v -62.093025 -53.989655 21.147629
v -62.261986 -53.816055 21.150223
v -55.258465 -49.958504 21.237003
v -56.522282 -48.334682 21.195154
v -56.011253 -49.227699 21.066208
v -56.011253 -49.227699 21.502270
v -54.449883 -49.161480 20.858198
v -55.474056 -47.811298 20.956364
v -55.105911 -48.618958 20.857906
v -54.978893 -48.563591 21.271374
v -53.824627 -48.568573 20.364277
v -54.845772 -47.531189 20.706226
v -54.431610 -48.174732 20.421633
v -54.165237 -47.977776 20.548603
v -53.910797 -48.080112 19.677896
v -54.295113 -47.594231 19.730452
v -54.102955 -47.837170 19.704174
v -56.437122 -51.953491 20.885231
v -55.692188 -51.357281 21.103264
v -59.556931 -49.590748 21.783573
v -56.437122 -51.953491 21.321297
v -57.216724 -52.617203 21.032909
v -55.872505 -52.665077 20.139881
v -55.215057 -52.138893 20.332306
v -55.232460 -52.192055 20.290956
v -55.866661 -52.666252 20.524731
v -56.425823 -53.248985 20.273834
v -55.712662 -52.771469 19.670908
v -55.448273 -52.644058 19.687880
v -55.635269 -52.869873 19.709389
v -55.899658 -52.997284 19.692419
v -54.564064 -49.456352 21.155912
v -56.729557 -48.470745 21.376869
v -57.880184 -48.679642 21.783226
v -58.396526 -47.526531 22.023733
v -59.313293 -46.539047 21.626198
v -60.200737 -48.729355 22.113995
v -59.904533 -50.810993 22.202499
v -60.623047 -53.824814 21.838516
v -59.706635 -53.290268 22.319187
v -58.596664 -52.362816 22.231163
v -57.308113 -52.485611 21.169479
v -56.524109 -53.192444 20.332306
v -55.695332 -51.240658 21.150509
v -55.700020 -47.812183 21.195618
v -54.629929 -47.537495 20.322865
v -53.950706 -48.778370 20.688393
v -55.594650 -50.158051 21.348442
v -61.951462 -45.113438 24.808554
v -61.951462 -45.113438 25.144299
v -62.631832 -46.415695 24.808554
v -62.631832 -46.415695 25.144299
v -63.253716 -44.433060 24.808552
v -63.253716 -44.433060 25.144299
v -63.934097 -45.735325 24.808552
v -63.934097 -45.735325 25.144299
v -62.033440 -45.899471 24.741983
v -62.033440 -45.899471 25.210869
v -63.852119 -44.949291 24.741982
v -63.852119 -44.949291 25.210873
v -63.417862 -46.333721 24.741982
v -63.417862 -46.333721 25.210871
v -62.467682 -44.515038 24.741982
v -62.467682 -44.515038 25.210871
v -62.942757 -45.424393 25.416084
v -62.942757 -45.424393 23.924011
v -65.038811 -45.378345 25.441372
v -64.333374 -44.720253 25.253784
v -64.332771 -44.720619 25.684002
v -63.882126 -43.948326 25.455254
v -66.003265 -44.555298 25.694321
v -65.357285 -43.927715 25.538094
v -65.347961 -43.922123 25.934734
v -64.925674 -43.126068 25.643291
v -66.743149 -43.847626 25.292805
v -66.763985 -43.609829 25.132645
v -66.265907 -43.213379 25.065609
v -66.452148 -43.078846 25.393341
v -66.125412 -42.608704 25.148050
v -67.492615 -42.519711 24.412973
v -67.399948 -42.389343 24.416584
v -67.307281 -42.258972 24.420195
v -63.134304 -47.758717 25.822399
v -63.882057 -47.222210 25.667263
v -63.877640 -47.215210 26.107021
v -64.683533 -46.997993 25.844807
v -63.795624 -49.008583 25.837511
v -64.581345 -48.560669 25.667263
v -64.581345 -48.560669 26.097481
v -65.447250 -47.845554 25.950031
v -65.419243 -48.204559 25.843710
v -64.353966 -49.740273 25.406988
v -64.995667 -49.330536 25.318785
v -65.062271 -49.504337 25.642374
v -65.835724 -49.111256 25.384666
v -65.847969 -49.005989 25.582077
v -65.230621 -50.534550 24.839090
v -65.452164 -50.444893 24.841648
v -65.673706 -50.355232 24.844208
v -60.881256 -44.089497 24.929825
v -62.667633 -43.125072 24.888535
v -61.851391 -43.728546 24.761316
v -61.851391 -43.728546 25.191534
v -60.467640 -43.048519 24.556097
v -61.928898 -42.236023 24.652946
v -61.275604 -42.819172 24.555809
v -61.182884 -42.718712 24.963732
v -60.138504 -42.264698 24.068798
v -61.472771 -41.733479 24.406162
v -60.843109 -42.150139 24.125385
v -60.680790 -41.866459 24.250654
v -60.410355 -41.857807 23.391621
v -60.950432 -41.571671 23.443472
v -60.680393 -41.714737 23.417545
v -61.153214 -46.359352 24.582767
v -60.717308 -45.525005 24.797876
v -64.909241 -45.464874 25.469067
v -61.153214 -46.359352 25.012985
v -61.593616 -47.268417 24.728466
v -60.360649 -46.777687 23.847410
v -59.975937 -46.041336 24.037254
v -59.970535 -46.096260 23.996460
v -60.354904 -46.776428 24.227100
v -60.628395 -47.524807 23.979570
v -60.174034 -46.810272 23.384727
v -59.985878 -46.590187 23.401470
v -60.065052 -46.868401 23.422691
v -60.253212 -47.088490 23.405949
v -60.453629 -43.360168 24.849819
v -62.800774 -43.330288 25.067812
v -63.756908 -43.976006 25.468723
v -64.681267 -43.139751 25.706005
v -65.901443 -42.612133 25.313799
v -65.832825 -44.942703 25.795055
v -64.738434 -46.704941 25.882374
v -64.190125 -49.712105 25.523272
v -63.574860 -48.865334 25.997496
v -62.940872 -47.586842 25.910652
v -61.728420 -47.185883 24.863205
v -60.739616 -47.512783 24.037254
v -60.766472 -45.420929 24.844488
v -62.132607 -42.326576 24.888992
v -61.275337 -41.653435 24.027943
v -60.169029 -42.504250 24.388569
v -61.105598 -44.403248 25.039768
v -66.640625 -38.617847 28.511425
v -66.640625 -38.617847 28.974766
v -67.579559 -40.415024 28.511425
v -67.579559 -40.415024 28.974766
v -68.437790 -37.678894 28.511425
v -68.437790 -37.678894 28.974770
v -69.376740 -39.476082 28.511425
v -69.376740 -39.476082 28.974770
v -66.753754 -39.702610 28.419556
v -66.753754 -39.702610 29.066635
v -69.263611 -38.391319 28.419552
v -69.263611 -38.391319 29.066643
v -68.664322 -40.301899 28.419552
v -68.664322 -40.301899 29.066643
v -67.353027 -37.792030 28.419552
v -67.353027 -37.792030 29.066643
v -68.008652 -39.046982 29.349842
v -68.008652 -39.046982 27.290716
v -70.901306 -38.983433 29.384743
v -69.927765 -38.075237 29.125866
v -69.926941 -38.075745 29.719582
v -69.305023 -37.009945 29.403900
v -72.232300 -37.847591 29.733822
v -71.340820 -36.981495 29.518227
v -71.327950 -36.973778 30.065605
v -70.745171 -35.875191 29.663399
v -73.253372 -36.870972 29.179710
v -73.282120 -36.542797 28.958687
v -72.594757 -35.995682 28.866169
v -72.851776 -35.810020 29.318462
v -72.400856 -35.161205 28.979946
v -74.287674 -35.038387 27.965506
v -74.159790 -34.858471 27.970490
v -74.031906 -34.678555 27.975471
v -68.272995 -42.268456 29.910580
v -69.304932 -41.528049 29.696480
v -69.298828 -41.518387 30.303371
v -70.411003 -41.218624 29.941498
v -69.185638 -43.993324 29.931435
v -70.269974 -43.375183 29.696480
v -70.269974 -43.375183 30.290203
v -71.464966 -42.388294 30.086716
v -71.426315 -42.883739 29.939987
v -69.956184 -45.003094 29.337292
v -70.841766 -44.437637 29.215569
v -70.933670 -44.677490 29.662136
v -72.001076 -44.135021 29.306484
v -72.017975 -43.989750 29.578922
v -71.166000 -46.099232 28.553566
v -71.471741 -45.975502 28.557095
v -71.777489 -45.851765 28.560627
v -65.163689 -37.204765 28.678783
v -67.628967 -35.873814 28.621799
v -66.502518 -36.706635 28.446236
v -66.502518 -36.706635 29.039955
v -64.592880 -35.768166 28.163025
v -66.609482 -34.646881 28.296684
v -65.707901 -35.451656 28.162630
v -65.579948 -35.313019 28.725578
v -64.138649 -34.686459 27.490528
v -65.979996 -33.953350 27.956106
v -65.111038 -34.528362 27.568623
v -64.887039 -34.136871 27.741497
v -64.513817 -34.124928 26.555994
v -65.259155 -33.730049 26.627548
v -64.886490 -33.927486 26.591770
v -65.539001 -40.337265 28.199829
v -64.937431 -39.185833 28.496689
v -70.722488 -39.102844 29.422962
v -65.539001 -40.337265 28.793549
v -66.146774 -41.591824 28.400902
v -64.445229 -40.914593 27.185003
v -63.914307 -39.898392 27.446999
v -63.906853 -39.974190 27.390699
v -64.437302 -40.912853 27.708992
v -64.814728 -41.945648 27.367390
v -64.187691 -40.959560 26.546478
v -63.928024 -40.655830 26.569586
v -64.037292 -41.039780 26.598871
v -64.296951 -41.343510 26.575766
v -64.573540 -36.198257 28.568375
v -67.812706 -36.157017 28.869213
v -69.132217 -37.048141 29.422485
v -70.407867 -35.894070 29.749947
v -72.091782 -35.165936 29.208687
v -71.997078 -38.382225 29.872845
v -70.486763 -40.814198 29.993343
v -69.730072 -44.964218 29.497768
v -68.880981 -43.795639 30.152222
v -68.006058 -42.031261 30.032375
v -66.332809 -41.477917 28.586845
v -64.968216 -41.929054 27.446999
v -65.005280 -39.042202 28.561016
v -66.890610 -34.771854 28.622433
v -65.707535 -33.842884 27.434147
v -64.180779 -35.017048 27.931828
v -65.473289 -37.637753 28.830509
v -67.838867 -31.965544 30.422283
v -67.838867 -31.965544 30.885624
v -66.222946 -30.740686 30.422283
v -66.222946 -30.740686 30.885624
v -66.614014 -33.581463 30.422283
v -66.614014 -33.581463 30.885628
v -64.998093 -32.356602 30.422283
v -64.998093 -32.356602 30.885628
v -67.273766 -31.032711 30.330414
v -67.273766 -31.032711 30.977493
v -65.563187 -33.289433 30.330410
v -65.563187 -33.289433 30.977501
v -65.290123 -31.305775 30.330410
v -65.290123 -31.305775 30.977501
v -67.546844 -33.016365 30.330410
v -67.546844 -33.016365 30.977501
v -66.418503 -32.161045 31.260700
v -66.418503 -32.161045 29.201576
v -63.829399 -33.452572 31.295601
v -65.097351 -33.858646 31.036724
v -65.097885 -33.857838 31.630440
v -66.115051 -34.556461 31.314758
v -63.110176 -35.047688 31.644680
v -64.285950 -35.450691 31.429085
v -64.300873 -35.452183 31.976463
v -65.296638 -36.197163 31.574257
v -62.603321 -36.366581 31.090569
v -62.717323 -36.675659 30.869545
v -63.572411 -36.877243 30.777027
v -63.419151 -37.154816 31.229321
v -64.103775 -37.549255 30.890804
v -62.449677 -38.465279 29.876366
v -62.642094 -38.573444 29.881348
v -62.834515 -38.681610 29.886330
v -64.805084 -29.360214 31.821438
v -64.187637 -30.470100 31.607338
v -64.197281 -30.476231 32.214230
v -63.319275 -31.221825 31.852356
v -63.243797 -28.189531 31.842293
v -62.526802 -29.211197 31.607338
v -62.526802 -29.211197 32.201061
v -61.867039 -30.613567 31.997574
v -61.690624 -30.148987 31.850845
v -62.116112 -27.604988 31.248150
v -61.556393 -28.494207 31.126427
v -61.370945 -28.316486 31.572994
v -60.636978 -29.262486 31.217342
v -60.683666 -29.401085 31.489780
v -60.554279 -27.129734 30.464424
v -60.330544 -27.372074 30.467953
v -60.106808 -27.614422 30.471485
v -69.777496 -32.613499 30.589642
v -68.115623 -34.868980 30.532658
v -68.779129 -33.635189 30.357094
v -68.779129 -33.635189 30.950813
v -70.906631 -33.669292 30.073883
v -69.561111 -35.543732 30.207542
v -70.033195 -34.431236 30.073490
v -70.208069 -34.502041 30.636436
v -71.778923 -34.453842 29.401386
v -70.426300 -35.902439 29.866966
v -70.966904 -35.011665 29.479481
v -71.336517 -35.270180 29.652355
v -71.679169 -35.121758 28.466854
v -71.173523 -35.796871 28.538406
v -71.426346 -35.459320 28.502628
v -68.101669 -29.940475 30.110687
v -69.136978 -30.725231 30.407547
v -63.940186 -33.268288 31.333820
v -68.101669 -29.940475 30.704407
v -67.016769 -29.065102 30.311760
v -68.844620 -28.951700 29.095863
v -69.758331 -29.644289 29.357857
v -69.732735 -29.572552 29.301559
v -68.852539 -28.949894 29.619850
v -68.070572 -28.176815 29.278248
v -69.058365 -28.801159 28.457336
v -69.422791 -28.965086 28.480446
v -69.160172 -28.664448 28.509731
v -68.795746 -28.500519 28.486626
v -70.740639 -33.272049 30.479233
v -67.828621 -34.691231 30.780071
v -66.255043 -34.448196 31.333344
v -65.593643 -36.036186 31.660805
v -64.381294 -37.413116 31.119545
v -63.094830 -34.463799 31.783703
v -63.423286 -31.619917 31.904202
v -62.337196 -27.543690 31.408627
v -63.603676 -28.238354 32.063080
v -65.147705 -29.460854 31.943233
v -66.897110 -29.247486 30.497704
v -67.938828 -28.257307 29.357857
v -69.136887 -30.884079 30.471874
v -69.253525 -35.550636 30.533291
v -70.719849 -35.886108 29.345005
v -71.599785 -34.172817 29.842686
v -69.312759 -32.353970 30.741367
v -63.915619 -25.100027 32.666763
v -63.915619 -25.100027 33.130104
v -61.973427 -25.682552 32.666763
v -61.973427 -25.682552 33.130104
v -64.498154 -27.042213 32.666763
v -64.498154 -27.042213 33.130108
v -62.555954 -27.624750 32.666763
v -62.555954 -27.624750 33.130108
v -62.829018 -25.006195 32.574894
v -62.829018 -25.006195 33.221973
v -63.642555 -27.718578 32.574890
v -63.642555 -27.718578 33.221981
v -61.879593 -26.769146 32.574890
v -61.879593 -26.769146 33.221981
v -64.591988 -25.955610 32.574890
v -64.591988 -25.955610 33.221981
v -63.235779 -26.362354 33.505180
v -63.235779 -26.362354 31.446056
v -62.751724 -29.214924 33.540081
v -63.827477 -28.430489 33.281204
v -63.827141 -28.429579 33.874920
v -64.991234 -28.020201 33.559238
v -63.615673 -30.736526 33.889160
v -64.634583 -30.024714 33.673565
v -64.644592 -30.013538 34.220943
v -65.833496 -29.648788 33.818737
v -64.381813 -31.923712 33.335049
v -64.698647 -32.013943 33.114025
v -65.365768 -31.442305 33.021507
v -65.499527 -31.729776 33.473801
v -66.221848 -31.409542 33.135284
v -65.986008 -33.285583 32.120846
v -66.186844 -33.193993 32.125828
v -66.387680 -33.102398 32.130810
v -60.022369 -26.013367 34.065918
v -60.554497 -27.166592 33.851818
v -60.565140 -27.162422 34.458710
v -60.649406 -28.311201 34.096836
v -58.156151 -26.583729 34.086773
v -58.558319 -27.765314 33.851818
v -58.558319 -27.765314 34.445541
v -59.301689 -29.125217 34.242054
v -58.822464 -28.993675 34.095325
v -57.018997 -27.149639 33.492630
v -57.406971 -28.126099 33.370907
v -57.154076 -28.171040 33.817474
v -57.485134 -29.321701 33.461823
v -57.624596 -29.365742 33.734261
v -55.714043 -28.130604 32.708904
v -55.777790 -28.454212 32.712433
v -55.841541 -28.777826 32.715965
v -65.582268 -23.916637 32.834122
v -66.423538 -26.588953 32.777138
v -65.818512 -25.325459 32.601574
v -65.818512 -25.325459 33.195293
v -67.100830 -23.627495 32.318363
v -67.820969 -25.819607 32.452023
v -67.201004 -24.782230 32.317970
v -67.361313 -24.682772 32.880917
v -68.248871 -23.385790 31.645866
v -68.620926 -25.332476 32.111446
v -68.220428 -24.370537 31.723961
v -68.647186 -24.224525 31.896835
v -68.729416 -23.860281 30.711334
v -68.976387 -24.666790 30.782887
v -68.852905 -24.263542 30.747108
v -62.435268 -23.693424 32.355167
v -63.679611 -23.320202 32.652027
v -62.668243 -29.016769 33.578300
v -62.435268 -23.693424 32.948887
v -61.088486 -24.053257 32.556240
v -62.074966 -22.510277 31.340343
v -63.173164 -22.180893 31.602337
v -63.100136 -22.159252 31.546040
v -62.078171 -22.502823 31.864330
v -60.992672 -22.678349 31.522728
v -62.079456 -22.248886 30.701817
v -62.426773 -22.051271 30.724926
v -62.029099 -22.086037 30.754211
v -61.681778 -22.283649 30.731106
v -66.682137 -23.527248 32.723713
v -66.110718 -26.715885 33.024551
v -64.986374 -27.843296 33.577824
v -65.878677 -29.313995 33.905285
v -66.275589 -31.105139 33.364025
v -63.135101 -30.404545 34.028183
v -61.032234 -28.461998 34.148682
v -57.099888 -26.934948 33.653107
v -58.407829 -26.321903 34.307560
v -60.305721 -25.796038 34.187714
v -61.165199 -24.257458 32.742184
v -60.979969 -22.832212 31.602337
v -63.807838 -23.413963 32.716354
v -67.645142 -26.072067 32.777771
v -68.780876 -25.085789 31.589485
v -67.916275 -23.364708 32.087166
v -65.098587 -24.138863 32.985847
v -18.339731 9.268604 22.403862
v -18.339731 9.268604 22.920826
v -17.063042 11.136250 22.403862
v -17.063042 11.136250 22.920826
v -16.472078 7.991905 22.403862
v -16.472078 7.991905 22.920828
v -15.195383 9.859562 22.403862
v -15.195383 9.859562 22.920828
v -18.071705 10.455566 22.301361
v -18.071705 10.455566 23.023327
v -15.463409 8.672588 22.301359
v -15.463419 8.672592 23.023331
v -15.876076 10.868229 22.301361
v -15.876076 10.868229 23.023329
v -17.659050 8.259941 22.301361
v -17.659050 8.259941 23.023329
v -16.767590 9.564098 23.339306
v -16.767590 9.564098 21.041897
v -13.571072 9.113197 23.378242
v -14.769150 8.235035 23.089407
v -14.770006 8.235710 23.751831
v -15.599236 7.136673 23.399616
v -12.245819 7.679684 23.767715
v -13.347445 6.837368 23.527170
v -13.362726 6.830513 24.137894
v -14.152914 5.689999 23.689144
v -11.242992 6.463341 23.149487
v -11.254313 6.095963 22.902884
v -12.087833 5.580204 22.799664
v -11.827496 5.340702 23.304289
v -12.412420 4.681164 22.926601
v -10.338120 4.296902 21.794773
v -10.503464 4.114388 21.800333
v -10.668818 3.931873 21.805893
v -16.050968 13.098522 23.964928
v -15.005033 12.142464 23.726055
v -15.013071 12.132557 24.403170
v -13.820276 11.654144 23.999428
v -14.812916 14.889511 23.988197
v -13.692856 14.062031 23.726055
v -13.692856 14.062031 24.388477
v -12.498695 12.811428 24.161446
v -12.476351 13.365437 23.997738
v -13.826380 15.906929 23.325300
v -12.919594 15.163952 23.189489
v -12.786215 15.417599 23.687733
v -11.674969 14.676174 23.290932
v -11.675339 14.513004 23.594891
v -12.341797 16.962246 22.450884
v -12.019333 16.784939 22.454823
v -11.696867 16.607635 22.458759
v -20.161949 7.897263 22.590590
v -17.605646 6.098377 22.527016
v -18.744133 7.169266 22.331131
v -18.744133 7.169266 22.993557
v -20.983339 6.380688 22.015148
v -18.896568 4.873116 22.164268
v -19.789595 5.883339 22.014706
v -19.949593 5.746574 22.642799
v -21.628880 5.241970 21.264832
v -19.685204 4.187527 21.784286
v -20.572325 4.938904 21.351963
v -20.872011 4.534618 21.544846
v -21.287081 4.570477 20.222155
v -20.513226 4.034943 20.301991
v -20.900158 4.302715 20.262072
v -19.334082 11.318504 22.056213
v -20.152044 10.121922 22.387424
v -13.753487 9.269024 23.420883
v -19.334082 11.318504 22.718636
v -18.495686 12.628540 22.280552
v -20.469975 12.102024 20.923954
v -21.191870 11.045975 21.216265
v -21.190159 11.130936 21.153452
v -20.478991 12.101143 21.508575
v -19.924965 13.195774 21.127445
v -20.749395 12.185726 20.211540
v -21.077044 11.883369 20.237320
v -20.905485 12.294392 20.269995
v -20.577833 12.596745 20.244215
v -20.948185 6.859745 22.467403
v -17.364826 6.387978 22.803057
v -15.785669 7.201725 23.420353
v -14.524132 5.755291 23.785707
v -12.754242 4.727058 23.181812
v -12.436108 8.302967 23.922825
v -13.789545 11.196106 24.057270
v -14.082012 15.893597 23.504347
v -15.176466 14.710579 24.234528
v -16.377913 12.870842 24.100815
v -18.304554 12.477871 22.488012
v -19.757099 13.157188 21.216265
v -20.095760 9.953873 22.459196
v -18.568642 4.974598 22.527719
v -20.001612 4.100979 21.201925
v -21.538723 5.602699 21.757196
v -19.761972 8.336262 22.759872
v -13.849310 13.039562 24.022404
v -13.849310 13.039562 24.539366
v -11.596704 12.830280 24.022404
v -11.596704 12.830280 24.539366
v -14.058596 10.786945 24.022404
v -14.058596 10.786945 24.539368
v -11.805981 10.577660 24.022404
v -11.805981 10.577660 24.539368
v -12.681509 13.381569 23.919903
v -12.681509 13.381569 24.641869
v -12.973789 10.235653 23.919899
v -12.973785 10.235664 24.641872
v -11.254694 11.662479 23.919903
v -11.254694 11.662479 24.641869
v -14.400599 11.954758 23.919903
v -14.400599 11.954758 24.641869
v -12.827648 11.808647 24.957848
v -12.827648 11.808647 22.660439
v -11.669794 8.795277 24.996782
v -13.019215 9.416271 24.707947
v -13.019035 9.417347 25.370371
v -14.382454 9.608646 25.018158
v -12.279533 6.940693 25.386257
v -13.550781 7.494770 25.145710
v -13.564190 7.504803 25.756433
v -14.944916 7.641830 25.307686
v -12.855965 5.473427 24.768028
v -13.182627 5.304943 24.521423
v -14.038223 5.783199 24.418205
v -14.121195 5.439320 24.922829
v -14.981775 5.630436 24.545143
v -14.310549 3.630482 23.413315
v -14.550385 3.686409 23.418873
v -14.790228 3.742344 23.424433
v -9.389854 12.898270 25.583467
v -9.717808 11.519695 25.344597
v -9.730375 11.521908 26.021709
v -9.569458 10.246864 25.617970
v -7.223019 12.685543 25.606737
v -7.402584 11.304596 25.344597
v -7.402584 11.304596 26.007019
v -7.916069 9.653423 25.779987
v -7.420897 9.902882 25.616280
v -5.854574 12.317093 24.943840
v -6.063820 11.163624 24.808029
v -5.777317 11.170174 25.306274
v -5.885929 9.838718 24.909472
v -6.028753 9.759815 25.213432
v -4.211182 11.531647 24.069424
v -4.209618 11.163654 24.073362
v -4.208044 10.795662 24.077301
v -15.932913 13.966736 24.209129
v -16.264341 10.858543 24.145557
v -15.880932 12.373791 23.949673
v -15.880932 12.373791 24.612097
v -17.657545 13.948448 23.633688
v -17.962275 11.392178 23.782810
v -17.512722 12.663376 23.633245
v -17.709969 12.736847 24.261341
v -18.966465 13.959896 22.883373
v -18.944544 11.748734 23.402828
v -18.718407 12.889091 22.970503
v -19.217352 12.954784 23.163385
v -19.387537 13.335056 21.840694
v -19.479969 12.398518 21.920532
v -19.433750 12.866791 21.880611
v -12.540049 14.904148 23.674753
v -13.983276 15.038235 24.005966
v -11.622141 9.030407 25.039425
v -12.540049 14.904148 24.337177
v -10.987722 14.807285 23.899094
v -12.406609 16.277592 22.542494
v -13.680328 16.395931 22.834805
v -13.605225 16.435688 22.771992
v -12.411753 16.285046 23.127117
v -11.185814 16.332195 22.745985
v -12.469105 16.562504 21.830080
v -12.892513 16.702137 21.855860
v -12.449896 16.751720 21.888535
v -12.026487 16.612087 21.862755
v -17.221678 14.150318 24.085945
v -15.894239 10.788631 24.421597
v -14.416109 9.803211 25.038895
v -15.068077 7.998058 25.404247
v -15.107618 5.951550 24.800354
v -11.827044 7.409676 25.541367
v -9.954962 9.997601 25.675812
v -5.990353 12.534100 25.122887
v -7.555962 12.916485 25.853069
v -9.747637 13.073544 25.719355
v -11.026642 14.567036 24.106552
v -11.138037 16.166710 22.834805
v -14.102856 14.907436 24.077736
v -17.714340 11.154774 24.146259
v -19.173832 11.983318 22.820465
v -18.607330 14.056229 23.375736
v -15.354931 13.830219 24.378414
v -13.486603 18.244854 26.221504
v -13.499022 18.227936 26.793936
v -11.711288 16.475178 26.207712
v -11.723707 16.458256 26.780144
v -15.255510 16.471027 26.130703
v -15.267929 16.454109 26.703136
v -13.480194 14.701340 26.116909
v -13.492613 14.684418 26.689342
v -12.245749 17.715080 26.119114
v -12.263090 17.691452 26.918545
v -14.716131 15.237827 25.992298
v -14.733467 15.214199 26.791737
v -12.241261 15.240723 26.046078
v -12.258604 15.217094 26.845509
v -14.720600 17.712189 26.065340
v -14.737944 17.688560 26.864773
v -13.505846 16.442513 27.205023
v -13.450659 16.517704 24.661108
v -14.645615 13.052738 27.123276
v -15.352287 14.545124 26.831802
v -15.367287 14.524231 27.565342
v -16.387732 15.662018 27.186306
v -16.484755 11.888584 27.480812
v -17.173090 13.267078 27.239910
v -17.192125 13.265121 27.916599
v -18.263344 14.371983 27.428513
v -17.997826 11.064281 26.738140
v -18.389713 11.159370 26.459021
v -18.780033 12.175095 26.366127
v -19.105751 11.923832 26.911156
v -19.696440 12.707104 26.502716
v -20.508095 10.563904 25.166809
v -20.673500 10.780838 25.175797
v -20.838898 10.997787 25.184784
v -9.816799 14.923260 27.933826
v -11.064240 13.986698 27.614225
v -11.089674 13.975304 28.364113
v -11.842720 12.787136 27.864994
v -8.117697 13.210468 27.945862
v -9.239580 12.167828 27.600048
v -9.255491 12.146145 28.333546
v -10.854048 11.107700 28.016445
v -10.251280 10.976097 27.844116
v -7.193640 11.951237 27.193680
v -8.183300 11.119484 26.997042
v -7.946062 10.906384 27.548336
v -8.969193 9.860260 27.055250
v -9.154125 9.883888 27.388964
v -6.324150 10.148983 26.189734
v -6.582695 9.833824 26.179176
v -6.841230 9.518654 26.168617
v -14.615326 20.501461 26.470757
v -17.090977 18.086117 26.275171
v -15.689260 19.114330 26.118776
v -15.705173 19.092648 26.852278
v -16.086739 21.722900 25.836897
v -18.155071 19.752571 25.899134
v -16.870291 20.524349 25.783981
v -17.001900 20.705795 26.482914
v -17.178059 22.681789 25.009624
v -18.732800 20.763004 25.495148
v -17.724323 21.590237 25.062119
v -18.108528 21.992405 25.279537
v -17.953590 22.480309 23.830742
v -18.695568 21.744041 23.881405
v -18.324577 22.112171 23.856071
v -11.044220 18.922070 25.909037
v -12.189608 20.045048 26.284626
v -14.439964 13.218266 27.179911
v -11.060133 18.900387 26.642536
v -9.792765 17.735596 26.149860
v -9.933519 20.036522 24.710638
v -10.944374 21.027611 25.042114
v -10.850685 21.010532 24.973995
v -9.946692 20.027386 25.358303
v -8.857662 19.214127 24.935299
v -9.768623 20.347034 23.933479
v -10.032133 20.764389 23.968683
v -9.620050 20.492970 24.005831
v -9.356541 20.075619 23.970627
v -15.582987 21.572433 26.344833
v -16.831005 17.756020 26.577126
v -16.279608 15.851089 27.217232
v -18.119324 14.759716 27.550163
v -19.583313 13.061581 26.798622
v -15.771111 11.963963 27.670506
v -12.349184 12.844910 27.919849
v -7.160654 12.226410 27.401054
v -8.244812 13.634594 28.228771
v -10.001766 15.321060 28.092239
v -10.000580 17.551346 26.369938
v -8.935835 19.036293 25.026831
v -12.385754 20.015579 26.359077
v -18.119736 19.363018 26.291376
v -18.748947 21.144150 24.860348
v -16.815289 22.494175 25.557877
v -14.222340 19.971203 26.651310
v -10.322775 18.747803 26.993256
v -10.302155 18.751698 27.565685
v -10.412991 21.252869 26.979462
v -10.392365 21.256767 27.551893
v -7.819286 18.837452 26.902452
v -7.798666 18.841347 27.474888
v -7.909494 21.342529 26.888660
v -7.888870 21.346428 27.461094
v -10.868357 19.981789 26.890865
v -10.839558 19.987228 27.690296
v -7.372087 20.106991 26.764050
v -7.343294 20.112434 27.563488
v -9.183226 21.793636 26.817827
v -9.154425 21.799076 27.617260
v -9.057238 18.295151 26.837090
v -9.028435 18.300591 27.636524
v -9.078857 20.052208 27.976772
v -9.170507 20.034901 25.432858
v -5.932611 21.752434 27.895025
v -6.434374 20.179276 27.603552
v -6.409153 20.184311 28.337090
v -6.439581 18.656261 27.958055
v -3.793797 21.348484 28.252563
v -4.231251 19.871090 28.011662
v -4.216003 19.859535 28.688351
v -4.188210 18.319443 28.200260
v -2.125252 20.918591 27.509892
v -1.903662 20.581673 27.230770
v -2.311426 19.572823 27.137877
v -1.901871 19.534245 27.682905
v -2.004543 18.558598 27.274467
v 0.051224 19.571457 25.938559
v 0.024113 19.300011 25.947548
v -0.003017 19.028557 25.956533
v -10.738913 23.680073 28.705574
v -9.187941 23.513504 28.385975
v -9.161573 23.504475 29.135860
v -7.800322 23.859188 28.636742
v -10.812227 26.091549 28.717609
v -9.280655 26.088200 28.371799
v -9.254230 26.093193 29.105297
v -7.377068 25.761509 28.788197
v -7.727898 26.269020 28.615864
v -10.628471 27.642609 27.965431
v -9.337460 27.575321 27.768791
v -9.365471 27.892982 28.320084
v -7.903711 27.959564 27.827000
v -7.784647 27.816101 28.160713
v -10.034286 29.553387 26.961483
v -9.630232 29.607349 26.950926
v -9.226179 29.661327 26.940369
v -11.037493 16.327991 27.242508
v -7.579618 16.404346 27.046921
v -9.305904 16.609188 26.890526
v -9.279478 16.614182 27.624027
v -10.795340 14.431068 26.608646
v -7.938879 14.460049 26.670883
v -9.404703 14.772552 26.555733
v -9.432308 14.550114 27.254663
v -10.651882 12.985432 25.781376
v -8.206036 13.327187 26.266899
v -9.507721 13.410618 25.833870
v -9.501287 12.854458 26.051287
v -9.947475 12.603519 24.602491
v -8.902679 12.635441 24.653154
v -9.425076 12.619484 24.627821
v -12.570295 19.919346 26.680786
v -12.499283 18.316860 27.056376
v -6.195892 21.771763 27.951660
v -12.543867 19.924335 27.414288
v -12.675520 21.640621 26.921612
v -14.142693 19.862568 25.482388
v -14.080030 18.448299 25.813866
v -14.136864 18.524715 25.745747
v -14.126831 19.860260 26.130054
v -14.367989 21.197876 25.707048
v -14.475117 19.748100 24.705231
v -14.567278 19.263199 24.740433
v -14.683308 19.742798 24.777580
v -14.591152 20.227699 24.742378
v -11.060915 14.884804 27.116585
v -7.544415 16.823048 27.348875
v -6.647636 18.591827 27.988983
v -4.558065 18.134277 28.321915
v -2.329124 18.376663 27.570374
v -4.366917 21.780346 28.442253
v -7.469513 23.471363 28.691597
v -10.840351 27.463963 28.172804
v -11.008713 25.694767 29.000519
v -10.875143 23.263058 28.863991
v -12.397877 21.633503 27.141687
v -14.189493 21.274532 25.798580
v -12.335791 18.204559 27.130829
v -7.698895 14.768925 27.063126
v -8.454315 13.037548 25.632099
v -10.789051 13.370121 26.329628
v -10.962942 16.983780 27.423059
v -11.427788 22.062881 27.733833
v -11.426895 22.083847 28.306263
v -13.887796 22.544399 27.720039
v -13.886906 22.565369 28.292469
v -10.946081 24.521225 27.643028
v -10.945187 24.542191 28.215466
v -13.406097 25.002750 27.629236
v -13.405207 25.023720 28.201672
v -12.753483 21.812050 27.631441
v -12.752234 21.841331 28.430874
v -12.080751 25.245270 27.504627
v -12.079508 25.274548 28.304066
v -14.134901 23.864887 27.558403
v -14.133652 23.894169 28.357838
v -10.699343 23.192417 27.577667
v -10.698093 23.221703 28.377102
v -12.415329 23.570717 28.717350
v -12.419306 23.477535 26.173435
v -13.355955 27.021061 28.635601
v -11.938013 26.174870 28.344128
v -11.937185 26.200577 29.077667
v -10.456043 25.823639 28.698631
v -12.476452 29.012081 28.993141
v -11.137152 28.250286 28.752239
v -11.122435 28.262508 29.428928
v -9.616333 27.939533 28.940838
v -11.678572 30.539249 28.250469
v -11.300106 30.678463 27.971348
v -10.410339 30.052074 27.878452
v -10.279684 30.442142 28.423481
v -9.352909 30.120403 28.015045
v -9.872009 32.352581 26.679134
v -9.613831 32.264477 26.688124
v -9.355648 32.176357 26.697109
v -16.325554 22.778679 29.446152
v -15.810827 24.251198 29.126553
v -15.796041 24.274822 29.876438
v -15.832077 25.681068 29.377319
v -18.690582 23.255379 29.458187
v -18.339214 24.746105 29.112377
v -18.338068 24.772972 29.845875
v -17.588413 26.525620 29.528774
v -18.162376 26.299320 29.356441
v -20.159279 23.786861 28.706009
v -19.800325 25.028793 28.509369
v -20.116035 25.073715 29.060661
v -19.848637 26.512348 28.567577
v -19.681866 26.595692 28.901291
v -21.885002 24.799793 27.702061
v -21.845715 25.205536 27.691502
v -21.806442 25.611282 27.680946
v -9.233755 20.816879 27.983086
v -8.522182 24.201607 27.787498
v -9.114025 22.567059 27.631104
v -9.112881 22.593929 28.364605
v -7.331440 20.621548 27.349224
v -6.710426 23.409836 27.411461
v -7.347914 22.053402 27.296309
v -7.137571 21.975964 27.995239
v -5.891033 20.432674 26.521954
v -5.667934 22.892185 27.007475
v -6.045038 21.643532 26.574448
v -5.501972 21.523388 26.791862
v -5.359015 21.031845 25.343067
v -5.152632 22.056549 25.393730
v -5.255827 21.544201 25.368397
v -13.079502 20.140461 27.421364
v -11.502817 19.845390 27.796951
v -13.434618 26.769062 28.692238
v -13.078354 20.167332 28.154863
v -14.779644 20.429214 27.662189
v -13.381596 18.596313 26.222965
v -11.990101 18.335888 26.554443
v -12.077433 18.297913 26.486324
v -13.375744 18.611233 26.870632
v -14.733164 18.680412 26.447624
v -13.345680 18.246571 25.445807
v -12.894417 18.046612 25.481010
v -13.387836 18.042625 25.518158
v -13.839100 18.242580 25.482956
v -7.833664 20.466053 27.857161
v -8.921923 24.331055 28.089451
v -10.440584 25.606384 28.729561
v -9.520077 27.537270 29.062492
v -9.249510 29.762966 28.310951
v -13.027273 28.552120 29.182831
v -15.379213 25.915073 29.432175
v -20.033470 23.539925 28.913380
v -18.348845 22.973854 29.741096
v -15.950417 22.551231 29.604568
v -14.709608 20.697975 27.882263
v -14.767242 18.871658 26.539158
v -11.356297 19.979080 27.871405
v -6.956673 23.713741 27.803703
v -5.442307 22.584572 26.372677
v -6.296831 20.386532 27.070206
v -9.855436 21.038532 28.163635
v -78.453506 57.059994 43.796822
v -78.453506 57.059994 44.573875
v -81.591248 58.370724 43.796822
v -81.591248 58.370724 44.573875
v -77.142776 60.197720 43.796822
v -77.142776 60.197720 44.573875
v -80.280533 61.508450 43.796822
v -80.280533 61.508450 44.573875
v -80.282272 57.093212 43.642750
v -80.282272 57.093212 44.727943
v -78.451752 61.475254 43.642746
v -78.451752 61.475254 44.727943
v -81.558037 60.199474 43.642750
v -81.558037 60.199474 44.727943
v -77.175995 58.368961 43.642750
v -77.175995 58.368961 44.727943
v -79.367035 59.284176 45.202896
v -79.367035 59.284176 41.749645
v -79.676346 64.126572 45.261417
v -78.019028 62.630375 44.827271
v -78.019768 62.628887 45.822952
v -76.149605 61.742840 45.293552
v -77.969673 66.513657 45.846840
v -76.394478 65.148514 45.485275
v -76.379738 65.128113 46.403255
v -74.460419 64.312149 45.728737
v -76.484512 68.360031 44.917576
v -75.940315 68.455200 44.546909
v -74.927414 67.385284 44.391750
v -74.654114 67.841400 45.150253
v -73.505264 67.181152 44.582558
v -73.571060 70.351440 42.881298
v -73.252068 70.163589 42.889652
v -72.933090 69.975754 42.898006
v -84.787689 59.263149 46.143265
v -83.698792 61.093731 45.784214
v -83.681778 61.084934 46.801987
v -83.340652 62.986309 46.195129
v -87.800827 60.540325 46.178246
v -86.923752 62.440899 45.784214
v -86.923752 62.440899 46.779907
v -85.446419 64.579330 46.438656
v -86.268692 64.443604 46.192581
v -89.598724 61.682758 45.181847
v -88.781128 63.243664 44.977703
v -89.195084 63.362812 45.726624
v -88.442001 65.224213 45.130180
v -88.201691 65.273315 45.587059
v -91.604019 63.546780 43.867500
v -91.441193 64.075394 43.873417
v -91.278366 64.604034 43.879337
v -75.880280 54.795185 44.077492
v -74.010513 59.105556 43.981934
v -75.240265 57.103771 43.687504
v -75.240265 57.103771 44.683193
v -73.397903 54.047802 43.212543
v -71.814034 57.578327 43.436687
v -73.029205 55.956310 43.211876
v -72.779190 55.762432 44.155968
v -71.525253 53.444202 42.084740
v -70.564819 56.626194 42.865532
v -71.400772 55.091663 42.215702
v -70.714447 54.773602 42.505627
v -70.640892 54.151707 40.517479
v -70.088158 55.453815 40.637486
v -70.364532 54.802769 40.577484
v -81.168213 54.972347 43.274265
v -79.157906 54.132580 43.772114
v -79.850182 63.810650 45.325512
v -81.168213 54.972347 44.269962
v -83.351738 55.807682 43.611469
v -81.975746 53.061863 41.572357
v -80.201538 52.320728 42.011734
v -80.327133 52.297367 41.917320
v -81.971710 53.048870 42.451107
v -83.751602 53.531170 41.878227
v -82.013901 52.625095 40.501526
v -81.469101 52.234859 40.540276
v -82.126335 52.362270 40.589394
v -82.671127 52.752499 40.550644
v -74.113754 53.953693 43.892330
v -74.510101 59.371883 44.396851
v -76.188614 61.448620 45.324722
v -74.443527 63.745861 45.873878
v -73.468765 66.664062 44.966164
v -78.829193 66.043854 46.079987
v -82.675797 63.170963 46.282063
v -89.501297 61.310528 45.450962
v -87.426781 60.059650 46.548504
v -84.353050 58.851185 46.347519
v -83.188141 56.134876 43.923302
v -83.745911 53.790005 42.011734
v -78.927673 54.266598 43.879993
v -72.063232 58.030125 43.982990
v -70.341095 56.186810 41.990181
v -72.083694 53.467098 42.824814
v -76.648209 55.250324 44.331944
v -83.420494 65.897644 45.849964
v -83.420494 65.897644 46.627018
v -86.782196 65.385498 45.849964
v -86.782196 65.385498 46.627018
v -83.932632 69.259354 45.849964
v -83.932632 69.259354 46.627018
v -87.294357 68.747192 45.849964
v -87.294357 68.747192 46.627018
v -84.999802 64.975006 45.695892
v -84.999802 64.975006 46.781086
v -85.715042 69.669846 45.695889
v -85.715042 69.669846 46.781086
v -87.704842 66.964783 45.695892
v -87.704842 66.964783 46.781086
v -83.010002 67.680038 45.695892
v -83.010002 67.680038 46.781086
v -85.357422 67.322372 47.256039
v -85.357422 67.322372 43.802788
v -88.139786 71.297653 47.314560
v -85.946129 70.881516 46.880413
v -85.945992 70.879868 47.876095
v -83.887817 71.095581 47.346695
v -87.923386 74.224091 47.899982
v -85.868027 73.877197 47.538418
v -85.844818 73.867432 48.456398
v -83.781113 74.168579 47.781879
v -87.615005 76.573502 46.970718
v -87.199661 76.937775 46.600052
v -85.778107 76.550644 46.444893
v -85.781860 77.082367 47.203396
v -84.457230 77.115845 46.635700
v -86.162064 79.789536 44.934441
v -85.791908 79.794968 44.942795
v -85.421768 79.800400 44.951149
v -89.976532 64.485519 48.196407
v -89.998405 66.615372 47.837357
v -89.979286 66.616699 48.855129
v -90.676697 68.418152 48.248272
v -93.214371 64.009506 48.231388
v -93.453568 66.088989 47.837357
v -93.453568 66.088989 48.833050
v -93.303741 68.683777 48.491798
v -93.935501 68.140244 48.245724
v -95.344131 64.050354 47.234989
v -95.457504 65.808777 47.030846
v -95.873032 65.695282 47.779766
v -96.197769 67.676819 47.183323
v -96.018051 67.843719 47.640202
v -98.026291 64.599716 45.920643
v -98.162125 65.135895 45.926559
v -98.297943 65.672104 45.932480
v -80.044800 65.301300 46.130634
v -80.689255 69.955338 46.035076
v -80.698669 67.606003 45.740646
v -80.698669 67.606003 46.736336
v -77.535828 65.953827 45.265686
v -78.018936 69.793076 45.489830
v -78.213379 67.775711 45.265018
v -77.899010 67.740128 46.209110
v -75.622414 66.412094 44.137882
v -76.456772 69.629440 44.918674
v -76.372818 67.884003 44.268845
v -75.621185 67.969238 44.558769
v -75.234955 67.476303 42.570621
v -75.439972 68.875931 42.690628
v -75.337463 68.176117 42.630627
v -84.653625 62.702763 45.327408
v -82.499817 63.030888 45.825256
v -88.123985 70.937408 47.378654
v -84.653625 62.702763 46.323105
v -86.953079 62.280758 45.664612
v -84.349869 60.650974 43.625500
v -82.449020 60.940571 44.064877
v -82.544151 60.855305 43.970463
v -84.339676 60.641979 44.504250
v -86.110764 60.128353 43.931370
v -84.155334 60.258068 42.554668
v -83.487061 60.208065 42.593418
v -84.114693 59.975117 42.642536
v -84.782951 60.025127 42.603786
v -78.098328 65.501175 45.945473
v -81.254478 69.923019 46.449993
v -83.768135 70.823990 47.377865
v -83.472198 73.693680 47.927021
v -84.157150 76.693161 47.019306
v -88.413239 73.375839 48.133129
v -90.204826 68.921616 48.335205
v -95.067352 63.783085 47.504105
v -92.644913 63.793446 48.601646
v -89.391052 64.359665 48.400661
v -86.983490 62.645306 45.976444
v -86.240509 60.352390 44.064877
v -82.372849 63.265087 45.933136
v -78.466736 70.049393 46.036133
v -76.037201 69.370483 44.043324
v -76.111313 66.141251 44.877956
v -80.937416 65.290710 46.385086
v -88.500900 73.967392 47.234138
v -88.500900 73.967392 48.011192
v -90.164337 71.001526 47.234138
v -90.164337 71.001526 48.011192
v -91.466766 75.630829 47.234138
v -91.466766 75.630829 48.011192
v -93.130203 72.664932 47.234138
v -93.130203 72.664932 48.011192
v -88.744553 72.154633 47.080067
v -88.744553 72.154633 48.165260
v -92.886566 74.477722 47.080063
v -92.886566 74.477722 48.165260
v -91.977097 71.245148 47.080067
v -91.977097 71.245148 48.165260
v -89.654007 75.387177 47.080067
v -89.654007 75.387177 48.165260
v -90.815514 73.316147 48.640213
v -90.815514 73.316147 45.186962
v -95.661301 73.566681 48.698734
v -93.984161 75.040619 48.264587
v -93.982773 75.039703 49.260269
v -92.887199 76.795364 48.730869
v -97.835907 75.536942 49.284157
v -96.298416 76.944412 48.922592
v -96.276443 76.956696 49.840572
v -95.244835 78.769257 49.166054
v -99.498932 77.224899 48.354893
v -99.530777 77.776443 47.984226
v -98.351303 78.659363 47.829067
v -98.772903 78.983383 48.587570
v -97.984726 80.048523 48.019875
v -101.141479 80.348343 46.318615
v -100.918137 80.643585 46.326969
v -100.694809 80.938797 46.335323
v -91.419022 67.929153 49.580582
v -93.111984 69.221649 49.221531
v -93.101273 69.237549 50.239304
v -94.950714 69.795410 49.632446
v -93.034767 65.083176 49.615562
v -94.821663 66.173340 49.221531
v -94.821663 66.173340 50.217224
v -96.775681 67.887146 49.875973
v -96.735580 67.054718 49.629898
v -94.376678 63.428844 48.619164
v -95.833031 64.420792 48.415020
v -95.999054 64.023315 49.163940
v -97.761322 64.985809 48.567497
v -97.782425 65.230164 49.024376
v -96.459290 61.651615 47.304817
v -96.965622 61.874233 47.310734
v -97.472000 62.096874 47.316654
v -85.954758 76.262619 47.514809
v -90.021080 78.616440 47.419250
v -88.174271 77.164291 47.124821
v -88.174271 77.164291 48.120510
v -84.926422 78.642380 46.649860
v -88.251007 80.622375 46.874004
v -86.779755 79.228455 46.649193
v -86.558380 79.454483 47.593285
v -84.111130 80.433029 45.522057
v -87.161316 81.753616 46.302849
v -85.733284 80.746445 45.653019
v -85.338287 81.391571 45.942944
v -84.712059 81.393005 43.954796
v -85.941833 82.092041 44.074802
v -85.326950 81.742523 44.014801
v -86.739853 71.030289 46.711582
v -85.674118 72.930481 47.209431
v -95.367508 73.357605 48.762829
v -86.739853 71.030289 47.707279
v -87.821136 68.957504 47.048786
v -84.935104 70.008057 45.009674
v -83.994537 71.685089 45.449051
v -83.985794 71.557648 45.354637
v -84.921738 70.010574 45.888424
v -85.605850 68.298096 45.315544
v -84.505630 69.919846 43.938843
v -84.055252 70.416077 43.977592
v -84.257523 69.777893 44.026711
v -84.707901 69.281693 43.987961
v -84.915390 77.920441 47.329647
v -90.343178 78.150848 47.834167
v -92.599434 76.722733 48.762039
v -94.680374 78.720810 49.311195
v -97.466873 80.025223 48.403481
v -97.468246 74.629028 49.517303
v -95.057541 70.477112 49.719379
v -93.995712 63.482746 48.888279
v -92.514198 65.399368 49.985821
v -90.959717 68.313446 49.784836
v -88.127304 69.157700 47.360619
v -85.862305 68.333557 45.449051
v -85.780716 73.174622 47.317310
v -88.728493 80.426880 47.420307
v -86.699081 81.925232 45.427498
v -84.198212 79.880966 46.262131
v -86.495331 75.552231 47.769260
v -83.979080 -19.869253 59.789528
v -83.933838 -20.001350 60.195217
v -85.451233 -21.015669 59.580437
v -85.405975 -21.147770 59.986126
v -85.127464 -18.499302 60.363701
v -85.082214 -18.631399 60.769386
v -86.599617 -19.645727 60.154606
v -86.554367 -19.777824 60.560295
v -84.496429 -20.687897 59.490700
v -84.433235 -20.872379 60.057266
v -86.100220 -18.774689 60.292564
v -86.037018 -18.959171 60.859123
v -86.326294 -20.531818 59.745628
v -86.263092 -20.716297 60.312191
v -84.270340 -18.930779 60.037636
v -84.207153 -19.115263 60.604195
v -85.207443 -19.996540 60.706142
v -85.408539 -19.409492 58.903267
v -87.604347 -18.979906 61.338696
v -86.467407 -18.494947 61.116287
v -86.408928 -18.664906 61.635830
v -85.512161 -17.916965 61.470211
v -88.252846 -17.706327 62.167580
v -87.196495 -17.240314 61.990364
v -87.129303 -17.394430 62.468731
v -86.261299 -16.581947 62.242599
v -88.790466 -16.409288 62.107258
v -88.711037 -16.069477 61.992599
v -87.935364 -15.829403 61.893658
v -88.035843 -15.720613 62.383202
v -87.443604 -15.247948 62.139553
v -89.077316 -14.222897 61.662136
v -88.901047 -14.120962 61.680546
v -88.724792 -14.019032 61.698948
v -86.602394 -22.689505 60.533970
v -87.205963 -21.678024 60.720997
v -87.137901 -21.845242 61.253265
v -87.991158 -21.123259 61.229156
v -88.022888 -23.791868 60.353889
v -88.719040 -22.856312 60.506088
v -88.661057 -23.025574 61.025921
v -89.306297 -21.761536 61.310219
v -89.477112 -22.136013 61.063648
v -89.111710 -24.184734 59.765587
v -89.650314 -23.391314 59.964806
v -89.775177 -23.682886 60.321110
v -90.497757 -22.780216 60.347347
v -90.429932 -22.733936 60.621647
v -90.620178 -24.445807 59.081348
v -90.828926 -24.243055 59.174103
v -91.037666 -24.040308 59.266865
v -82.186111 -19.264486 59.950352
v -83.750595 -17.334068 60.697639
v -83.141083 -18.341537 60.129673
v -83.083099 -18.510799 60.649509
v -81.210365 -18.140465 59.702450
v -82.460083 -16.586269 60.478794
v -82.024307 -17.506952 59.999134
v -81.809235 -17.597713 60.496876
v -80.482925 -17.221348 59.262028
v -81.701340 -16.136793 60.207012
v -81.230072 -16.787218 59.563198
v -80.876175 -16.593330 59.756157
v -80.674576 -16.371399 58.644989
v -81.141769 -15.819195 58.946987
v -80.908173 -16.095306 58.795994
v -83.741669 -21.551228 58.910240
v -82.769501 -20.901363 59.304111
v -87.496262 -19.148266 61.309250
v -83.683701 -21.720497 59.430065
v -84.709732 -22.424911 58.930630
v -83.144104 -22.100447 57.670948
v -82.286110 -21.526905 58.018570
v -82.314255 -21.575077 57.950890
v -83.085632 -22.251097 58.128498
v -83.829079 -22.867172 57.676304
v -83.007751 -22.041809 57.049538
v -82.672058 -21.888685 57.084591
v -82.907158 -22.172728 57.046997
v -83.242844 -22.325859 57.011955
v -81.318527 -18.612629 59.957722
v -83.988396 -17.573206 60.888577
v -85.380066 -18.011597 61.442863
v -85.977341 -16.735657 62.245625
v -87.164009 -15.421167 62.275959
v -88.245926 -18.260405 62.122528
v -87.895416 -20.783321 61.379936
v -88.891716 -24.275047 59.868782
v -87.670609 -23.796581 60.529270
v -86.276337 -22.621132 60.639141
v -84.804092 -22.322512 59.156586
v -83.943619 -22.824633 57.780891
v -82.765335 -20.779934 59.406174
v -82.711563 -16.686115 60.793343
v -81.481842 -15.989893 59.719215
v -80.601181 -17.602051 59.583405
v -82.595856 -19.555847 60.049767
v -113.106659 -40.291496 60.755398
v -113.250992 -40.446957 61.371719
v -115.698746 -39.144245 60.437748
v -115.843079 -39.299717 61.054070
v -112.097626 -37.770195 61.627678
v -112.241943 -37.925655 62.243992
v -114.689713 -36.622940 61.310020
v -114.834061 -36.778400 61.926342
v -114.574158 -40.186962 60.301422
v -114.775726 -40.404079 61.162144
v -113.164978 -36.665813 61.519608
v -113.366562 -36.882919 62.380322
v -115.679565 -37.625294 60.688705
v -115.881134 -37.842407 61.549423
v -112.059570 -39.227509 61.132320
v -112.261139 -39.444618 61.993034
v -114.159363 -38.738564 62.147911
v -113.517960 -38.047699 59.408997
v -114.520096 -34.799698 63.108883
v -113.054260 -35.973328 62.771000
v -113.239761 -36.173702 63.560287
v -111.594406 -36.836933 63.308681
v -113.281006 -33.016788 64.368118
v -111.898422 -34.096153 64.098892
v -112.056473 -34.296791 64.825623
v -110.345352 -34.875172 64.482086
v -111.930878 -31.365452 64.276474
v -111.418930 -31.227701 64.102287
v -110.540405 -32.093624 63.951977
v -110.466949 -31.880974 64.695686
v -109.408813 -32.334274 64.325539
v -109.210083 -29.411007 63.600250
v -108.947006 -29.573753 63.628220
v -108.683960 -29.736485 63.656174
v -118.766296 -38.805519 61.886349
v -117.845810 -37.271004 62.170479
v -118.020767 -37.482235 62.979099
v -117.667160 -35.821426 62.942471
v -121.262314 -37.695759 61.612774
v -120.509964 -36.091854 61.843990
v -120.694901 -36.291061 62.633717
v -119.466248 -34.519363 63.065620
v -120.090225 -34.559681 62.691032
v -122.570328 -36.520386 60.719028
v -121.895065 -35.229485 61.021679
v -122.375076 -35.271767 61.562973
v -121.685715 -33.656105 61.602833
v -121.575043 -33.713657 62.019547
v -124.003311 -34.688580 59.679535
v -123.881836 -34.263515 59.820450
v -123.760361 -33.838451 59.961372
v -111.009216 -42.257294 60.999722
v -109.548782 -38.776390 62.134995
v -110.459641 -40.315971 61.272144
v -110.644577 -40.515167 62.061874
v -108.803665 -42.756119 60.623108
v -107.620789 -39.966808 61.802525
v -108.540268 -41.211475 61.073830
v -108.507278 -41.564587 61.829994
v -107.050781 -43.069717 59.954021
v -106.474106 -40.659657 61.389637
v -107.006287 -41.757725 60.411560
v -106.492538 -42.092205 60.704700
v -106.050659 -42.202660 59.016621
v -105.647018 -41.180607 59.475414
v -105.848831 -41.691650 59.246029
v -115.187729 -41.817455 59.419590
v -113.619476 -42.652077 60.017956
v -114.667831 -35.065319 63.064148
v -115.372681 -42.016640 60.209305
v -117.052643 -41.149090 59.450565
v -115.493713 -43.011890 57.536865
v -114.109665 -43.748489 58.064972
v -114.194366 -43.745399 57.962151
v -115.653381 -43.198372 58.231972
v -117.012115 -42.645668 57.545002
v -115.317291 -43.152302 56.592823
v -114.871185 -43.491695 56.646076
v -115.420288 -43.380997 56.588963
v -115.866394 -43.041611 56.535728
v -109.513443 -42.950466 61.010918
v -110.039719 -38.629826 62.425064
v -111.626190 -37.081726 63.267132
v -110.347153 -35.365700 64.486679
v -109.439865 -32.832977 64.532768
v -114.017761 -33.424026 64.299675
v -117.143326 -35.705418 63.171535
v -122.533203 -36.879761 60.875801
v -121.015594 -38.170738 61.879208
v -118.440567 -39.192890 62.046124
v -116.983337 -40.949234 59.793835
v -117.037445 -42.461769 57.703892
v -113.453949 -42.570419 60.173008
v -107.935074 -39.701889 62.280388
v -106.119781 -40.847984 60.648579
v -107.645340 -43.184875 60.442257
v -111.693573 -41.918053 61.150749
v -104.021317 -37.468559 43.468849
v -103.844543 -37.988331 43.820190
v -106.532394 -37.408901 44.820488
v -106.355621 -37.928688 45.171822
v -102.911301 -35.748466 45.455090
v -102.734528 -36.268234 45.806427
v -105.422394 -35.688808 46.806732
v -105.245636 -36.208584 47.158077
v -105.531998 -37.676731 43.681183
v -105.285126 -38.402622 44.171841
v -103.981812 -35.274517 46.455090
v -103.734955 -36.000401 46.945747
v -106.510330 -36.433971 46.011948
v -106.263458 -37.159859 46.502605
v -103.003479 -36.517296 44.124302
v -102.756607 -37.243179 44.614964
v -104.402008 -37.519226 45.773499
v -105.187576 -35.209370 44.212147
v -104.558151 -35.320744 49.195560
v -103.343918 -35.442505 47.728924
v -103.118027 -36.109337 48.178200
v -101.743546 -35.840424 47.060661
v -103.007812 -34.276882 50.870850
v -101.841171 -34.399826 49.539349
v -101.620789 -35.020885 49.938210
v -100.238480 -34.612919 48.796616
v -101.989807 -32.515499 51.518379
v -101.633286 -32.125206 51.339577
v -100.868668 -32.346943 50.385406
v -100.467972 -32.589466 51.005371
v -99.680679 -32.316959 50.128983
v -100.068298 -29.689606 51.563484
v -99.811996 -29.727104 51.392067
v -99.555740 -29.764589 51.220657
v -108.564011 -39.127346 46.951817
v -107.736389 -37.825699 47.902359
v -107.491272 -38.507618 48.354023
v -107.322495 -37.140377 49.347412
v -110.967102 -39.084694 48.278400
v -110.317291 -37.764381 49.291573
v -110.090775 -38.430397 49.741753
v -108.940475 -36.925434 50.858421
v -109.662460 -36.972130 50.769657
v -112.626114 -38.198704 48.873280
v -111.986725 -37.176849 49.745636
v -112.148544 -37.695408 50.225327
v -111.645493 -36.280411 51.137409
v -111.346771 -36.519806 51.343952
v -114.512909 -36.795429 49.853252
v -114.371368 -36.519966 50.198765
v -114.229813 -36.244507 50.544281
v -101.917847 -38.268635 41.663677
v -100.358932 -35.829437 44.339214
v -101.451721 -36.800220 42.994640
v -101.225220 -37.466236 43.444843
v -100.123215 -37.600159 40.403702
v -98.735260 -35.795158 42.724487
v -99.794159 -36.630100 41.672226
v -99.380768 -37.308697 41.929478
v -98.878189 -36.796783 39.210762
v -97.872574 -35.640633 41.630272
v -98.720612 -36.082035 40.392689
v -98.105927 -36.303867 40.206425
v -98.509125 -35.255310 38.866634
v -98.014084 -34.620205 39.743896
v -98.261597 -34.937775 39.305260
v -106.366058 -38.592915 42.172031
v -104.644012 -38.964127 41.531155
v -104.689148 -35.544296 49.030483
v -106.139572 -39.258915 42.622231
v -108.038086 -38.813316 43.211922
v -107.436707 -38.503525 40.194485
v -105.916901 -38.831154 39.628887
v -106.040146 -38.801502 39.587822
v -107.233780 -39.096741 40.582241
v -108.792831 -38.803406 40.909138
v -107.718353 -38.000885 39.413399
v -107.276245 -38.114201 39.083656
v -107.793472 -38.204208 39.287136
v -108.235580 -38.090912 39.616894
v -100.547974 -38.227413 40.747314
v -100.663406 -36.070190 44.781895
v -101.772812 -36.007553 46.876621
v -100.201202 -34.975121 48.467876
v -99.572525 -32.811878 49.939323
v -103.656372 -34.808964 50.772793
v -106.762985 -36.992218 49.420395
v -112.492432 -38.537540 48.723522
v -110.588898 -39.493088 48.060127
v -108.173523 -39.381332 46.697460
v -107.829666 -38.837711 43.556232
v -108.753586 -38.769127 41.147865
v -104.431412 -38.931664 41.640076
v -98.804642 -35.991211 43.319523
v -97.898392 -35.223167 40.898674
v -99.160202 -37.380802 39.640324
v -102.472321 -38.360634 42.202503
vn -0.9742 -0.2256 -0.0000
vn -0.2095 -0.9778 -0.0000
vn 0.9778 0.2093 -0.0000
vn 0.3810 0.9246 -0.0000
vn -0.5941 -0.3031 -0.7451
vn -0.1935 0.1644 0.9672
vn 0.1935 0.1644 0.9672
vn 0.5941 -0.3031 -0.7451
vn -0.0552 0.6625 0.7471
vn 0.0997 0.0242 -0.9947
vn 0.3031 0.5941 -0.7451
vn 0.1644 -0.1935 0.9672
vn -0.1644 -0.1935 0.9672
vn -0.3031 0.5941 -0.7451
vn -0.0537 -0.1112 0.9923
vn -0.5189 -0.1292 0.8450
vn -0.2313 0.2300 0.9453
vn -0.0347 0.3049 0.9517
vn -0.9674 0.2532 -0.0000
vn 0.3203 -0.6502 -0.6890
vn -0.2807 -0.6424 -0.7131
vn -0.1065 0.2850 -0.9526
vn 0.3120 0.3145 -0.8965
vn 0.3513 0.3344 0.8745
vn 0.1158 -0.2360 -0.9648
vn -0.1977 -0.1606 -0.9670
vn 0.2818 -0.6148 0.7367
vn -0.2946 -0.3070 0.9050
vn 0.1177 -0.4044 0.9070
vn 0.2685 0.3754 -0.8871
vn 0.0524 0.5224 -0.8511
vn -0.3872 -0.5597 0.7326
vn -0.1526 0.0665 0.9861
vn 0.6430 0.3181 -0.6966
vn 0.6186 -0.2019 -0.7593
vn -0.6638 -0.1299 0.7365
vn -0.2216 0.9751 -0.0000
vn 0.3870 -0.2195 0.8955
vn -0.2668 -0.2980 -0.9165
vn -0.0000 0.1678 -0.9858
vn 0.0266 -0.2545 -0.9667
vn 0.0058 -0.3051 0.9523
vn 0.5241 0.3346 0.7832
vn 0.8545 0.1478 -0.4980
vn 0.3583 0.2459 0.9006
vn -0.3611 0.1952 -0.9119
vn -0.3657 -0.0455 -0.9296
vn -0.3715 -0.1567 -0.9151
vn 0.6145 0.0682 0.7860
vn -0.8686 0.0180 0.4951
vn -0.1585 0.2250 0.9614
vn -0.0307 -0.2847 0.9581
vn -0.0727 -0.2911 -0.9539
vn -0.0932 0.2961 -0.9506
vn 0.0087 0.1518 0.9884
vn 0.0916 -0.9958 -0.0000
vn 0.4201 -0.3556 -0.8349
vn 0.2533 0.3155 -0.9145
vn 0.1040 0.2764 -0.9554
vn 0.1523 -0.3214 -0.9346
vn -0.9873 0.0191 0.1580
vn -0.3998 -0.2704 0.8758
vn -0.5786 0.1047 0.8089
vn 0.8567 0.2463 -0.4532
vn 0.8221 -0.2399 -0.5163
vn 0.1321 -0.5998 -0.7892
vn -0.1681 0.2035 0.9645
vn 0.1694 0.1926 0.9665
vn -0.2346 -0.1539 -0.9598
vn 0.9749 -0.2226 -0.0000
vn -0.0576 0.9519 0.3011
vn -0.2300 -0.9160 -0.3287
vn 0.1889 0.6456 0.7399
vn -0.1740 -0.6242 -0.7616
vn -0.1734 0.6501 0.7398
vn 0.1902 -0.9007 -0.3907
vn 0.2301 0.9168 0.3263
vn 0.0108 0.2937 -0.9558
vn -0.9679 0.2512 -0.0000
vn -0.9965 -0.0842 -0.0000
vn -0.1763 -0.9843 0.0016
vn -0.2243 -0.9745 0.0087
vn -0.2510 -0.7833 -0.5687
vn -0.9511 -0.0637 -0.3021
vn -0.3520 -0.2956 -0.8881
vn -0.9293 0.1891 -0.3172
vn -0.3303 0.3090 -0.8919
vn -0.0904 0.9959 -0.0000
vn -0.0027 0.9999 -0.0119
vn 0.1262 0.9920 -0.0000
vn 0.9941 0.1071 0.0185
vn 0.9981 -0.0578 0.0188
vn 0.9825 0.1864 -0.0000
vn 0.9783 -0.2073 -0.0000
vn 0.0303 -0.9995 -0.0000
vn 0.1347 -0.9908 0.0131
vn -0.0000 -1.0000 -0.0000
vn -0.0363 -0.9993 0.0115
vn 0.9922 0.1249 -0.0000
vn 0.9381 0.1948 0.2865
vn 0.3577 0.1949 0.9132
vn 0.9880 -0.1546 -0.0000
vn 0.9274 -0.1978 0.3173
vn 0.3352 -0.2745 0.9013
vn -0.1360 0.8204 0.5554
vn 0.0108 0.9998 -0.0141
vn 0.0472 0.9989 -0.0016
vn 0.0289 -0.8227 -0.5678
vn 0.0398 -0.9991 0.0152
vn 0.2785 0.7758 0.5662
vn 0.3141 0.9494 -0.0062
vn 0.3325 0.9431 -0.0016
vn -0.9773 -0.2109 -0.0180
vn -0.9968 -0.0795 -0.0000
vn -0.8529 -0.1574 0.4977
vn -0.9993 0.0367 -0.0000
vn -0.9895 0.1436 -0.0188
vn 0.8687 -0.0409 -0.4936
vn 0.6217 -0.7833 -0.0000
vn 0.9731 0.2302 -0.0000
vn -0.6085 0.7935 -0.0000
vn -0.9986 -0.0524 -0.0000
vn 0.5286 -0.4066 -0.7451
vn -0.0655 -0.2453 0.9672
vn -0.2315 0.1043 0.9672
vn 0.0190 0.6666 -0.7451
vn -0.5748 -0.3340 0.7471
vn -0.0646 0.0797 -0.9947
vn -0.6667 0.0190 -0.7451
vn 0.1043 0.2315 0.9672
vn 0.2453 -0.0655 0.9672
vn -0.4066 -0.5286 -0.7451
vn 0.1235 -0.0008 0.9923
vn 0.3393 -0.4133 0.8450
vn -0.1085 -0.3076 0.9453
vn -0.2606 -0.1621 0.9517
vn 0.1863 -0.9825 -0.0000
vn 0.4499 0.5682 -0.6890
vn 0.7007 0.0220 -0.7131
vn -0.2117 -0.2185 -0.9526
vn -0.4179 0.1469 -0.8965
vn -0.4528 0.1738 0.8745
vn 0.1635 0.2058 -0.9648
vn 0.2299 -0.1097 -0.9670
vn 0.4345 0.5182 0.7367
vn 0.4037 -0.1344 0.9050
vn 0.3148 0.2798 0.9070
vn -0.4543 0.0815 -0.8871
vn -0.4944 -0.1768 -0.8511
vn 0.6717 -0.1097 0.7326
vn 0.0054 -0.1663 0.9861
vn -0.5632 0.4444 -0.6966
vn -0.0830 0.6454 -0.7593
vn 0.4021 -0.5439 0.7365
vn -0.7858 -0.6185 -0.0000
vn 0.0323 0.4438 0.8955
vn 0.3836 -0.1132 -0.9165
vn -0.1516 -0.0720 -0.9858
vn 0.2185 0.1331 -0.9667
vn 0.2731 0.1362 0.9523
vn -0.5271 0.3299 0.7832
vn -0.5000 0.7085 -0.4980
vn -0.3758 0.2182 0.9006
vn -0.0215 -0.4099 -0.9119
vn 0.1980 -0.3108 -0.9296
vn 0.3009 -0.2684 -0.9151
vn -0.3252 0.5258 0.7860
vn 0.3563 -0.7924 0.4951
vn -0.1353 -0.2397 0.9614
vn 0.2703 0.0944 0.9581
vn 0.2942 0.0592 -0.9539
vn -0.2275 -0.2112 -0.9506
vn -0.1409 -0.0573 0.9884
vn 0.8602 0.5099 -0.0000
vn 0.1410 0.5320 -0.8349
vn -0.3937 0.0934 -0.9145
vn -0.2943 -0.0246 -0.9554
vn 0.2250 0.2755 -0.9346
vn 0.4063 -0.9000 0.1580
vn 0.4158 -0.2452 0.8758
vn 0.1536 -0.5675 0.8089
vn -0.5900 0.6682 -0.4532
vn -0.1359 0.8456 -0.5163
vn 0.4852 0.3766 -0.7892
vn -0.1117 -0.2392 0.9645
vn -0.2466 0.0704 0.9665
vn 0.2396 -0.1459 -0.9598
vn -0.2171 0.9762 -0.0000
vn -0.8351 -0.4603 0.3011
vn 0.9261 0.1851 -0.3287
vn -0.6642 -0.1063 0.7399
vn 0.6385 0.1105 -0.7616
vn -0.5128 -0.4355 0.7398
vn 0.7320 0.5581 -0.3907
vn -0.9269 -0.1854 0.3263
vn -0.2699 -0.1162 -0.9558
vn 0.1882 -0.9821 -0.0000
vn 0.5034 -0.8640 -0.0000
vn 0.9648 0.2630 0.0016
vn 0.9765 0.2154 0.0087
vn 0.8152 0.1093 -0.5687
vn 0.4655 -0.8319 -0.3021
vn 0.4180 -0.1911 -0.8881
vn 0.2278 -0.9206 -0.3172
vn -0.1375 -0.4309 -0.8919
vn -0.8608 -0.5089 -0.0000
vn -0.9021 -0.4314 -0.0119
vn -0.9502 -0.3115 -0.0000
vn -0.5232 0.8520 0.0185
vn -0.3759 0.9265 0.0188
vn -0.5898 0.8075 -0.0000
vn -0.2323 0.9726 -0.0000
vn 0.8899 0.4561 -0.0000
vn 0.8372 0.5467 0.0131
vn 0.9033 0.4289 -0.0000
vn 0.9182 0.3958 0.0115
vn -0.5384 0.8427 -0.0000
vn -0.5784 0.7638 0.2865
vn -0.3295 0.2395 0.9132
vn -0.2842 0.9588 -0.0000
vn -0.2191 0.9226 0.3173
vn 0.1042 0.4205 0.9013
vn -0.6827 -0.4748 0.5554
vn -0.9078 -0.4191 -0.0141
vn -0.9226 -0.3859 -0.0016
vn 0.7307 0.3790 -0.5678
vn 0.8854 0.4645 0.0152
vn -0.8202 -0.0812 0.5662
vn -0.9923 -0.1235 -0.0062
vn -0.9946 -0.1042 -0.0016
vn 0.6097 -0.7924 -0.0180
vn 0.4994 -0.8664 -0.0000
vn 0.5081 -0.7029 0.4977
vn 0.3955 -0.9184 -0.0000
vn 0.2947 -0.9554 -0.0188
vn -0.3357 0.8023 -0.4936
vn 0.7436 0.6687 -0.0000
vn -0.2896 0.9571 -0.0000
vn -0.7546 -0.6562 -0.0000
vn 0.1137 -0.9935 -0.0000
vn 0.3734 0.5526 -0.7451
vn 0.2488 -0.0503 0.9672
vn -0.0898 -0.2374 0.9672
vn -0.6666 -0.0220 -0.7451
vn 0.3687 -0.5531 0.7471
vn -0.0756 -0.0694 -0.9947
vn 0.0220 -0.6666 -0.7451
vn -0.2374 0.0898 0.9672
vn 0.0503 0.2488 0.9672
vn 0.5526 -0.3734 -0.7451
vn -0.0068 0.1233 0.9923
vn 0.3917 0.3641 0.8450
vn 0.3137 -0.0894 0.9453
vn 0.1778 -0.2501 0.9517
vn 0.9692 0.2463 -0.0000
vn -0.5948 0.4141 -0.6890
vn -0.0650 0.6980 -0.7131
vn 0.2311 -0.1979 -0.9526
vn -0.1210 -0.4262 -0.8965
vn -0.1457 -0.4626 0.8745
vn -0.2155 0.1505 -0.9648
vn 0.0954 0.2363 -0.9670
vn -0.5440 0.4018 0.7367
vn 0.1094 0.4112 0.9050
vn -0.2986 0.2970 0.9070
vn -0.0534 -0.4585 -0.8871
vn -0.2069 0.4826 0.8511
vn 0.0682 0.6772 0.7326
vn 0.1657 0.0156 0.9861
vn -0.4089 -0.5895 -0.6966
vn -0.6391 -0.1225 -0.7593
vn 0.5181 0.4348 0.7365
vn 0.6656 -0.7463 -0.0000
vn -0.4450 0.0050 0.8955
vn 0.0894 0.3898 -0.9165
vn 0.0812 -0.1469 -0.9858
vn -0.1463 0.2099 -0.9667
vn -0.1527 0.2642 0.9523
vn -0.2968 -0.5464 0.7832
vn -0.6764 -0.5426 -0.4980
vn -0.1947 -0.3885 0.9006
vn 0.4105 0.0038 -0.9119
vn 0.2980 0.2167 -0.9296
vn 0.2494 0.3169 -0.9151
vn -0.5049 -0.3569 0.7860
vn 0.7690 0.4044 0.4951
vn 0.2475 -0.1203 0.9614
vn -0.1109 0.2640 0.9581
vn -0.0772 0.2900 -0.9539
vn 0.2248 -0.2141 -0.9506
vn 0.0658 -0.1371 0.9884
vn -0.5618 0.8273 -0.0000
vn -0.5397 0.1081 -0.8349
vn -0.0691 -0.3987 -0.9145
vn 0.0426 -0.2922 -0.9554
vn -0.2888 0.2076 -0.9346
vn 0.8733 0.4608 0.1580
vn 0.2191 0.4301 0.8758
vn 0.5570 0.1882 0.8089
vn -0.6307 -0.6300 -0.4532
vn -0.8356 -0.1877 -0.5163
vn -0.4057 0.4611 -0.7892
vn 0.2456 -0.0968 0.9645
vn -0.0551 -0.2505 0.9665
vn 0.1309 0.2481 -0.9598
vn -0.9610 -0.2767 -0.0000
vn 0.5108 -0.8053 0.3011
vn -0.2417 0.9130 -0.3287
vn 0.1469 -0.6564 0.7399
vn -0.1496 0.6305 -0.7616
vn 0.4662 -0.4851 0.7398
vn -0.6021 0.6963 -0.3907
vn 0.2421 -0.9137 0.3263
vn 0.1326 -0.2623 -0.9558
vn 0.9687 0.2483 -0.0000
vn 0.8314 0.5556 -0.0000
vn -0.3218 0.9468 0.0016
vn -0.2750 0.9614 0.0087
vn -0.1592 0.8070 -0.5687
vn 0.8017 0.5157 -0.3021
vn 0.1651 0.4290 -0.8881
vn 0.9048 0.2840 -0.3172
vn 0.4385 -0.1107 -0.8919
vn 0.5608 -0.8279 -0.0000
vn 0.4860 -0.8739 -0.0119
vn 0.3694 -0.9293 -0.0000
vn -0.8182 -0.5746 0.0185
vn -0.9016 -0.4322 0.0188
vn -0.7697 -0.6384 -0.0000
vn -0.9565 -0.2917 -0.0000
vn -0.5100 0.8602 -0.0000
vn -0.5971 0.8020 0.0131
vn -0.4837 0.8752 -0.0000
vn -0.4515 0.8922 0.0115
vn -0.8080 -0.5892 -0.0000
vn -0.7268 -0.6242 0.2865
vn -0.2188 -0.3436 0.9132
vn -0.9395 -0.3426 -0.0000
vn -0.9074 -0.2754 0.3173
vn -0.4261 0.0781 0.9013
vn 0.5158 -0.6522 0.5554
vn 0.4741 -0.8803 -0.0141
vn 0.4419 -0.8971 -0.0016
vn -0.4232 0.7060 -0.5678
vn -0.5181 0.8552 0.0152
vn 0.1315 -0.8137 0.5662
vn 0.1843 -0.9828 -0.0062
vn 0.1651 -0.9863 -0.0016
vn 0.7534 0.6573 -0.0180
vn 0.8340 0.5517 -0.0000
vn 0.6704 0.5503 0.4977
vn 0.8924 0.4513 -0.0000
vn 0.9355 0.3529 -0.0188
vn -0.7801 -0.3844 -0.4936
vn -0.2081 0.9781 -0.0000
vn -0.9739 0.2270 -0.0000
vn 0.1917 -0.9814 -0.0000
vn 0.9176 -0.3976 -0.0000
vn -0.2924 0.5994 -0.7451
vn 0.1678 0.1905 0.9672
vn 0.1609 -0.1964 0.9672
vn -0.3137 -0.5885 -0.7451
vn 0.6633 0.0433 0.7471
vn 0.0224 -0.1002 -0.9947
vn 0.5885 -0.3137 -0.7451
vn -0.1964 -0.1609 0.9672
vn -0.1905 0.1678 0.9672
vn 0.5994 0.2924 -0.7451
vn -0.1102 0.0557 0.9923
vn -0.1199 0.5211 0.8450
vn 0.2341 0.2272 0.9453
vn 0.3055 0.0292 0.9517
vn 0.2705 0.9627 -0.0000
vn -0.6558 -0.3085 -0.6890
vn -0.6373 0.2922 -0.7131
vn 0.2868 0.1014 -0.9526
vn 0.3089 -0.3176 -0.8965
vn 0.3281 -0.3572 0.8745
vn -0.2380 -0.1115 -0.9648
vn -0.1571 0.2006 -0.9670
vn -0.6197 -0.2707 0.7367
vn -0.3017 0.3001 0.9050
vn -0.4064 -0.1104 0.9070
vn 0.3706 -0.2752 -0.8871
vn -0.5214 0.0617 0.8511
vn -0.5527 0.3972 0.7326
vn 0.0692 0.1513 0.9861
vn 0.3065 -0.6486 -0.6966
vn -0.2130 -0.6149 -0.7593
vn -0.1180 0.6660 0.7365
vn 0.9790 0.2040 -0.0000
vn -0.2265 -0.3830 0.8955
vn -0.2931 0.2721 -0.9165
vn 0.1678 -0.0030 -0.9858
vn -0.2549 -0.0220 -0.9667
vn -0.3052 -0.0004 0.9523
vn 0.3252 -0.5300 0.7832
vn 0.1324 -0.8570 -0.4980
vn 0.2394 -0.3627 0.9006
vn 0.2017 0.3575 -0.9119
vn -0.0390 0.3664 -0.9296
vn -0.1500 0.3743 -0.9151
vn 0.0571 -0.6156 0.7860
vn 0.0336 0.8682 0.4951
vn 0.2278 0.1544 0.9614
vn -0.2841 0.0358 0.9581
vn -0.2898 0.0779 -0.9539
vn 0.2977 0.0879 -0.9506
vn 0.1517 -0.0114 0.9884
vn -0.9973 -0.0737 -0.0000
vn -0.3631 -0.4136 -0.8349
vn 0.3109 -0.2589 -0.9145
vn 0.2745 -0.1090 -0.9554
vn -0.3241 -0.1465 -0.9346
vn 0.0368 0.9868 0.1580
vn -0.2632 0.4046 0.8758
vn 0.1150 0.5766 0.8089
vn 0.2309 -0.8610 -0.4532
vn -0.2546 -0.8177 -0.5163
vn -0.6021 -0.1213 -0.7892
vn 0.2065 0.1644 0.9645
vn 0.1895 -0.1729 0.9665
vn -0.1496 0.2373 -0.9598
vn -0.2401 -0.9707 -0.0000
vn 0.9527 0.0405 0.3011
vn -0.9117 0.2464 -0.3287
vn 0.6421 -0.2005 0.7399
vn -0.6210 0.1852 -0.7616
vn 0.6531 0.1617 0.7398
vn -0.9039 -0.1739 -0.3907
vn 0.9126 -0.2465 0.3263
vn 0.2935 -0.0161 -0.9558
vn 0.2686 0.9633 -0.0000
vn -0.0662 0.9978 -0.0000
vn -0.9810 0.1939 0.0016
vn -0.9703 0.2418 0.0087
vn -0.7787 0.2650 -0.5687
vn -0.0466 0.9521 -0.3021
vn -0.2892 0.3572 -0.8881
vn 0.2058 0.9258 -0.3172
vn 0.3149 0.3247 -0.8919
vn 0.9974 0.0725 -0.0000
vn 0.9998 -0.0152 -0.0119
vn 0.9896 -0.1440 -0.0000
vn 0.0893 -0.9958 0.0185
vn -0.0757 -0.9969 0.0188
vn 0.1687 -0.9857 -0.0000
vn -0.2249 -0.9744 -0.0000
vn -0.9999 -0.0124 -0.0000
vn -0.9931 -0.1169 0.0131
vn -0.9998 0.0180 -0.0000
vn -0.9985 0.0542 0.0115
vn 0.1071 -0.9942 -0.0000
vn 0.1779 -0.9414 0.2865
vn 0.1885 -0.3612 0.9132
vn -0.1723 -0.9850 -0.0000
vn -0.2145 -0.9237 0.3173
vn -0.2805 -0.3302 0.9013
vn 0.8227 0.1213 0.5554
vn 0.9995 -0.0288 -0.0141
vn 0.9979 -0.0651 -0.0016
vn -0.8230 -0.0141 -0.5678
vn -0.9996 -0.0219 0.0152
vn 0.7706 -0.2924 0.5662
vn 0.9436 -0.3311 -0.0062
vn 0.9370 -0.3494 -0.0016
vn -0.1933 0.9810 -0.0180
vn -0.0616 0.9981 -0.0000
vn -0.1421 0.8556 0.4977
vn 0.0546 0.9985 -0.0000
vn 0.1613 0.9867 -0.0188
vn -0.0565 -0.8678 -0.4936
vn 0.6196 0.7849 -0.0000
vn -0.4474 0.8943 -0.0000
vn -0.6326 -0.7745 -0.0000
vn 0.2802 -0.9599 -0.0000
vn 0.2744 0.6078 -0.7451
vn 0.2538 -0.0074 0.9672
vn -0.0483 -0.2492 0.9672
vn -0.6532 -0.1346 -0.7451
vn 0.4570 -0.4827 0.7471
vn -0.0627 -0.0812 -0.9947
vn 0.1346 -0.6532 -0.7451
vn -0.2492 0.0483 0.9672
vn 0.0074 0.2537 0.9672
vn 0.6079 -0.2744 -0.7451
vn -0.0276 0.1204 0.9923
vn 0.3244 0.4251 0.8450
vn 0.3243 -0.0350 0.9453
vn 0.2176 -0.2164 0.9517
vn 0.9135 0.4069 -0.0000
vn -0.6563 0.3075 -0.6890
vn -0.1822 0.6770 -0.7131
vn 0.2612 -0.1559 -0.9526
vn -0.0471 -0.4405 -0.8965
vn -0.0653 -0.4806 0.8745
vn -0.2379 0.1119 -0.9648
vn 0.0540 0.2490 -0.9670
vn -0.6041 0.3039 0.7367
vn 0.0382 0.4238 0.9050
vn -0.3445 0.2422 0.9070
vn 0.0250 -0.4609 -0.8871
vn 0.2856 -0.4406 -0.8511
vn -0.0474 0.6790 0.7326
vn 0.1607 0.0434 0.9861
vn -0.3032 -0.6502 -0.6966
vn -0.6092 -0.2289 -0.7593
vn 0.4371 0.5162 0.7365
vn 0.7823 -0.6229 -0.0000
vn -0.4394 -0.0704 0.8955
vn 0.0221 0.3993 -0.9165
vn 0.1049 -0.1310 -0.9858
vn -0.1797 0.1821 -0.9667
vn -0.1952 0.2346 0.9523
vn -0.2001 -0.5887 0.7832
vn -0.5748 -0.6493 -0.4980
vn -0.1261 -0.4159 0.9006
vn 0.4039 0.0732 -0.9119
vn 0.2570 0.2641 -0.9296
vn 0.1921 0.3545 -0.9151
vn -0.4371 -0.4372 0.7860
vn 0.6894 0.5287 0.4951
vn 0.2643 -0.0767 0.9614
vn -0.1539 0.2414 0.9581
vn -0.1251 0.2727 -0.9539
vn 0.2578 -0.1729 -0.9506
vn 0.0881 -0.1240 0.9884
vn -0.6937 0.7202 -0.0000
vn -0.5502 0.0152 -0.8349
vn -0.0006 -0.4046 -0.9145
vn 0.0915 -0.2808 -0.9554
vn -0.3198 0.1558 -0.9346
vn 0.7827 0.6020 0.1580
vn 0.1432 0.4610 0.8758
vn 0.5171 0.2798 0.8089
vn -0.5150 -0.7276 -0.4532
vn -0.7918 -0.3264 -0.5163
vn -0.4779 0.3858 -0.7892
vn 0.2584 -0.0539 0.9645
vn -0.0119 -0.2562 0.9665
vn 0.0870 0.2667 -0.9598
vn -0.9003 -0.4354 -0.0000
vn 0.6397 -0.7072 0.3011
vn -0.3928 0.8589 -0.3287
vn 0.2559 -0.6221 0.7399
vn -0.2542 0.5961 -0.7616
vn 0.5416 -0.3992 0.7398
vn -0.7113 0.5844 -0.3907
vn 0.3933 -0.8596 0.3263
vn 0.1751 -0.2360 -0.9558
vn 0.9127 0.4087 -0.0000
vn 0.7254 0.6883 -0.0000
vn -0.4774 0.8787 0.0016
vn -0.4338 0.9010 0.0087
vn -0.2935 0.7684 -0.5687
vn 0.7028 0.6440 -0.3022
vn 0.0901 0.4507 -0.8881
vn 0.8437 0.4331 -0.3172
vn 0.4509 -0.0349 -0.8919
vn 0.6929 -0.7210 -0.0000
vn 0.6269 -0.7790 -0.0119
vn 0.5213 -0.8534 -0.0000
vn -0.7092 -0.7048 0.0185
vn -0.8154 -0.5786 0.0188
vn -0.6506 -0.7595 -0.0000
vn -0.8933 -0.4494 -0.0000
vn -0.6482 0.7614 -0.0000
vn -0.7243 0.6894 0.0131
vn -0.6249 0.7807 -0.0000
vn -0.5961 0.8029 0.0115
vn -0.6966 -0.7175 -0.0000
vn -0.6107 -0.7383 0.2865
vn -0.1575 -0.3757 0.9132
vn -0.8679 -0.4967 -0.0000
vn -0.8477 -0.4251 0.3173
vn -0.4332 0.0049 0.9013
vn 0.6188 -0.5555 0.5554
vn 0.6163 -0.7874 -0.0141
vn 0.5873 -0.8093 -0.0017
vn -0.5366 0.6242 -0.5678
vn -0.6554 0.7552 0.0152
vn 0.2673 -0.7797 0.5662
vn 0.3480 -0.9375 -0.0062
vn 0.3297 -0.9441 -0.0016
vn 0.6313 0.7754 -0.0180
vn 0.7286 0.6849 -0.0000
vn 0.5675 0.6559 0.4978
vn 0.8031 0.5958 -0.0000
vn 0.8622 0.5062 -0.0188
vn -0.7038 -0.5109 -0.4936
vn -0.2378 0.1119 -0.9648
vn -0.3445 0.2421 0.9070
vn -0.4372 -0.4372 0.7860
vn 0.5213 -0.8533 -0.0000
vn -0.7091 -0.7048 0.0185
vn 0.5873 -0.8093 -0.0016
vn 0.5675 0.6559 0.4977
vn 0.2512 0.9679 -0.0000
vn -0.7697 0.6385 -0.0000
vn -0.2673 -0.9636 -0.0000
vn 0.6430 -0.7659 -0.0000
vn 0.0064 0.6669 -0.7451
vn 0.2353 0.0954 0.9672
vn 0.0561 -0.2476 0.9672
vn -0.5437 -0.3862 -0.7451
vn 0.6127 -0.2579 0.7471
vn -0.0247 -0.0996 -0.9947
vn 0.3862 -0.5437 -0.7451
vn -0.2476 -0.0561 0.9672
vn -0.0954 0.2353 0.9672
vn 0.6669 -0.0064 -0.7451
vn -0.0737 0.0991 0.9923
vn 0.1258 0.5198 0.8450
vn 0.3110 0.0985 0.9453
vn 0.2863 -0.1105 0.9517
vn 0.6724 0.7402 -0.0000
vn -0.7245 0.0172 -0.6890
vn -0.4394 0.5463 -0.7131
vn 0.3019 -0.0375 -0.9526
vn 0.1343 -0.4222 -0.8965
vn 0.1338 -0.4662 0.8745
vn -0.2628 0.0066 -0.9648
vn -0.0508 0.2497 -0.9670
vn -0.6753 0.0349 0.7367
vn -0.1357 0.4033 0.9049
vn -0.4129 0.0829 0.9070
vn 0.2084 -0.4119 -0.8871
vn 0.4388 -0.2883 -0.8511
vn -0.3168 0.6024 0.7326
vn 0.1296 0.1044 0.9861
vn -0.0158 -0.7172 -0.6966
vn -0.4654 -0.4548 -0.7593
vn 0.1922 0.6485 0.7365
vn 0.9669 -0.2551 -0.0000
vn -0.3738 -0.2414 0.8955
vn -0.1406 0.3744 -0.9165
vn 0.1488 -0.0777 -0.9858
vn -0.2378 0.0943 -0.9667
vn -0.2732 0.1361 0.9523
vn 0.0539 -0.6195 0.7832
vn -0.2647 -0.8258 -0.4980
vn 0.0520 -0.4315 0.9006
vn 0.3402 0.2296 -0.9119
vn 0.1290 0.3452 -0.9296
vn 0.0331 0.4019 -0.9151
vn -0.2241 -0.5762 0.7860
vn 0.4182 0.7616 0.4951
vn 0.2728 0.0363 0.9614
vn -0.2381 0.1590 0.9581
vn -0.2244 0.1993 -0.9539
vn 0.3056 -0.0545 -0.9506
vn 0.1306 -0.0780 0.9884
vn -0.9250 0.3799 -0.0000
vn -0.5097 -0.2076 -0.8349
vn 0.1624 -0.3706 -0.9145
vn 0.1968 -0.2202 -0.9554
vn -0.3554 0.0138 -0.9346
vn 0.4741 0.8662 0.1580
vn -0.0545 0.4796 0.8758
vn 0.3607 0.4643 0.8089
vn -0.1784 -0.8734 -0.4532
vn -0.5933 -0.6176 -0.5163
vn -0.5928 0.1607 -0.7892
vn 0.2582 0.0548 0.9645
vn 0.0922 -0.2393 0.9665
vn -0.0278 0.2791 -0.9598
vn -0.6488 -0.7610 -0.0000
vn 0.8703 -0.3897 0.3011
vn -0.7054 0.6280 -0.3287
vn 0.4847 -0.4664 0.7399
vn -0.4727 0.4433 -0.7616
vn 0.6564 -0.1473 0.7399
vn -0.8863 0.2485 -0.3907
vn 0.7061 -0.6285 0.3263
vn 0.2553 -0.1456 -0.9558
vn 0.6709 0.7416 -0.0000
vn 0.3868 0.9221 -0.0000
vn -0.7908 0.6121 0.0016
vn -0.7598 0.6500 0.0087
vn -0.5781 0.5852 -0.5687
vn 0.3840 0.8725 -0.3021
vn -0.0990 0.4488 -0.8881
vn 0.5979 0.7361 -0.3172
vn 0.4268 0.1496 -0.8919
vn 0.9246 -0.3810 -0.0000
vn 0.8875 -0.4606 -0.0119
vn 0.8208 -0.5712 -0.0000
vn -0.3654 -0.9307 0.0185
vn -0.5135 -0.8579 0.0188
vn -0.2897 -0.9571 -0.0000
vn -0.6368 -0.7710 -0.0000
vn -0.9000 0.4360 -0.0000
vn -0.9406 0.3394 0.0131
vn -0.8863 0.4631 -0.0000
vn -0.8689 0.4949 0.0115
vn -0.3487 -0.9372 -0.0000
vn -0.2617 -0.9217 0.2865
vn 0.0071 -0.4073 0.9132
vn -0.5945 -0.8041 -0.0000
vn -0.6048 -0.7304 0.3173
vn -0.3985 -0.1700 0.9013
vn 0.7901 -0.2593 0.5554
vn 0.8812 -0.4726 -0.0140
vn 0.8635 -0.5044 -0.0016
vn -0.7425 0.3553 -0.5678
vn -0.9039 0.4274 0.0152
vn 0.5586 -0.6061 0.5662
vn 0.6960 -0.7180 -0.0062
vn 0.6819 -0.7314 -0.0016
vn 0.2657 0.9639 -0.0180
vn 0.3911 0.9203 -0.0000
vn 0.2554 0.8289 0.4977
vn 0.4952 0.8688 -0.0000
vn 0.5854 0.8105 -0.0188
vn -0.4385 -0.7510 -0.4936
vn -0.7246 0.0172 -0.6890
vn -0.1357 0.4033 0.9050
vn -0.4388 0.2883 0.8511
vn 0.6564 -0.1473 0.7398
vn 0.3840 0.8725 -0.3022
vn -0.3653 -0.9307 0.0185
vn 0.8812 -0.4726 -0.0141
vn -0.6401 -0.7683 -0.0000
vn 0.4237 -0.9058 -0.0000
vn 0.6528 0.7575 -0.0000
vn -0.2548 0.9670 -0.0000
vn -0.2903 -0.6004 -0.7451
vn -0.2535 0.0141 0.9672
vn 0.0549 0.2479 0.9672
vn 0.6565 0.1173 -0.7451
vn -0.4441 0.4946 0.7471
vn 0.0649 0.0795 -0.9947
vn -0.1173 0.6565 -0.7451
vn 0.2479 -0.0549 0.9672
vn -0.0141 -0.2535 0.9672
vn -0.6004 0.2903 -0.7451
vn 0.0244 -0.1211 0.9923
vn -0.3355 -0.4164 0.8450
vn -0.3233 0.0435 0.9453
vn -0.2118 0.2221 0.9517
vn -0.9239 -0.3826 -0.0000
vn 0.6480 -0.3247 -0.6890
vn 0.1643 -0.6815 -0.7131
vn -0.2570 0.1627 -0.9526
vn 0.0587 0.4391 -0.8965
vn 0.0779 0.4787 0.8745
vn 0.2348 -0.1181 -0.9648
vn -0.0605 -0.2475 -0.9670
vn 0.5959 -0.3197 0.7367
vn -0.0493 -0.4226 0.9050
vn 0.3380 -0.2511 0.9070
vn -0.0128 0.4614 -0.8871
vn 0.2739 -0.4480 0.8511
vn 0.0295 -0.6800 0.7326
vn -0.1617 -0.0392 0.9861
vn 0.3203 0.6420 -0.6966
vn 0.6150 0.2128 -0.7593
vn -0.4505 -0.5045 0.7365
vn -0.7657 0.6433 -0.0000
vn 0.4411 0.0588 0.8955
vn -0.0326 -0.3986 -0.9165
vn -0.1014 0.1338 -0.9858
vn 0.1749 -0.1867 -0.9667
vn 0.1890 -0.2396 0.9523
vn 0.2155 0.5833 0.7832
vn 0.5917 0.6339 -0.4980
vn 0.1370 0.4124 0.9006
vn -0.4057 -0.0625 -0.9119
vn -0.2639 -0.2572 -0.9296
vn -0.2014 -0.3493 -0.9151
vn 0.4485 0.4255 0.7860
vn -0.7031 -0.5104 0.4951
vn -0.2622 0.0836 0.9614
vn 0.1475 -0.2454 0.9581
vn 0.1179 -0.2759 -0.9539
vn -0.2531 0.1797 -0.9506
vn -0.0848 0.1262 0.9884
vn 0.6745 -0.7382 -0.0000
vn 0.5496 -0.0296 -0.8349
vn 0.0112 0.4044 -0.9145
vn -0.0841 0.2831 -0.9554
vn 0.3155 -0.1641 -0.9346
vn -0.7983 -0.5812 0.1580
vn -0.1553 -0.4570 0.8758
vn -0.5243 -0.2661 0.8089
vn 0.5339 0.7138 -0.4532
vn 0.8001 0.3054 -0.5163
vn 0.4676 -0.3982 -0.7892
vn -0.2569 0.0606 0.9645
vn 0.0187 0.2558 0.9665
vn -0.0940 -0.2643 -0.9598
vn 0.9114 0.4115 -0.0000
vn -0.6209 0.7238 0.3011
vn 0.3700 -0.8689 -0.3287
vn -0.2394 0.6286 0.7399
vn 0.2384 -0.6026 -0.7616
vn -0.5308 0.4133 0.7398
vn 0.6956 -0.6029 -0.3907
vn -0.3705 0.8696 0.3263
vn -0.1688 0.2406 -0.9558
vn -0.9231 -0.3845 -0.0000
vn -0.7433 -0.6690 -0.0000
vn 0.4541 -0.8909 0.0016
vn 0.4099 -0.9121 0.0087
vn 0.2732 -0.7759 -0.5687
vn -0.7195 -0.6253 -0.3022
vn -0.1019 -0.4482 -0.8881
vn -0.8548 -0.4107 -0.3172
vn -0.4499 0.0468 -0.8919
vn -0.6737 0.7390 -0.0000
vn -0.6062 0.7952 -0.0119
vn -0.4987 0.8668 -0.0000
vn 0.7275 0.6859 0.0185
vn 0.8304 0.5569 0.0188
vn 0.6704 0.7420 -0.0000
vn 0.9049 0.4257 -0.0000
vn 0.6279 -0.7783 -0.0000
vn 0.7059 -0.7082 0.0131
vn 0.6041 -0.7969 -0.0000
vn 0.5747 -0.8183 0.0115
vn 0.7152 0.6989 -0.0000
vn 0.6299 0.7219 0.2865
vn 0.1673 0.3715 0.9132
vn 0.8807 0.4736 -0.0000
vn 0.8586 0.4026 0.3173
vn 0.4329 -0.0163 0.9013
vn -0.6040 0.5716 0.5554
vn -0.5953 0.8033 -0.0140
vn -0.5658 0.8245 -0.0016
vn 0.5200 -0.6381 -0.5678
vn 0.6352 -0.7722 0.0152
vn -0.2467 0.7865 0.5662
vn -0.3232 0.9463 -0.0062
vn -0.3047 0.9524 -0.0016
vn -0.6515 -0.7584 -0.0180
vn -0.7464 -0.6655 -0.0000
vn -0.5846 -0.6407 0.4977
vn -0.8185 -0.5745 -0.0000
vn -0.8753 -0.4833 -0.0188
vn 0.7170 0.4922 -0.4936
vn -0.9980 0.0638 -0.0000
vn -0.4816 -0.8764 -0.0000
vn 0.9968 -0.0804 -0.0000
vn 0.6306 0.7761 -0.0000
vn -0.6561 -0.1197 -0.7451
vn -0.1381 0.2130 0.9672
vn 0.2325 0.1019 0.9672
vn 0.4819 -0.4610 -0.7451
vn 0.1375 0.6504 0.7471
vn 0.1025 -0.0055 -0.9947
vn 0.4610 0.4819 -0.7451
vn 0.1019 -0.2325 0.9672
vn -0.2130 -0.1381 0.9672
vn -0.1197 0.6561 -0.7451
vn -0.0834 -0.0911 0.9923
vn -0.5342 0.0253 0.8450
vn -0.1555 0.2868 0.9453
vn 0.0544 0.3020 0.9517
vn -0.8539 0.5204 -0.0000
vn 0.1200 -0.7148 -0.6890
vn -0.4534 -0.5347 -0.7131
vn -0.0202 0.3036 -0.9526
vn 0.3892 0.2116 -0.8965
vn 0.4325 0.2194 0.8745
vn 0.0431 -0.2593 -0.9648
vn -0.2356 -0.0971 -0.9670
vn 0.0933 -0.6698 0.7367
vn -0.3704 -0.2094 0.9050
vn -0.0034 -0.4211 0.9070
vn 0.3651 0.2825 -0.8871
vn 0.2002 0.4854 -0.8511
vn -0.5317 -0.4249 0.7326
vn -0.1270 0.1075 0.9861
vn 0.7073 0.1200 -0.6966
vn 0.5345 -0.3711 -0.7593
vn -0.6732 0.0662 0.7365
vn 0.0679 0.9977 -0.0000
vn 0.3077 -0.3215 0.8955
vn -0.3411 -0.2088 -0.9165
vn 0.0482 0.1608 -0.9858
vn -0.0477 -0.2514 -0.9667
vn -0.0821 -0.2940 0.9523
vn 0.5981 0.1700 0.7832
vn 0.8609 -0.1040 -0.4980
vn 0.4139 0.1326 0.9006
vn -0.2898 0.2907 -0.9119
vn -0.3634 0.0614 -0.9296
vn -0.4009 -0.0434 -0.9151
vn 0.6082 -0.1112 0.7860
vn -0.8269 0.2668 0.4951
vn -0.0871 0.2611 0.9614
vn -0.1112 -0.2639 0.9581
vn -0.1533 -0.2580 -0.9539
vn -0.0042 0.3104 -0.9506
vn 0.0519 0.1429 0.9884
vn -0.1983 -0.9801 -0.0000
vn 0.3002 -0.4613 -0.8349
vn 0.3332 0.2295 -0.9145
vn 0.1791 0.2349 -0.9554
vn 0.0536 -0.3516 -0.9346
vn -0.9402 0.3019 0.1580
vn -0.4606 -0.1442 0.8758
vn -0.5241 0.2665 0.8089
vn 0.8914 -0.0102 -0.4532
vn 0.7186 -0.4660 -0.5163
vn -0.0458 -0.6124 -0.7892
vn -0.1026 0.2432 0.9645
vn 0.2176 0.1358 0.9665
vn -0.2689 -0.0800 -0.9598
vn 0.8698 -0.4933 -0.0000
vn 0.2183 0.9283 0.3011
vn -0.4835 -0.8113 -0.3287
vn 0.3664 0.5641 0.7399
vn -0.3460 -0.5479 -0.7616
vn 0.0207 0.6725 0.7398
vn -0.0766 -0.9173 -0.3907
vn 0.4838 0.8121 0.3263
vn 0.0947 0.2782 -0.9558
vn -0.8550 0.5187 -0.0000
vn -0.9786 0.2057 -0.0000
vn -0.4516 -0.8922 0.0016
vn -0.4948 -0.8690 0.0087
vn -0.4654 -0.6782 -0.5687
vn -0.9293 0.2123 -0.3022
vn -0.4220 -0.1820 -0.8881
vn -0.8358 0.4481 -0.3172
vn -0.2276 0.3909 -0.8919
vn 0.1995 0.9799 -0.0000
vn 0.2847 0.9586 -0.0119
vn 0.4059 0.9139 -0.0000
vn 0.9829 -0.1830 0.0185
vn 0.9395 -0.3422 0.0188
vn 0.9946 -0.1037 -0.0000
vn 0.8775 -0.4797 -0.0000
vn -0.2581 -0.9661 -0.0000
vn -0.1556 -0.9877 0.0131
vn -0.2873 -0.9578 -0.0000
vn -0.3219 -0.9467 0.0115
vn 0.9862 -0.1654 -0.0000
vn 0.9545 -0.0829 0.2865
vn 0.3987 0.0839 0.9132
vn 0.9019 -0.4319 -0.0000
vn 0.8315 -0.4559 0.3174
vn 0.2422 -0.3592 0.9013
vn 0.1054 0.8248 0.5554
vn 0.2976 0.9546 -0.0140
vn 0.3321 0.9432 -0.0016
vn -0.2086 -0.7963 -0.5678
vn -0.2489 -0.9684 0.0152
vn 0.4896 0.6631 0.5662
vn 0.5736 0.8191 -0.0062
vn 0.5894 0.8078 -0.0016
vn -0.9967 0.0788 -0.0180
vn -0.9777 0.2102 -0.0000
vn -0.8622 0.0942 0.4977
vn -0.9467 0.3222 -0.0000
vn -0.9065 0.4218 -0.0188
vn 0.8204 -0.2887 -0.4936
vn -0.3635 -0.9316 -0.0000
vn 0.6890 -0.7247 -0.0000
vn 0.3790 0.9254 -0.0000
vn -0.5482 0.8363 -0.0000
vn -0.0850 -0.6615 -0.7451
vn -0.2449 -0.0670 0.9672
vn -0.0265 0.2525 0.9672
vn 0.5855 0.3194 -0.7451
vn -0.5780 0.3283 0.7471
vn 0.0363 0.0960 -0.9947
vn -0.3194 0.5855 -0.7451
vn 0.2525 0.0265 0.9672
vn 0.0670 -0.2449 0.9672
vn -0.6615 0.0850 -0.7451
vn 0.0615 -0.1071 0.9923
vn -0.1862 -0.5013 0.8450
vn -0.3204 -0.0612 0.9453
vn -0.2713 0.1435 0.9517
vn -0.7549 -0.6558 -0.0000
vn 0.7175 -0.1025 -0.6890
vn 0.3719 -0.5943 -0.7131
vn -0.2954 0.0729 -0.9526
vn -0.0836 0.4351 -0.8965
vn -0.0779 0.4787 0.8745
vn 0.2601 -0.0376 -0.9648
vn 0.0210 -0.2539 -0.9670
vn 0.6665 -0.1143 0.7367
vn 0.0872 -0.4165 0.9049
vn 0.4002 -0.1310 0.9070
vn -0.1584 0.4336 -0.8871
vn -0.4018 0.3380 -0.8511
vn 0.2435 -0.6356 0.7326
vn -0.1410 -0.0884 0.9861
vn 0.1002 0.7104 -0.6966
vn 0.5158 0.3968 -0.7593
vn -0.2673 -0.6213 0.7365
vn -0.9301 0.3674 -0.0000
vn 0.3997 0.1956 0.8955
vn 0.0954 -0.3884 -0.9165
vn -0.1386 0.0947 -0.9858
vn 0.2251 -0.1217 -0.9667
vn 0.2552 -0.1674 0.9523
vn 0.0195 0.6215 0.7832
vn 0.3602 0.7888 -0.4980
vn -0.0008 0.4346 0.9006
vn -0.3649 -0.1879 -0.9119
vn -0.1688 -0.3276 -0.9296
vn -0.0803 -0.3952 -0.9151
vn 0.2905 0.5458 0.7860
vn -0.5051 -0.7069 0.4951
vn -0.2752 -0.0038 0.9614
vn 0.2177 -0.1860 0.9581
vn 0.1993 -0.2243 -0.9539
vn -0.2970 0.0902 -0.9506
vn -0.1205 0.0929 0.9884
vn 0.8738 -0.4863 -0.0000
vn 0.5306 0.1461 -0.8349
vn -0.1176 0.3871 -0.9145
vn -0.1695 0.2419 -0.9554
vn 0.3513 -0.0556 -0.9346
vn -0.5729 -0.8043 0.1580
vn -0.0024 -0.4827 0.8758
vn -0.4129 -0.4186 0.8089
vn 0.2801 0.8463 -0.4532
vn 0.6620 0.5433 -0.5163
vn 0.5697 -0.2294 -0.7892
vn -0.2629 -0.0239 0.9645
vn -0.0634 0.2486 0.9665
vn -0.0053 -0.2805 -0.9598
vn 0.7340 0.6792 -0.0000
vn -0.8183 0.4896 0.3011
vn 0.6264 -0.7068 -0.3287
vn -0.4264 0.5203 0.7399
vn 0.4171 -0.4959 -0.7616
vn -0.6345 0.2237 0.7398
vn 0.8509 -0.3513 -0.3907
vn -0.6271 0.7073 0.3263
vn -0.2364 0.1747 -0.9558
vn -0.7536 -0.6573 -0.0000
vn -0.4929 -0.8701 -0.0000
vn 0.7131 -0.7010 0.0016
vn 0.6779 -0.7351 0.0087
vn 0.5051 -0.6492 -0.5687
vn -0.4842 -0.8211 -0.3021
vn 0.0454 -0.4574 -0.8881
vn -0.6806 -0.6605 -0.3172
vn -0.4415 -0.0983 -0.8919
vn -0.8732 0.4874 -0.0000
vn -0.8270 0.5620 -0.0119
vn -0.7477 0.6640 -0.0000
vn 0.4725 0.8811 0.0185
vn 0.6110 0.7914 0.0188
vn 0.4005 0.9163 -0.0000
vn 0.7232 0.6906 -0.0000
vn 0.8423 -0.5390 -0.0000
vn 0.8940 -0.4479 0.0131
vn 0.8256 -0.5643 -0.0000
vn 0.8045 -0.5939 0.0115
vn 0.4568 0.8896 -0.0000
vn 0.3686 0.8844 0.2865
vn 0.0410 0.4053 0.9132
vn 0.6852 0.7284 -0.0000
vn 0.6867 0.6540 0.3173
vn 0.4158 0.1218 0.9013
vn -0.7540 0.3507 0.5554
vn -0.8193 0.5732 -0.0141
vn -0.7980 0.6026 -0.0016
vn 0.6955 -0.4404 -0.5678
vn 0.8473 -0.5310 0.0152
vn -0.4833 0.6677 0.5662
vn -0.6065 0.7950 -0.0063
vn -0.5909 0.8067 -0.0016
vn -0.3774 -0.9259 -0.0180
vn -0.4969 -0.8678 -0.0000
vn -0.3513 -0.7930 0.4977
vn -0.5942 -0.8043 -0.0000
vn -0.6769 -0.7358 -0.0188
vn 0.5240 0.6941 -0.4936
vn -0.9909 -0.1345 -0.0000
vn -0.2990 -0.9542 -0.0000
vn 0.9930 0.1180 -0.0000
vn 0.4649 0.8853 -0.0000
vn -0.6196 -0.2468 -0.7451
vn -0.1774 0.1816 0.9672
vn 0.2078 0.1458 0.9672
vn 0.5635 -0.3568 -0.7451
vn 0.0063 0.6647 0.7471
vn 0.1015 0.0149 -0.9947
vn 0.3568 0.5635 -0.7451
vn 0.1458 -0.2078 0.9672
vn -0.1816 -0.1774 0.9672
vn -0.2468 0.6196 -0.7451
vn -0.0638 -0.1058 0.9923
vn -0.5286 -0.0806 0.8450
vn -0.2091 0.2504 0.9453
vn -0.0063 0.3068 0.9517
vn -0.9399 0.3416 -0.0000
vn 0.2587 -0.6770 -0.6890
vn -0.3389 -0.6137 -0.7131
vn -0.0797 0.2936 -0.9526
vn 0.3398 0.2843 -0.8965
vn 0.3807 0.3005 0.8745
vn 0.0935 -0.2457 -0.9648
vn -0.2118 -0.1417 -0.9670
vn 0.2237 -0.6382 0.7367
vn -0.3218 -0.2785 0.9050
vn 0.0798 -0.4135 0.9070
vn 0.3021 0.3490 -0.8871
vn 0.1005 0.5154 -0.8511
vn -0.4374 -0.5215 0.7326
vn -0.1458 0.0803 0.9861
vn 0.6697 0.2573 -0.6966
vn 0.5973 -0.2583 -0.7593
vn -0.6730 -0.0680 0.7365
vn -0.1304 0.9915 -0.0000
vn 0.3651 -0.2544 0.8955
vn -0.2932 -0.2720 -0.9165
vn 0.0155 0.1671 -0.9858
vn 0.0029 -0.2558 -0.9667
vn -0.0224 -0.3044 0.9523
vn 0.5528 0.2847 0.7832
vn 0.8645 0.0681 -0.4980
vn 0.3795 0.2117 0.9006
vn -0.3415 0.2278 -0.9119
vn -0.3683 -0.0115 -0.9296
vn -0.3845 -0.1217 -0.9151
vn 0.6182 0.0111 0.7860
vn -0.8633 0.0983 0.4951
vn -0.1370 0.2387 0.9614
vn -0.0569 -0.2806 0.9581
vn -0.0993 -0.2832 -0.9539
vn -0.0654 0.3035 -0.9506
vn 0.0227 0.1504 0.9884
vn -0.0009 -1.0000 -0.0000
vn 0.3854 -0.3929 -0.8349
vn 0.2814 0.2907 -0.9145
vn 0.1292 0.2656 -0.9554
vn 0.1219 -0.3341 -0.9346
vn -0.9813 0.1103 0.1580
vn -0.4231 -0.2323 0.8758
vn -0.5664 0.1577 0.8089
vn 0.8758 0.1660 -0.4532
vn 0.7964 -0.3149 -0.5163
vn 0.0760 -0.6094 -0.7892
vn -0.1486 0.2182 0.9645
vn 0.1865 0.1761 0.9665
vn -0.2478 -0.1315 -0.9598
vn 0.9501 -0.3119 -0.0000
vn 0.0307 0.9531 0.3011
vn -0.3138 -0.8908 -0.3287
vn 0.2478 0.6254 0.7399
vn -0.2310 -0.6054 -0.7616
vn -0.1125 0.6633 0.7398
vn 0.1060 -0.9144 -0.3907
vn 0.3139 0.8916 0.3263
vn 0.0379 0.2914 -0.9558
vn -0.9405 0.3397 -0.0000
vn -1.0000 0.0084 -0.0000
vn -0.2666 -0.9638 0.0016
vn -0.3135 -0.9496 0.0087
vn -0.3224 -0.7568 -0.5687
vn -0.9529 0.0246 -0.3021
vn -0.3778 -0.2618 -0.8881
vn -0.9078 0.2743 -0.3172
vn -0.3003 0.3382 -0.8919
vn 0.0021 1.0000 -0.0000
vn 0.0898 0.9959 -0.0119
vn 0.2174 0.9761 -0.0000
vn 0.9997 0.0147 0.0185
vn 0.9885 -0.1499 0.0188
vn 0.9955 0.0947 -0.0000
vn 0.9549 -0.2970 -0.0000
vn -0.0623 -0.9981 -0.0000
vn 0.0425 -0.9990 0.0131
vn -0.0925 -0.9957 -0.0000
vn -0.1286 -0.9916 0.0115
vn 0.9995 0.0326 -0.0000
vn 0.9521 0.1072 0.2865
vn 0.3742 0.1610 0.9132
vn 0.9694 -0.2453 -0.0000
vn 0.9052 -0.2828 0.3173
vn 0.3083 -0.3043 0.9013
vn -0.0596 0.8294 0.5554
vn 0.1033 0.9946 -0.0141
vn 0.1394 0.9902 -0.0016
vn -0.0473 -0.8218 -0.5678
vn -0.0528 -0.9985 0.0152
vn 0.3491 0.7467 0.5662
vn 0.4005 0.9163 -0.0063
vn 0.4183 0.9083 -0.0016
vn -0.9927 -0.1196 -0.0180
vn -0.9999 0.0131 -0.0000
vn -0.8638 -0.0779 0.4977
vn -0.9917 0.1289 -0.0000
vn -0.9719 0.2345 -0.0188
vn 0.8612 -0.1210 -0.4936
vn -0.8492 0.5281 -0.0028
vn -0.8384 -0.5440 -0.0343
vn 0.8403 -0.5422 0.0022
vn 0.9223 0.3852 0.0314
vn -0.6185 0.2269 -0.7523
vn -0.0420 0.2243 0.9736
vn 0.2320 -0.0488 0.9715
vn 0.2230 -0.6119 -0.7589
vn 0.4122 0.4857 0.7709
vn 0.1093 -0.0239 -0.9937
vn 0.6500 0.2284 -0.7248
vn -0.0411 -0.2815 0.9587
vn -0.2739 -0.0494 0.9605
vn 0.2207 0.6564 -0.7214
vn -0.1380 -0.0701 0.9879
vn -0.4770 0.2499 0.8426
vn -0.0220 0.2981 0.9543
vn 0.1700 0.2122 0.9623
vn -0.5065 0.8621 0.0145
vn -0.2170 -0.6658 -0.7139
vn -0.6367 -0.2353 -0.7344
vn 0.1463 0.3050 -0.9411
vn 0.4623 0.0288 -0.8862
vn 0.4658 -0.0372 0.8841
vn -0.0636 -0.2202 -0.9734
vn -0.2324 0.0545 -0.9711
vn -0.2502 -0.6557 0.7124
vn -0.4449 -0.0360 0.8948
vn -0.2216 -0.3960 0.8911
vn 0.4743 0.1023 -0.8744
vn 0.4242 0.3579 -0.8319
vn -0.6851 -0.1443 0.7140
vn -0.0825 0.1256 0.9886
vn 0.6950 -0.2083 -0.6882
vn 0.3121 -0.5572 -0.7695
vn -0.5778 0.3549 0.7350
vn 0.5312 0.8465 0.0365
vn 0.0998 -0.4551 0.8849
vn -0.3793 0.0045 -0.9253
vn 0.1398 0.1479 -0.9791
vn -0.1398 -0.1703 -0.9754
vn -0.2318 -0.2482 0.9406
vn 0.5903 -0.1563 0.7919
vn 0.7202 -0.4840 -0.4970
vn 0.4078 -0.1055 0.9070
vn -0.0982 0.4200 -0.9022
vn -0.2710 0.2534 -0.9286
vn -0.3539 0.1784 -0.9181
vn 0.4663 -0.4088 0.7845
vn -0.6132 0.6114 0.5002
vn 0.0257 0.2427 0.9698
vn -0.2434 -0.2081 0.9473
vn -0.2363 -0.1265 -0.9634
vn 0.1635 0.3034 -0.9387
vn 0.0919 0.0721 0.9932
vn -0.6378 -0.7693 -0.0366
vn 0.0647 -0.5235 -0.8495
vn 0.4218 0.0715 -0.9038
vn 0.2894 0.1504 -0.9453
vn -0.0987 -0.3074 -0.9465
vn -0.6892 0.7058 0.1640
vn -0.4930 0.0650 0.8676
vn -0.3534 0.4586 0.8153
vn 0.7904 -0.4171 -0.4487
vn 0.4242 -0.7349 -0.5291
vn -0.3126 -0.4944 -0.8111
vn 0.0037 0.2342 0.9722
vn 0.2349 -0.0119 0.9719
vn -0.2539 0.0850 -0.9635
vn 0.5333 -0.8458 -0.0134
vn 0.6244 0.7053 0.3357
vn -0.8022 -0.4761 -0.3604
vn 0.5733 0.3016 0.7618
vn -0.5472 -0.2963 -0.7828
vn 0.3199 0.5605 0.7639
vn -0.4924 -0.7600 -0.4241
vn 0.8029 0.4767 0.3580
vn 0.2356 0.2284 -0.9446
vn -0.5082 0.8611 0.0144
vn -0.7651 0.6439 0.0024
vn -0.8195 -0.5721 -0.0331
vn -0.8467 -0.5315 -0.0254
vn -0.7182 -0.3603 -0.5953
vn -0.7120 0.6354 -0.2990
vn -0.4386 0.0655 -0.8963
vn -0.5178 0.7993 -0.3050
vn 0.0035 0.4782 -0.8783
vn 0.6387 0.7686 0.0366
vn 0.7039 0.7098 0.0243
vn 0.7894 0.6129 0.0352
vn 0.7792 -0.6265 0.0169
vn 0.6657 -0.7461 0.0112
vn 0.8273 -0.5617 0.0013
vn 0.5465 -0.8373 -0.0129
vn -0.6839 -0.7287 -0.0364
vn -0.6040 -0.7966 -0.0235
vn -0.7057 -0.7076 -0.0362
vn -0.7311 -0.6818 -0.0245
vn 0.7908 -0.6120 -0.0009
vn 0.7956 -0.5329 0.2881
vn 0.3711 -0.1416 0.9177
vn 0.5906 -0.8069 -0.0110
vn 0.5104 -0.8041 0.3049
vn 0.0241 -0.4575 0.8889
vn 0.4705 0.6601 0.5855
vn 0.7135 0.7003 0.0221
vn 0.7383 0.6736 0.0343
vn -0.5477 -0.5858 -0.5974
vn -0.6772 -0.7355 -0.0212
vn 0.7324 0.3356 0.5924
vn 0.8925 0.4503 0.0264
vn 0.9010 0.4327 0.0307
vn -0.8406 0.5413 -0.0203
vn -0.7621 0.6475 0.0026
vn -0.7259 0.4760 0.4964
vn -0.6819 0.7314 0.0068
vn -0.5990 0.8007 -0.0081
vn 0.5971 -0.6276 -0.4996
vn 0.2604 -0.9655 -0.0028
vn 0.9841 -0.1744 -0.0343
vn -0.2443 0.9697 0.0022
vn -0.9371 0.3477 0.0314
vn 0.2973 -0.5879 -0.7523
vn -0.1224 -0.1926 0.9736
vn -0.1363 0.1940 0.9715
vn 0.2545 0.5994 -0.7589
vn -0.6327 -0.0738 0.7709
vn -0.0636 0.0920 -0.9937
vn -0.6310 0.2766 -0.7248
vn 0.2221 0.1778 0.9587
vn 0.2340 -0.1508 0.9605
vn -0.6092 -0.3292 -0.7214
vn 0.1487 -0.0429 0.9879
vn 0.1781 -0.5082 0.8426
vn -0.1873 -0.2330 0.9543
vn -0.2690 -0.0391 0.9623
vn -0.2180 -0.9758 0.0145
vn 0.6130 0.3386 -0.7139
vn 0.6260 -0.2624 -0.7344
vn -0.3151 -0.1231 -0.9411
vn -0.3576 0.2945 -0.8862
vn -0.3152 0.3450 0.8841
vn 0.1968 0.1176 -0.9734
vn 0.1327 -0.1984 -0.9711
vn 0.6303 0.3086 0.7124
vn 0.3498 -0.2773 0.8948
vn 0.4322 0.1382 0.8911
vn -0.4166 0.2489 -0.8744
vn 0.5543 -0.0279 0.8319
vn 0.5993 -0.3620 0.7140
vn -0.0254 -0.1481 0.9886
vn -0.3659 0.6265 -0.6882
vn 0.1521 0.6203 -0.7695
vn 0.1802 -0.6537 0.7350
vn -0.9659 -0.2563 0.0365
vn 0.2376 0.4007 0.8849
vn 0.2742 -0.2622 -0.9253
vn -0.2031 -0.0127 -0.9791
vn 0.2184 0.0291 -0.9754
vn 0.3388 0.0232 0.9406
vn -0.3249 0.5171 0.7919
vn -0.1962 0.8453 -0.4970
vn -0.2261 0.3554 0.9070
vn -0.2148 -0.3740 -0.9022
vn 0.0252 -0.3701 -0.9286
vn 0.1369 -0.3719 -0.9181
vn -0.0619 0.6170 0.7845
vn 0.0311 -0.8653 0.5002
vn -0.1844 -0.1599 0.9698
vn 0.3199 -0.0139 0.9473
vn 0.2590 -0.0687 -0.9634
vn -0.3266 -0.1102 -0.9387
vn -0.1164 0.0100 0.9932
vn 0.9912 0.1271 -0.0366
vn 0.3100 0.4268 -0.8495
vn -0.3572 0.2356 -0.9038
vn -0.3142 0.0876 -0.9453
vn 0.2819 0.1574 -0.9465
vn 0.0222 -0.9862 0.1640
vn 0.3160 -0.3839 0.8676
vn -0.0546 -0.5764 0.8153
vn -0.2931 0.8443 -0.4487
vn 0.1914 0.8267 -0.5291
vn 0.5659 0.1481 -0.8111
vn -0.1625 -0.1687 0.9722
vn -0.1636 0.1690 0.9719
vn 0.1276 -0.2354 -0.9635
vn 0.1873 0.9822 -0.0134
vn -0.9377 -0.0896 0.3357
vn 0.9112 -0.1994 -0.3604
vn -0.6249 0.1707 0.7618
vn 0.6022 -0.1568 -0.7828
vn -0.6163 -0.1915 0.7639
vn 0.8786 0.2196 -0.4241
vn -0.9122 0.1994 0.3580
vn -0.3281 -0.0062 -0.9446
vn -0.2161 -0.9763 0.0144
vn 0.1199 -0.9928 0.0024
vn 0.9895 -0.1410 -0.0330
vn 0.9816 -0.1892 -0.0253
vn 0.7709 -0.2267 -0.5953
vn 0.0869 -0.9503 -0.2990
vn 0.2759 -0.3472 -0.8963
vn -0.1668 -0.9376 -0.3050
vn -0.3288 -0.3471 -0.8783
vn -0.9914 -0.1260 0.0366
vn -0.9990 -0.0386 0.0243
vn -0.9953 0.0906 0.0352
vn -0.1421 0.9897 0.0169
vn 0.0225 0.9997 0.0112
vn -0.2215 0.9752 0.0013
vn 0.1719 0.9850 -0.0129
vn 0.9972 0.0660 -0.0364
vn 0.9851 0.1702 -0.0235
vn 0.9987 0.0358 -0.0362
vn 0.9997 -0.0005 -0.0245
vn -0.1605 0.9870 -0.0009
vn -0.2180 0.9324 0.2881
vn -0.1747 0.3567 0.9177
vn 0.1188 0.9929 -0.0110
vn 0.1756 0.9361 0.3048
vn 0.2945 0.3509 0.8889
vn -0.7944 -0.1615 0.5855
vn -0.9994 -0.0250 0.0221
vn -0.9993 0.0114 0.0343
vn 0.8001 0.0544 -0.5974
vn 0.9969 0.0756 -0.0212
vn -0.7644 0.2544 0.5924
vn -0.9597 0.2799 0.0264
vn -0.9539 0.2986 0.0307
vn 0.2451 -0.9693 -0.0203
vn 0.1153 -0.9933 0.0026
vn 0.2059 -0.8433 0.4964
vn -0.0006 -1.0000 0.0068
vn -0.1084 -0.9941 -0.0082
vn -0.0082 0.8662 -0.4996
vn 0.9994 0.0341 -0.0028
vn 0.3935 0.9187 -0.0343
vn -0.9998 -0.0175 0.0022
vn -0.5516 -0.8335 0.0314
vn 0.6401 0.1559 -0.7523
vn 0.1598 -0.1630 0.9736
vn -0.2199 -0.0886 0.9715
vn -0.5259 0.3841 -0.7589
vn -0.0720 -0.6329 0.7709
vn -0.1041 -0.0410 -0.9937
vn -0.4128 -0.5517 -0.7248
vn -0.1226 0.2567 0.9587
vn 0.2000 0.1936 0.9605
vn 0.1821 -0.6681 -0.7214
vn 0.0756 0.1351 0.9879
vn 0.5354 0.0580 0.8426
vn 0.1843 -0.2354 0.9543
vn -0.0231 -0.2709 0.9623
vn 0.9007 -0.4341 0.0145
vn -0.1904 0.6739 -0.7139
vn 0.3978 0.5500 -0.7344
vn 0.0483 -0.3348 -0.9411
vn -0.3680 -0.2813 -0.8862
vn -0.4076 -0.2285 0.8841
vn -0.0698 0.2183 -0.9734
vn 0.2234 0.0842 -0.9711
vn -0.1572 0.6840 0.7124
vn 0.3495 0.2776 0.8948
vn -0.0364 0.4524 0.8911
vn -0.3371 -0.3491 -0.8744
vn -0.1531 -0.5335 -0.8319
vn 0.4887 0.5014 0.7140
vn 0.1385 -0.0584 0.9886
vn -0.6933 -0.2140 -0.6882
vn -0.5695 0.2891 -0.7695
vn 0.6776 0.0269 0.7350
vn 0.0301 -0.9989 0.0365
vn -0.3362 0.3224 0.8849
vn 0.3176 0.2074 -0.9253
vn -0.0338 -0.2007 -0.9791
vn 0.0213 0.2193 -0.9754
vn 0.0544 0.3352 0.9406
vn -0.5774 -0.1988 0.7919
vn -0.8677 0.0010 -0.4970
vn -0.3975 -0.1394 0.9070
vn 0.3154 -0.2942 -0.9022
vn 0.3662 -0.0596 -0.9286
vn 0.3933 0.0488 -0.9181
vn -0.6149 0.0799 0.7845
vn 0.8498 -0.1664 0.5002
vn 0.1138 -0.2159 0.9698
vn 0.0863 0.3084 0.9473
vn 0.1258 0.2366 -0.9634
vn 0.0331 -0.3431 -0.9387
vn -0.0362 -0.1111 0.9932
vn 0.1015 0.9942 -0.0366
vn -0.3452 0.3989 -0.8495
vn -0.3106 -0.2943 -0.9038
vn -0.1567 -0.2861 -0.9453
vn -0.0892 0.3103 -0.9465
vn 0.9654 -0.2025 0.1640
vn 0.4457 0.2205 0.8676
vn 0.5489 -0.1842 0.8153
vn -0.8888 -0.0936 -0.4487
vn -0.7615 0.3743 -0.5291
vn -0.0156 0.5847 -0.8111
vn 0.1274 -0.1966 0.9722
vn -0.2018 -0.1209 0.9719
vn 0.2583 0.0707 -0.9635
vn -0.9140 0.4056 -0.0134
vn -0.1259 -0.9335 0.3357
vn 0.4013 0.8421 -0.3604
vn -0.3083 -0.5698 0.7618
vn 0.2896 0.5508 -0.7828
vn 0.0464 -0.6437 0.7639
vn -0.0141 0.9055 -0.4241
vn -0.4015 -0.8430 0.3580
vn -0.0685 -0.3209 -0.9446
vn 0.9016 -0.4323 0.0144
vn 0.9941 -0.1089 0.0024
vn 0.3622 0.9315 -0.0331
vn 0.4074 0.9129 -0.0253
vn 0.3959 0.6992 -0.5953
vn 0.9452 -0.1313 -0.2990
vn 0.4008 0.1898 -0.8963
vn 0.8752 -0.3756 -0.3050
vn 0.2633 -0.3991 -0.8783
vn -0.1026 -0.9940 0.0366
vn -0.1895 -0.9816 0.0243
vn -0.3145 -0.9486 0.0352
vn -0.9961 0.0865 0.0169
vn -0.9684 0.2491 0.0112
vn -1.0000 0.0059 0.0013
vn -0.9202 0.3913 -0.0129
vn 0.1623 0.9861 -0.0364
vn 0.0582 0.9980 -0.0235
vn 0.1922 0.9807 -0.0362
vn 0.2277 0.9734 -0.0245
vn -0.9977 0.0681 -0.0009
vn -0.9576 -0.0004 0.2881
vn -0.3871 -0.0890 0.9177
vn -0.9399 0.3414 -0.0110
vn -0.8717 0.3838 0.3048
vn -0.2748 0.3666 0.8889
vn -0.0233 -0.8103 0.5855
vn -0.2028 -0.9790 0.0221
vn -0.2382 -0.9706 0.0343
vn 0.1288 0.7915 -0.5974
vn 0.1530 0.9880 -0.0212
vn -0.4215 -0.6866 0.5924
vn -0.4907 -0.8710 0.0264
vn -0.5075 -0.8611 0.0307
vn 0.9996 0.0184 -0.0203
vn 0.9935 -0.1135 0.0026
vn 0.8681 0.0088 0.4964
vn 0.9737 -0.2279 0.0068
vn 0.9434 -0.3315 -0.0082
vn -0.8454 0.1889 -0.4996
vn 0.9859 -0.1673 -0.0000
vn 0.5702 0.8215 -0.0000
vn -0.9830 0.1837 -0.0000
vn -0.7080 -0.7062 -0.0000
vn 0.6650 0.0507 -0.7451
vn 0.1152 -0.2262 0.9672
vn -0.2419 -0.0771 0.9672
vn -0.4313 0.5087 -0.7451
vn -0.2044 -0.6325 0.7471
vn -0.1014 0.0161 -0.9947
vn -0.5087 -0.4313 -0.7451
vn -0.0771 0.2419 0.9672
vn 0.2262 0.1152 0.9672
vn 0.0507 -0.6650 -0.7451
vn 0.0924 0.0819 0.9923
vn 0.5286 -0.0808 0.8450
vn 0.1248 -0.3014 0.9453
vn -0.0855 -0.2947 0.9517
vn 0.7951 -0.6065 -0.0000
vn -0.0449 0.7234 -0.6890
vn 0.5066 0.4846 -0.7131
vn -0.0115 -0.3040 -0.9526
vn -0.4091 -0.1699 -0.8965
vn -0.4530 -0.1732 0.8745
vn -0.0159 0.2624 -0.9648
vn 0.2444 0.0720 -0.9670
vn -0.0230 0.6759 0.7367
vn 0.3902 0.1697 0.9049
vn 0.0473 0.4185 0.9070
vn -0.3925 -0.2429 -0.8871
vn -0.2497 -0.4619 -0.8511
vn 0.5731 0.3672 0.7326
vn 0.1151 -0.1201 0.9861
vn -0.7160 -0.0457 -0.6966
vn -0.4930 0.4248 -0.7593
vn 0.6626 -0.1360 0.7365
vn -0.1714 -0.9852 -0.0000
vn -0.2725 0.3518 0.8955
vn 0.3610 0.1721 -0.9165
vn -0.0647 -0.1549 -0.9858
vn 0.0736 0.2450 -0.9667
vn 0.1122 0.2838 0.9523
vn -0.6126 -0.1068 0.7832
vn -0.8454 0.1930 -0.4980
vn -0.4254 -0.0888 0.9006
vn 0.2579 -0.3193 -0.9119
vn 0.3550 -0.0989 -0.9296
vn 0.4032 0.0014 -0.9151
vn -0.5933 0.1739 0.7860
vn 0.7946 -0.3514 0.4951
vn 0.0595 -0.2687 0.9614
vn 0.1380 0.2509 0.9581
vn 0.1793 0.2406 -0.9539
vn -0.0281 -0.3092 -0.9506
vn -0.0665 -0.1368 0.9884
vn 0.2993 0.9542 -0.0000
vn -0.2505 0.4900 -0.8349
vn -0.3553 -0.1935 -0.9145
vn -0.2025 -0.2149 -0.9554
vn -0.0167 0.3553 -0.9346
vn 0.9036 -0.3981 0.1580
vn 0.4731 0.0954 0.8758
vn 0.4935 -0.3196 0.8089
vn -0.8855 0.1029 -0.4532
vn -0.6661 0.5382 -0.5163
vn 0.1093 0.6044 -0.7892
vn 0.0767 -0.2526 0.9645
vn -0.2306 -0.1124 0.9665
vn 0.2757 0.0516 -0.9598
vn -0.8138 0.5812 -0.0000
vn -0.3138 -0.9005 0.3011
vn 0.5653 0.7566 -0.3287
vn -0.4232 -0.5229 0.7399
vn 0.4012 0.5089 -0.7616
vn -0.0906 -0.6667 0.7398
vn 0.1717 0.9044 -0.3907
vn -0.5657 -0.7573 0.3263
vn -0.1232 -0.2669 -0.9558
vn 0.7963 -0.6049 -0.0000
vn 0.9519 -0.3064 -0.0000
vn 0.5421 0.8403 0.0017
vn 0.5826 0.8127 0.0087
vn 0.5335 0.6261 -0.5687
vn 0.9022 -0.3079 -0.3021
vn 0.4387 0.1371 -0.8881
vn 0.7846 -0.5327 -0.3172
vn 0.1856 -0.4124 -0.8919
vn -0.3004 -0.9538 -0.0000
vn -0.3829 -0.9237 -0.0119
vn -0.4988 -0.8667 -0.0000
vn -0.9586 0.2843 0.0185
vn -0.8987 0.4381 0.0188
vn -0.9784 0.2067 -0.0000
vn -0.8228 0.5684 -0.0000
vn 0.3573 0.9340 -0.0000
vn 0.2576 0.9662 0.0131
vn 0.3854 0.9227 -0.0000
vn 0.4187 0.9081 0.0115
vn -0.9637 0.2672 -0.0000
vn -0.9407 0.1818 0.2865
vn -0.4052 -0.0420 0.9132
vn -0.8521 0.5234 -0.0000
vn -0.7795 0.5400 0.3173
vn -0.2035 0.3825 0.9013
vn -0.1907 -0.8094 0.5554
vn -0.3954 -0.9184 -0.0141
vn -0.4285 -0.9035 -0.0017
vn 0.2904 0.7702 -0.5678
vn 0.3484 0.9372 0.0152
vn -0.5560 -0.6085 0.5662
vn -0.6557 -0.7550 -0.0062
vn -0.6703 -0.7421 -0.0016
vn 0.9831 -0.1821 -0.0180
vn 0.9504 -0.3109 -0.0000
vn 0.8477 -0.1835 0.4977
vn 0.9080 -0.4190 -0.0000
vn 0.8577 -0.5139 -0.0188
vn -0.7858 0.3725 -0.4936
vn 0.9291 0.3698 -0.0000
vn 0.0598 0.9982 -0.0000
vn -0.9352 -0.3542 -0.0000
vn -0.2374 -0.9714 -0.0000
vn 0.5416 0.3891 -0.7451
vn 0.2160 -0.1334 0.9672
vn -0.1665 -0.1916 0.9672
vn -0.6329 0.2102 -0.7451
vn 0.1543 -0.6466 0.7471
vn -0.0950 -0.0389 -0.9947
vn -0.2102 -0.6329 -0.7451
vn -0.1916 0.1665 0.9672
vn 0.1334 0.2160 0.9672
vn 0.3891 -0.5416 -0.7451
vn 0.0363 0.1180 0.9923
vn 0.4935 0.2059 0.8450
vn 0.2633 -0.1925 0.9453
vn 0.0802 -0.2962 0.9517
vn 0.9945 -0.1046 -0.0000
vn -0.4145 0.5945 -0.6890
vn 0.1808 0.6774 -0.7131
vn 0.1482 -0.2657 -0.9526
vn -0.2611 -0.3579 -0.8965
vn -0.2969 -0.3835 0.8745
vn -0.1500 0.2158 -0.9648
vn 0.1713 0.1886 -0.9670
vn -0.3711 0.5653 0.7367
vn 0.2450 0.3479 0.9049
vn -0.1773 0.3820 0.9070
vn -0.2089 -0.4116 -0.8871
vn -0.0269 0.5244 0.8511
vn 0.2985 0.6117 0.7326
vn 0.1608 -0.0427 0.9861
vn -0.5878 -0.4113 -0.6966
vn -0.6420 0.1064 -0.7593
vn 0.6367 0.2284 0.7365
vn 0.3659 -0.9306 -0.0000
vn -0.4157 0.1587 0.8955
vn 0.2188 0.3347 -0.9166
vn 0.0253 -0.1659 -0.9858
vn -0.0646 0.2476 -0.9667
vn -0.0517 0.3008 0.9523
vn -0.4677 -0.4098 0.7832
vn -0.8225 -0.2748 -0.4980
vn -0.3172 -0.2971 0.9006
vn 0.3864 -0.1386 -0.9119
vn 0.3547 0.1001 -0.9296
vn 0.3437 0.2109 -0.9151
vn -0.5972 -0.1600 0.7860
vn 0.8615 0.1130 0.4951
vn 0.1906 -0.1986 0.9614
vn -0.0126 0.2860 0.9581
vn 0.0280 0.2988 -0.9539
vn 0.1367 -0.2787 -0.9506
vn 0.0143 -0.1514 0.9884
vn -0.2405 0.9706 -0.0000
vn -0.4688 0.2883 -0.8349
vn -0.2028 -0.3501 -0.9145
vn -0.0612 -0.2889 -0.9554
vn -0.1990 0.2948 -0.9346
vn 0.9789 0.1298 0.1580
vn 0.3545 0.3276 0.8758
vn 0.5877 -0.0163 0.8089
vn -0.8098 -0.3725 -0.4532
vn -0.8489 0.1133 -0.5163
vn -0.2209 0.5731 -0.7892
vn 0.1968 -0.1759 0.9645
vn -0.1385 -0.2159 0.9665
vn 0.2087 0.1875 -0.9598
vn -0.9973 0.0733 -0.0000
vn 0.2003 -0.9323 0.3011
vn 0.0894 0.9402 -0.3287
vn -0.0895 -0.6667 0.7399
vn 0.0780 0.6433 -0.7616
vn 0.2693 -0.6165 0.7398
vn -0.3236 0.8618 -0.3907
vn -0.0893 -0.9410 0.3263
vn 0.0336 -0.2920 -0.9558
vn 0.9947 -0.1026 -0.0000
vn 0.9724 0.2333 -0.0000
vn 0.0260 0.9997 0.0017
vn 0.0750 0.9971 0.0087
vn 0.1301 0.8122 -0.5687
vn 0.9307 0.2062 -0.3021
vn 0.3034 0.3452 -0.8881
vn 0.9472 -0.0470 -0.3172
vn 0.3730 -0.2558 -0.8919
vn 0.2394 -0.9709 -0.0000
vn 0.1533 -0.9881 -0.0119
vn 0.0247 -0.9997 -0.0000
vn -0.9666 -0.2556 0.0185
vn -0.9955 -0.0932 0.0188
vn -0.9432 -0.3323 -0.0000
vn -0.9983 0.0576 -0.0000
vn -0.1805 0.9836 -0.0000
vn -0.2824 0.9592 0.0131
vn -0.1506 0.9886 -0.0000
vn -0.1146 0.9933 0.0115
vn -0.9620 -0.2729 -0.0000
vn -0.8980 -0.3339 0.2864
vn -0.3243 -0.2466 0.9133
vn -1.0000 0.0040 -0.0000
vn -0.9467 0.0559 0.3173
vn -0.3727 0.2209 0.9013
vn 0.2580 -0.7905 0.5554
vn 0.1399 -0.9901 -0.0141
vn 0.1038 -0.9946 -0.0017
vn -0.1525 0.8089 -0.5678
vn -0.1898 0.9817 0.0152
vn -0.1585 -0.8089 0.5662
vn -0.1675 -0.9859 -0.0063
vn -0.1867 -0.9824 -0.0016
vn 0.9344 0.3557 -0.0180
vn 0.9735 0.2287 -0.0000
vn 0.8195 0.2841 0.4977
vn 0.9934 0.1143 -0.0000
vn 0.9998 0.0071 -0.0188
vn -0.8650 -0.0905 -0.4936
vn 0.2798 0.9601 -0.0000
vn -0.7504 0.6610 -0.0000
vn -0.2957 -0.9553 -0.0000
vn 0.6200 -0.7846 -0.0000
vn 0.0262 0.6664 -0.7451
vn 0.2380 0.0883 0.9672
vn 0.0487 -0.2491 0.9672
vn -0.5550 -0.3699 -0.7451
vn 0.6048 -0.2759 0.7471
vn -0.0277 -0.0988 -0.9947
vn 0.3699 -0.5550 -0.7451
vn -0.2491 -0.0487 0.9672
vn -0.0883 0.2380 0.9672
vn 0.6664 -0.0262 -0.7451
vn -0.0707 0.1012 0.9923
vn 0.1411 0.5158 0.8450
vn 0.3138 0.0893 0.9453
vn 0.2829 -0.1189 0.9517
vn 0.6940 0.7200 -0.0000
vn -0.7237 0.0387 -0.6890
vn -0.4230 0.5591 -0.7131
vn 0.3006 -0.0465 -0.9526
vn 0.1217 -0.4260 -0.8965
vn 0.1199 -0.4700 0.8745
vn -0.2624 0.0144 -0.9648
vn -0.0434 0.2511 -0.9670
vn -0.6740 0.0550 0.7367
vn -0.1237 0.4072 0.9049
vn -0.4102 0.0951 0.9070
vn 0.1961 -0.4179 -0.8871
vn 0.4301 -0.3012 -0.8511
vn -0.2988 0.6116 0.7326
vn 0.1326 0.1005 0.9861
vn -0.0371 -0.7165 -0.6966
vn -0.4787 -0.4408 -0.7593
vn 0.2114 0.6425 0.7365
vn 0.9589 -0.2837 -0.0000
vn -0.3808 -0.2302 0.8955
vn -0.1294 0.3784 -0.9165
vn 0.1464 -0.0821 -0.9858
vn -0.2349 0.1013 -0.9667
vn -0.2690 0.1442 0.9523
vn 0.0355 -0.6208 0.7832
vn -0.2891 -0.8176 -0.4980
vn 0.0392 -0.4328 0.9006
vn 0.3469 0.2194 -0.9119
vn 0.1392 0.3412 -0.9296
vn 0.0451 0.4007 -0.9151
vn -0.2411 -0.5693 0.7860
vn 0.4406 0.7488 0.4951
vn 0.2738 0.0281 0.9614
vn -0.2333 0.1660 0.9581
vn -0.2184 0.2058 -0.9539
vn 0.3039 -0.0636 -0.9506
vn 0.1282 -0.0819 0.9884
vn -0.9133 0.4072 -0.0000
vn -0.5156 -0.1924 -0.8349
vn 0.1513 -0.3752 -0.9145
vn 0.1902 -0.2259 -0.9554
vn -0.3548 0.0244 -0.9346
vn 0.4996 0.8517 0.1580
vn -0.0403 0.4810 0.8758
vn 0.3743 0.4534 0.8089
vn -0.2042 -0.8677 -0.4532
vn -0.6114 -0.5997 -0.5163
vn -0.5877 0.1782 -0.7892
vn 0.2598 0.0471 0.9645
vn 0.0851 -0.2420 0.9665
vn -0.0195 0.2798 -0.9598
vn -0.6711 -0.7414 -0.0000
vn 0.8584 -0.4154 0.3011
vn -0.6864 0.6487 -0.3287
vn 0.4707 -0.4806 0.7399
vn -0.4593 0.4571 -0.7616
vn 0.6518 -0.1668 0.7398
vn -0.8786 0.2747 -0.3907
vn 0.6871 -0.6491 0.3263
vn 0.2509 -0.1531 -0.9558
vn 0.6926 0.7213 -0.0000
vn 0.4140 0.9103 -0.0000
vn -0.7723 0.6353 0.0017
vn -0.7402 0.6723 0.0087
vn -0.5604 0.6021 -0.5687
vn 0.4098 0.8607 -0.3021
vn -0.0857 0.4516 -0.8881
vn 0.6195 0.7180 -0.3172
vn 0.4311 0.1369 -0.8919
vn 0.9128 -0.4083 -0.0000
vn 0.8735 -0.4868 -0.0119
vn 0.8035 -0.5953 -0.0000
vn -0.3928 -0.9194 0.0185
vn -0.5387 -0.8423 0.0188
vn -0.3180 -0.9481 -0.0000
vn -0.6594 -0.7518 -0.0000
vn -0.8866 0.4625 -0.0000
vn -0.9301 0.3672 0.0131
vn -0.8722 0.4892 -0.0000
vn -0.8538 0.5205 0.0115
vn -0.3764 -0.9265 -0.0000
vn -0.2890 -0.9135 0.2865
vn -0.0050 -0.4074 0.9132
vn -0.6181 -0.7861 -0.0000
vn -0.6262 -0.7121 0.3173
vn -0.4034 -0.1581 0.9013
vn 0.7820 -0.2827 0.5554
vn 0.8667 -0.4985 -0.0141
vn 0.8481 -0.5298 -0.0017
vn -0.7316 0.3772 -0.5678
vn -0.8909 0.4540 0.0152
vn 0.5404 -0.6224 0.5662
vn 0.6744 -0.7383 -0.0063
vn 0.6599 -0.7514 -0.0016
vn -0.7723 0.6353 0.0016
vn 0.2942 0.9556 -0.0180
vn 0.4183 0.9083 -0.0000
vn 0.2799 0.8209 0.4977
vn 0.5208 0.8537 -0.0000
vn 0.6092 0.7928 -0.0188
vn -0.4606 -0.7377 -0.4936
vn 0.6259 0.7595 0.1775
vn -0.4338 0.8414 0.3224
vn -0.6387 -0.7498 -0.1729
vn 0.2667 -0.9073 -0.3252
vn 0.2018 0.8133 -0.5457
vn 0.3542 -0.2996 0.8859
vn 0.0509 -0.5359 0.8428
vn -0.7298 0.0878 -0.6780
vn 0.5272 -0.6797 0.5100
vn -0.1683 0.2277 -0.9591
vn 0.0471 -0.3891 -0.9200
vn -0.1452 -0.2570 0.9554
vn 0.1126 -0.0563 0.9920
vn 0.5224 -0.0190 -0.8525
vn 0.0787 -0.1916 0.9783
vn 0.4170 0.1509 0.8963
vn 0.4218 -0.3176 0.8493
vn 0.3141 -0.4943 0.8105
vn 0.9134 0.4060 0.0303
vn -0.7214 0.4910 -0.4883
vn -0.2480 0.8597 -0.4466
vn 0.1574 0.1504 -0.9760
vn -0.1468 -0.1440 -0.9786
vn 0.0214 -0.7277 0.6855
vn -0.3369 0.3985 -0.8530
vn -0.0452 0.5357 -0.8432
vn -0.5192 0.0497 0.8532
vn 0.1387 0.1253 0.9824
vn -0.2439 -0.0561 0.9682
vn -0.0745 -0.1648 -0.9835
vn 0.1887 -0.1512 -0.9703
vn 0.0385 0.4193 0.9070
vn 0.2643 -0.2589 0.9290
vn -0.3831 -0.4103 -0.8276
vn -0.6886 0.0034 -0.7251
vn 0.5187 0.2734 0.8101
vn 0.7702 -0.5762 -0.2735
vn -0.3433 -0.3519 0.8708
vn -0.0698 0.6625 -0.7458
vn -0.0013 0.1811 -0.9835
vn -0.2784 0.4671 -0.8392
vn -0.0908 -0.0741 0.9931
vn -0.1236 -0.8053 0.5798
vn -0.6321 -0.4762 -0.6112
vn -0.0356 -0.6755 0.7365
vn 0.3064 0.3588 -0.8817
vn 0.1608 0.5427 -0.8244
vn 0.0989 0.6230 -0.7760
vn -0.3572 -0.6669 0.6539
vn 0.7443 0.3648 0.5594
vn 0.3633 -0.3634 0.8579
vn -0.0490 -0.0686 0.9964
vn -0.2217 0.5505 -0.8048
vn 0.1539 0.1335 -0.9790
vn 0.1903 -0.4204 0.8872
vn -0.6809 0.6706 0.2943
vn -0.6349 0.2600 -0.7275
vn -0.1020 -0.1033 -0.9894
vn -0.0133 0.0290 -0.9995
vn -0.4146 0.4293 -0.8024
vn 0.8024 0.5403 0.2535
vn 0.2404 0.1718 0.9553
vn 0.6030 0.0278 0.7973
vn -0.5689 -0.5633 -0.5992
vn -0.8458 -0.1680 -0.5064
vn -0.5536 0.6000 -0.5775
vn 0.3580 -0.3428 0.8685
vn 0.0869 -0.5416 0.8362
vn -0.0114 0.5510 -0.8344
vn -0.9006 -0.4328 -0.0405
vn 0.6591 -0.7521 -0.0000
vn -0.4146 0.9100 -0.0051
vn 0.3248 -0.8142 0.4812
vn -0.3257 0.7962 -0.5099
vn 0.6116 -0.5962 0.5201
vn -0.7412 0.6614 -0.1152
vn 0.4148 -0.9099 0.0025
vn 0.0704 0.0734 -0.9948
vn 0.9126 0.4077 0.0310
vn 0.7298 0.6698 0.1367
vn -0.4637 0.8254 0.3222
vn -0.4192 0.8453 0.3312
vn -0.3423 0.8999 -0.2702
vn 0.6750 0.7202 -0.1603
vn 0.0015 0.7040 -0.7102
vn 0.8109 0.5271 -0.2543
vn 0.3539 0.2508 -0.9010
vn 0.6800 -0.6714 -0.2945
vn 0.6125 -0.7243 -0.3167
vn 0.5078 -0.8009 -0.3174
vn -0.7119 -0.6908 -0.1260
vn -0.8160 -0.5731 -0.0757
vn -0.6563 -0.7359 -0.1664
vn -0.8939 -0.4460 -0.0455
vn -0.6351 0.7108 0.3023
vn -0.7103 0.6366 0.3004
vn -0.6116 0.7296 0.3058
vn -0.5815 0.7477 0.3205
vn -0.7015 -0.6970 -0.1487
vn -0.5862 -0.8031 0.1068
vn -0.0649 -0.6419 0.7641
vn -0.8692 -0.4905 -0.0627
vn -0.8147 -0.5197 0.2573
vn -0.3357 -0.2819 0.8988
vn 0.6670 -0.6865 0.2895
vn 0.6016 -0.7318 -0.3203
vn 0.5738 -0.7571 -0.3123
vn -0.5857 0.7574 -0.2885
vn -0.6407 0.7000 0.3155
vn 0.3159 -0.9104 0.2671
vn 0.3338 -0.8825 -0.3312
vn 0.3160 -0.8907 -0.3269
vn -0.4637 0.8253 0.3222
vn 0.6354 0.7562 0.1563
vn 0.7330 0.6667 0.1353
vn 0.6249 0.4824 0.6138
vn 0.8060 0.5834 0.1001
vn 0.8616 0.5052 0.0485
vn -0.7582 -0.3486 -0.5510
vn 0.9651 -0.1924 0.1775
vn 0.5363 0.7801 0.3224
vn -0.9627 0.2083 -0.1729
vn -0.6733 -0.6640 -0.3252
vn 0.8121 0.2067 -0.5457
vn -0.0965 -0.4538 0.8859
vn -0.4481 -0.2982 0.8428
vn -0.2676 0.6846 -0.6780
vn -0.3496 -0.7859 0.5100
vn 0.1211 0.2560 -0.9591
vn -0.3206 -0.2255 -0.9200
vn -0.2951 0.0064 0.9554
vn 0.0036 -0.1258 0.9920
vn 0.2303 -0.4693 -0.8525
vn -0.1316 -0.1600 0.9783
vn 0.3301 -0.2960 0.8963
vn -0.0805 -0.5218 0.8493
vn -0.2871 -0.5105 0.8105
vn 0.7896 -0.6129 0.0303
vn 0.0915 0.8678 -0.4883
vn 0.6403 0.6250 -0.4466
vn 0.2069 -0.0675 -0.9760
vn -0.1963 0.0613 -0.9786
vn -0.6312 -0.3629 0.6855
vn 0.1919 0.4853 -0.8530
vn 0.4507 0.2931 -0.8432
vn -0.2017 0.4810 0.8532
vn 0.1760 -0.0629 0.9824
vn -0.1648 0.1884 0.9682
vn -0.1804 -0.0123 -0.9835
vn 0.0440 0.2377 0.9703
vn 0.3877 0.1643 0.9070
vn -0.1032 -0.3553 0.9290
vn -0.5426 0.1436 -0.8276
vn -0.3226 0.6084 -0.7251
vn 0.4861 -0.3278 0.8101
vn -0.1436 -0.9511 -0.2735
vn -0.4724 0.1361 0.8708
vn 0.5508 0.3747 -0.7458
vn 0.1589 0.0868 -0.9835
vn 0.2799 0.4662 -0.8392
vn -0.1082 0.0450 0.9931
vn -0.7681 -0.2718 0.5798
vn -0.7185 0.3319 -0.6112
vn -0.6120 -0.2881 0.7365
vn 0.4610 -0.1003 -0.8817
vn 0.5543 0.1149 -0.8244
vn 0.5957 0.2073 -0.7760
vn -0.7566 -0.0006 0.6539
vn 0.6734 -0.4834 0.5594
vn -0.1485 -0.4920 0.8579
vn -0.0836 0.0108 0.9964
vn 0.3803 0.4556 -0.8049
vn 0.1905 -0.0725 -0.9790
vn -0.2805 -0.3665 0.8872
vn 0.2690 0.9171 0.2943
vn -0.0711 0.6824 -0.7275
vn -0.1393 0.0411 -0.9894
vn 0.0192 0.0254 -0.9995
vn 0.1822 0.5683 -0.8024
vn 0.8554 -0.4516 0.2535
vn 0.2651 -0.1306 0.9553
vn 0.3096 -0.5181 0.7973
vn -0.7653 0.2349 -0.5992
vn -0.5479 0.6659 -0.5064
vn 0.2669 0.7715 -0.5775
vn -0.1328 -0.4776 0.8685
vn -0.4361 -0.3326 0.8362
vn 0.4801 0.2706 -0.8344
vn -0.8072 0.5889 -0.0405
vn -0.3511 -0.9364 -0.0000
vn 0.6059 0.7956 -0.0051
vn -0.5639 -0.6712 0.4812
vn 0.5476 0.6634 -0.5099
vn -0.2362 -0.8208 0.5201
vn 0.2323 0.9658 -0.1152
vn -0.6057 -0.7957 0.0025
vn 0.0980 -0.0273 -0.9948
vn 0.7907 -0.6114 0.0310
vn 0.9353 -0.3264 0.1367
vn 0.5081 0.7988 0.3222
vn 0.5466 0.7691 0.3312
vn 0.6311 0.7271 -0.2702
vn 0.9538 -0.2542 -0.1603
vn 0.6211 0.3315 -0.7102
vn 0.8479 -0.4653 -0.2543
vn 0.3883 -0.1933 -0.9010
vn -0.2701 -0.9167 -0.2945
vn -0.3486 -0.8821 -0.3167
vn -0.4656 -0.8261 -0.3174
vn -0.9454 0.3007 -0.1260
vn -0.8908 0.4481 -0.0757
vn -0.9588 0.2304 -0.1664
vn -0.8157 0.5767 -0.0455
vn 0.3260 0.8957 0.3023
vn 0.2252 0.9269 0.3004
vn 0.3538 0.8839 0.3058
vn 0.3839 0.8659 0.3205
vn -0.9458 0.2886 -0.1487
vn -0.9848 0.1368 0.1068
vn -0.5963 -0.2462 0.7641
vn -0.8432 0.5340 -0.0628
vn -0.8431 0.4722 0.2573
vn -0.4071 0.1625 0.8988
vn -0.2896 -0.9123 0.2895
vn -0.3604 -0.8761 -0.3203
vn -0.3959 -0.8636 -0.3123
vn 0.3905 0.8742 -0.2885
vn 0.3139 0.8955 0.3155
vn -0.6529 -0.7088 0.2671
vn -0.6199 -0.7114 -0.3312
vn -0.6354 -0.6995 -0.3269
vn 0.5080 0.7988 0.3222
vn 0.9668 -0.2024 0.1563
vn 0.9340 -0.3307 0.1353
vn 0.7206 -0.3226 0.6138
vn 0.8952 -0.4343 0.1001
vn 0.8525 -0.5204 0.0485
vn -0.6657 0.5033 -0.5510
vn 0.9455 0.1157 -0.3045
vn 0.5649 0.5853 0.5816
vn -0.9423 -0.1058 0.3176
vn -0.6952 -0.5496 -0.4633
vn 0.4389 0.7645 -0.4721
vn 0.3687 -0.8745 0.3152
vn 0.0280 -0.8664 0.4986
vn -0.6071 0.7894 0.0909
vn -0.0066 -0.9964 -0.0848
vn -0.3670 0.7807 -0.5058
vn -0.7001 0.2423 -0.6717
vn 0.1929 -0.6512 0.7340
vn 0.4823 -0.6581 0.5782
vn -0.1664 0.2296 -0.9590
vn 0.3597 -0.7254 0.5869
vn 0.7363 -0.6068 0.2996
vn 0.3705 -0.8974 0.2398
vn 0.1700 -0.9436 0.2842
vn 0.7532 -0.1729 -0.6347
vn -0.2158 0.9482 0.2331
vn 0.3037 0.9502 -0.0701
vn -0.2755 0.5856 -0.7624
vn -0.6402 0.5318 -0.5544
vn -0.2022 -0.8917 0.4049
vn -0.2718 0.9141 -0.3009
vn -0.0256 0.8639 -0.5031
vn 0.1910 -0.2108 0.9587
vn 0.6243 -0.5426 0.5620
vn 0.2997 -0.4770 0.8262
vn -0.6231 0.4866 -0.6124
vn 0.4802 -0.3647 0.7977
vn 0.7574 -0.2548 0.6012
vn 0.3759 -0.8296 0.4129
vn -0.8788 0.3771 -0.2923
vn -0.6720 0.7402 0.0245
vn 0.8347 -0.5228 0.1729
vn -0.1844 -0.5927 -0.7840
vn -0.0124 -0.5737 0.8190
vn 0.1022 0.9050 -0.4130
vn -0.3327 0.6849 -0.6483
vn -0.1865 0.9249 -0.3313
vn 0.3719 -0.5753 0.7286
vn -0.3792 -0.8154 0.4375
vn -0.9448 0.3259 0.0336
vn -0.1669 -0.8590 0.4840
vn -0.0054 0.6019 -0.7986
vn 0.0875 0.7611 -0.6427
vn 0.1399 0.8165 -0.5602
vn -0.3544 -0.6550 0.6674
vn 0.8920 -0.4238 -0.1573
vn 0.3127 -0.9057 0.2864
vn 0.3976 -0.5930 0.7002
vn -0.0814 0.9347 -0.3459
vn -0.2910 0.5775 -0.7628
vn 0.2013 -0.8795 0.4311
vn 0.3069 0.6024 0.7368
vn -0.4579 0.8890 -0.0033
vn -0.5938 0.5443 -0.5926
vn -0.4582 0.5974 -0.6582
vn -0.2625 0.9423 -0.2078
vn 0.9045 -0.1581 -0.3960
vn 0.6947 -0.5437 0.4709
vn 0.6880 -0.7203 0.0890
vn -0.9730 0.2307 -0.0098
vn -0.7704 0.5736 0.2783
vn -0.0969 0.9938 0.0549
vn 0.3304 -0.8954 0.2985
vn 0.0380 -0.8834 0.4672
vn 0.0061 0.8533 -0.5214
vn -0.7716 0.1546 0.6170
vn -0.2381 -0.8153 -0.5278
vn 0.4698 0.8097 0.3517
vn -0.2169 -0.9754 0.0388
vn 0.1896 0.9801 -0.0583
vn 0.1003 -0.9856 -0.1360
vn 0.0771 0.8587 0.5067
vn -0.4708 -0.8083 -0.3535
vn -0.3830 0.5853 -0.7147
vn 0.7544 -0.1717 -0.6336
vn 0.9100 0.0299 -0.4136
vn 0.5387 0.5886 0.6028
vn 0.5790 0.5760 0.5770
vn 0.3715 0.9206 0.1200
vn 0.7802 0.2594 -0.5693
vn 0.1840 0.8791 -0.4396
vn 0.6585 0.1195 -0.7430
vn -0.0714 0.5180 -0.8524
vn -0.3080 -0.6025 -0.7363
vn -0.3900 -0.5936 -0.7040
vn -0.4971 -0.5956 -0.6310
vn -0.9118 -0.0586 0.4064
vn -0.8511 0.0407 0.5234
vn -0.9375 -0.0919 0.3357
vn -0.7805 0.1455 0.6080
vn 0.3623 0.6034 0.7104
vn 0.2705 0.5899 0.7608
vn 0.3891 0.6031 0.6963
vn 0.4240 0.5927 0.6848
vn -0.9221 -0.0546 0.3831
vn -0.8240 -0.3263 0.4633
vn -0.1431 -0.8383 0.5261
vn -0.8096 0.1139 0.5758
vn -0.6534 -0.1144 0.7483
vn 0.0562 -0.5462 0.8358
vn -0.0489 -0.9405 -0.3363
vn -0.4024 -0.5915 -0.6987
vn -0.4307 -0.6001 -0.6741
vn 0.1407 0.9495 0.2805
vn 0.3579 0.5912 0.7228
vn -0.3935 -0.9135 -0.1030
vn -0.6476 -0.5610 -0.5156
vn -0.6602 -0.5605 -0.5000
vn 0.9376 0.1211 -0.3260
vn 0.9085 0.0271 -0.4170
vn 0.9471 -0.3198 -0.0262
vn 0.8655 -0.0430 -0.4991
vn 0.8101 -0.0923 -0.5790
vn -0.8827 0.4364 0.1740
vn -0.3031 -0.5941 -0.7451
vn -0.1644 0.1935 0.9672
vn 0.1644 0.1935 0.9672
vn 0.3031 -0.5941 -0.7451
vn 0.0858 0.4226 0.9022
vn 0.2490 -0.1533 -0.9563
vn 0.5941 0.3031 -0.7451
vn 0.1935 -0.1644 0.9672
vn -0.1935 -0.1644 0.9672
vn -0.5941 0.3031 -0.7451
vn -0.0423 -0.1231 0.9915
vn -0.6677 0.0756 0.7406
vn -0.1553 0.2698 0.9503
vn 0.2807 0.6437 0.7119
vn 0.0984 -0.5378 -0.8373
vn -0.3237 -0.6618 -0.6762
vn -0.2803 0.4128 -0.8666
vn 0.2656 0.2975 -0.9170
vn 0.1145 0.1718 0.9785
vn 0.2235 -0.3586 -0.9063
vn -0.2246 -0.1737 -0.9589
vn -0.0699 -0.6366 0.7680
vn -0.2243 -0.2783 0.9339
vn 0.1584 -0.3866 0.9086
vn 0.0504 0.5097 -0.8589
vn -0.2329 0.4403 -0.8671
vn 0.0061 0.2975 0.9547
vn 0.6298 0.2492 -0.7357
vn 0.6430 -0.3181 -0.6966
vn -0.4919 0.1169 0.8628
vn 0.2749 -0.0854 0.9577
vn -0.3645 -0.2056 -0.9082
vn 0.1060 0.3209 -0.9411
vn -0.0000 -0.2131 -0.9770
vn -0.1215 -0.1067 0.9868
vn 0.3833 0.2198 0.8971
vn -0.3521 0.1857 -0.9174
vn -0.4094 0.1405 -0.9015
vn 0.5733 -0.2274 0.7872
vn -0.0866 0.1403 0.9863
vn -0.1940 -0.0888 0.9770
vn -0.1959 -0.1653 -0.9666
vn -0.0027 0.0913 -0.9958
vn -0.0554 0.1119 0.9922
vn 0.3034 -0.1836 -0.9350
vn 0.4817 0.1004 -0.8706
vn 0.1997 0.1831 -0.9626
vn -0.0140 -0.1237 -0.9922
vn -0.9579 0.2024 0.2037
vn -0.5860 -0.0260 0.8099
vn -0.2257 0.4394 0.8695
vn 0.8386 -0.0508 -0.5424
vn 0.9284 -0.0367 -0.3698
vn -0.9656 -0.1949 0.1724
vn 0.1779 -0.6247 -0.7604
vn -0.1783 0.1923 0.9650
vn 0.1656 0.1969 0.9663
vn -0.0935 0.0083 -0.9956
vn -0.2150 0.9105 0.3531
vn -0.1130 -0.9044 -0.4115
vn 0.1722 0.6342 0.7537
vn -0.1697 0.6479 0.7426
vn 0.2148 -0.9005 -0.3780
vn -0.0447 0.9638 0.2629
vn 0.6666 -0.0190 -0.7451
vn -0.1043 -0.2315 0.9672
vn -0.2453 0.0655 0.9672
vn 0.4066 0.5286 -0.7451
vn -0.4186 -0.1037 0.9022
vn 0.0317 0.2907 -0.9563
vn -0.5286 0.4066 -0.7451
vn 0.0655 0.2453 0.9672
vn 0.2315 -0.1043 0.9672
vn -0.0190 -0.6667 -0.7451
vn 0.1294 0.0146 0.9915
vn 0.2181 -0.6355 0.7406
vn -0.1771 -0.2561 0.9503
vn -0.7019 -0.0226 0.7119
vn 0.4436 0.3196 -0.8373
vn 0.7367 -0.0085 -0.6762
vn -0.2527 -0.4303 -0.8666
vn -0.3827 0.1123 -0.9170
vn -0.2043 0.0298 0.9785
vn 0.2280 0.3557 -0.9063
vn 0.2532 -0.1284 -0.9589
vn 0.6051 0.2099 0.7680
vn 0.3476 -0.0832 0.9339
vn 0.2813 0.3089 0.9086
vn -0.4820 -0.1731 -0.8589
vn -0.2979 -0.3992 -0.8671
vn -0.2714 -0.1221 0.9547
vn -0.4953 0.4620 -0.7357
vn 0.0115 0.7173 -0.6966
vn 0.1054 -0.4945 0.8628
vn -0.0408 0.2849 0.9577
vn 0.3421 -0.2411 -0.9082
vn -0.3354 -0.0419 -0.9411
vn 0.1925 0.0914 -0.9770
vn 0.1485 -0.0639 0.9868
vn -0.3630 0.2519 0.8971
vn -0.0168 -0.3977 -0.9174
vn 0.0487 -0.4301 -0.9015
vn -0.0405 0.6154 0.7872
vn -0.0896 -0.1384 0.9863
vn 0.1634 -0.1371 0.9770
vn 0.2333 -0.1061 -0.9666
vn -0.0813 -0.0416 -0.9958
vn -0.0773 -0.0981 0.9922
vn 0.0357 0.3529 -0.9350
vn -0.2973 0.3921 -0.8706
vn -0.2510 0.1018 -0.9626
vn 0.1177 0.0404 -0.9922
vn 0.2280 -0.9521 0.2037
vn 0.2749 -0.5181 0.8099
vn -0.3001 -0.3924 0.8695
vn -0.3138 0.7793 -0.5424
vn 0.3651 -0.8544 0.3698
vn 0.5902 -0.7886 0.1724
vn 0.4879 0.4287 -0.7604
vn -0.0972 -0.2436 0.9650
vn -0.2489 0.0652 0.9663
vn 0.0326 -0.0881 -0.9956
vn -0.7303 -0.5848 0.3531
vn 0.8654 0.2858 -0.4115
vn -0.6468 -0.1164 0.7537
vn -0.5125 -0.4312 0.7426
vn 0.7213 0.5803 -0.3780
vn -0.8515 -0.4538 0.2629
vn -0.0220 0.6665 -0.7451
vn 0.2374 -0.0898 0.9672
vn -0.0503 -0.2488 0.9672
vn -0.5526 0.3733 -0.7451
vn 0.1293 -0.4114 0.9022
vn -0.2921 0.0138 -0.9563
vn -0.3734 -0.5526 -0.7451
vn -0.2488 0.0503 0.9672
vn 0.0898 0.2374 0.9672
vn 0.6666 0.0220 -0.7451
vn -0.0225 0.1283 0.9915
vn 0.6209 0.2568 0.7406
vn 0.2665 -0.1610 0.9503
vn 0.0657 -0.6992 0.7119
vn -0.3463 0.4231 -0.8373
vn -0.0368 0.7358 -0.6762
vn 0.4450 -0.2257 -0.8666
vn -0.0885 -0.3889 -0.9170
vn -0.0171 -0.2058 0.9785
vn -0.3691 0.2057 -0.9063
vn 0.1125 0.2606 -0.9589
vn -0.2467 0.5910 0.7680
vn 0.0617 0.3521 0.9339
vn -0.3256 0.2617 0.9086
vn 0.2024 -0.4705 -0.8589
vn 0.4168 -0.2728 -0.8671
vn 0.1385 -0.2634 0.9547
vn -0.4307 -0.5228 -0.7357
vn -0.7167 -0.0326 -0.6966
vn 0.4871 0.1356 0.8628
vn -0.2819 -0.0582 0.9577
vn 0.2196 0.3563 -0.9082
vn 0.0624 -0.3322 -0.9411
vn -0.1030 0.1865 -0.9770
vn 0.0547 0.1521 0.9868
vn -0.2291 -0.3778 0.8971
vn 0.3980 0.0077 -0.9174
vn 0.4263 0.0751 -0.9015
vn -0.6117 -0.0783 0.7872
vn 0.1436 -0.0809 0.9863
vn 0.1268 0.1716 0.9770
vn 0.0915 0.2394 -0.9666
vn 0.0465 -0.0786 -0.9958
vn 0.1027 -0.0711 0.9922
vn -0.3544 0.0139 -0.9350
vn -0.3730 -0.3208 -0.8706
vn -0.0862 -0.2568 -0.9626
vn -0.0476 0.1150 -0.9922
vn 0.9363 0.2861 0.2037
vn 0.5003 0.3062 0.8099
vn 0.4101 -0.2754 0.8695
vn -0.7586 -0.3611 -0.5424
vn 0.8303 0.4169 0.3698
vn 0.7508 0.6376 0.1724
vn -0.4579 0.4607 -0.7604
vn 0.2491 -0.0820 0.9650
vn -0.0498 -0.2524 0.9663
vn 0.0859 0.0379 -0.9956
vn 0.6286 -0.6930 0.3531
vn -0.3385 0.8462 -0.4115
vn 0.1560 -0.6384 0.7537
vn 0.4619 -0.4850 0.7426
vn -0.6236 0.6843 -0.3780
vn 0.5053 -0.8219 0.2629
vn -0.5885 0.3137 -0.7451
vn 0.1964 0.1609 0.9672
vn 0.1905 -0.1678 0.9672
vn -0.5994 -0.2924 -0.7451
vn 0.4210 -0.0934 0.9022
vn -0.1578 -0.2462 -0.9563
vn 0.2924 -0.5994 -0.7451
vn -0.1678 -0.1905 0.9672
vn -0.1609 0.1964 0.9672
vn 0.3137 0.5885 -0.7451
vn -0.1224 0.0445 0.9915
vn 0.0875 0.6662 0.7406
vn 0.2726 0.1505 0.9503
vn 0.6386 -0.2922 0.7119
vn -0.5395 -0.0887 -0.8373
vn -0.6559 0.3356 -0.6762
vn 0.4178 0.2728 -0.8666
vn 0.2927 -0.2709 -0.9170
vn 0.1697 -0.1176 0.9785
vn -0.3625 -0.2170 -0.9063
vn -0.1696 0.2276 -0.9589
vn -0.6353 0.0814 0.7680
vn -0.2742 0.2293 0.9339
vn -0.3894 -0.1514 0.9086
vn 0.5087 -0.0596 -0.8589
vn 0.4444 0.2249 -0.8671
vn 0.2973 -0.0115 0.9547
vn 0.2379 -0.6342 -0.7357
vn -0.3296 -0.6372 -0.6966
vn 0.1257 0.4897 0.8628
vn -0.0903 -0.2733 0.9577
vn -0.1991 0.3682 -0.9082
vn 0.3190 -0.1118 -0.9411
vn -0.2130 0.0038 -0.9770
vn -0.1045 0.1234 0.9868
vn 0.2129 -0.3872 0.8971
vn 0.1920 0.3487 -0.9174
vn 0.1478 0.4069 -0.9015
vn -0.2376 -0.5691 0.7872
vn 0.1418 0.0841 0.9863
vn -0.0853 0.1955 0.9770
vn -0.1617 0.1988 -0.9666
vn 0.0913 0.0010 -0.9958
vn 0.1129 0.0534 0.9922
vn -0.1890 -0.3001 -0.9350
vn 0.0917 -0.4834 -0.8706
vn 0.1795 -0.2029 -0.9626
vn -0.1234 0.0162 -0.9922
vn 0.2196 0.9541 0.2037
vn -0.0155 0.5863 0.8099
vn 0.4434 0.2178 0.8695
vn -0.0659 -0.8376 -0.5424
vn -0.0534 -0.9276 -0.3698
vn -0.1775 0.9689 0.1724
vn -0.6277 -0.1667 -0.7604
vn 0.1955 0.1748 0.9650
vn 0.1939 -0.1691 0.9663
vn 0.0100 0.0934 -0.9956
vn 0.9143 0.1986 0.3531
vn -0.9022 0.1292 -0.4115
vn 0.6310 -0.1836 0.7537
vn 0.6509 0.1580 0.7426
vn -0.9042 -0.1986 -0.3780
vn 0.9644 0.0274 0.2629
vn -0.1346 0.6532 -0.7451
vn 0.2492 -0.0483 0.9672
vn -0.0074 -0.2538 0.9672
vn -0.6078 0.2744 -0.7451
vn 0.1971 -0.3836 0.9022
vn -0.2902 -0.0359 -0.9563
vn -0.2744 -0.6079 -0.7451
vn -0.2538 0.0074 0.9672
vn 0.0483 0.2492 0.9672
vn 0.6532 0.1346 -0.7451
vn -0.0439 0.1226 0.9915
vn 0.5685 0.3582 0.7406
vn 0.2899 -0.1136 0.9503
vn 0.1831 -0.6780 0.7119
vn -0.4129 0.3584 -0.8373
vn -0.1608 0.7190 -0.6762
vn 0.4768 -0.1471 -0.8666
vn -0.0214 -0.3982 -0.9170
vn 0.0179 -0.2057 0.9785
vn -0.3986 0.1403 -0.9063
vn 0.0668 0.2759 -0.9589
vn -0.3432 0.5407 0.7680
vn 0.0012 0.3574 0.9339
vn -0.3652 0.2028 0.9086
vn 0.2791 -0.4294 -0.8589
vn 0.4569 -0.1983 -0.8671
vn 0.1811 -0.2361 0.9547
vn -0.3360 -0.5881 -0.7357
vn -0.7008 -0.1534 -0.6966
vn 0.4571 0.2161 0.8628
vn -0.2679 -0.1051 0.9577
vn 0.1561 0.3883 -0.9082
vn 0.1178 -0.3168 -0.9411
vn -0.1331 0.1663 -0.9770
vn 0.0281 0.1592 0.9868
vn -0.1619 -0.4111 0.8971
vn 0.3909 0.0750 -0.9174
vn 0.4074 0.1462 -0.9015
vn -0.5897 -0.1807 0.7872
vn 0.1553 -0.0554 0.9863
vn 0.0959 0.1906 0.9770
vn 0.0497 0.2514 -0.9666
vn 0.0591 -0.0696 -0.9958
vn 0.1132 -0.0527 0.9922
vn -0.3516 -0.0463 -0.9350
vn -0.3133 -0.3794 -0.8706
vn -0.0415 -0.2677 -0.9626
vn -0.0664 0.1053 -0.9922
vn 0.8743 0.4405 0.2037
vn 0.4412 0.3865 0.8099
vn 0.4508 -0.2020 0.8695
vn -0.6865 -0.4843 -0.5424
vn 0.7478 0.5515 0.3698
vn 0.6321 0.7555 0.1724
vn -0.5293 0.3765 -0.7604
vn 0.2594 -0.0387 0.9650
vn -0.0063 -0.2572 0.9663
vn 0.0782 0.0519 -0.9956
vn 0.7368 -0.5765 0.3531
vn -0.4769 0.7767 -0.4115
vn 0.2618 -0.6028 0.7537
vn 0.5373 -0.3998 0.7426
vn -0.7304 0.5688 -0.3780
vn 0.6371 -0.7245 0.2629
vn 0.1751 -0.2361 -0.9558
vn -0.2537 0.0074 0.9672
vn -0.7478 -0.5515 -0.3698
vn -0.7304 0.5689 -0.3780
vn -0.3862 0.5437 -0.7451
vn 0.2476 0.0561 0.9672
vn 0.0954 -0.2353 0.9672
vn -0.6669 0.0064 -0.7451
vn 0.3348 -0.2718 0.9022
vn -0.2512 -0.1497 -0.9563
vn -0.0064 -0.6669 -0.7451
vn -0.2353 -0.0954 0.9672
vn -0.0561 0.2476 0.9672
vn 0.5437 0.3862 -0.7451
vn -0.0895 0.0945 0.9915
vn 0.3761 0.5568 0.7406
vn 0.3111 0.0127 0.9503
vn 0.4406 -0.5469 0.7119
vn -0.5223 0.1618 -0.8373
vn -0.4367 0.5934 -0.6762
vn 0.4957 0.0573 -0.8666
vn 0.1407 -0.3731 -0.9170
vn 0.0992 -0.1811 0.9785
vn -0.4213 -0.0321 -0.9063
vn -0.0499 0.2795 -0.9589
vn -0.5319 0.3568 0.7680
vn -0.1428 0.3277 0.9339
vn -0.4160 0.0386 0.9086
vn 0.4284 -0.2807 -0.8589
vn 0.4981 0.0025 -0.8671
vn 0.2608 -0.1432 0.9547
vn -0.0707 -0.6736 -0.7357
vn -0.5797 -0.4226 -0.6966
vn 0.3314 0.3819 0.8628
vn -0.2029 -0.2041 0.9577
vn -0.0135 0.4183 -0.9082
vn 0.2354 -0.2426 -0.9411
vn -0.1888 0.0987 -0.9770
vn -0.0383 0.1571 0.9868
vn 0.0173 -0.4415 0.8971
vn 0.3276 0.2260 -0.9174
vn 0.3141 0.2979 -0.9015
vn -0.4670 -0.4028 0.7872
vn 0.1644 0.0118 0.9863
vn 0.0111 0.2131 0.9770
vn -0.0558 0.2502 -0.9666
vn 0.0822 -0.0399 -0.9958
vn 0.1249 -0.0027 0.9922
vn -0.3032 -0.1839 -0.9350
vn -0.1341 -0.4734 -0.8706
vn 0.0698 -0.2617 -0.9626
vn -0.1031 0.0697 -0.9922
vn 0.6230 0.7553 0.2037
vn 0.2483 0.5314 0.8099
vn 0.4940 -0.0034 0.8695
vn -0.4334 -0.7197 -0.5423
vn 0.4624 0.8059 0.3698
vn 0.2744 0.9460 0.1724
vn -0.6360 0.1315 -0.7604
vn 0.2530 0.0690 0.9650
vn 0.0978 -0.2380 0.9663
vn 0.0507 0.0790 -0.9956
vn 0.9066 -0.2311 0.3531
vn -0.7493 0.5189 -0.4115
vn 0.4823 -0.4463 0.7537
vn 0.6528 -0.1496 0.7426
vn -0.8976 0.2266 -0.3780
vn 0.8749 -0.4067 0.2629
vn -0.0499 0.2794 -0.9589
vn -0.5797 -0.4226 -0.6967
vn 0.4624 0.8058 0.3698
vn 0.4824 -0.4463 0.7537
vn 0.1173 -0.6565 -0.7451
vn -0.2479 0.0549 0.9672
vn 0.0141 0.2535 0.9672
vn 0.6004 -0.2903 -0.7451
vn -0.1869 0.3887 0.9022
vn 0.2910 0.0282 -0.9563
vn 0.2903 0.6004 -0.7451
vn 0.2535 -0.0141 0.9672
vn -0.0549 -0.2479 0.9672
vn -0.6565 -0.1173 -0.7451
vn 0.0407 -0.1237 0.9915
vn -0.5777 -0.3431 0.7406
vn -0.2868 0.1212 0.9503
vn -0.1652 0.6826 0.7119
vn 0.4033 -0.3692 -0.8373
vn 0.1418 -0.7230 -0.6762
vn -0.4727 0.1597 -0.8666
vn 0.0319 0.3975 -0.9170
vn -0.0125 0.2061 0.9785
vn 0.3947 -0.1507 -0.9063
vn -0.0740 -0.2740 -0.9589
vn 0.3288 -0.5496 0.7680
vn -0.0106 -0.3573 0.9339
vn 0.3597 -0.2124 0.9086
vn -0.2677 0.4366 -0.8589
vn -0.4515 0.2102 -0.8671
vn -0.1748 0.2408 0.9547
vn 0.3514 0.5791 -0.7357
vn 0.7046 0.1349 -0.6966
vn -0.4626 -0.2040 0.8628
vn 0.2706 0.0980 0.9577
vn -0.1663 -0.3841 -0.9082
vn -0.1094 0.3198 -0.9411
vn 0.1287 -0.1698 -0.9770
vn -0.0323 -0.1584 0.9868
vn 0.1727 0.4067 0.8971
vn -0.3928 -0.0647 -0.9174
vn -0.4111 -0.1354 -0.9015
vn 0.5942 0.1651 0.7872
vn -0.1537 0.0595 0.9863
vn -0.1009 -0.1880 0.9770
vn -0.0563 -0.2500 -0.9666
vn -0.0573 0.0711 -0.9958
vn -0.1118 0.0557 0.9922
vn 0.3527 0.0370 -0.9350
vn 0.3232 0.3710 -0.8706
vn 0.0485 0.2665 -0.9626
vn 0.0636 -0.1070 -0.9922
vn -0.8856 -0.4173 0.2037
vn -0.4512 -0.3747 0.8099
vn -0.4453 0.2138 0.8695
vn 0.6990 0.4661 -0.5423
vn 0.7620 0.5315 -0.3698
vn -0.6518 -0.7386 0.1724
vn 0.5191 -0.3903 -0.7604
vn -0.2583 0.0455 0.9650
vn 0.0131 0.2569 0.9663
vn -0.0796 -0.0499 -0.9956
vn -0.7214 0.5958 0.3531
vn 0.4563 -0.7890 -0.4115
vn -0.2458 0.6095 0.7537
vn -0.5266 0.4138 0.7426
vn 0.7152 -0.5879 -0.3780
vn -0.6178 0.7411 0.2629
vn -0.4610 -0.4819 -0.7451
vn -0.1019 0.2325 0.9672
vn 0.2130 0.1381 0.9672
vn 0.1197 -0.6561 -0.7451
vn 0.2036 0.3801 0.9022
vn 0.1944 -0.2184 -0.9563
vn 0.6561 0.1197 -0.7451
vn 0.1381 -0.2130 0.9672
vn -0.2325 -0.1019 0.9672
vn -0.4819 0.4610 -0.7451
vn -0.0759 -0.1058 0.9915
vn -0.6178 0.2642 0.7406
vn -0.0713 0.3031 0.9503
vn 0.4538 0.5360 0.7119
vn -0.0603 -0.5434 -0.8373
vn -0.5002 -0.5409 -0.6762
vn -0.1499 0.4759 -0.8666
vn 0.3398 0.2087 -0.9170
vn 0.1591 0.1317 0.9785
vn 0.1111 -0.4077 -0.9063
vn -0.2650 -0.1018 -0.9589
vn -0.2499 -0.5897 0.7680
vn -0.2948 -0.2021 0.9339
vn 0.0406 -0.4158 0.9086
vn 0.1947 0.4737 -0.8589
vn -0.0965 0.4886 -0.8671
vn 0.0913 0.2832 0.9547
vn 0.6749 0.0578 -0.7357
vn 0.5245 -0.4894 -0.6966
vn -0.4376 0.2533 0.8628
vn 0.2387 -0.1607 0.9577
vn -0.4083 -0.0922 -0.9082
vn 0.1938 0.2770 -0.9411
vn -0.0612 -0.2041 -0.9770
vn -0.1470 -0.0673 0.9868
vn 0.4303 0.1004 0.8971
vn -0.2839 0.2790 -0.9174
vn -0.3518 0.2522 -0.9015
vn 0.4838 -0.3825 0.7872
vn -0.0426 0.1592 0.9863
vn -0.2113 -0.0294 0.9770
vn -0.2351 -0.1020 -0.9666
vn 0.0237 0.0882 -0.9958
vn -0.0210 0.1231 0.9922
vn 0.2379 -0.2630 -0.9350
vn 0.4902 -0.0422 -0.8706
vn 0.2438 0.1180 -0.9626
vn -0.0489 -0.1144 -0.9922
vn -0.8593 0.4691 0.2037
vn -0.5687 0.1434 0.8099
vn -0.0900 0.4857 0.8695
vn 0.7887 -0.2896 -0.5424
vn 0.8787 -0.3019 -0.3698
vn -0.9808 0.0907 0.1724
vn -0.0090 -0.6494 -0.7604
vn -0.1156 0.2354 0.9650
vn 0.2152 0.1410 0.9663
vn -0.0872 0.0349 -0.9956
vn 0.0556 0.9339 0.3531
vn -0.3681 -0.8338 -0.4115
vn 0.3472 0.5580 0.7537
vn 0.0236 0.6694 0.7426
vn -0.0530 -0.9243 -0.3780
vn 0.2341 0.9360 0.2629
vn 0.3194 -0.5855 -0.7451
vn -0.2525 -0.0265 0.9672
vn -0.0670 0.2449 0.9672
vn 0.6615 -0.0850 -0.7451
vn -0.3005 0.3094 0.9022
vn 0.2671 0.1190 -0.9563
vn 0.0850 0.6615 -0.7451
vn 0.2449 0.0670 0.9672
vn 0.0265 -0.2525 0.9672
vn -0.5855 -0.3194 -0.7451
vn 0.0778 -0.1044 0.9915
vn -0.4392 -0.5085 0.7406
vn -0.3104 0.0240 0.9503
vn -0.3731 0.5950 0.7119
vn 0.4995 -0.2223 -0.8373
vn 0.3637 -0.6407 -0.6762
vn -0.4990 0.0016 -0.8666
vn -0.0958 0.3871 -0.9170
vn -0.0772 0.1915 0.9785
vn 0.4222 -0.0178 -0.9063
vn 0.0166 -0.2834 -0.9589
vn 0.4861 -0.4170 0.7680
vn 0.1032 -0.3422 0.9339
vn 0.4085 -0.0874 0.9086
vn -0.3923 0.3292 -0.8589
vn -0.4949 0.0562 -0.8671
vn -0.2421 0.1730 0.9547
vn 0.1497 0.6606 -0.7357
vn 0.6255 0.3513 -0.6966
vn -0.3741 -0.3401 0.8628
vn 0.2256 0.1787 0.9577
vn -0.0360 -0.4170 -0.9082
vn -0.2051 0.2687 -0.9411
vn 0.1759 -0.1202 -0.9770
vn 0.0195 -0.1605 0.9868
vn 0.0348 0.4404 0.8971
vn -0.3520 -0.1858 -0.9174
vn -0.3470 -0.2588 -0.9015
vn 0.5112 0.3450 0.7872
vn -0.1647 0.0077 0.9863
vn -0.0361 -0.2103 0.9770
vn 0.0259 -0.2550 -0.9666
vn -0.0769 0.0493 -0.9958
vn -0.1237 0.0174 0.9922
vn 0.3228 0.1469 -0.9350
vn 0.1890 0.4543 -0.8706
vn -0.0385 0.2681 -0.9626
vn 0.0942 -0.0813 -0.9922
vn -0.7077 -0.6765 0.2037
vn -0.3092 -0.4984 0.8099
vn -0.4901 0.0616 0.8695
vn 0.5152 0.6636 -0.5423
vn -0.5542 -0.7457 0.3698
vn -0.3840 -0.9071 0.1724
vn 0.6161 -0.2056 -0.7604
vn -0.2594 -0.0387 0.9650
vn -0.0691 0.2478 0.9663
vn -0.0597 -0.0725 -0.9956
vn -0.8730 0.3363 0.3531
vn 0.6828 -0.6037 -0.4115
vn -0.4264 0.5001 0.7537
vn -0.6306 0.2256 0.7426
vn 0.8647 -0.3309 -0.3780
vn -0.8209 0.5070 0.2629
vn -0.2364 0.1746 -0.9558
vn -0.3568 -0.5635 -0.7451
vn -0.1458 0.2078 0.9672
vn 0.1816 0.1774 0.9672
vn 0.2468 -0.6195 -0.7451
vn 0.1246 0.4129 0.9022
vn 0.2337 -0.1757 -0.9563
vn 0.6196 0.2469 -0.7451
vn 0.1774 -0.1816 0.9672
vn -0.2078 -0.1458 0.9672
vn -0.5635 0.3568 -0.7451
vn -0.0535 -0.1187 0.9915
vn -0.6578 0.1370 0.7406
vn -0.1297 0.2830 0.9503
vn 0.3390 0.6150 0.7119
vn 0.0482 -0.5446 -0.8373
vn -0.3836 -0.6290 -0.6762
vn -0.2409 0.4370 -0.8666
vn 0.2919 0.2717 -0.9170
vn 0.1299 0.1605 0.9785
vn 0.1894 -0.3777 -0.9063
vn -0.2397 -0.1522 -0.9589
vn -0.1285 -0.6274 0.7680
vn -0.2491 -0.2563 0.9339
vn 0.1219 -0.3996 0.9086
vn 0.0974 0.5028 -0.8589
vn -0.1911 0.4600 -0.8671
vn 0.0336 0.2957 0.9547
vn 0.6502 0.1899 -0.7357
vn 0.6108 -0.3762 -0.6966
vn -0.4790 0.1619 0.8628
vn 0.2658 -0.1104 0.9577
vn -0.3820 -0.1710 -0.9082
vn 0.1353 0.3098 -0.9411
vn -0.0197 -0.2121 -0.9770
vn -0.1308 -0.0950 0.9868
vn 0.6182 0.0110 0.7860
vn 0.4020 0.1834 0.8971
vn -0.3334 0.2175 -0.9174
vn -0.3947 0.1777 -0.9015
vn 0.5498 -0.2794 0.7872
vn -0.0732 0.1477 0.9863
vn -0.2014 -0.0705 0.9770
vn -0.2103 -0.1464 -0.9666
vn 0.0058 0.0912 -0.9958
vn -0.0449 0.1165 0.9922
vn 0.2852 -0.2109 -0.9350
vn 0.4889 0.0554 -0.8706
vn 0.2157 0.1638 -0.9626
vn -0.0254 -0.1218 -0.9922
vn -0.9350 0.2902 0.2037
vn -0.5858 0.0283 0.8099
vn -0.1841 0.4584 0.8695
vn 0.8303 -0.1282 -0.5424
vn 0.9210 -0.1224 -0.3698
vn -0.9794 -0.1047 0.1724
vn 0.1194 -0.6384 -0.7604
vn -0.1598 0.2080 0.9650
vn 0.1831 0.1807 0.9663
vn -0.0924 0.0170 -0.9956
vn -0.1298 0.9265 0.3531
vn -0.1962 -0.8901 -0.4115
vn 0.2302 0.6155 0.7537
vn -0.1090 0.6608 0.7426
vn 0.1306 -0.9165 -0.3780
vn 0.0447 0.9638 0.2629
vn -0.6177 -0.1844 -0.7645
vn -0.0009 0.2244 0.9745
vn 0.2320 -0.0077 0.9727
vn -0.1884 -0.6123 -0.7678
vn 0.3395 0.2118 0.9165
vn 0.0889 -0.2560 -0.9626
vn 0.6508 -0.1829 -0.7369
vn 0.0001 -0.2815 0.9596
vn -0.2740 -0.0083 0.9617
vn -0.1907 0.6559 -0.7304
vn -0.1384 -0.0865 0.9866
vn -0.4356 0.5029 0.7465
vn 0.0598 0.2725 0.9603
vn 0.6376 0.2364 0.7332
vn -0.2917 -0.4253 -0.8568
vn -0.6816 -0.2198 -0.6979
vn 0.1116 0.5156 -0.8495
vn 0.4179 0.0502 -0.9071
vn 0.1811 0.0118 0.9834
vn -0.0751 -0.3848 -0.9200
vn -0.2608 0.0640 -0.9633
vn -0.5154 -0.4238 0.7448
vn -0.3755 -0.0662 0.9245
vn -0.1803 -0.4122 0.8931
vn 0.4140 0.3504 -0.8401
vn 0.1646 0.5016 -0.8493
vn 0.1936 0.1780 0.9648
vn 0.6379 -0.2465 -0.7296
vn 0.2460 -0.6585 -0.7112
vn -0.2846 0.4045 0.8691
vn 0.1137 -0.2827 0.9524
vn -0.3836 0.1387 -0.9130
vn 0.3220 0.1800 -0.9295
vn -0.1292 -0.1219 -0.9841
vn -0.1827 -0.0189 0.9830
vn 0.4071 -0.1415 0.9024
vn -0.0984 0.4071 -0.9081
vn -0.1713 0.4151 -0.8935
vn 0.2285 -0.5889 0.7753
vn 0.0163 0.1313 0.9912
vn -0.2212 0.0452 0.9742
vn -0.2344 0.0499 -0.9709
vn 0.0841 0.0959 -0.9918
vn 0.0182 0.0890 0.9959
vn 0.1056 -0.3165 -0.9427
vn 0.4309 -0.2433 -0.8690
vn 0.2915 0.0170 -0.9564
vn -0.0757 -0.0483 -0.9960
vn -0.5400 0.8134 0.2162
vn -0.4509 0.3713 0.8117
vn 0.1313 0.4446 0.8860
vn 0.5698 -0.6120 -0.5484
vn 0.6396 -0.6705 -0.3760
vn -0.8251 0.5386 0.1705
vn -0.2983 -0.5452 -0.7835
vn -0.0115 0.2334 0.9723
vn 0.2353 -0.0062 0.9719
vn -0.0388 0.1013 -0.9941
vn 0.4826 0.7857 0.3870
vn -0.7093 -0.5480 -0.4433
vn 0.5532 0.3049 0.7753
vn 0.3209 0.5563 0.7665
vn -0.4751 -0.7777 -0.4116
vn 0.6428 0.7058 0.2979
vn 0.5774 -0.2867 -0.7645
vn -0.1525 -0.1646 0.9745
vn -0.1643 0.1639 0.9727
vn 0.5556 0.3191 -0.7678
vn -0.3927 0.0768 0.9165
vn 0.1097 0.2478 -0.9626
vn -0.3509 0.5778 -0.7369
vn 0.1920 0.2058 0.9596
vn 0.2059 -0.1809 0.9617
vn -0.3082 -0.6096 -0.7304
vn 0.1602 -0.0312 0.9866
vn -0.0248 -0.6649 0.7465
vn -0.2297 -0.1584 0.9603
vn -0.6274 0.2623 0.7332
vn 0.5034 0.1119 -0.8568
vn 0.6483 -0.3044 -0.6979
vn -0.4334 -0.3008 -0.8495
vn -0.3397 0.2485 -0.9071
vn -0.1405 0.1150 0.9834
vn 0.3174 0.2300 -0.9200
vn 0.1470 -0.2247 -0.9633
vn 0.6660 -0.0418 0.7448
vn 0.3196 -0.2078 0.9245
vn 0.4131 0.1783 0.8931
vn -0.5417 0.0263 -0.8401
vn -0.4626 -0.2543 -0.8493
vn -0.2630 0.0020 0.9648
vn -0.2981 0.6155 -0.7296
vn 0.2695 0.6492 -0.7112
vn -0.0680 -0.4899 0.8691
vn 0.1098 0.2842 0.9524
vn 0.1858 -0.3631 -0.9130
vn -0.3582 0.0881 -0.9295
vn 0.1776 0.0010 -0.9841
vn 0.1465 -0.1108 0.9830
vn -0.2010 0.3813 0.9024
vn -0.2058 -0.3647 -0.9081
vn -0.1580 -0.4203 -0.8935
vn 0.2348 0.5864 0.7753
vn -0.1015 -0.0848 0.9912
vn 0.1309 -0.1840 0.9742
vn 0.1373 -0.1964 -0.9709
vn -0.1269 -0.0127 -0.9918
vn -0.0740 -0.0527 0.9959
vn 0.1387 0.3034 -0.9427
vn -0.1489 0.4719 -0.8690
vn -0.2247 0.1864 -0.9564
vn 0.0883 -0.0163 -0.9960
vn -0.1604 -0.9631 0.2162
vn 0.0763 -0.5791 0.8117
vn -0.3994 -0.2354 0.8860
vn 0.0011 0.8362 -0.5484
vn -0.0101 0.9266 -0.3760
vn 0.2356 -0.9568 0.1705
vn 0.5901 0.1950 -0.7835
vn -0.1509 -0.1785 0.9723
vn -0.1678 0.1651 0.9719
vn -0.0408 -0.1005 -0.9941
vn -0.8889 -0.2450 0.3870
vn 0.8925 -0.0834 -0.4433
vn -0.6124 0.1546 0.7753
vn -0.6142 -0.1877 0.7665
vn 0.8780 0.2443 -0.4116
vn -0.9515 -0.0773 0.2979
vn 0.4104 0.4971 -0.7645
vn 0.1256 -0.1859 0.9745
vn -0.1970 -0.1228 0.9727
vn -0.1845 0.6135 -0.7678
vn -0.1640 -0.3649 0.9165
vn -0.2164 0.1632 -0.9626
vn -0.6424 -0.2104 -0.7369
vn -0.1568 0.2338 0.9596
vn 0.2230 0.1594 0.9617
vn 0.5236 -0.4386 -0.7304
vn 0.0668 0.1489 0.9866
vn 0.6418 -0.1752 0.7465
vn 0.1021 -0.2597 0.9603
vn -0.3980 -0.5513 0.7332
vn 0.0055 0.5157 -0.8568
vn 0.4438 0.5621 -0.6979
vn 0.1944 -0.4904 -0.8495
vn -0.3192 -0.2744 -0.9071
vn -0.1439 -0.1107 0.9834
vn -0.1519 0.3614 -0.9200
vn 0.2522 0.0921 -0.9633
vn 0.1921 0.6390 0.7448
vn 0.2750 0.2640 0.9245
vn -0.0797 0.4428 0.8931
vn -0.1487 -0.5216 -0.8401
vn 0.1426 -0.5083 -0.8493
vn -0.0617 -0.2556 0.9648
vn -0.6671 -0.1504 -0.7296
vn -0.5710 0.4100 -0.7112
vn 0.4616 -0.1775 0.8691
vn -0.2518 0.1716 0.9524
vn 0.3959 0.0984 -0.9130
vn -0.1672 -0.3288 -0.9295
vn 0.0394 0.1732 -0.9841
vn 0.1412 0.1174 0.9830
vn -0.6149 0.0800 0.7845
vn -0.4170 -0.1091 0.9024
vn 0.3084 -0.2833 -0.9081
vn 0.3734 -0.2494 -0.8935
vn -0.5177 0.3619 0.7753
vn 0.0596 -0.1181 0.9912
vn 0.2089 0.0856 0.9742
vn 0.2225 0.0891 -0.9709
vn -0.0165 -0.1265 -0.9918
vn 0.0345 -0.0841 0.9959
vn -0.2640 0.2041 -0.9427
vn -0.4934 -0.0378 -0.8690
vn -0.2326 -0.1764 -0.9564
vn 0.0360 0.0823 -0.9960
vn 0.9014 -0.3750 0.2162
vn 0.5813 -0.0574 0.8117
vn 0.1385 -0.4424 0.8860
vn -0.8141 0.1911 -0.5484
vn 0.9046 -0.2008 0.3760
vn 0.9853 0.0120 0.1706
vn -0.0558 0.6189 -0.7835
vn 0.1395 -0.1875 0.9723
vn -0.1989 -0.1259 0.9719
vn 0.0886 -0.0626 -0.9941
vn 0.0366 -0.9213 0.3870
vn 0.2840 0.8502 -0.4434
vn -0.2897 -0.5613 0.7753
vn 0.0432 -0.6408 0.7665
vn -0.0384 0.9106 -0.4116
vn -0.1409 -0.9441 0.2979
vn 0.5087 0.4313 -0.7451
vn 0.0771 -0.2419 0.9672
vn -0.2262 -0.1152 0.9672
vn -0.0507 0.6650 -0.7451
vn -0.2421 -0.3569 0.9022
vn -0.1706 0.2374 -0.9563
vn -0.6650 -0.0507 -0.7451
vn -0.1152 0.2262 0.9672
vn 0.2419 0.0771 0.9672
vn 0.4313 -0.5087 -0.7451
vn 0.0865 0.0973 0.9915
vn 0.5869 -0.3271 0.7406
vn 0.0393 -0.3088 0.9503
vn -0.5071 -0.4858 0.7119
vn 0.1165 0.5342 -0.8373
vn 0.5538 0.4859 -0.6762
vn 0.0995 -0.4889 -0.8666
vn -0.3597 -0.1722 -0.9170
vn -0.1719 -0.1144 0.9785
vn -0.0680 0.4170 -0.9063
vn 0.2741 0.0737 -0.9589
vn 0.3099 0.5605 0.7680
vn 0.3142 0.1703 0.9339
vn 0.0029 0.4177 0.9086
vn -0.2430 -0.4508 -0.8589
vn 0.0451 -0.4960 -0.8671
vn -0.1203 -0.2722 0.9547
vn -0.6772 0.0128 -0.7357
vn -0.4707 0.5414 -0.6966
vn 0.4088 -0.2975 0.8628
vn -0.2207 0.1847 0.9577
vn 0.4156 0.0492 -0.9082
vn -0.2216 -0.2553 -0.9411
vn 0.0821 0.1966 -0.9770
vn 0.1532 0.0516 0.9868
vn -0.4384 -0.0551 0.8971
vn 0.2533 -0.3071 -0.9174
vn 0.3237 -0.2874 -0.9015
vn -0.4413 0.4308 0.7872
vn 0.0258 -0.1628 0.9863
vn 0.2132 0.0072 0.9770
vn 0.2445 0.0770 -0.9666
vn -0.0327 -0.0853 -0.9958
vn 0.0080 -0.1246 0.9922
vn -0.2092 0.2864 -0.9350
vn -0.4832 0.0930 -0.8706
vn -0.2548 -0.0920 -0.9626
vn 0.0606 0.1087 -0.9922
vn 0.8058 -0.5560 0.2037
vn 0.5507 -0.2018 0.8099
vn 0.0389 -0.4924 0.8695
vn -0.7542 0.3701 -0.5423
vn -0.8425 0.3917 -0.3698
vn 0.9661 -0.1923 0.1724
vn 0.0766 0.6450 -0.7604
vn 0.0904 -0.2462 0.9650
vn -0.2287 -0.1178 0.9663
vn 0.0831 -0.0437 -0.9956
vn -0.1526 -0.9231 0.3531
vn 0.4529 0.7909 -0.4115
vn -0.4034 -0.5188 0.7537
vn -0.0932 -0.6633 0.7426
vn 0.1489 0.9138 -0.3780
vn -0.3303 -0.9065 0.2629
vn -0.1232 -0.2668 -0.9558
vn 0.2102 0.6329 -0.7451
vn 0.1916 -0.1665 0.9672
vn -0.1334 -0.2160 0.9672
vn -0.3891 0.5416 -0.7451
vn -0.0212 -0.4307 0.9022
vn -0.2692 0.1141 -0.9563
vn -0.5416 -0.3891 -0.7451
vn -0.2160 0.1334 0.9672
vn 0.1665 0.1916 0.9672
vn 0.6329 -0.2102 -0.7451
vn 0.0233 0.1281 0.9915
vn 0.6714 0.0259 0.7406
vn 0.1942 -0.2433 0.9503
vn -0.1805 -0.6787 0.7119
vn -0.1783 0.5169 -0.8373
vn 0.2204 0.7030 -0.6762
vn 0.3393 -0.3659 -0.8666
vn -0.2177 -0.3341 -0.9170
vn -0.0873 -0.1871 0.9785
vn -0.2750 0.3208 -0.9063
vn 0.1958 0.2055 -0.9589
vn -0.0267 0.6399 0.7680
vn 0.1798 0.3089 0.9339
vn -0.2148 0.3583 0.9086
vn 0.0269 -0.5114 -0.8589
vn 0.2965 -0.4002 -0.8671
vn 0.0387 -0.2950 0.9547
vn -0.5851 -0.3413 -0.7357
vn -0.6836 0.2177 -0.6966
vn 0.5039 -0.0415 0.8628
vn -0.2846 0.0430 0.9577
vn 0.3294 0.2582 -0.9082
vn -0.0565 -0.3333 -0.9411
vn -0.0321 0.2106 -0.9770
vn 0.1040 0.1238 0.9868
vn -0.3458 -0.2750 0.8971
vn 0.3760 -0.1306 -0.9174
vn 0.4259 -0.0772 -0.9015
vn -0.6010 0.1384 0.7872
vn 0.1067 -0.1256 0.9863
vn 0.1784 0.1170 0.9770
vn 0.1688 0.1929 -0.9666
vn 0.0164 -0.0899 -0.9958
vn 0.0717 -0.1023 0.9922
vn -0.3276 0.1358 -0.9350
vn -0.4611 -0.1718 -0.8706
vn -0.1698 -0.2111 -0.9626
vn -0.0048 0.1244 -0.9922
vn 0.9774 -0.0558 0.2037
vn 0.5753 0.1140 0.8099
vn 0.2893 -0.4004 0.8695
vn -0.8367 -0.0761 -0.5424
vn 0.9233 0.1035 0.3698
vn 0.9252 0.3381 0.1724
vn -0.2700 0.5907 -0.7604
vn 0.2052 -0.1632 0.9650
vn -0.1341 -0.2196 0.9663
vn 0.0937 0.0058 -0.9956
vn 0.3497 -0.8678 0.3531
vn -0.0245 0.9111 -0.4115
vn -0.0748 -0.6529 0.7537
vn 0.2653 -0.6150 0.7426
vn -0.3480 0.8579 -0.3780
vn 0.1893 -0.9461 0.2629
vn -0.3699 0.5550 -0.7451
vn 0.2492 0.0487 0.9672
vn 0.0883 -0.2380 0.9672
vn -0.6664 0.0262 -0.7451
vn 0.3266 -0.2816 0.9022
vn -0.2555 -0.1421 -0.9563
vn -0.0262 -0.6664 -0.7451
vn -0.2380 -0.0883 0.9672
vn -0.0487 0.2491 0.9672
vn 0.5550 0.3699 -0.7451
vn -0.0867 0.0972 0.9915
vn 0.3925 0.5454 0.7406
vn 0.3113 0.0035 0.9503
vn 0.4242 -0.5597 0.7119
vn -0.5172 0.1773 -0.8373
vn -0.4189 0.6061 -0.6762
vn 0.4972 0.0425 -0.8666
vn 0.1296 -0.3772 -0.9170
vn 0.0938 -0.1839 0.9785
vn -0.4221 -0.0195 -0.9063
vn -0.0416 0.2808 -0.9589
vn -0.5210 0.3724 0.7680
vn -0.1330 0.3318 0.9339
vn -0.4146 0.0510 0.9086
vn 0.4198 -0.2933 -0.8589
vn 0.4979 -0.0123 -0.8671
vn 0.2565 -0.1509 0.9547
vn -0.0907 -0.6712 -0.7357
vn -0.5920 -0.4052 -0.6966
vn 0.3426 0.3718 0.8628
vn -0.2089 -0.1980 0.9577
vn -0.0010 0.4185 -0.9082
vn 0.2280 -0.2495 -0.9411
vn -0.1858 0.1042 -0.9770
vn -0.0337 0.1581 0.9868
vn 0.0042 -0.4418 0.8971
vn 0.3342 0.2162 -0.9174
vn 0.3228 0.2884 -0.9015
vn 0.1391 0.3412 -0.9296
vn -0.4788 -0.3888 0.7872
vn 0.1647 0.0069 0.9863
vn 0.0174 0.2126 0.9770
vn -0.0483 0.2517 -0.9666
vn 0.0809 -0.0423 -0.9958
vn 0.1247 -0.0064 0.9922
vn -0.3085 -0.1749 -0.9350
vn -0.1481 -0.4692 -0.8706
vn 0.0620 -0.2637 -0.9626
vn -0.1010 0.0727 -0.9922
vn 0.6451 0.7364 0.2037
vn 0.2639 0.5238 0.8099
vn 0.4936 -0.0181 0.8695
vn -0.4545 -0.7066 -0.5424
vn 0.4862 0.7918 0.3698
vn 0.3023 0.9375 0.1724
vn -0.6319 0.1504 -0.7604
vn 0.2549 0.0615 0.9650
vn 0.0907 -0.2408 0.9663
vn 0.0530 0.0775 -0.9956
vn 0.8993 -0.2579 0.3531
vn -0.7335 0.5410 -0.4115
vn 0.4689 -0.4605 0.7537
vn 0.6481 -0.1689 0.7426
vn -0.8905 0.2532 -0.3780
vn 0.8625 -0.4325 0.2629
vn -0.2043 0.8479 -0.4892
vn 0.3492 -0.3386 0.8737
vn 0.0915 -0.5393 0.8371
vn -0.6796 0.4778 -0.5567
vn 0.2863 -0.6386 0.7143
vn -0.3898 0.2543 -0.8851
vn -0.3590 -0.3545 -0.8634
vn -0.1502 -0.2960 0.9433
vn 0.1532 -0.0597 0.9864
vn 0.5726 0.3710 -0.7311
vn 0.0624 -0.1896 0.9799
vn 0.6478 0.1245 0.7516
vn 0.3871 -0.3946 0.8334
vn 0.2488 -0.8603 0.4450
vn -0.4944 0.5901 -0.6382
vn -0.2223 0.8887 -0.4009
vn 0.3809 0.1368 -0.9145
vn -0.1229 -0.0969 -0.9877
vn 0.1185 -0.4965 0.8599
vn -0.4902 0.4042 -0.7722
vn -0.0313 0.5591 -0.8285
vn -0.2536 0.2708 0.9286
vn 0.1042 0.0525 0.9932
vn -0.2648 -0.0944 0.9597
vn 0.1816 -0.1382 -0.9736
vn 0.3604 0.0879 -0.9286
vn 0.2779 -0.5148 0.8111
vn -0.4190 -0.3399 -0.8420
vn -0.7722 0.0540 -0.6330
vn 0.5482 -0.0506 0.8348
vn -0.1667 -0.4004 0.9010
vn 0.0643 0.6523 -0.7553
vn 0.0139 -0.0092 -0.9999
vn -0.2334 0.4563 -0.8587
vn 0.1340 -0.1518 0.9793
vn -0.0715 -0.6706 0.7384
vn 0.2929 0.3619 -0.8850
vn 0.3119 0.4251 -0.8497
vn -0.5056 -0.4265 0.7500
vn 0.2577 -0.3532 0.8994
vn 0.2008 -0.1175 0.9726
vn -0.0494 0.5378 -0.8416
vn -0.0471 0.2416 -0.9692
vn 0.2166 -0.3533 0.9101
vn -0.4488 0.2365 -0.8618
vn -0.4081 -0.0993 -0.9075
vn -0.1461 0.0409 -0.9884
vn -0.1693 0.4043 -0.8988
vn 0.8963 0.3745 0.2374
vn 0.5289 0.1274 0.8390
vn 0.5374 -0.4505 0.7129
vn -0.7458 -0.3080 -0.5907
vn 0.7894 0.4262 0.4418
vn 0.6560 0.6787 0.3302
vn -0.6018 0.5812 -0.5478
vn 0.3592 -0.3285 0.8735
vn 0.0925 -0.5423 0.8351
vn -0.0266 0.3576 -0.9335
vn 0.7627 -0.6418 0.0794
vn -0.5080 0.8556 -0.0999
vn 0.3324 -0.8000 0.4996
vn 0.6077 -0.5978 0.5229
vn -0.7591 0.6423 -0.1060
vn 0.6522 -0.7569 -0.0412
vn 0.6506 0.5809 -0.4892
vn -0.1333 -0.4678 0.8737
vn -0.4320 -0.3356 0.8371
vn 0.0997 0.8247 -0.5567
vn -0.4273 -0.5542 0.7143
vn 0.0398 0.4637 -0.8851
vn -0.4821 0.1487 -0.8634
vn -0.3319 -0.0076 0.9433
vn 0.0198 -0.1632 0.9864
vn 0.5976 -0.3291 -0.7311
vn -0.1375 -0.1446 0.9799
vn 0.4160 -0.5120 0.7515
vn -0.1647 -0.5276 0.8334
vn -0.6404 -0.6259 0.4450
vn 0.2862 0.7147 -0.6382
vn 0.6780 0.6161 -0.4009
vn 0.3006 -0.2709 -0.9145
vn -0.1435 0.0625 -0.9877
vn -0.3815 -0.3392 0.8599
vn 0.1244 0.6230 -0.7722
vn 0.4778 0.2919 -0.8285
vn 0.1187 0.3515 0.9287
vn 0.0955 -0.0670 0.9932
vn -0.2084 0.1887 0.9597
vn -0.0359 -0.2254 -0.9736
vn 0.2479 -0.2760 -0.9286
vn -0.3222 -0.4882 0.8111
vn -0.4976 0.2085 -0.8420
vn -0.3176 0.7060 -0.6330
vn 0.2146 -0.5069 0.8348
vn -0.4316 -0.0424 0.9010
vn 0.6051 0.2518 -0.7553
vn -0.0015 -0.0166 -0.9999
vn 0.2917 0.4214 -0.8587
vn -0.0704 -0.1899 0.9793
vn -0.6247 -0.2541 0.7384
vn 0.4574 -0.0870 -0.8850
vn 0.5220 -0.0738 -0.8497
vn -0.6148 0.2438 0.7500
vn -0.1893 -0.3941 0.8994
vn -0.0086 -0.2325 0.9726
vn 0.4505 0.2978 -0.8416
vn 0.1907 0.1557 -0.9692
vn -0.2089 -0.3578 0.9101
vn -0.0038 0.5073 -0.8618
vn -0.2805 0.3126 -0.9075
vn -0.0330 0.1481 -0.9884
vn 0.2762 0.3404 -0.8988
vn 0.7538 -0.6128 0.2374
vn 0.3624 -0.4058 0.8390
vn -0.1428 -0.6866 0.7129
vn -0.6240 0.5116 -0.5907
vn 0.7488 -0.4940 0.4418
vn 0.9082 -0.2572 0.3302
vn 0.2276 0.8051 -0.5478
vn -0.1197 -0.4719 0.8735
vn -0.4342 -0.3379 0.8351
vn 0.3025 0.1925 -0.9335
vn -0.2049 -0.9756 0.0794
vn 0.5137 0.8521 -0.0999
vn -0.5478 -0.6711 0.4996
vn -0.2394 -0.8181 0.5229
vn 0.2071 0.9726 -0.1060
vn -0.3586 -0.9326 -0.0412
vn 0.0979 -0.0273 -0.9948
vn 0.2959 0.9461 -0.1316
vn 0.3317 -0.8914 0.3088
vn 0.0423 -0.8845 0.4645
vn -0.2377 0.9588 0.1557
vn 0.0047 -0.9725 0.2327
vn -0.4189 0.8602 -0.2907
vn -0.8430 0.4238 -0.3312
vn 0.1560 -0.6681 0.7275
vn 0.4966 -0.6762 0.5441
vn 0.2030 0.3990 -0.8942
vn 0.3541 -0.7173 0.6001
vn 0.7592 -0.6501 0.0302
vn 0.2895 -0.9238 0.2507
vn -0.3045 -0.9500 0.0685
vn -0.1044 0.9941 -0.0302
vn 0.3592 0.9315 -0.0570
vn -0.1489 0.4363 -0.8874
vn -0.5983 0.5574 -0.5757
vn 0.0977 -0.8815 0.4620
vn -0.3030 0.9437 -0.1329
vn 0.0052 0.8647 -0.5023
vn 0.5176 -0.2300 0.8242
vn 0.5590 -0.5816 0.5909
vn 0.2574 -0.4881 0.8340
vn -0.4756 0.3786 -0.7940
vn -0.2015 0.4211 -0.8844
vn 0.1377 -0.9406 0.3103
vn -0.8510 0.4495 -0.2717
vn -0.6312 0.7608 0.1507
vn 0.6215 -0.7688 0.1506
vn 0.0510 -0.7065 0.7059
vn 0.1547 0.8406 -0.5191
vn -0.4735 0.5592 -0.6805
vn -0.1821 0.9076 -0.3783
vn 0.4161 -0.7251 0.5487
vn -0.3543 -0.6550 0.6674
vn -0.1797 -0.8399 0.5121
vn -0.0111 0.6122 -0.7906
vn 0.0613 0.6256 -0.7777
vn -0.2027 -0.4786 0.8543
vn 0.2891 -0.8729 0.3929
vn 0.4703 -0.7296 0.4966
vn -0.0254 0.8664 -0.4988
vn -0.3032 0.7390 -0.6016
vn 0.2743 -0.8598 0.4306
vn -0.4493 0.8626 -0.2324
vn -0.6992 0.6438 -0.3109
vn -0.5081 0.6614 -0.5517
vn -0.2086 0.8655 -0.4553
vn 0.8197 -0.3045 -0.4851
vn 0.7456 -0.6424 0.1770
vn 0.2635 -0.9630 0.0557
vn -0.8656 0.4807 0.1405
vn 0.9033 -0.3364 -0.2662
vn 0.9726 -0.0402 -0.2289
vn -0.1198 0.9867 0.1095
vn 0.3439 -0.8892 0.3018
vn 0.0396 -0.8859 0.4623
vn -0.1909 0.7869 -0.5868
vn -0.0693 -0.8352 -0.5456
vn 0.3398 0.8712 0.3544
vn -0.1940 -0.9799 0.0463
vn 0.0986 -0.9864 -0.1313
vn 0.0588 0.8490 0.5251
vn -0.2644 -0.7918 -0.5506
vn -0.3830 0.5853 -0.7146
vt 0.364596 0.452060
vt 0.243587 0.511496
vt 0.592251 0.475196
vt 0.700507 0.561962
vt 0.691445 0.424407
vt 0.257610 0.394200
vt 0.478421 0.463630
vt 0.489991 0.349801
vt 0.407017 0.376067
vt 0.466855 0.577455
vt 0.549828 0.551189
vt 0.565984 0.392223
vt 0.534140 0.289344
vt 0.612764 0.356902
vt 0.390863 0.535033
vt 0.386475 0.680561
vt 0.416687 0.240883
vt 0.526152 0.696938
vt 0.547034 0.283583
vt 0.704574 0.248264
vt 0.612821 0.356849
vt 0.565984 0.392223
vt 0.705705 0.248660
vt 0.735242 0.094685
vt 0.641376 0.171753
vt 0.853424 0.209302
vt 0.787885 0.151464
vt 0.779499 0.347608
vt 0.703505 0.412201
vt 0.615315 0.178647
vt 0.804993 0.132824
vt 0.904835 0.049446
vt 0.850400 0.183189
vt 0.789298 0.302040
vt 0.891949 0.037436
vt 0.759326 0.089351
vt 0.879063 0.025427
vt 0.550826 0.711190
vt 0.724697 0.765622
vt 0.622879 0.820797
vt 0.619596 0.636742
vt 0.618963 0.636084
vt 0.807188 0.708636
vt 0.797492 0.856757
vt 0.786456 0.839485
vt 0.871200 0.785584
vt 0.701082 0.594790
vt 0.802252 0.669288
vt 0.838488 0.964156
vt 0.726317 0.897908
vt 0.708018 0.898501
vt 0.649868 0.831355
vt 0.860399 0.949573
vt 0.882309 0.934991
vt 0.872211 0.797211
vt 0.226456 0.365328
vt 0.228608 0.210774
vt 0.323104 0.304888
vt 0.322364 0.147422
vt 0.397776 0.221698
vt 0.240836 0.219555
vt 0.238040 0.098070
vt 0.179353 0.156973
vt 0.158764 0.262205
vt 0.114488 0.210113
vt 0.164160 0.296133
vt 0.155555 0.129970
vt 0.126191 0.135031
vt 0.152149 0.113613
vt 0.298381 0.142170
vt 0.105885 0.184949
vt 0.214968 0.093812
vt 0.306106 0.604151
vt 0.287057 0.737742
vt 0.373763 0.692452
vt 0.229236 0.666838
vt 0.185300 0.654928
vt 0.172697 0.601987
vt 0.229884 0.666846
vt 0.210476 0.674498
vt 0.172062 0.595943
vt 0.240590 0.523812
vt 0.225183 0.702754
vt 0.275327 0.741504
vt 0.200008 0.683185
vt 0.178108 0.092194
s 0
g leavesMesh_leavesMat
usemtl leavesMat
f 1/1/1 2/1/1 93/2/1
f 8/3/2 7/3/2 87/4/2
f 7/3/3 8/3/3 69/5/3
f 2/1/4 1/1/4 97/6/4
f 18/7/5 5/8/5 15/9/5
f 17/7/6 2/1/6 16/9/6
f 4/10/7 17/7/7 14/11/7
f 7/3/8 18/7/8 13/11/8
f 12/12/9 83/13/9 21/14/9
f 9/15/10 91/16/10 3/10/10
f 3/10/11 18/7/11 9/15/11
f 8/3/12 17/7/12 12/12/12
f 17/7/13 6/8/13 12/12/13
f 18/7/14 1/1/14 9/15/14
f 16/9/15 82/17/15 6/8/15
f 14/11/16 90/18/16 4/10/16
f 22/19/17 25/20/17 21/14/17
f 12/12/18 69/5/18 8/3/18
f 6/8/19 5/8/19 83/13/19
f 7/3/20 20/21/20 11/22/20
f 5/8/21 20/21/21 83/13/21
f 24/23/22 85/24/22 26/25/22
f 24/23/23 27/26/23 29/27/23
f 21/14/24 86/28/24 19/29/24
f 19/29/25 24/23/25 20/21/25
f 22/19/26 24/23/26 84/30/26
f 30/31/27 32/32/27 28/33/27
f 26/25/28 30/31/28 25/20/28
f 25/20/29 27/26/29 23/34/29
f 28/33/30 33/35/30 29/27/30
f 31/36/31 33/35/31 34/37/31
f 31/36/32 33/35/32 30/31/32
f 35/38/33 41/39/33 89/40/33
f 3/10/34 36/41/34 13/11/34
f 7/3/35 36/41/35 87/4/35
f 14/11/36 87/4/36 37/42/36
f 3/10/37 4/10/37 90/18/37
f 43/43/38 46/44/38 41/39/38
f 43/43/39 45/45/39 48/46/39
f 35/38/40 40/39/40 36/41/40
f 38/47/41 40/39/41 42/48/41
f 38/47/42 41/39/42 37/42/42
f 46/44/43 49/49/43 44/50/43
f 45/45/44 88/51/44 46/44/44
f 41/39/45 88/51/45 39/52/45
f 40/39/46 88/51/46 45/45/46
f 45/45/47 49/49/47 50/53/47
f 45/45/48 51/54/48 47/55/48
f 46/44/49 51/54/49 50/53/49
f 44/50/50 45/45/50 46/44/50
f 52/56/51 59/57/51 55/58/51
f 55/58/52 94/59/52 53/60/52
f 15/9/53 82/17/53 54/58/53
f 1/1/54 54/58/54 97/6/54
f 16/9/55 97/6/55 55/58/55
f 5/8/56 6/8/56 82/17/56
f 58/61/57 61/62/57 62/63/57
f 56/64/58 62/63/58 96/65/58
f 52/56/59 58/61/59 81/66/59
f 54/58/60 94/59/60 58/61/60
f 63/67/61 64/68/61 66/69/61
f 59/57/62 61/62/62 57/70/62
f 59/57/63 96/65/63 63/67/63
f 62/63/64 64/68/64 60/71/64
f 95/72/65 66/69/65 62/63/65
f 67/73/66 92/74/66 71/75/66
f 10/15/67 93/2/67 2/1/67
f 10/15/68 91/16/68 70/73/68
f 9/15/69 93/2/69 67/73/69
f 4/10/70 3/10/70 91/16/70
f 75/76/71 78/77/71 74/78/71
f 72/79/72 78/77/72 77/80/72
f 71/75/73 75/76/73 70/73/73
f 67/73/74 73/81/74 72/79/74
f 68/82/75 75/76/75 73/81/75
f 72/79/76 80/83/76 76/84/76
f 75/76/77 80/83/77 79/85/77
f 79/85/78 77/80/78 78/77/78
f 97/6/79 54/58/79 55/58/79
f 82/17/80 55/58/80 54/58/80
f 83/13/81 20/21/81 21/14/81
f 84/30/82 24/23/82 25/20/82
f 85/24/83 29/27/83 30/31/83
f 94/59/84 59/57/84 58/61/84
f 61/62/85 63/67/85 62/63/85
f 81/66/86 58/61/86 59/57/86
f 96/65/87 62/63/87 63/67/87
f 93/2/88 70/73/88 67/73/88
f 73/81/89 75/76/89 72/79/89
f 92/74/89 72/79/89 75/76/89
f 91/16/90 67/73/90 70/73/90
f 90/18/91 37/42/91 36/41/91
f 87/4/92 36/41/92 37/42/92
f 89/40/93 41/39/93 40/39/93
f 42/48/94 40/39/94 41/39/94
f 71/75/95 70/73/95 67/73/95
f 72/79/96 76/84/96 75/76/96
f 68/82/97 67/73/97 70/73/97
f 74/78/98 72/79/98 75/76/98
f 52/56/99 55/58/99 54/58/99
f 58/61/100 56/64/100 59/57/100
f 62/63/101 60/71/101 63/67/101
f 55/58/102 53/60/102 54/58/102
f 57/70/103 58/61/103 59/57/103
f 95/72/104 62/63/104 63/67/104
f 31/36/105 30/31/105 29/27/105
f 26/25/106 25/20/106 24/23/106
f 22/19/107 21/14/107 20/21/107
f 27/26/108 30/31/108 29/27/108
f 24/23/109 86/28/109 25/20/109
f 30/31/110 28/33/110 29/27/110
f 23/34/111 24/23/111 25/20/111
f 21/14/112 19/29/112 20/21/112
f 20/21/81 69/5/81 21/14/81
f 36/41/113 38/47/113 37/42/113
f 40/39/114 43/43/114 41/39/114
f 47/55/115 46/44/115 45/45/115
f 39/52/116 40/39/116 41/39/116
f 35/38/117 36/41/117 37/42/117
f 48/46/118 45/45/118 46/44/118
f 98/1/119 99/1/119 190/2/119
f 105/3/120 104/3/120 184/4/120
f 104/3/121 105/3/121 166/5/121
f 99/1/122 98/1/122 194/6/122
f 115/7/123 102/8/123 112/9/123
f 114/7/124 99/1/124 113/9/124
f 101/10/125 114/7/125 111/11/125
f 104/3/126 115/7/126 110/11/126
f 109/12/127 180/13/127 118/14/127
f 106/15/128 188/16/128 100/10/128
f 100/10/129 115/7/129 106/15/129
f 105/3/130 114/7/130 109/12/130
f 114/7/131 103/8/131 109/12/131
f 115/7/132 98/1/132 106/15/132
f 113/9/133 179/17/133 103/8/133
f 111/11/134 187/18/134 101/10/134
f 119/19/135 122/20/135 118/14/135
f 109/12/136 166/5/136 105/3/136
f 103/8/137 102/8/137 180/13/137
f 104/3/138 117/21/138 108/22/138
f 102/8/139 117/21/139 180/13/139
f 121/23/140 182/24/140 123/25/140
f 121/23/141 124/26/141 126/27/141
f 118/14/142 183/28/142 116/29/142
f 116/29/143 121/23/143 117/21/143
f 119/19/144 121/23/144 181/30/144
f 127/31/145 129/32/145 125/33/145
f 123/25/146 127/31/146 122/20/146
f 122/20/147 124/26/147 120/34/147
f 125/33/148 130/35/148 126/27/148
f 128/36/149 130/35/149 131/37/149
f 128/36/150 130/35/150 127/31/150
f 132/38/151 138/39/151 186/40/151
f 100/10/152 133/41/152 110/11/152
f 104/3/153 133/41/153 184/4/153
f 111/11/154 184/4/154 134/42/154
f 100/10/155 101/10/155 187/18/155
f 140/43/156 143/44/156 138/39/156
f 140/43/157 142/45/157 145/46/157
f 132/38/158 137/39/158 133/41/158
f 135/47/159 137/39/159 139/48/159
f 135/47/160 138/39/160 134/42/160
f 143/44/161 146/49/161 141/50/161
f 142/45/162 185/51/162 143/44/162
f 138/39/163 185/51/163 136/52/163
f 137/39/164 185/51/164 142/45/164
f 142/45/165 146/49/165 147/53/165
f 142/45/166 148/54/166 144/55/166
f 143/44/167 148/54/167 147/53/167
f 141/50/168 142/45/168 143/44/168
f 149/56/169 156/57/169 152/58/169
f 152/58/170 191/59/170 150/60/170
f 112/9/171 179/17/171 151/58/171
f 98/1/172 151/58/172 194/6/172
f 113/9/173 194/6/173 152/58/173
f 102/8/174 103/8/174 179/17/174
f 155/61/175 158/62/175 159/63/175
f 153/64/176 159/63/176 193/65/176
f 149/56/177 155/61/177 178/66/177
f 151/58/178 191/59/178 155/61/178
f 160/67/179 161/68/179 163/69/179
f 156/57/180 158/62/180 154/70/180
f 156/57/181 193/65/181 160/67/181
f 159/63/182 161/68/182 157/71/182
f 192/72/183 163/69/183 159/63/183
f 164/73/184 189/74/184 168/75/184
f 107/15/185 190/2/185 99/1/185
f 107/15/186 188/16/186 167/73/186
f 106/15/187 190/2/187 164/73/187
f 101/10/188 100/10/188 188/16/188
f 172/76/189 175/77/189 171/78/189
f 169/79/190 175/77/190 174/80/190
f 168/75/191 172/76/191 167/73/191
f 164/73/192 170/81/192 169/79/192
f 165/82/193 172/76/193 170/81/193
f 169/79/194 177/83/194 173/84/194
f 172/76/195 177/83/195 176/85/195
f 176/85/196 174/80/196 175/77/196
f 194/6/197 151/58/197 152/58/197
f 179/17/198 152/58/198 151/58/198
f 180/13/199 117/21/199 118/14/199
f 181/30/200 121/23/200 122/20/200
f 182/24/201 126/27/201 127/31/201
f 191/59/202 156/57/202 155/61/202
f 158/62/203 160/67/203 159/63/203
f 178/66/204 155/61/204 156/57/204
f 193/65/205 159/63/205 160/67/205
f 190/2/206 167/73/206 164/73/206
f 170/81/207 172/76/207 169/79/207
f 189/74/207 169/79/207 172/76/207
f 188/16/208 164/73/208 167/73/208
f 187/18/209 134/42/209 133/41/209
f 184/4/210 133/41/210 134/42/210
f 186/40/211 138/39/211 137/39/211
f 139/48/212 137/39/212 138/39/212
f 168/75/213 167/73/213 164/73/213
f 169/79/214 173/84/214 172/76/214
f 165/82/215 164/73/215 167/73/215
f 171/78/216 169/79/216 172/76/216
f 149/56/217 152/58/217 151/58/217
f 155/61/218 153/64/218 156/57/218
f 159/63/219 157/71/219 160/67/219
f 152/58/220 150/60/220 151/58/220
f 154/70/221 155/61/221 156/57/221
f 192/72/222 159/63/222 160/67/222
f 128/36/223 127/31/223 126/27/223
f 123/25/224 122/20/224 121/23/224
f 119/19/225 118/14/225 117/21/225
f 124/26/226 127/31/226 126/27/226
f 121/23/227 183/28/227 122/20/227
f 127/31/228 125/33/228 126/27/228
f 120/34/229 121/23/229 122/20/229
f 118/14/230 116/29/230 117/21/230
f 117/21/199 166/5/199 118/14/199
f 133/41/231 135/47/231 134/42/231
f 137/39/232 140/43/232 138/39/232
f 144/55/233 143/44/233 142/45/233
f 136/52/234 137/39/234 138/39/234
f 132/38/235 133/41/235 134/42/235
f 145/46/236 142/45/236 143/44/236
f 195/1/237 196/1/237 287/2/237
f 202/3/238 201/3/238 281/4/238
f 201/3/239 202/3/239 263/5/239
f 196/1/240 195/1/240 291/6/240
f 212/7/241 199/8/241 209/9/241
f 211/7/242 196/1/242 210/9/242
f 198/10/243 211/7/243 208/11/243
f 201/3/244 212/7/244 207/11/244
f 206/12/245 277/13/245 215/14/245
f 203/15/246 285/16/246 197/10/246
f 197/10/247 212/7/247 203/15/247
f 202/3/248 211/7/248 206/12/248
f 211/7/249 200/8/249 206/12/249
f 212/7/250 195/1/250 203/15/250
f 210/9/251 276/17/251 200/8/251
f 208/11/252 284/18/252 198/10/252
f 216/19/253 219/20/253 215/14/253
f 206/12/254 263/5/254 202/3/254
f 200/8/255 199/8/255 277/13/255
f 201/3/256 214/21/256 205/22/256
f 199/8/257 214/21/257 277/13/257
f 218/23/258 279/24/258 220/25/258
f 218/23/259 221/26/259 223/27/259
f 215/14/260 280/28/260 213/29/260
f 213/29/261 218/23/261 214/21/261
f 216/19/262 218/23/262 278/30/262
f 224/31/263 226/32/263 222/33/263
f 220/25/264 224/31/264 219/20/264
f 219/20/265 221/26/265 217/34/265
f 222/33/266 227/35/266 223/27/266
f 225/36/267 228/37/267 227/35/267
f 225/36/268 227/35/268 224/31/268
f 229/38/269 235/39/269 283/40/269
f 197/10/270 230/41/270 207/11/270
f 201/3/271 230/41/271 281/4/271
f 208/11/272 281/4/272 231/42/272
f 197/10/273 198/10/273 284/18/273
f 237/43/274 240/44/274 235/39/274
f 237/43/275 239/45/275 242/46/275
f 229/38/276 234/39/276 230/41/276
f 232/47/277 234/39/277 236/48/277
f 232/47/278 235/39/278 231/42/278
f 240/44/279 243/49/279 238/50/279
f 239/45/280 282/51/280 240/44/280
f 235/39/281 282/51/281 233/52/281
f 234/39/282 282/51/282 239/45/282
f 239/45/283 243/49/283 244/53/283
f 239/45/284 245/54/284 241/55/284
f 240/44/285 245/54/285 244/53/285
f 238/50/286 239/45/286 240/44/286
f 246/56/287 253/57/287 249/58/287
f 249/58/288 288/59/288 247/60/288
f 209/9/289 276/17/289 248/58/289
f 195/1/290 248/58/290 291/6/290
f 210/9/291 291/6/291 249/58/291
f 199/8/292 200/8/292 276/17/292
f 252/61/293 255/62/293 256/63/293
f 250/64/294 256/63/294 290/65/294
f 246/56/295 252/61/295 275/66/295
f 248/58/296 288/59/296 252/61/296
f 257/67/297 258/68/297 260/69/297
f 253/57/298 255/62/298 251/70/298
f 253/57/299 290/65/299 257/67/299
f 256/63/300 258/68/300 254/71/300
f 289/72/301 260/69/301 256/63/301
f 261/73/302 286/74/302 265/75/302
f 204/15/303 287/2/303 196/1/303
f 204/15/304 285/16/304 264/73/304
f 203/15/305 287/2/305 261/73/305
f 198/10/306 197/10/306 285/16/306
f 269/76/307 272/77/307 268/78/307
f 266/79/308 272/77/308 271/80/308
f 265/75/309 269/76/309 264/73/309
f 261/73/310 267/81/310 266/79/310
f 262/82/311 269/76/311 267/81/311
f 266/79/312 274/83/312 270/84/312
f 269/76/313 274/83/313 273/85/313
f 273/85/314 271/80/314 272/77/314
f 291/6/315 248/58/315 249/58/315
f 276/17/316 249/58/316 248/58/316
f 277/13/317 214/21/317 215/14/317
f 278/30/318 218/23/318 219/20/318
f 279/24/319 223/27/319 224/31/319
f 288/59/320 253/57/320 252/61/320
f 255/62/321 257/67/321 256/63/321
f 275/66/322 252/61/322 253/57/322
f 290/65/323 256/63/323 257/67/323
f 287/2/324 264/73/324 261/73/324
f 267/81/325 269/76/325 266/79/325
f 286/74/325 266/79/325 269/76/325
f 285/16/326 261/73/326 264/73/326
f 284/18/327 231/42/327 230/41/327
f 281/4/328 230/41/328 231/42/328
f 283/40/329 235/39/329 234/39/329
f 236/48/330 234/39/330 235/39/330
f 265/75/331 264/73/331 261/73/331
f 266/79/332 270/84/332 269/76/332
f 262/82/333 261/73/333 264/73/333
f 268/78/334 266/79/334 269/76/334
f 246/56/335 249/58/335 248/58/335
f 252/61/336 250/64/336 253/57/336
f 256/63/337 254/71/337 257/67/337
f 249/58/338 247/60/338 248/58/338
f 251/70/339 252/61/339 253/57/339
f 289/72/340 256/63/340 257/67/340
f 225/36/341 224/31/341 223/27/341
f 220/25/342 219/20/342 218/23/342
f 216/19/343 215/14/343 214/21/343
f 221/26/344 224/31/344 223/27/344
f 218/23/345 280/28/345 219/20/345
f 224/31/346 222/33/346 223/27/346
f 217/34/347 218/23/347 219/20/347
f 215/14/348 213/29/348 214/21/348
f 214/21/317 263/5/317 215/14/317
f 230/41/349 232/47/349 231/42/349
f 234/39/350 237/43/350 235/39/350
f 241/55/351 240/44/351 239/45/351
f 233/52/352 234/39/352 235/39/352
f 229/38/353 230/41/353 231/42/353
f 242/46/354 239/45/354 240/44/354
f 292/1/355 293/1/355 384/2/355
f 299/3/356 298/3/356 378/4/356
f 298/3/357 299/3/357 360/5/357
f 293/1/358 292/1/358 388/6/358
f 309/7/359 296/8/359 306/9/359
f 308/7/360 293/1/360 307/9/360
f 295/10/361 308/7/361 305/11/361
f 298/3/362 309/7/362 304/11/362
f 303/12/363 374/13/363 312/14/363
f 300/15/364 382/16/364 294/10/364
f 294/10/365 309/7/365 300/15/365
f 299/3/366 308/7/366 303/12/366
f 308/7/367 297/8/367 303/12/367
f 309/7/368 292/1/368 300/15/368
f 307/9/369 373/17/369 297/8/369
f 305/11/370 381/18/370 295/10/370
f 313/19/371 316/20/371 312/14/371
f 303/12/372 360/5/372 299/3/372
f 297/8/373 296/8/373 374/13/373
f 298/3/374 311/21/374 302/22/374
f 296/8/375 311/21/375 374/13/375
f 315/23/376 376/24/376 317/25/376
f 315/23/377 318/26/377 320/27/377
f 312/14/378 377/28/378 310/29/378
f 310/29/379 315/23/379 311/21/379
f 313/19/380 315/23/380 375/30/380
f 321/31/381 323/32/381 319/33/381
f 317/25/382 321/31/382 316/20/382
f 316/20/383 318/26/383 314/34/383
f 319/33/384 324/35/384 320/27/384
f 322/36/385 325/37/385 324/35/385
f 322/36/386 324/35/386 321/31/386
f 326/38/387 332/39/387 380/40/387
f 294/10/388 327/41/388 304/11/388
f 298/3/389 327/41/389 378/4/389
f 305/11/390 378/4/390 328/42/390
f 294/10/391 295/10/391 381/18/391
f 334/43/392 337/44/392 332/39/392
f 334/43/393 336/45/393 339/46/393
f 326/38/394 331/39/394 327/41/394
f 329/47/395 331/39/395 333/48/395
f 329/47/396 332/39/396 328/42/396
f 337/44/397 340/49/397 335/50/397
f 336/45/398 379/51/398 337/44/398
f 332/39/399 379/51/399 330/52/399
f 331/39/400 379/51/400 336/45/400
f 336/45/401 340/49/401 341/53/401
f 336/45/402 342/54/402 338/55/402
f 337/44/403 342/54/403 341/53/403
f 335/50/404 336/45/404 337/44/404
f 343/56/405 350/57/405 346/58/405
f 346/58/406 385/59/406 344/60/406
f 306/9/407 373/17/407 345/58/407
f 292/1/408 345/58/408 388/6/408
f 307/9/409 388/6/409 346/58/409
f 296/8/410 297/8/410 373/17/410
f 349/61/411 352/62/411 353/63/411
f 347/64/412 353/63/412 387/65/412
f 343/56/413 349/61/413 372/66/413
f 345/58/414 385/59/414 349/61/414
f 354/67/415 355/68/415 357/69/415
f 350/57/416 352/62/416 348/70/416
f 350/57/417 387/65/417 354/67/417
f 353/63/418 355/68/418 351/71/418
f 386/72/419 357/69/419 353/63/419
f 358/73/420 383/74/420 362/75/420
f 301/15/421 384/2/421 293/1/421
f 301/15/422 382/16/422 361/73/422
f 300/15/423 384/2/423 358/73/423
f 295/10/424 294/10/424 382/16/424
f 366/76/425 369/77/425 365/78/425
f 363/79/426 369/77/426 368/80/426
f 362/75/427 366/76/427 361/73/427
f 358/73/428 364/81/428 363/79/428
f 359/82/429 366/76/429 364/81/429
f 363/79/430 371/83/430 367/84/430
f 366/76/431 371/83/431 370/85/431
f 370/85/432 368/80/432 369/77/432
f 388/6/433 345/58/433 346/58/433
f 373/17/434 346/58/434 345/58/434
f 374/13/435 311/21/435 312/14/435
f 375/30/436 315/23/436 316/20/436
f 376/24/437 320/27/437 321/31/437
f 385/59/438 350/57/438 349/61/438
f 352/62/439 354/67/439 353/63/439
f 372/66/440 349/61/440 350/57/440
f 387/65/441 353/63/441 354/67/441
f 384/2/442 361/73/442 358/73/442
f 364/81/443 366/76/443 363/79/443
f 383/74/443 363/79/443 366/76/443
f 382/16/444 358/73/444 361/73/444
f 381/18/445 328/42/445 327/41/445
f 378/4/446 327/41/446 328/42/446
f 380/40/447 332/39/447 331/39/447
f 333/48/448 331/39/448 332/39/448
f 362/75/449 361/73/449 358/73/449
f 363/79/450 367/84/450 366/76/450
f 359/82/451 358/73/451 361/73/451
f 365/78/452 363/79/452 366/76/452
f 343/56/453 346/58/453 345/58/453
f 349/61/454 347/64/454 350/57/454
f 353/63/455 351/71/455 354/67/455
f 346/58/456 344/60/456 345/58/456
f 348/70/457 349/61/457 350/57/457
f 386/72/458 353/63/458 354/67/458
f 322/36/459 321/31/459 320/27/459
f 317/25/460 316/20/460 315/23/460
f 313/19/461 312/14/461 311/21/461
f 318/26/462 321/31/462 320/27/462
f 315/23/463 377/28/463 316/20/463
f 321/31/464 319/33/464 320/27/464
f 314/34/465 315/23/465 316/20/465
f 312/14/466 310/29/466 311/21/466
f 311/21/435 360/5/435 312/14/435
f 327/41/467 329/47/467 328/42/467
f 331/39/468 334/43/468 332/39/468
f 338/55/469 337/44/469 336/45/469
f 330/52/470 331/39/470 332/39/470
f 326/38/471 327/41/471 328/42/471
f 339/46/472 336/45/472 337/44/472
f 389/1/473 390/1/473 481/2/473
f 396/3/474 395/3/474 475/4/474
f 395/3/475 396/3/475 457/5/475
f 390/1/476 389/1/476 485/6/476
f 406/7/477 393/8/477 403/9/477
f 405/7/478 390/1/478 404/9/478
f 392/10/479 405/7/479 402/11/479
f 395/3/480 406/7/480 401/11/480
f 400/12/481 471/13/481 409/14/481
f 397/15/482 479/16/482 391/10/482
f 391/10/483 406/7/483 397/15/483
f 396/3/484 405/7/484 400/12/484
f 405/7/485 394/8/485 400/12/485
f 406/7/486 389/1/486 397/15/486
f 404/9/487 470/17/487 394/8/487
f 402/11/488 478/18/488 392/10/488
f 410/19/489 413/20/489 409/14/489
f 400/12/490 457/5/490 396/3/490
f 394/8/491 393/8/491 471/13/491
f 395/3/492 408/21/492 399/22/492
f 393/8/493 408/21/493 471/13/493
f 412/23/494 473/24/494 414/25/494
f 412/23/495 415/26/495 417/27/495
f 409/14/496 474/28/496 407/29/496
f 407/29/497 412/23/497 408/21/497
f 410/19/498 412/23/498 472/30/498
f 418/31/499 420/32/499 416/33/499
f 414/25/500 418/31/500 413/20/500
f 413/20/501 415/26/501 411/34/501
f 416/33/502 421/35/502 417/27/502
f 419/36/503 421/35/503 422/37/503
f 419/36/504 421/35/504 418/31/504
f 423/38/505 429/39/505 477/40/505
f 391/10/506 424/41/506 401/11/506
f 395/3/507 424/41/507 475/4/507
f 402/11/508 475/4/508 425/42/508
f 391/10/509 392/10/509 478/18/509
f 431/43/510 434/44/510 429/39/510
f 431/43/511 433/45/511 436/46/511
f 423/38/512 428/39/512 424/41/512
f 426/47/513 428/39/513 430/48/513
f 426/47/514 429/39/514 425/42/514
f 434/44/515 437/49/515 432/50/515
f 433/45/516 476/51/516 434/44/516
f 429/39/517 476/51/517 427/52/517
f 428/39/518 476/51/518 433/45/518
f 433/45/519 437/49/519 438/53/519
f 433/45/520 439/54/520 435/55/520
f 434/44/521 439/54/521 438/53/521
f 432/50/522 433/45/522 434/44/522
f 440/56/523 447/57/523 443/58/523
f 443/58/524 482/59/524 441/60/524
f 403/9/525 470/17/525 442/58/525
f 389/1/526 442/58/526 485/6/526
f 404/9/527 485/6/527 443/58/527
f 393/8/528 394/8/528 470/17/528
f 446/61/529 449/62/529 450/63/529
f 444/64/530 450/63/530 484/65/530
f 440/56/531 446/61/531 469/66/531
f 442/58/532 482/59/532 446/61/532
f 451/67/533 452/68/533 454/69/533
f 447/57/534 449/62/534 445/70/534
f 447/57/535 484/65/535 451/67/535
f 450/63/536 452/68/536 448/71/536
f 483/72/537 454/69/537 450/63/537
f 455/73/538 480/74/538 459/75/538
f 398/15/539 481/2/539 390/1/539
f 398/15/540 479/16/540 458/73/540
f 397/15/541 481/2/541 455/73/541
f 392/10/542 391/10/542 479/16/542
f 463/76/543 466/77/543 462/78/543
f 460/79/544 466/77/544 465/80/544
f 459/75/545 463/76/545 458/73/545
f 455/73/546 461/81/546 460/79/546
f 456/82/547 463/76/547 461/81/547
f 460/79/548 468/83/548 464/84/548
f 463/76/549 468/83/549 467/85/549
f 467/85/550 465/80/550 466/77/550
f 485/6/551 442/58/551 443/58/551
f 470/17/552 443/58/552 442/58/552
f 471/13/553 408/21/553 409/14/553
f 472/30/554 412/23/554 413/20/554
f 473/24/555 417/27/555 418/31/555
f 482/59/556 447/57/556 446/61/556
f 449/62/557 451/67/557 450/63/557
f 469/66/558 446/61/558 447/57/558
f 484/65/559 450/63/559 451/67/559
f 481/2/560 458/73/560 455/73/560
f 461/81/561 463/76/561 460/79/561
f 480/74/561 460/79/561 463/76/561
f 479/16/562 455/73/562 458/73/562
f 478/18/563 425/42/563 424/41/563
f 475/4/564 424/41/564 425/42/564
f 477/40/565 429/39/565 428/39/565
f 430/48/566 428/39/566 429/39/566
f 459/75/567 458/73/567 455/73/567
f 460/79/568 464/84/568 463/76/568
f 456/82/569 455/73/569 458/73/569
f 462/78/570 460/79/570 463/76/570
f 440/56/571 443/58/571 442/58/571
f 446/61/572 444/64/572 447/57/572
f 450/63/573 448/71/573 451/67/573
f 443/58/574 441/60/574 442/58/574
f 445/70/575 446/61/575 447/57/575
f 483/72/576 450/63/576 451/67/576
f 419/36/577 418/31/577 417/27/577
f 414/25/578 413/20/578 412/23/578
f 410/19/579 409/14/579 408/21/579
f 415/26/580 418/31/580 417/27/580
f 412/23/581 474/28/581 413/20/581
f 418/31/582 416/33/582 417/27/582
f 411/34/583 412/23/583 413/20/583
f 409/14/584 407/29/584 408/21/584
f 408/21/553 457/5/553 409/14/553
f 424/41/585 426/47/585 425/42/585
f 428/39/586 431/43/586 429/39/586
f 435/55/587 434/44/587 433/45/587
f 427/52/588 428/39/588 429/39/588
f 423/38/589 424/41/589 425/42/589
f 436/46/590 433/45/590 434/44/590
f 486/1/473 487/1/473 578/2/473
f 493/3/474 492/3/474 572/4/474
f 492/3/475 493/3/475 554/5/475
f 487/1/476 486/1/476 582/6/476
f 503/7/477 490/8/477 500/9/477
f 502/7/478 487/1/478 501/9/478
f 489/10/479 502/7/479 499/11/479
f 492/3/480 503/7/480 498/11/480
f 497/12/481 568/13/481 506/14/481
f 494/15/482 576/16/482 488/10/482
f 488/10/483 503/7/483 494/15/483
f 493/3/484 502/7/484 497/12/484
f 502/7/485 491/8/485 497/12/485
f 503/7/486 486/1/486 494/15/486
f 501/9/487 567/17/487 491/8/487
f 499/11/488 575/18/488 489/10/488
f 507/19/489 510/20/489 506/14/489
f 497/12/490 554/5/490 493/3/490
f 491/8/491 490/8/491 568/13/491
f 492/3/492 505/21/492 496/22/492
f 490/8/493 505/21/493 568/13/493
f 509/23/494 570/24/494 511/25/494
f 509/23/495 512/26/495 514/27/495
f 506/14/496 571/28/496 504/29/496
f 504/29/591 509/23/591 505/21/591
f 507/19/498 509/23/498 569/30/498
f 515/31/499 517/32/499 513/33/499
f 511/25/500 515/31/500 510/20/500
f 510/20/592 512/26/592 508/34/592
f 513/33/502 518/35/502 514/27/502
f 516/36/503 518/35/503 519/37/503
f 516/36/504 518/35/504 515/31/504
f 520/38/505 526/39/505 574/40/505
f 488/10/506 521/41/506 498/11/506
f 492/3/507 521/41/507 572/4/507
f 499/11/508 572/4/508 522/42/508
f 488/10/509 489/10/509 575/18/509
f 528/43/510 531/44/510 526/39/510
f 528/43/511 530/45/511 533/46/511
f 520/38/512 525/39/512 521/41/512
f 523/47/513 525/39/513 527/48/513
f 523/47/514 526/39/514 522/42/514
f 531/44/515 534/49/515 529/50/515
f 530/45/516 573/51/516 531/44/516
f 526/39/517 573/51/517 524/52/517
f 525/39/518 573/51/518 530/45/518
f 530/45/519 534/49/519 535/53/519
f 530/45/520 536/54/520 532/55/520
f 531/44/593 536/54/593 535/53/593
f 529/50/522 530/45/522 531/44/522
f 537/56/523 544/57/523 540/58/523
f 540/58/524 579/59/524 538/60/524
f 500/9/525 567/17/525 539/58/525
f 486/1/526 539/58/526 582/6/526
f 501/9/527 582/6/527 540/58/527
f 490/8/528 491/8/528 567/17/528
f 543/61/529 546/62/529 547/63/529
f 541/64/530 547/63/530 581/65/530
f 537/56/531 543/61/531 566/66/531
f 539/58/532 579/59/532 543/61/532
f 548/67/533 549/68/533 551/69/533
f 544/57/534 546/62/534 542/70/534
f 544/57/535 581/65/535 548/67/535
f 547/63/536 549/68/536 545/71/536
f 580/72/537 551/69/537 547/63/537
f 552/73/538 577/74/538 556/75/538
f 495/15/539 578/2/539 487/1/539
f 495/15/540 576/16/540 555/73/540
f 494/15/541 578/2/541 552/73/541
f 489/10/542 488/10/542 576/16/542
f 560/76/543 563/77/543 559/78/543
f 557/79/544 563/77/544 562/80/544
f 556/75/545 560/76/545 555/73/545
f 552/73/546 558/81/546 557/79/546
f 553/82/547 560/76/547 558/81/547
f 557/79/548 565/83/548 561/84/548
f 560/76/549 565/83/549 564/85/549
f 564/85/550 562/80/550 563/77/550
f 582/6/551 539/58/551 540/58/551
f 567/17/552 540/58/552 539/58/552
f 568/13/553 505/21/553 506/14/553
f 569/30/554 509/23/554 510/20/554
f 570/24/555 514/27/555 515/31/555
f 579/59/556 544/57/556 543/61/556
f 546/62/557 548/67/557 547/63/557
f 566/66/558 543/61/558 544/57/558
f 581/65/559 547/63/559 548/67/559
f 578/2/560 555/73/560 552/73/560
f 558/81/561 560/76/561 557/79/561
f 577/74/561 557/79/561 560/76/561
f 576/16/594 552/73/594 555/73/594
f 575/18/595 522/42/595 521/41/595
f 572/4/564 521/41/564 522/42/564
f 574/40/565 526/39/565 525/39/565
f 527/48/566 525/39/566 526/39/566
f 556/75/567 555/73/567 552/73/567
f 557/79/568 561/84/568 560/76/568
f 553/82/569 552/73/569 555/73/569
f 559/78/570 557/79/570 560/76/570
f 537/56/571 540/58/571 539/58/571
f 543/61/572 541/64/572 544/57/572
f 547/63/573 545/71/573 548/67/573
f 540/58/574 538/60/574 539/58/574
f 542/70/575 543/61/575 544/57/575
f 580/72/576 547/63/576 548/67/576
f 516/36/577 515/31/577 514/27/577
f 511/25/578 510/20/578 509/23/578
f 507/19/596 506/14/596 505/21/596
f 512/26/580 515/31/580 514/27/580
f 509/23/581 571/28/581 510/20/581
f 515/31/582 513/33/582 514/27/582
f 508/34/583 509/23/583 510/20/583
f 506/14/584 504/29/584 505/21/584
f 505/21/553 554/5/553 506/14/553
f 521/41/585 523/47/585 522/42/585
f 525/39/586 528/43/586 526/39/586
f 532/55/597 531/44/597 530/45/597
f 524/52/588 525/39/588 526/39/588
f 520/38/589 521/41/589 522/42/589
f 533/46/590 530/45/590 531/44/590
f 583/1/598 584/1/598 675/2/598
f 590/3/599 589/3/599 669/4/599
f 589/3/600 590/3/600 651/5/600
f 584/1/601 583/1/601 679/6/601
f 600/7/602 587/8/602 597/9/602
f 599/7/603 584/1/603 598/9/603
f 586/10/604 599/7/604 596/11/604
f 589/3/605 600/7/605 595/11/605
f 594/12/606 665/13/606 603/14/606
f 591/15/607 673/16/607 585/10/607
f 585/10/608 600/7/608 591/15/608
f 590/3/609 599/7/609 594/12/609
f 599/7/610 588/8/610 594/12/610
f 600/7/611 583/1/611 591/15/611
f 598/9/612 664/17/612 588/8/612
f 596/11/613 672/18/613 586/10/613
f 604/19/614 607/20/614 603/14/614
f 594/12/615 651/5/615 590/3/615
f 588/8/616 587/8/616 665/13/616
f 589/3/617 602/21/617 593/22/617
f 587/8/618 602/21/618 665/13/618
f 606/23/619 667/24/619 608/25/619
f 606/23/620 609/26/620 611/27/620
f 603/14/621 668/28/621 601/29/621
f 601/29/622 606/23/622 602/21/622
f 604/19/623 606/23/623 666/30/623
f 612/31/624 614/32/624 610/33/624
f 608/25/625 612/31/625 607/20/625
f 607/20/626 609/26/626 605/34/626
f 610/33/627 615/35/627 611/27/627
f 613/36/628 615/35/628 616/37/628
f 613/36/629 615/35/629 612/31/629
f 617/38/630 623/39/630 671/40/630
f 585/10/631 618/41/631 595/11/631
f 589/3/632 618/41/632 669/4/632
f 596/11/633 669/4/633 619/42/633
f 585/10/634 586/10/634 672/18/634
f 625/43/635 628/44/635 623/39/635
f 625/43/636 627/45/636 630/46/636
f 617/38/637 622/39/637 618/41/637
f 620/47/638 622/39/638 624/48/638
f 620/47/639 623/39/639 619/42/639
f 628/44/640 631/49/640 626/50/640
f 627/45/641 670/51/641 628/44/641
f 623/39/642 670/51/642 621/52/642
f 622/39/643 670/51/643 627/45/643
f 627/45/644 631/49/644 632/53/644
f 627/45/645 633/54/645 629/55/645
f 628/44/646 633/54/646 632/53/646
f 626/50/647 627/45/647 628/44/647
f 634/56/648 641/57/648 637/58/648
f 637/58/649 676/59/649 635/60/649
f 597/9/650 664/17/650 636/58/650
f 583/1/651 636/58/651 679/6/651
f 598/9/652 679/6/652 637/58/652
f 587/8/653 588/8/653 664/17/653
f 640/61/654 643/62/654 644/63/654
f 638/64/655 644/63/655 678/65/655
f 634/56/656 640/61/656 663/66/656
f 636/58/657 676/59/657 640/61/657
f 645/67/658 646/68/658 648/69/658
f 641/57/659 643/62/659 639/70/659
f 641/57/660 678/65/660 645/67/660
f 644/63/661 646/68/661 642/71/661
f 677/72/662 648/69/662 644/63/662
f 649/73/663 674/74/663 653/75/663
f 592/15/664 675/2/664 584/1/664
f 592/15/665 673/16/665 652/73/665
f 591/15/666 675/2/666 649/73/666
f 586/10/667 585/10/667 673/16/667
f 657/76/668 660/77/668 656/78/668
f 654/79/669 660/77/669 659/80/669
f 653/75/670 657/76/670 652/73/670
f 649/73/671 655/81/671 654/79/671
f 650/82/672 657/76/672 655/81/672
f 654/79/673 662/83/673 658/84/673
f 657/76/674 662/83/674 661/85/674
f 661/85/675 659/80/675 660/77/675
f 679/6/676 636/58/676 637/58/676
f 664/17/677 637/58/677 636/58/677
f 665/13/678 602/21/678 603/14/678
f 666/30/679 606/23/679 607/20/679
f 667/24/680 611/27/680 612/31/680
f 676/59/681 641/57/681 640/61/681
f 643/62/682 645/67/682 644/63/682
f 663/66/683 640/61/683 641/57/683
f 678/65/684 644/63/684 645/67/684
f 675/2/685 652/73/685 649/73/685
f 655/81/686 657/76/686 654/79/686
f 674/74/686 654/79/686 657/76/686
f 673/16/687 649/73/687 652/73/687
f 672/18/688 619/42/688 618/41/688
f 669/4/689 618/41/689 619/42/689
f 671/40/690 623/39/690 622/39/690
f 624/48/691 622/39/691 623/39/691
f 653/75/692 652/73/692 649/73/692
f 654/79/693 658/84/693 657/76/693
f 650/82/694 649/73/694 652/73/694
f 656/78/695 654/79/695 657/76/695
f 634/56/696 637/58/696 636/58/696
f 640/61/697 638/64/697 641/57/697
f 644/63/698 642/71/698 645/67/698
f 637/58/699 635/60/699 636/58/699
f 639/70/700 640/61/700 641/57/700
f 677/72/701 644/63/701 645/67/701
f 613/36/702 612/31/702 611/27/702
f 608/25/703 607/20/703 606/23/703
f 604/19/704 603/14/704 602/21/704
f 609/26/705 612/31/705 611/27/705
f 606/23/706 668/28/706 607/20/706
f 612/31/707 610/33/707 611/27/707
f 605/34/708 606/23/708 607/20/708
f 603/14/709 601/29/709 602/21/709
f 602/21/678 651/5/678 603/14/678
f 618/41/710 620/47/710 619/42/710
f 622/39/711 625/43/711 623/39/711
f 629/55/712 628/44/712 627/45/712
f 621/52/713 622/39/713 623/39/713
f 617/38/714 618/41/714 619/42/714
f 630/46/715 627/45/715 628/44/715
f 680/1/598 681/1/598 772/2/598
f 687/3/599 686/3/599 766/4/599
f 686/3/600 687/3/600 748/5/600
f 681/1/601 680/1/601 776/6/601
f 697/7/602 684/8/602 694/9/602
f 696/7/603 681/1/603 695/9/603
f 683/10/604 696/7/604 693/11/604
f 686/3/605 697/7/605 692/11/605
f 691/12/606 762/13/606 700/14/606
f 688/15/607 770/16/607 682/10/607
f 682/10/608 697/7/608 688/15/608
f 687/3/609 696/7/609 691/12/609
f 696/7/610 685/8/610 691/12/610
f 697/7/611 680/1/611 688/15/611
f 695/9/612 761/17/612 685/8/612
f 693/11/613 769/18/613 683/10/613
f 701/19/614 704/20/614 700/14/614
f 691/12/615 748/5/615 687/3/615
f 685/8/616 684/8/616 762/13/616
f 686/3/716 699/21/716 690/22/716
f 684/8/618 699/21/618 762/13/618
f 703/23/619 764/24/619 705/25/619
f 703/23/620 706/26/620 708/27/620
f 700/14/621 765/28/621 698/29/621
f 698/29/622 703/23/622 699/21/622
f 701/19/623 703/23/623 763/30/623
f 709/31/624 711/32/624 707/33/624
f 705/25/717 709/31/717 704/20/717
f 704/20/626 706/26/626 702/34/626
f 707/33/627 712/35/627 708/27/627
f 710/36/718 713/37/718 712/35/718
f 710/36/629 712/35/629 709/31/629
f 714/38/630 720/39/630 768/40/630
f 682/10/631 715/41/631 692/11/631
f 686/3/632 715/41/632 766/4/632
f 693/11/633 766/4/633 716/42/633
f 682/10/634 683/10/634 769/18/634
f 722/43/635 725/44/635 720/39/635
f 722/43/636 724/45/636 727/46/636
f 714/38/637 719/39/637 715/41/637
f 717/47/638 719/39/638 721/48/638
f 717/47/639 720/39/639 716/42/639
f 725/44/640 728/49/640 723/50/640
f 724/45/641 767/51/641 725/44/641
f 720/39/642 767/51/642 718/52/642
f 719/39/643 767/51/643 724/45/643
f 724/45/644 728/49/644 729/53/644
f 724/45/645 730/54/645 726/55/645
f 725/44/646 730/54/646 729/53/646
f 723/50/647 724/45/647 725/44/647
f 731/56/648 738/57/648 734/58/648
f 734/58/649 773/59/649 732/60/649
f 694/9/650 761/17/650 733/58/650
f 680/1/651 733/58/651 776/6/651
f 695/9/652 776/6/652 734/58/652
f 684/8/653 685/8/653 761/17/653
f 737/61/654 740/62/654 741/63/654
f 735/64/655 741/63/655 775/65/655
f 731/56/656 737/61/656 760/66/656
f 733/58/657 773/59/657 737/61/657
f 742/67/658 743/68/658 745/69/658
f 738/57/659 740/62/659 736/70/659
f 738/57/660 775/65/660 742/67/660
f 741/63/661 743/68/661 739/71/661
f 774/72/662 745/69/662 741/63/662
f 746/73/663 771/74/663 750/75/663
f 689/15/664 772/2/664 681/1/664
f 689/15/665 770/16/665 749/73/665
f 688/15/666 772/2/666 746/73/666
f 683/10/667 682/10/667 770/16/667
f 754/76/668 757/77/668 753/78/668
f 751/79/669 757/77/669 756/80/669
f 750/75/670 754/76/670 749/73/670
f 746/73/671 752/81/671 751/79/671
f 747/82/719 754/76/719 752/81/719
f 751/79/673 759/83/673 755/84/673
f 754/76/674 759/83/674 758/85/674
f 758/85/675 756/80/675 757/77/675
f 776/6/676 733/58/676 734/58/676
f 761/17/677 734/58/677 733/58/677
f 762/13/678 699/21/678 700/14/678
f 763/30/679 703/23/679 704/20/679
f 764/24/680 708/27/680 709/31/680
f 773/59/720 738/57/720 737/61/720
f 740/62/682 742/67/682 741/63/682
f 760/66/683 737/61/683 738/57/683
f 775/65/684 741/63/684 742/67/684
f 772/2/685 749/73/685 746/73/685
f 752/81/686 754/76/686 751/79/686
f 771/74/686 751/79/686 754/76/686
f 770/16/687 746/73/687 749/73/687
f 769/18/721 716/42/721 715/41/721
f 766/4/689 715/41/689 716/42/689
f 768/40/690 720/39/690 719/39/690
f 721/48/691 719/39/691 720/39/691
f 750/75/692 749/73/692 746/73/692
f 751/79/693 755/84/693 754/76/693
f 747/82/694 746/73/694 749/73/694
f 753/78/695 751/79/695 754/76/695
f 731/56/696 734/58/696 733/58/696
f 737/61/697 735/64/697 738/57/697
f 741/63/698 739/71/698 742/67/698
f 734/58/699 732/60/699 733/58/699
f 736/70/700 737/61/700 738/57/700
f 774/72/701 741/63/701 742/67/701
f 710/36/702 709/31/702 708/27/702
f 705/25/722 704/20/722 703/23/722
f 701/19/704 700/14/704 699/21/704
f 706/26/705 709/31/705 708/27/705
f 703/23/706 765/28/706 704/20/706
f 709/31/707 707/33/707 708/27/707
f 702/34/708 703/23/708 704/20/708
f 700/14/709 698/29/709 699/21/709
f 699/21/678 748/5/678 700/14/678
f 715/41/710 717/47/710 716/42/710
f 719/39/711 722/43/711 720/39/711
f 726/55/712 725/44/712 724/45/712
f 718/52/713 719/39/713 720/39/713
f 714/38/714 715/41/714 716/42/714
f 727/46/715 724/45/715 725/44/715
f 777/1/723 778/1/723 869/2/723
f 784/3/724 783/3/724 863/4/724
f 783/3/725 784/3/725 845/5/725
f 778/1/726 777/1/726 873/6/726
f 794/7/727 781/8/727 791/9/727
f 793/7/728 778/1/728 792/9/728
f 780/10/729 793/7/729 790/11/729
f 783/3/730 794/7/730 789/11/730
f 788/12/731 859/13/731 797/14/731
f 785/15/732 867/16/732 779/10/732
f 779/10/733 794/7/733 785/15/733
f 784/3/734 793/7/734 788/12/734
f 793/7/735 782/8/735 788/12/735
f 794/7/736 777/1/736 785/15/736
f 792/9/737 858/17/737 782/8/737
f 790/11/738 866/18/738 780/10/738
f 798/19/739 801/20/739 797/14/739
f 788/12/740 845/5/740 784/3/740
f 782/8/741 781/8/741 859/13/741
f 783/3/742 796/21/742 787/22/742
f 781/8/743 796/21/743 859/13/743
f 800/23/744 861/24/744 802/25/744
f 800/23/745 803/26/745 805/27/745
f 797/14/746 862/28/746 795/29/746
f 795/29/747 800/23/747 796/21/747
f 798/19/748 800/23/748 860/30/748
f 806/31/749 808/32/749 804/33/749
f 802/25/750 806/31/750 801/20/750
f 801/20/751 803/26/751 799/34/751
f 804/33/752 809/35/752 805/27/752
f 807/36/753 810/37/753 809/35/753
f 807/36/754 809/35/754 806/31/754
f 811/38/755 817/39/755 865/40/755
f 779/10/756 812/41/756 789/11/756
f 783/3/757 812/41/757 863/4/757
f 790/11/758 863/4/758 813/42/758
f 779/10/759 780/10/759 866/18/759
f 819/43/760 822/44/760 817/39/760
f 819/43/761 821/45/761 824/46/761
f 811/38/762 816/39/762 812/41/762
f 814/47/763 816/39/763 818/48/763
f 814/47/764 817/39/764 813/42/764
f 822/44/765 825/49/765 820/50/765
f 821/45/766 864/51/766 822/44/766
f 817/39/767 864/51/767 815/52/767
f 816/39/768 864/51/768 821/45/768
f 821/45/769 825/49/769 826/53/769
f 821/45/770 827/54/770 823/55/770
f 822/44/771 827/54/771 826/53/771
f 820/50/772 821/45/772 822/44/772
f 828/56/773 835/57/773 831/58/773
f 831/58/774 870/59/774 829/60/774
f 791/9/775 858/17/775 830/58/775
f 777/1/776 830/58/776 873/6/776
f 792/9/777 873/6/777 831/58/777
f 781/8/778 782/8/778 858/17/778
f 834/61/779 837/62/779 838/63/779
f 832/64/780 838/63/780 872/65/780
f 828/56/781 834/61/781 857/66/781
f 830/58/782 870/59/782 834/61/782
f 839/67/783 840/68/783 842/69/783
f 835/57/784 837/62/784 833/70/784
f 835/57/785 872/65/785 839/67/785
f 838/63/786 840/68/786 836/71/786
f 871/72/787 842/69/787 838/63/787
f 843/73/788 868/74/788 847/75/788
f 786/15/789 869/2/789 778/1/789
f 786/15/790 867/16/790 846/73/790
f 785/15/791 869/2/791 843/73/791
f 780/10/792 779/10/792 867/16/792
f 851/76/793 854/77/793 850/78/793
f 848/79/794 854/77/794 853/80/794
f 847/75/795 851/76/795 846/73/795
f 843/73/796 849/81/796 848/79/796
f 844/82/797 851/76/797 849/81/797
f 848/79/798 856/83/798 852/84/798
f 851/76/799 856/83/799 855/85/799
f 855/85/800 853/80/800 854/77/800
f 873/6/801 830/58/801 831/58/801
f 858/17/802 831/58/802 830/58/802
f 859/13/803 796/21/803 797/14/803
f 860/30/804 800/23/804 801/20/804
f 861/24/805 805/27/805 806/31/805
f 870/59/806 835/57/806 834/61/806
f 837/62/807 839/67/807 838/63/807
f 857/66/808 834/61/808 835/57/808
f 872/65/809 838/63/809 839/67/809
f 869/2/810 846/73/810 843/73/810
f 849/81/811 851/76/811 848/79/811
f 868/74/811 848/79/811 851/76/811
f 867/16/812 843/73/812 846/73/812
f 866/18/813 813/42/813 812/41/813
f 863/4/814 812/41/814 813/42/814
f 865/40/815 817/39/815 816/39/815
f 818/48/816 816/39/816 817/39/816
f 847/75/817 846/73/817 843/73/817
f 848/79/818 852/84/818 851/76/818
f 844/82/819 843/73/819 846/73/819
f 850/78/820 848/79/820 851/76/820
f 828/56/821 831/58/821 830/58/821
f 834/61/822 832/64/822 835/57/822
f 838/63/823 836/71/823 839/67/823
f 831/58/824 829/60/824 830/58/824
f 833/70/825 834/61/825 835/57/825
f 871/72/826 838/63/826 839/67/826
f 807/36/827 806/31/827 805/27/827
f 802/25/828 801/20/828 800/23/828
f 798/19/829 797/14/829 796/21/829
f 803/26/830 806/31/830 805/27/830
f 800/23/831 862/28/831 801/20/831
f 806/31/832 804/33/832 805/27/832
f 799/34/833 800/23/833 801/20/833
f 797/14/834 795/29/834 796/21/834
f 796/21/803 845/5/803 797/14/803
f 812/41/835 814/47/835 813/42/835
f 816/39/836 819/43/836 817/39/836
f 823/55/837 822/44/837 821/45/837
f 815/52/838 816/39/838 817/39/838
f 811/38/839 812/41/839 813/42/839
f 824/46/840 821/45/840 822/44/840
f 874/1/841 875/1/841 966/2/841
f 881/3/842 880/3/842 960/4/842
f 880/3/843 881/3/843 942/5/843
f 875/1/844 874/1/844 970/6/844
f 891/7/845 878/8/845 888/9/845
f 890/7/846 875/1/846 889/9/846
f 877/10/847 890/7/847 887/11/847
f 880/3/848 891/7/848 886/11/848
f 885/12/849 956/13/849 894/14/849
f 882/15/850 964/16/850 876/10/850
f 876/10/851 891/7/851 882/15/851
f 881/3/852 890/7/852 885/12/852
f 890/7/853 879/8/853 885/12/853
f 891/7/854 874/1/854 882/15/854
f 889/9/855 955/17/855 879/8/855
f 887/11/856 963/18/856 877/10/856
f 895/19/857 898/20/857 894/14/857
f 885/12/858 942/5/858 881/3/858
f 879/8/859 878/8/859 956/13/859
f 880/3/860 893/21/860 884/22/860
f 878/8/861 893/21/861 956/13/861
f 897/23/862 958/24/862 899/25/862
f 897/23/863 900/26/863 902/27/863
f 894/14/864 959/28/864 892/29/864
f 892/29/865 897/23/865 893/21/865
f 895/19/866 897/23/866 957/30/866
f 903/31/867 905/32/867 901/33/867
f 899/25/868 903/31/868 898/20/868
f 898/20/869 900/26/869 896/34/869
f 901/33/870 906/35/870 902/27/870
f 904/36/871 906/35/871 907/37/871
f 904/36/872 906/35/872 903/31/872
f 908/38/873 914/39/873 962/40/873
f 876/10/874 909/41/874 886/11/874
f 880/3/875 909/41/875 960/4/875
f 887/11/876 960/4/876 910/42/876
f 876/10/877 877/10/877 963/18/877
f 916/43/878 919/44/878 914/39/878
f 916/43/879 918/45/879 921/46/879
f 908/38/880 913/39/880 909/41/880
f 911/47/881 913/39/881 915/48/881
f 911/47/882 914/39/882 910/42/882
f 919/44/883 922/49/883 917/50/883
f 918/45/884 961/51/884 919/44/884
f 914/39/885 961/51/885 912/52/885
f 913/39/886 961/51/886 918/45/886
f 918/45/887 922/49/887 923/53/887
f 918/45/888 924/54/888 920/55/888
f 919/44/889 924/54/889 923/53/889
f 917/50/890 918/45/890 919/44/890
f 925/56/891 932/57/891 928/58/891
f 928/58/892 967/59/892 926/60/892
f 888/9/893 955/17/893 927/58/893
f 874/1/894 927/58/894 970/6/894
f 889/9/895 970/6/895 928/58/895
f 878/8/896 879/8/896 955/17/896
f 931/61/897 934/62/897 935/63/897
f 929/64/898 935/63/898 969/65/898
f 925/56/899 931/61/899 954/66/899
f 927/58/900 967/59/900 931/61/900
f 936/67/901 937/68/901 939/69/901
f 932/57/902 934/62/902 930/70/902
f 932/57/903 969/65/903 936/67/903
f 935/63/904 937/68/904 933/71/904
f 968/72/905 939/69/905 935/63/905
f 940/73/906 965/74/906 944/75/906
f 883/15/907 966/2/907 875/1/907
f 883/15/908 964/16/908 943/73/908
f 882/15/909 966/2/909 940/73/909
f 877/10/910 876/10/910 964/16/910
f 948/76/911 951/77/911 947/78/911
f 945/79/912 951/77/912 950/80/912
f 944/75/913 948/76/913 943/73/913
f 940/73/914 946/81/914 945/79/914
f 941/82/915 948/76/915 946/81/915
f 945/79/916 953/83/916 949/84/916
f 948/76/917 953/83/917 952/85/917
f 952/85/918 950/80/918 951/77/918
f 970/6/919 927/58/919 928/58/919
f 955/17/920 928/58/920 927/58/920
f 956/13/921 893/21/921 894/14/921
f 957/30/922 897/23/922 898/20/922
f 958/24/923 902/27/923 903/31/923
f 967/59/924 932/57/924 931/61/924
f 934/62/925 936/67/925 935/63/925
f 954/66/926 931/61/926 932/57/926
f 969/65/927 935/63/927 936/67/927
f 966/2/928 943/73/928 940/73/928
f 946/81/929 948/76/929 945/79/929
f 965/74/929 945/79/929 948/76/929
f 964/16/930 940/73/930 943/73/930
f 963/18/931 910/42/931 909/41/931
f 960/4/932 909/41/932 910/42/932
f 962/40/933 914/39/933 913/39/933
f 915/48/934 913/39/934 914/39/934
f 944/75/935 943/73/935 940/73/935
f 945/79/936 949/84/936 948/76/936
f 941/82/937 940/73/937 943/73/937
f 947/78/938 945/79/938 948/76/938
f 925/56/939 928/58/939 927/58/939
f 931/61/940 929/64/940 932/57/940
f 935/63/941 933/71/941 936/67/941
f 928/58/942 926/60/942 927/58/942
f 930/70/943 931/61/943 932/57/943
f 968/72/944 935/63/944 936/67/944
f 904/36/945 903/31/945 902/27/945
f 899/25/946 898/20/946 897/23/946
f 895/19/947 894/14/947 893/21/947
f 900/26/948 903/31/948 902/27/948
f 897/23/949 959/28/949 898/20/949
f 903/31/950 901/33/950 902/27/950
f 896/34/951 897/23/951 898/20/951
f 894/14/952 892/29/952 893/21/952
f 893/21/921 942/5/921 894/14/921
f 909/41/953 911/47/953 910/42/953
f 913/39/954 916/43/954 914/39/954
f 920/55/955 919/44/955 918/45/955
f 912/52/956 913/39/956 914/39/956
f 908/38/957 909/41/957 910/42/957
f 921/46/958 918/45/958 919/44/958
f 971/1/959 972/1/959 1063/2/959
f 978/3/960 977/3/960 1057/4/960
f 977/3/961 978/3/961 1039/5/961
f 972/1/962 971/1/962 1067/6/962
f 988/7/963 975/8/963 985/9/963
f 987/7/964 972/1/964 986/9/964
f 974/10/965 987/7/965 984/11/965
f 977/3/966 988/7/966 983/11/966
f 982/12/967 1053/13/967 991/14/967
f 979/15/968 1061/16/968 973/10/968
f 973/10/969 988/7/969 979/15/969
f 978/3/970 987/7/970 982/12/970
f 987/7/971 976/8/971 982/12/971
f 988/7/972 971/1/972 979/15/972
f 986/9/973 1052/17/973 976/8/973
f 984/11/974 1060/18/974 974/10/974
f 992/19/975 995/20/975 991/14/975
f 982/12/976 1039/5/976 978/3/976
f 976/8/977 975/8/977 1053/13/977
f 977/3/978 990/21/978 981/22/978
f 975/8/979 990/21/979 1053/13/979
f 994/23/980 1055/24/980 996/25/980
f 994/23/981 997/26/981 999/27/981
f 991/14/982 1056/28/982 989/29/982
f 989/29/983 994/23/983 990/21/983
f 992/19/984 994/23/984 1054/30/984
f 1000/31/985 1002/32/985 998/33/985
f 996/25/986 1000/31/986 995/20/986
f 995/20/987 997/26/987 993/34/987
f 998/33/988 1003/35/988 999/27/988
f 1001/36/989 1003/35/989 1004/37/989
f 1001/36/990 1003/35/990 1000/31/990
f 1005/38/991 1011/39/991 1059/40/991
f 973/10/992 1006/41/992 983/11/992
f 977/3/993 1006/41/993 1057/4/993
f 984/11/994 1057/4/994 1007/42/994
f 973/10/995 974/10/995 1060/18/995
f 1013/43/996 1016/44/996 1011/39/996
f 1013/43/997 1015/45/997 1018/46/997
f 1005/38/998 1010/39/998 1006/41/998
f 1008/47/999 1010/39/999 1012/48/999
f 1008/47/1000 1011/39/1000 1007/42/1000
f 1016/44/1001 1019/49/1001 1014/50/1001
f 1015/45/1002 1058/51/1002 1016/44/1002
f 1011/39/1003 1058/51/1003 1009/52/1003
f 1010/39/1004 1058/51/1004 1015/45/1004
f 1015/45/1005 1019/49/1005 1020/53/1005
f 1015/45/1006 1021/54/1006 1017/55/1006
f 1016/44/1007 1021/54/1007 1020/53/1007
f 1014/50/1008 1015/45/1008 1016/44/1008
f 1022/56/1009 1029/57/1009 1025/58/1009
f 1025/58/1010 1064/59/1010 1023/60/1010
f 985/9/1011 1052/17/1011 1024/58/1011
f 971/1/1012 1024/58/1012 1067/6/1012
f 986/9/1013 1067/6/1013 1025/58/1013
f 975/8/1014 976/8/1014 1052/17/1014
f 1028/61/1015 1031/62/1015 1032/63/1015
f 1026/64/1016 1032/63/1016 1066/65/1016
f 1022/56/1017 1028/61/1017 1051/66/1017
f 1024/58/1018 1064/59/1018 1028/61/1018
f 1033/67/1019 1034/68/1019 1036/69/1019
f 1029/57/1020 1031/62/1020 1027/70/1020
f 1029/57/1021 1066/65/1021 1033/67/1021
f 1032/63/1022 1034/68/1022 1030/71/1022
f 1065/72/1023 1036/69/1023 1032/63/1023
f 1037/73/1024 1062/74/1024 1041/75/1024
f 980/15/1025 1063/2/1025 972/1/1025
f 980/15/1026 1061/16/1026 1040/73/1026
f 979/15/1027 1063/2/1027 1037/73/1027
f 974/10/1028 973/10/1028 1061/16/1028
f 1045/76/1029 1048/77/1029 1044/78/1029
f 1042/79/1030 1048/77/1030 1047/80/1030
f 1041/75/1031 1045/76/1031 1040/73/1031
f 1037/73/1032 1043/81/1032 1042/79/1032
f 1038/82/1033 1045/76/1033 1043/81/1033
f 1042/79/1034 1050/83/1034 1046/84/1034
f 1045/76/1035 1050/83/1035 1049/85/1035
f 1049/85/1036 1047/80/1036 1048/77/1036
f 1067/6/1037 1024/58/1037 1025/58/1037
f 1052/17/1038 1025/58/1038 1024/58/1038
f 1053/13/1039 990/21/1039 991/14/1039
f 1054/30/1040 994/23/1040 995/20/1040
f 1055/24/1041 999/27/1041 1000/31/1041
f 1064/59/1042 1029/57/1042 1028/61/1042
f 1031/62/1043 1033/67/1043 1032/63/1043
f 1051/66/1044 1028/61/1044 1029/57/1044
f 1066/65/1045 1032/63/1045 1033/67/1045
f 1063/2/1046 1040/73/1046 1037/73/1046
f 1043/81/1047 1045/76/1047 1042/79/1047
f 1062/74/1047 1042/79/1047 1045/76/1047
f 1061/16/1048 1037/73/1048 1040/73/1048
f 1060/18/1049 1007/42/1049 1006/41/1049
f 1057/4/1050 1006/41/1050 1007/42/1050
f 1059/40/1051 1011/39/1051 1010/39/1051
f 1012/48/1052 1010/39/1052 1011/39/1052
f 1041/75/1053 1040/73/1053 1037/73/1053
f 1042/79/1054 1046/84/1054 1045/76/1054
f 1038/82/1055 1037/73/1055 1040/73/1055
f 1044/78/1056 1042/79/1056 1045/76/1056
f 1022/56/1057 1025/58/1057 1024/58/1057
f 1028/61/1058 1026/64/1058 1029/57/1058
f 1032/63/1059 1030/71/1059 1033/67/1059
f 1025/58/1060 1023/60/1060 1024/58/1060
f 1027/70/1061 1028/61/1061 1029/57/1061
f 1065/72/1062 1032/63/1062 1033/67/1062
f 1001/36/1063 1000/31/1063 999/27/1063
f 996/25/1064 995/20/1064 994/23/1064
f 992/19/1065 991/14/1065 990/21/1065
f 997/26/1066 1000/31/1066 999/27/1066
f 994/23/1067 1056/28/1067 995/20/1067
f 1000/31/1068 998/33/1068 999/27/1068
f 993/34/1069 994/23/1069 995/20/1069
f 991/14/1070 989/29/1070 990/21/1070
f 990/21/1039 1039/5/1039 991/14/1039
f 1006/41/1071 1008/47/1071 1007/42/1071
f 1010/39/1072 1013/43/1072 1011/39/1072
f 1017/55/1073 1016/44/1073 1015/45/1073
f 1009/52/1074 1010/39/1074 1011/39/1074
f 1005/38/1075 1006/41/1075 1007/42/1075
f 1018/46/1076 1015/45/1076 1016/44/1076
f 1068/1/1077 1069/1/1077 1160/2/1077
f 1075/3/1078 1074/3/1078 1154/4/1078
f 1074/3/1079 1075/3/1079 1136/5/1079
f 1069/1/1080 1068/1/1080 1164/6/1080
f 1085/7/1081 1072/8/1081 1082/9/1081
f 1084/7/1082 1069/1/1082 1083/9/1082
f 1071/10/1083 1084/7/1083 1081/11/1083
f 1074/3/1084 1085/7/1084 1080/11/1084
f 1079/12/1085 1150/13/1085 1088/14/1085
f 1076/15/1086 1158/16/1086 1070/10/1086
f 1070/10/1087 1085/7/1087 1076/15/1087
f 1075/3/1088 1084/7/1088 1079/12/1088
f 1084/7/1089 1073/8/1089 1079/12/1089
f 1085/7/1090 1068/1/1090 1076/15/1090
f 1083/9/1091 1149/17/1091 1073/8/1091
f 1081/11/1092 1157/18/1092 1071/10/1092
f 1089/19/1093 1092/20/1093 1088/14/1093
f 1079/12/1094 1136/5/1094 1075/3/1094
f 1073/8/1095 1072/8/1095 1150/13/1095
f 1074/3/1096 1087/21/1096 1078/22/1096
f 1072/8/1097 1087/21/1097 1150/13/1097
f 1091/23/1098 1152/24/1098 1093/25/1098
f 1091/23/1099 1094/26/1099 1096/27/1099
f 1088/14/1100 1153/28/1100 1086/29/1100
f 1086/29/1101 1091/23/1101 1087/21/1101
f 1089/19/1102 1091/23/1102 1151/30/1102
f 1097/31/1103 1099/32/1103 1095/33/1103
f 1093/25/1104 1097/31/1104 1092/20/1104
f 1092/20/1105 1094/26/1105 1090/34/1105
f 1095/33/1106 1100/35/1106 1096/27/1106
f 1098/36/1107 1100/35/1107 1101/37/1107
f 1098/36/1108 1100/35/1108 1097/31/1108
f 1102/38/1109 1108/39/1109 1156/40/1109
f 1070/10/1110 1103/41/1110 1080/11/1110
f 1074/3/1111 1103/41/1111 1154/4/1111
f 1081/11/1112 1154/4/1112 1104/42/1112
f 1070/10/1113 1071/10/1113 1157/18/1113
f 1110/43/1114 1113/44/1114 1108/39/1114
f 1110/43/1115 1112/45/1115 1115/46/1115
f 1102/38/1116 1107/39/1116 1103/41/1116
f 1105/47/1117 1107/39/1117 1109/48/1117
f 1105/47/1118 1108/39/1118 1104/42/1118
f 1113/44/1119 1116/49/1119 1111/50/1119
f 1112/45/1120 1155/51/1120 1113/44/1120
f 1108/39/1121 1155/51/1121 1106/52/1121
f 1107/39/1122 1155/51/1122 1112/45/1122
f 1112/45/1123 1116/49/1123 1117/53/1123
f 1112/45/1124 1118/54/1124 1114/55/1124
f 1113/44/1125 1118/54/1125 1117/53/1125
f 1111/50/1126 1112/45/1126 1113/44/1126
f 1119/56/1127 1126/57/1127 1122/58/1127
f 1122/58/1128 1161/59/1128 1120/60/1128
f 1082/9/1129 1149/17/1129 1121/58/1129
f 1068/1/1130 1121/58/1130 1164/6/1130
f 1083/9/1131 1164/6/1131 1122/58/1131
f 1072/8/1132 1073/8/1132 1149/17/1132
f 1125/61/1133 1128/62/1133 1129/63/1133
f 1123/64/1134 1129/63/1134 1163/65/1134
f 1119/56/1135 1125/61/1135 1148/66/1135
f 1121/58/1136 1161/59/1136 1125/61/1136
f 1130/67/1137 1131/68/1137 1133/69/1137
f 1126/57/1138 1128/62/1138 1124/70/1138
f 1126/57/1139 1163/65/1139 1130/67/1139
f 1129/63/1140 1131/68/1140 1127/71/1140
f 1162/72/1141 1133/69/1141 1129/63/1141
f 1134/73/1142 1159/74/1142 1138/75/1142
f 1077/15/1143 1160/2/1143 1069/1/1143
f 1077/15/1144 1158/16/1144 1137/73/1144
f 1076/15/1145 1160/2/1145 1134/73/1145
f 1071/10/1146 1070/10/1146 1158/16/1146
f 1142/76/1147 1145/77/1147 1141/78/1147
f 1139/79/1148 1145/77/1148 1144/80/1148
f 1138/75/1149 1142/76/1149 1137/73/1149
f 1134/73/1150 1140/81/1150 1139/79/1150
f 1135/82/1151 1142/76/1151 1140/81/1151
f 1139/79/1152 1147/83/1152 1143/84/1152
f 1142/76/1153 1147/83/1153 1146/85/1153
f 1146/85/1154 1144/80/1154 1145/77/1154
f 1164/6/1155 1121/58/1155 1122/58/1155
f 1149/17/1156 1122/58/1156 1121/58/1156
f 1150/13/1157 1087/21/1157 1088/14/1157
f 1151/30/1158 1091/23/1158 1092/20/1158
f 1152/24/1159 1096/27/1159 1097/31/1159
f 1161/59/1160 1126/57/1160 1125/61/1160
f 1128/62/1161 1130/67/1161 1129/63/1161
f 1148/66/1162 1125/61/1162 1126/57/1162
f 1163/65/1163 1129/63/1163 1130/67/1163
f 1160/2/1164 1137/73/1164 1134/73/1164
f 1140/81/1165 1142/76/1165 1139/79/1165
f 1159/74/1165 1139/79/1165 1142/76/1165
f 1158/16/1166 1134/73/1166 1137/73/1166
f 1157/18/1167 1104/42/1167 1103/41/1167
f 1154/4/1168 1103/41/1168 1104/42/1168
f 1156/40/1169 1108/39/1169 1107/39/1169
f 1109/48/1170 1107/39/1170 1108/39/1170
f 1138/75/1171 1137/73/1171 1134/73/1171
f 1139/79/1172 1143/84/1172 1142/76/1172
f 1135/82/1173 1134/73/1173 1137/73/1173
f 1141/78/1174 1139/79/1174 1142/76/1174
f 1119/56/1175 1122/58/1175 1121/58/1175
f 1125/61/1176 1123/64/1176 1126/57/1176
f 1129/63/1177 1127/71/1177 1130/67/1177
f 1122/58/1178 1120/60/1178 1121/58/1178
f 1124/70/1179 1125/61/1179 1126/57/1179
f 1162/72/1180 1129/63/1180 1130/67/1180
f 1098/36/1181 1097/31/1181 1096/27/1181
f 1093/25/1182 1092/20/1182 1091/23/1182
f 1089/19/1183 1088/14/1183 1087/21/1183
f 1094/26/1184 1097/31/1184 1096/27/1184
f 1091/23/1185 1153/28/1185 1092/20/1185
f 1097/31/1186 1095/33/1186 1096/27/1186
f 1090/34/1187 1091/23/1187 1092/20/1187
f 1088/14/1188 1086/29/1188 1087/21/1188
f 1087/21/1157 1136/5/1157 1088/14/1157
f 1103/41/1189 1105/47/1189 1104/42/1189
f 1107/39/1190 1110/43/1190 1108/39/1190
f 1114/55/1191 1113/44/1191 1112/45/1191
f 1106/52/1192 1107/39/1192 1108/39/1192
f 1102/38/1193 1103/41/1193 1104/42/1193
f 1115/46/1194 1112/45/1194 1113/44/1194
f 1165/1/1195 1166/1/1195 1257/2/1195
f 1172/3/1196 1171/3/1196 1251/4/1196
f 1171/3/1197 1172/3/1197 1233/5/1197
f 1166/1/1198 1165/1/1198 1261/6/1198
f 1182/7/1199 1169/8/1199 1179/9/1199
f 1181/7/1200 1166/1/1200 1180/9/1200
f 1168/10/1201 1181/7/1201 1178/11/1201
f 1171/3/1202 1182/7/1202 1177/11/1202
f 1176/12/1203 1247/13/1203 1185/14/1203
f 1173/15/1204 1255/16/1204 1167/10/1204
f 1167/10/1205 1182/7/1205 1173/15/1205
f 1172/3/1206 1181/7/1206 1176/12/1206
f 1181/7/1207 1170/8/1207 1176/12/1207
f 1182/7/1208 1165/1/1208 1173/15/1208
f 1180/9/1209 1246/17/1209 1170/8/1209
f 1178/11/1210 1254/18/1210 1168/10/1210
f 1186/19/1211 1189/20/1211 1185/14/1211
f 1176/12/1212 1233/5/1212 1172/3/1212
f 1170/8/1213 1169/8/1213 1247/13/1213
f 1171/3/1214 1184/21/1214 1175/22/1214
f 1169/8/1215 1184/21/1215 1247/13/1215
f 1188/23/1216 1249/24/1216 1190/25/1216
f 1188/23/1217 1191/26/1217 1193/27/1217
f 1185/14/1218 1250/28/1218 1183/29/1218
f 1183/29/1219 1188/23/1219 1184/21/1219
f 1186/19/1220 1188/23/1220 1248/30/1220
f 1194/31/1221 1196/32/1221 1192/33/1221
f 1190/25/1222 1194/31/1222 1189/20/1222
f 1189/20/1223 1191/26/1223 1187/34/1223
f 1192/33/1224 1197/35/1224 1193/27/1224
f 1195/36/1225 1197/35/1225 1198/37/1225
f 1195/36/1226 1197/35/1226 1194/31/1226
f 1199/38/1227 1205/39/1227 1253/40/1227
f 1167/10/1228 1200/41/1228 1177/11/1228
f 1171/3/1229 1200/41/1229 1251/4/1229
f 1178/11/1230 1251/4/1230 1201/42/1230
f 1167/10/1231 1168/10/1231 1254/18/1231
f 1207/43/1232 1210/44/1232 1205/39/1232
f 1207/43/1233 1209/45/1233 1212/46/1233
f 1199/38/1234 1204/39/1234 1200/41/1234
f 1202/47/1235 1204/39/1235 1206/48/1235
f 1202/47/1236 1205/39/1236 1201/42/1236
f 1210/44/1237 1213/49/1237 1208/50/1237
f 1209/45/1238 1252/51/1238 1210/44/1238
f 1205/39/1239 1252/51/1239 1203/52/1239
f 1204/39/1240 1252/51/1240 1209/45/1240
f 1209/45/1241 1213/49/1241 1214/53/1241
f 1209/45/1242 1215/54/1242 1211/55/1242
f 1210/44/1243 1215/54/1243 1214/53/1243
f 1208/50/1244 1209/45/1244 1210/44/1244
f 1216/56/1245 1223/57/1245 1219/58/1245
f 1219/58/1246 1258/59/1246 1217/60/1246
f 1179/9/1247 1246/17/1247 1218/58/1247
f 1165/1/1248 1218/58/1248 1261/6/1248
f 1180/9/1249 1261/6/1249 1219/58/1249
f 1169/8/1250 1170/8/1250 1246/17/1250
f 1222/61/1251 1225/62/1251 1226/63/1251
f 1220/64/1252 1226/63/1252 1260/65/1252
f 1216/56/1253 1222/61/1253 1245/66/1253
f 1218/58/1254 1258/59/1254 1222/61/1254
f 1227/67/1255 1228/68/1255 1230/69/1255
f 1223/57/1256 1225/62/1256 1221/70/1256
f 1223/57/1257 1260/65/1257 1227/67/1257
f 1226/63/1258 1228/68/1258 1224/71/1258
f 1259/72/1259 1230/69/1259 1226/63/1259
f 1231/73/1260 1256/74/1260 1235/75/1260
f 1174/15/1261 1257/2/1261 1166/1/1261
f 1174/15/1262 1255/16/1262 1234/73/1262
f 1173/15/1263 1257/2/1263 1231/73/1263
f 1168/10/1264 1167/10/1264 1255/16/1264
f 1239/76/1265 1242/77/1265 1238/78/1265
f 1236/79/1266 1242/77/1266 1241/80/1266
f 1235/75/1267 1239/76/1267 1234/73/1267
f 1231/73/1268 1237/81/1268 1236/79/1268
f 1232/82/1269 1239/76/1269 1237/81/1269
f 1236/79/1270 1244/83/1270 1240/84/1270
f 1239/76/1271 1244/83/1271 1243/85/1271
f 1243/85/1272 1241/80/1272 1242/77/1272
f 1261/6/1273 1218/58/1273 1219/58/1273
f 1246/17/1274 1219/58/1274 1218/58/1274
f 1247/13/1275 1184/21/1275 1185/14/1275
f 1248/30/1276 1188/23/1276 1189/20/1276
f 1249/24/1277 1193/27/1277 1194/31/1277
f 1258/59/1278 1223/57/1278 1222/61/1278
f 1225/62/1279 1227/67/1279 1226/63/1279
f 1245/66/1280 1222/61/1280 1223/57/1280
f 1260/65/1281 1226/63/1281 1227/67/1281
f 1257/2/1282 1234/73/1282 1231/73/1282
f 1237/81/1283 1239/76/1283 1236/79/1283
f 1256/74/1283 1236/79/1283 1239/76/1283
f 1255/16/1284 1231/73/1284 1234/73/1284
f 1254/18/1285 1201/42/1285 1200/41/1285
f 1251/4/1286 1200/41/1286 1201/42/1286
f 1253/40/1287 1205/39/1287 1204/39/1287
f 1206/48/1288 1204/39/1288 1205/39/1288
f 1235/75/1289 1234/73/1289 1231/73/1289
f 1236/79/1290 1240/84/1290 1239/76/1290
f 1232/82/1291 1231/73/1291 1234/73/1291
f 1238/78/1292 1236/79/1292 1239/76/1292
f 1216/56/1293 1219/58/1293 1218/58/1293
f 1222/61/1294 1220/64/1294 1223/57/1294
f 1226/63/1295 1224/71/1295 1227/67/1295
f 1219/58/1296 1217/60/1296 1218/58/1296
f 1221/70/1297 1222/61/1297 1223/57/1297
f 1259/72/1298 1226/63/1298 1227/67/1298
f 1195/36/1299 1194/31/1299 1193/27/1299
f 1190/25/1300 1189/20/1300 1188/23/1300
f 1186/19/1301 1185/14/1301 1184/21/1301
f 1191/26/1302 1194/31/1302 1193/27/1302
f 1188/23/1303 1250/28/1303 1189/20/1303
f 1194/31/1304 1192/33/1304 1193/27/1304
f 1187/34/1305 1188/23/1305 1189/20/1305
f 1185/14/1306 1183/29/1306 1184/21/1306
f 1184/21/1275 1233/5/1275 1185/14/1275
f 1200/41/1307 1202/47/1307 1201/42/1307
f 1204/39/1308 1207/43/1308 1205/39/1308
f 1211/55/1309 1210/44/1309 1209/45/1309
f 1203/52/1310 1204/39/1310 1205/39/1310
f 1199/38/1311 1200/41/1311 1201/42/1311
f 1212/46/1312 1209/45/1312 1210/44/1312
f 1262/1/1313 1263/1/1313 1354/2/1313
f 1269/3/1314 1268/3/1314 1348/4/1314
f 1268/3/1315 1269/3/1315 1330/5/1315
f 1263/1/1316 1262/1/1316 1358/6/1316
f 1279/7/1317 1266/8/1317 1276/9/1317
f 1278/7/1318 1263/1/1318 1277/9/1318
f 1265/10/1319 1278/7/1319 1275/11/1319
f 1268/3/1320 1279/7/1320 1274/11/1320
f 1273/12/1321 1344/13/1321 1282/14/1321
f 1270/15/1322 1352/16/1322 1264/10/1322
f 1264/10/1323 1279/7/1323 1270/15/1323
f 1269/3/1324 1278/7/1324 1273/12/1324
f 1278/7/1325 1267/8/1325 1273/12/1325
f 1279/7/1326 1262/1/1326 1270/15/1326
f 1277/9/1327 1343/17/1327 1267/8/1327
f 1275/11/1328 1351/18/1328 1265/10/1328
f 1283/19/1329 1286/20/1329 1282/14/1329
f 1273/12/1330 1330/5/1330 1269/3/1330
f 1267/8/1331 1266/8/1331 1344/13/1331
f 1268/3/1332 1281/21/1332 1272/22/1332
f 1266/8/1333 1281/21/1333 1344/13/1333
f 1285/23/1334 1346/24/1334 1287/25/1334
f 1285/23/1335 1288/26/1335 1290/27/1335
f 1282/14/1336 1347/28/1336 1280/29/1336
f 1280/29/1337 1285/23/1337 1281/21/1337
f 1283/19/1338 1285/23/1338 1345/30/1338
f 1291/31/1339 1293/32/1339 1289/33/1339
f 1287/25/1340 1291/31/1340 1286/20/1340
f 1286/20/1341 1288/26/1341 1284/34/1341
f 1289/33/1342 1294/35/1342 1290/27/1342
f 1292/36/1343 1295/37/1343 1294/35/1343
f 1292/36/1344 1294/35/1344 1291/31/1344
f 1296/38/1345 1302/39/1345 1350/40/1345
f 1264/10/1346 1297/41/1346 1274/11/1346
f 1268/3/1347 1297/41/1347 1348/4/1347
f 1275/11/1348 1348/4/1348 1298/42/1348
f 1264/10/1349 1265/10/1349 1351/18/1349
f 1304/43/1350 1307/44/1350 1302/39/1350
f 1304/43/1351 1306/45/1351 1309/46/1351
f 1296/38/1352 1301/39/1352 1297/41/1352
f 1299/47/1353 1301/39/1353 1303/48/1353
f 1299/47/1354 1302/39/1354 1298/42/1354
f 1307/44/1355 1310/49/1355 1305/50/1355
f 1306/45/1356 1349/51/1356 1307/44/1356
f 1302/39/1357 1349/51/1357 1300/52/1357
f 1301/39/1358 1349/51/1358 1306/45/1358
f 1306/45/1359 1310/49/1359 1311/53/1359
f 1306/45/1360 1312/54/1360 1308/55/1360
f 1307/44/1361 1312/54/1361 1311/53/1361
f 1305/50/1362 1306/45/1362 1307/44/1362
f 1313/56/1363 1320/57/1363 1316/58/1363
f 1316/58/1364 1355/59/1364 1314/60/1364
f 1276/9/1365 1343/17/1365 1315/58/1365
f 1262/1/1366 1315/58/1366 1358/6/1366
f 1277/9/1367 1358/6/1367 1316/58/1367
f 1266/8/1368 1267/8/1368 1343/17/1368
f 1319/61/1369 1322/62/1369 1323/63/1369
f 1317/64/1370 1323/63/1370 1357/65/1370
f 1313/56/1371 1319/61/1371 1342/66/1371
f 1315/58/1372 1355/59/1372 1319/61/1372
f 1324/67/1373 1325/68/1373 1327/69/1373
f 1320/57/1374 1322/62/1374 1318/70/1374
f 1320/57/1375 1357/65/1375 1324/67/1375
f 1323/63/1376 1325/68/1376 1321/71/1376
f 1356/72/1377 1327/69/1377 1323/63/1377
f 1328/73/1378 1353/74/1378 1332/75/1378
f 1271/15/1379 1354/2/1379 1263/1/1379
f 1271/15/1380 1352/16/1380 1331/73/1380
f 1270/15/1381 1354/2/1381 1328/73/1381
f 1265/10/1382 1264/10/1382 1352/16/1382
f 1336/76/1383 1339/77/1383 1335/78/1383
f 1333/79/1384 1339/77/1384 1338/80/1384
f 1332/75/1385 1336/76/1385 1331/73/1385
f 1328/73/1386 1334/81/1386 1333/79/1386
f 1329/82/1387 1336/76/1387 1334/81/1387
f 1333/79/1388 1341/83/1388 1337/84/1388
f 1336/76/1389 1341/83/1389 1340/85/1389
f 1340/85/1390 1338/80/1390 1339/77/1390
f 1358/6/1391 1315/58/1391 1316/58/1391
f 1343/17/1392 1316/58/1392 1315/58/1392
f 1344/13/1393 1281/21/1393 1282/14/1393
f 1345/30/1394 1285/23/1394 1286/20/1394
f 1346/24/1395 1290/27/1395 1291/31/1395
f 1355/59/1396 1320/57/1396 1319/61/1396
f 1322/62/1397 1324/67/1397 1323/63/1397
f 1342/66/1398 1319/61/1398 1320/57/1398
f 1357/65/1399 1323/63/1399 1324/67/1399
f 1354/2/1400 1331/73/1400 1328/73/1400
f 1334/81/1401 1336/76/1401 1333/79/1401
f 1353/74/1401 1333/79/1401 1336/76/1401
f 1352/16/1402 1328/73/1402 1331/73/1402
f 1351/18/1403 1298/42/1403 1297/41/1403
f 1348/4/1404 1297/41/1404 1298/42/1404
f 1350/40/1405 1302/39/1405 1301/39/1405
f 1303/48/1406 1301/39/1406 1302/39/1406
f 1332/75/1407 1331/73/1407 1328/73/1407
f 1333/79/1408 1337/84/1408 1336/76/1408
f 1329/82/1409 1328/73/1409 1331/73/1409
f 1335/78/1410 1333/79/1410 1336/76/1410
f 1313/56/1411 1316/58/1411 1315/58/1411
f 1319/61/1412 1317/64/1412 1320/57/1412
f 1323/63/1413 1321/71/1413 1324/67/1413
f 1316/58/1414 1314/60/1414 1315/58/1414
f 1318/70/1415 1319/61/1415 1320/57/1415
f 1356/72/1416 1323/63/1416 1324/67/1416
f 1292/36/1417 1291/31/1417 1290/27/1417
f 1287/25/1418 1286/20/1418 1285/23/1418
f 1283/19/1419 1282/14/1419 1281/21/1419
f 1288/26/1420 1291/31/1420 1290/27/1420
f 1285/23/1421 1347/28/1421 1286/20/1421
f 1291/31/1422 1289/33/1422 1290/27/1422
f 1284/34/1423 1285/23/1423 1286/20/1423
f 1282/14/1424 1280/29/1424 1281/21/1424
f 1281/21/1393 1330/5/1393 1282/14/1393
f 1297/41/1425 1299/47/1425 1298/42/1425
f 1301/39/1426 1304/43/1426 1302/39/1426
f 1308/55/1427 1307/44/1427 1306/45/1427
f 1300/52/1428 1301/39/1428 1302/39/1428
f 1296/38/1429 1297/41/1429 1298/42/1429
f 1309/46/1430 1306/45/1430 1307/44/1430
f 1359/1/1431 1360/1/1431 1451/2/1431
f 1366/3/1432 1365/3/1432 1445/4/1432
f 1365/3/1433 1366/3/1433 1427/5/1433
f 1360/1/1434 1359/1/1434 1455/6/1434
f 1376/7/1435 1363/8/1435 1373/9/1435
f 1375/7/1436 1360/1/1436 1374/9/1436
f 1362/10/1437 1375/7/1437 1372/11/1437
f 1365/3/1438 1376/7/1438 1371/11/1438
f 1370/12/1439 1441/13/1439 1379/14/1439
f 1367/15/1440 1449/16/1440 1361/10/1440
f 1361/10/1441 1376/7/1441 1367/15/1441
f 1366/3/1442 1375/7/1442 1370/12/1442
f 1375/7/1443 1364/8/1443 1370/12/1443
f 1376/7/1444 1359/1/1444 1367/15/1444
f 1374/9/1445 1440/17/1445 1364/8/1445
f 1372/11/1446 1448/18/1446 1362/10/1446
f 1380/19/1447 1383/20/1447 1379/14/1447
f 1370/12/1448 1427/5/1448 1366/3/1448
f 1364/8/1449 1363/8/1449 1441/13/1449
f 1365/3/1450 1378/21/1450 1369/22/1450
f 1363/8/1451 1378/21/1451 1441/13/1451
f 1382/23/1452 1443/24/1452 1384/25/1452
f 1382/23/1453 1385/26/1453 1387/27/1453
f 1379/14/1454 1444/28/1454 1377/29/1454
f 1377/29/1455 1382/23/1455 1378/21/1455
f 1380/19/1456 1382/23/1456 1442/30/1456
f 1388/31/1457 1390/32/1457 1386/33/1457
f 1384/25/1458 1388/31/1458 1383/20/1458
f 1383/20/1459 1385/26/1459 1381/34/1459
f 1386/33/1460 1391/35/1460 1387/27/1460
f 1389/36/1461 1391/35/1461 1392/37/1461
f 1389/36/1462 1391/35/1462 1388/31/1462
f 1393/38/1463 1399/39/1463 1447/40/1463
f 1361/10/1464 1394/41/1464 1371/11/1464
f 1365/3/1465 1394/41/1465 1445/4/1465
f 1372/11/1466 1445/4/1466 1395/42/1466
f 1361/10/1467 1362/10/1467 1448/18/1467
f 1401/43/1468 1404/44/1468 1399/39/1468
f 1401/43/1469 1403/45/1469 1406/46/1469
f 1393/38/1470 1398/39/1470 1394/41/1470
f 1396/47/1471 1398/39/1471 1400/48/1471
f 1396/47/1472 1399/39/1472 1395/42/1472
f 1404/44/1473 1407/49/1473 1402/50/1473
f 1403/45/1474 1446/51/1474 1404/44/1474
f 1399/39/1475 1446/51/1475 1397/52/1475
f 1398/39/1476 1446/51/1476 1403/45/1476
f 1403/45/1477 1407/49/1477 1408/53/1477
f 1403/45/1478 1409/54/1478 1405/55/1478
f 1404/44/1479 1409/54/1479 1408/53/1479
f 1402/50/1480 1403/45/1480 1404/44/1480
f 1410/56/1481 1417/57/1481 1413/58/1481
f 1413/58/1482 1452/59/1482 1411/60/1482
f 1373/9/1483 1440/17/1483 1412/58/1483
f 1359/1/1484 1412/58/1484 1455/6/1484
f 1374/9/1485 1455/6/1485 1413/58/1485
f 1363/8/1486 1364/8/1486 1440/17/1486
f 1416/61/1487 1419/62/1487 1420/63/1487
f 1414/64/1488 1420/63/1488 1454/65/1488
f 1410/56/1489 1416/61/1489 1439/66/1489
f 1412/58/1490 1452/59/1490 1416/61/1490
f 1421/67/1491 1422/68/1491 1424/69/1491
f 1417/57/1492 1419/62/1492 1415/70/1492
f 1417/57/1493 1454/65/1493 1421/67/1493
f 1420/63/1494 1422/68/1494 1418/71/1494
f 1453/72/1495 1424/69/1495 1420/63/1495
f 1425/73/1496 1450/74/1496 1429/75/1496
f 1368/15/1497 1451/2/1497 1360/1/1497
f 1368/15/1498 1449/16/1498 1428/73/1498
f 1367/15/1499 1451/2/1499 1425/73/1499
f 1362/10/1500 1361/10/1500 1449/16/1500
f 1433/76/1501 1436/77/1501 1432/78/1501
f 1430/79/1502 1436/77/1502 1435/80/1502
f 1429/75/1503 1433/76/1503 1428/73/1503
f 1425/73/1504 1431/81/1504 1430/79/1504
f 1426/82/1505 1433/76/1505 1431/81/1505
f 1430/79/1506 1438/83/1506 1434/84/1506
f 1433/76/1507 1438/83/1507 1437/85/1507
f 1437/85/1508 1435/80/1508 1436/77/1508
f 1455/6/1509 1412/58/1509 1413/58/1509
f 1440/17/1510 1413/58/1510 1412/58/1510
f 1441/13/1511 1378/21/1511 1379/14/1511
f 1442/30/1512 1382/23/1512 1383/20/1512
f 1443/24/1513 1387/27/1513 1388/31/1513
f 1452/59/1514 1417/57/1514 1416/61/1514
f 1419/62/1515 1421/67/1515 1420/63/1515
f 1439/66/1516 1416/61/1516 1417/57/1516
f 1454/65/1517 1420/63/1517 1421/67/1517
f 1451/2/1518 1428/73/1518 1425/73/1518
f 1431/81/1519 1433/76/1519 1430/79/1519
f 1450/74/1519 1430/79/1519 1433/76/1519
f 1449/16/1520 1425/73/1520 1428/73/1520
f 1448/18/1521 1395/42/1521 1394/41/1521
f 1445/4/1522 1394/41/1522 1395/42/1522
f 1447/40/1523 1399/39/1523 1398/39/1523
f 1400/48/1524 1398/39/1524 1399/39/1524
f 1429/75/1525 1428/73/1525 1425/73/1525
f 1430/79/1526 1434/84/1526 1433/76/1526
f 1426/82/1527 1425/73/1527 1428/73/1527
f 1432/78/1528 1430/79/1528 1433/76/1528
f 1410/56/1529 1413/58/1529 1412/58/1529
f 1416/61/1530 1414/64/1530 1417/57/1530
f 1420/63/1531 1418/71/1531 1421/67/1531
f 1413/58/1532 1411/60/1532 1412/58/1532
f 1415/70/1533 1416/61/1533 1417/57/1533
f 1453/72/1534 1420/63/1534 1421/67/1534
f 1389/36/1535 1388/31/1535 1387/27/1535
f 1384/25/1536 1383/20/1536 1382/23/1536
f 1380/19/1537 1379/14/1537 1378/21/1537
f 1385/26/1538 1388/31/1538 1387/27/1538
f 1382/23/1539 1444/28/1539 1383/20/1539
f 1388/31/1540 1386/33/1540 1387/27/1540
f 1381/34/1541 1382/23/1541 1383/20/1541
f 1379/14/1542 1377/29/1542 1378/21/1542
f 1378/21/1511 1427/5/1511 1379/14/1511
f 1394/41/1543 1396/47/1543 1395/42/1543
f 1398/39/1544 1401/43/1544 1399/39/1544
f 1405/55/1545 1404/44/1545 1403/45/1545
f 1397/52/1546 1398/39/1546 1399/39/1546
f 1393/38/1547 1394/41/1547 1395/42/1547
f 1406/46/1548 1403/45/1548 1404/44/1548
f 1456/1/1549 1457/1/1549 1548/2/1549
f 1463/3/1550 1462/3/1550 1542/4/1550
f 1462/3/1551 1463/3/1551 1524/5/1551
f 1457/1/1552 1456/1/1552 1552/6/1552
f 1473/7/1553 1460/8/1553 1470/9/1553
f 1472/7/1554 1457/1/1554 1471/9/1554
f 1459/10/1555 1472/7/1555 1469/11/1555
f 1462/3/1556 1473/7/1556 1468/11/1556
f 1467/12/1557 1538/13/1557 1476/14/1557
f 1464/15/1558 1546/16/1558 1458/10/1558
f 1458/10/1559 1473/7/1559 1464/15/1559
f 1463/3/1560 1472/7/1560 1467/12/1560
f 1472/7/1561 1461/8/1561 1467/12/1561
f 1473/7/1562 1456/1/1562 1464/15/1562
f 1471/9/1563 1537/17/1563 1461/8/1563
f 1469/11/1564 1545/18/1564 1459/10/1564
f 1477/19/1565 1480/20/1565 1476/14/1565
f 1467/12/1566 1524/5/1566 1463/3/1566
f 1461/8/1567 1460/8/1567 1538/13/1567
f 1462/3/1568 1475/21/1568 1466/22/1568
f 1460/8/1569 1475/21/1569 1538/13/1569
f 1479/23/1570 1540/24/1570 1481/25/1570
f 1479/23/1571 1482/26/1571 1484/27/1571
f 1476/14/1572 1541/28/1572 1474/29/1572
f 1474/29/1573 1479/23/1573 1475/21/1573
f 1477/19/1574 1479/23/1574 1539/30/1574
f 1485/31/1575 1487/32/1575 1483/33/1575
f 1481/25/1576 1485/31/1576 1480/20/1576
f 1480/20/1577 1482/26/1577 1478/34/1577
f 1483/33/1578 1488/35/1578 1484/27/1578
f 1486/36/1579 1488/35/1579 1489/37/1579
f 1486/36/1580 1488/35/1580 1485/31/1580
f 1490/38/1581 1496/39/1581 1544/40/1581
f 1458/10/1582 1491/41/1582 1468/11/1582
f 1462/3/1583 1491/41/1583 1542/4/1583
f 1469/11/1584 1542/4/1584 1492/42/1584
f 1458/10/1585 1459/10/1585 1545/18/1585
f 1498/43/1586 1501/44/1586 1496/39/1586
f 1498/43/1587 1500/45/1587 1503/46/1587
f 1490/38/1588 1495/39/1588 1491/41/1588
f 1493/47/1589 1495/39/1589 1497/48/1589
f 1493/47/1590 1496/39/1590 1492/42/1590
f 1501/44/1591 1504/49/1591 1499/50/1591
f 1500/45/1592 1543/51/1592 1501/44/1592
f 1496/39/1593 1543/51/1593 1494/52/1593
f 1495/39/1594 1543/51/1594 1500/45/1594
f 1500/45/1595 1504/49/1595 1505/53/1595
f 1500/45/1596 1506/54/1596 1502/55/1596
f 1501/44/1597 1506/54/1597 1505/53/1597
f 1499/50/1598 1500/45/1598 1501/44/1598
f 1507/56/1599 1514/57/1599 1510/58/1599
f 1510/58/1600 1549/59/1600 1508/60/1600
f 1470/9/1601 1537/17/1601 1509/58/1601
f 1456/1/1602 1509/58/1602 1552/6/1602
f 1471/9/1603 1552/6/1603 1510/58/1603
f 1460/8/1604 1461/8/1604 1537/17/1604
f 1513/61/1605 1516/62/1605 1517/63/1605
f 1511/64/1606 1517/63/1606 1551/65/1606
f 1507/56/1607 1513/61/1607 1536/66/1607
f 1509/58/1608 1549/59/1608 1513/61/1608
f 1518/67/1609 1519/68/1609 1521/69/1609
f 1514/57/1610 1516/62/1610 1512/70/1610
f 1514/57/1611 1551/65/1611 1518/67/1611
f 1517/63/1612 1519/68/1612 1515/71/1612
f 1550/72/1613 1521/69/1613 1517/63/1613
f 1522/73/1614 1547/74/1614 1526/75/1614
f 1465/15/1615 1548/2/1615 1457/1/1615
f 1465/15/1616 1546/16/1616 1525/73/1616
f 1464/15/1617 1548/2/1617 1522/73/1617
f 1459/10/1618 1458/10/1618 1546/16/1618
f 1530/76/1619 1533/77/1619 1529/78/1619
f 1527/79/1620 1533/77/1620 1532/80/1620
f 1526/75/1621 1530/76/1621 1525/73/1621
f 1522/73/1622 1528/81/1622 1527/79/1622
f 1523/82/1623 1530/76/1623 1528/81/1623
f 1527/79/1624 1535/83/1624 1531/84/1624
f 1530/76/1625 1535/83/1625 1534/85/1625
f 1534/85/1626 1532/80/1626 1533/77/1626
f 1552/6/1627 1509/58/1627 1510/58/1627
f 1537/17/1628 1510/58/1628 1509/58/1628
f 1538/13/1629 1475/21/1629 1476/14/1629
f 1539/30/1630 1479/23/1630 1480/20/1630
f 1540/24/1631 1484/27/1631 1485/31/1631
f 1549/59/1632 1514/57/1632 1513/61/1632
f 1516/62/1633 1518/67/1633 1517/63/1633
f 1536/66/1634 1513/61/1634 1514/57/1634
f 1551/65/1635 1517/63/1635 1518/67/1635
f 1548/2/1636 1525/73/1636 1522/73/1636
f 1528/81/1637 1530/76/1637 1527/79/1637
f 1547/74/1637 1527/79/1637 1530/76/1637
f 1546/16/1638 1522/73/1638 1525/73/1638
f 1545/18/1639 1492/42/1639 1491/41/1639
f 1542/4/1640 1491/41/1640 1492/42/1640
f 1544/40/1641 1496/39/1641 1495/39/1641
f 1497/48/1642 1495/39/1642 1496/39/1642
f 1526/75/1643 1525/73/1643 1522/73/1643
f 1527/79/1644 1531/84/1644 1530/76/1644
f 1523/82/1645 1522/73/1645 1525/73/1645
f 1529/78/1646 1527/79/1646 1530/76/1646
f 1507/56/1647 1510/58/1647 1509/58/1647
f 1513/61/1648 1511/64/1648 1514/57/1648
f 1517/63/1649 1515/71/1649 1518/67/1649
f 1510/58/1650 1508/60/1650 1509/58/1650
f 1512/70/1651 1513/61/1651 1514/57/1651
f 1550/72/1652 1517/63/1652 1518/67/1652
f 1486/36/1653 1485/31/1653 1484/27/1653
f 1481/25/1654 1480/20/1654 1479/23/1654
f 1477/19/1655 1476/14/1655 1475/21/1655
f 1482/26/1656 1485/31/1656 1484/27/1656
f 1479/23/1657 1541/28/1657 1480/20/1657
f 1485/31/1658 1483/33/1658 1484/27/1658
f 1478/34/1659 1479/23/1659 1480/20/1659
f 1476/14/1660 1474/29/1660 1475/21/1660
f 1475/21/1629 1524/5/1629 1476/14/1629
f 1491/41/1661 1493/47/1661 1492/42/1661
f 1495/39/1662 1498/43/1662 1496/39/1662
f 1502/55/1663 1501/44/1663 1500/45/1663
f 1494/52/1664 1495/39/1664 1496/39/1664
f 1490/38/1665 1491/41/1665 1492/42/1665
f 1503/46/1666 1500/45/1666 1501/44/1666
f 1553/1/1667 1554/1/1667 1645/2/1667
f 1560/3/1668 1559/3/1668 1639/4/1668
f 1559/3/1669 1560/3/1669 1621/5/1669
f 1554/1/1670 1553/1/1670 1649/6/1670
f 1570/7/1671 1557/8/1671 1567/9/1671
f 1569/7/1672 1554/1/1672 1568/9/1672
f 1556/10/1673 1569/7/1673 1566/11/1673
f 1559/3/1674 1570/7/1674 1565/11/1674
f 1564/12/1675 1635/13/1675 1573/14/1675
f 1561/15/1676 1643/16/1676 1555/10/1676
f 1555/10/1677 1570/7/1677 1561/15/1677
f 1560/3/1678 1569/7/1678 1564/12/1678
f 1569/7/1679 1558/8/1679 1564/12/1679
f 1570/7/1680 1553/1/1680 1561/15/1680
f 1568/9/1681 1634/17/1681 1558/8/1681
f 1566/11/1682 1642/18/1682 1556/10/1682
f 1574/19/1683 1577/20/1683 1573/14/1683
f 1564/12/1684 1621/5/1684 1560/3/1684
f 1558/8/1685 1557/8/1685 1635/13/1685
f 1559/3/1686 1572/21/1686 1563/22/1686
f 1557/8/1687 1572/21/1687 1635/13/1687
f 1576/23/1688 1637/24/1688 1578/25/1688
f 1576/23/1689 1579/26/1689 1581/27/1689
f 1573/14/1690 1638/28/1690 1571/29/1690
f 1571/29/1691 1576/23/1691 1572/21/1691
f 1574/19/1692 1576/23/1692 1636/30/1692
f 1582/31/1693 1584/32/1693 1580/33/1693
f 1578/25/1694 1582/31/1694 1577/20/1694
f 1577/20/1695 1579/26/1695 1575/34/1695
f 1580/33/1696 1585/35/1696 1581/27/1696
f 1583/36/1697 1586/37/1697 1585/35/1697
f 1583/36/1698 1585/35/1698 1582/31/1698
f 1587/38/1699 1593/39/1699 1641/40/1699
f 1555/10/1700 1588/41/1700 1565/11/1700
f 1559/3/1701 1588/41/1701 1639/4/1701
f 1566/11/1702 1639/4/1702 1589/42/1702
f 1555/10/1703 1556/10/1703 1642/18/1703
f 1595/43/1704 1598/44/1704 1593/39/1704
f 1595/43/1705 1597/45/1705 1600/46/1705
f 1587/38/1706 1592/39/1706 1588/41/1706
f 1590/47/1707 1592/39/1707 1594/48/1707
f 1590/47/1708 1593/39/1708 1589/42/1708
f 1598/44/1709 1601/49/1709 1596/50/1709
f 1597/45/1710 1640/51/1710 1598/44/1710
f 1593/39/1711 1640/51/1711 1591/52/1711
f 1592/39/1712 1640/51/1712 1597/45/1712
f 1597/45/1713 1601/49/1713 1602/53/1713
f 1597/45/1714 1603/54/1714 1599/55/1714
f 1598/44/1715 1603/54/1715 1602/53/1715
f 1596/50/1716 1597/45/1716 1598/44/1716
f 1604/56/1717 1611/57/1717 1607/58/1717
f 1607/58/1718 1646/59/1718 1605/60/1718
f 1567/9/1719 1634/17/1719 1606/58/1719
f 1553/1/1720 1606/58/1720 1649/6/1720
f 1568/9/1721 1649/6/1721 1607/58/1721
f 1557/8/1722 1558/8/1722 1634/17/1722
f 1610/61/1723 1613/62/1723 1614/63/1723
f 1608/64/1724 1614/63/1724 1648/65/1724
f 1604/56/1725 1610/61/1725 1633/66/1725
f 1606/58/1726 1646/59/1726 1610/61/1726
f 1615/67/1727 1616/68/1727 1618/69/1727
f 1611/57/1728 1613/62/1728 1609/70/1728
f 1611/57/1729 1648/65/1729 1615/67/1729
f 1614/63/1730 1616/68/1730 1612/71/1730
f 1647/72/1731 1618/69/1731 1614/63/1731
f 1619/73/1732 1644/74/1732 1623/75/1732
f 1562/15/1733 1645/2/1733 1554/1/1733
f 1562/15/1734 1643/16/1734 1622/73/1734
f 1561/15/1735 1645/2/1735 1619/73/1735
f 1556/10/1736 1555/10/1736 1643/16/1736
f 1627/76/1737 1630/77/1737 1626/78/1737
f 1624/79/1738 1630/77/1738 1629/80/1738
f 1623/75/1739 1627/76/1739 1622/73/1739
f 1619/73/1740 1625/81/1740 1624/79/1740
f 1620/82/1741 1627/76/1741 1625/81/1741
f 1624/79/1742 1632/83/1742 1628/84/1742
f 1627/76/1743 1632/83/1743 1631/85/1743
f 1631/85/1744 1629/80/1744 1630/77/1744
f 1649/6/1745 1606/58/1745 1607/58/1745
f 1634/17/1746 1607/58/1746 1606/58/1746
f 1635/13/1747 1572/21/1747 1573/14/1747
f 1636/30/1748 1576/23/1748 1577/20/1748
f 1637/24/1749 1581/27/1749 1582/31/1749
f 1646/59/1750 1611/57/1750 1610/61/1750
f 1613/62/1751 1615/67/1751 1614/63/1751
f 1633/66/1752 1610/61/1752 1611/57/1752
f 1648/65/1753 1614/63/1753 1615/67/1753
f 1645/2/1754 1622/73/1754 1619/73/1754
f 1625/81/1755 1627/76/1755 1624/79/1755
f 1644/74/1755 1624/79/1755 1627/76/1755
f 1643/16/1756 1619/73/1756 1622/73/1756
f 1642/18/1757 1589/42/1757 1588/41/1757
f 1639/4/1758 1588/41/1758 1589/42/1758
f 1641/40/1759 1593/39/1759 1592/39/1759
f 1594/48/1760 1592/39/1760 1593/39/1760
f 1623/75/1761 1622/73/1761 1619/73/1761
f 1624/79/1762 1628/84/1762 1627/76/1762
f 1620/82/1763 1619/73/1763 1622/73/1763
f 1626/78/1764 1624/79/1764 1627/76/1764
f 1604/56/1765 1607/58/1765 1606/58/1765
f 1610/61/1766 1608/64/1766 1611/57/1766
f 1614/63/1767 1612/71/1767 1615/67/1767
f 1607/58/1768 1605/60/1768 1606/58/1768
f 1609/70/1769 1610/61/1769 1611/57/1769
f 1647/72/1770 1614/63/1770 1615/67/1770
f 1583/36/1771 1582/31/1771 1581/27/1771
f 1578/25/1772 1577/20/1772 1576/23/1772
f 1574/19/1773 1573/14/1773 1572/21/1773
f 1579/26/1774 1582/31/1774 1581/27/1774
f 1576/23/1775 1638/28/1775 1577/20/1775
f 1582/31/1776 1580/33/1776 1581/27/1776
f 1575/34/1777 1576/23/1777 1577/20/1777
f 1573/14/1778 1571/29/1778 1572/21/1778
f 1572/21/1747 1621/5/1747 1573/14/1747
f 1588/41/1779 1590/47/1779 1589/42/1779
f 1592/39/1780 1595/43/1780 1593/39/1780
f 1599/55/1781 1598/44/1781 1597/45/1781
f 1591/52/1782 1592/39/1782 1593/39/1782
f 1587/38/1783 1588/41/1783 1589/42/1783
f 1600/46/1784 1597/45/1784 1598/44/1784
f 1650/1/1785 1651/1/1785 1742/2/1785
f 1657/3/1786 1656/3/1786 1736/4/1786
f 1656/3/1787 1657/3/1787 1718/5/1787
f 1651/1/1788 1650/1/1788 1746/6/1788
f 1667/7/1789 1654/8/1789 1664/9/1789
f 1666/7/1790 1651/1/1790 1665/9/1790
f 1653/10/1791 1666/7/1791 1663/11/1791
f 1656/3/1792 1667/7/1792 1662/11/1792
f 1661/12/1793 1732/13/1793 1670/14/1793
f 1658/15/1794 1740/16/1794 1652/10/1794
f 1652/10/1795 1667/7/1795 1658/15/1795
f 1657/3/1796 1666/7/1796 1661/12/1796
f 1666/7/1797 1655/8/1797 1661/12/1797
f 1667/7/1798 1650/1/1798 1658/15/1798
f 1665/9/1799 1731/17/1799 1655/8/1799
f 1663/11/1800 1739/18/1800 1653/10/1800
f 1671/19/1801 1674/20/1801 1670/14/1801
f 1661/12/1802 1718/5/1802 1657/3/1802
f 1655/8/1803 1654/8/1803 1732/13/1803
f 1656/3/1804 1669/21/1804 1660/22/1804
f 1654/8/1805 1669/21/1805 1732/13/1805
f 1673/23/1806 1734/24/1806 1675/25/1806
f 1673/23/1807 1676/26/1807 1678/27/1807
f 1670/14/1808 1735/28/1808 1668/29/1808
f 1668/29/1809 1673/23/1809 1669/21/1809
f 1671/19/1810 1673/23/1810 1733/30/1810
f 1679/31/1811 1681/32/1811 1677/33/1811
f 1675/25/1812 1679/31/1812 1674/20/1812
f 1674/20/1813 1676/26/1813 1672/34/1813
f 1677/33/1814 1682/35/1814 1678/27/1814
f 1680/36/1815 1682/35/1815 1683/37/1815
f 1680/36/1816 1682/35/1816 1679/31/1816
f 1684/38/1817 1690/39/1817 1738/40/1817
f 1652/10/1818 1685/41/1818 1662/11/1818
f 1656/3/1819 1685/41/1819 1736/4/1819
f 1663/11/1820 1736/4/1820 1686/42/1820
f 1652/10/1821 1653/10/1821 1739/18/1821
f 1692/43/1822 1695/44/1822 1690/39/1822
f 1692/43/1823 1694/45/1823 1697/46/1823
f 1684/38/1824 1689/39/1824 1685/41/1824
f 1687/47/1825 1689/39/1825 1691/48/1825
f 1687/47/1826 1690/39/1826 1686/42/1826
f 1695/44/1827 1698/49/1827 1693/50/1827
f 1694/45/1828 1737/51/1828 1695/44/1828
f 1690/39/1829 1737/51/1829 1688/52/1829
f 1689/39/1830 1737/51/1830 1694/45/1830
f 1694/45/1831 1698/49/1831 1699/53/1831
f 1694/45/1832 1700/54/1832 1696/55/1832
f 1695/44/1833 1700/54/1833 1699/53/1833
f 1693/50/1834 1694/45/1834 1695/44/1834
f 1701/56/1835 1708/57/1835 1704/58/1835
f 1704/58/1836 1743/59/1836 1702/60/1836
f 1664/9/1837 1731/17/1837 1703/58/1837
f 1650/1/1838 1703/58/1838 1746/6/1838
f 1665/9/1839 1746/6/1839 1704/58/1839
f 1654/8/1840 1655/8/1840 1731/17/1840
f 1707/61/1841 1710/62/1841 1711/63/1841
f 1705/64/1842 1711/63/1842 1745/65/1842
f 1701/56/1843 1707/61/1843 1730/66/1843
f 1703/58/1844 1743/59/1844 1707/61/1844
f 1712/67/1845 1713/68/1845 1715/69/1845
f 1708/57/1846 1710/62/1846 1706/70/1846
f 1708/57/1847 1745/65/1847 1712/67/1847
f 1711/63/1848 1713/68/1848 1709/71/1848
f 1744/72/1849 1715/69/1849 1711/63/1849
f 1716/73/1850 1741/74/1850 1720/75/1850
f 1659/15/1851 1742/2/1851 1651/1/1851
f 1659/15/1852 1740/16/1852 1719/73/1852
f 1658/15/1853 1742/2/1853 1716/73/1853
f 1653/10/1854 1652/10/1854 1740/16/1854
f 1724/76/1855 1727/77/1855 1723/78/1855
f 1721/79/1856 1727/77/1856 1726/80/1856
f 1720/75/1857 1724/76/1857 1719/73/1857
f 1716/73/1858 1722/81/1858 1721/79/1858
f 1717/82/1859 1724/76/1859 1722/81/1859
f 1721/79/1860 1729/83/1860 1725/84/1860
f 1724/76/1861 1729/83/1861 1728/85/1861
f 1728/85/1862 1726/80/1862 1727/77/1862
f 1746/6/1863 1703/58/1863 1704/58/1863
f 1731/17/1864 1704/58/1864 1703/58/1864
f 1732/13/1865 1669/21/1865 1670/14/1865
f 1733/30/1866 1673/23/1866 1674/20/1866
f 1734/24/1867 1678/27/1867 1679/31/1867
f 1743/59/1868 1708/57/1868 1707/61/1868
f 1710/62/1869 1712/67/1869 1711/63/1869
f 1730/66/1870 1707/61/1870 1708/57/1870
f 1745/65/1871 1711/63/1871 1712/67/1871
f 1742/2/1872 1719/73/1872 1716/73/1872
f 1722/81/1873 1724/76/1873 1721/79/1873
f 1741/74/1873 1721/79/1873 1724/76/1873
f 1740/16/1874 1716/73/1874 1719/73/1874
f 1739/18/1875 1686/42/1875 1685/41/1875
f 1736/4/1876 1685/41/1876 1686/42/1876
f 1738/40/1877 1690/39/1877 1689/39/1877
f 1691/48/1878 1689/39/1878 1690/39/1878
f 1720/75/1879 1719/73/1879 1716/73/1879
f 1721/79/1880 1725/84/1880 1724/76/1880
f 1717/82/1881 1716/73/1881 1719/73/1881
f 1723/78/1882 1721/79/1882 1724/76/1882
f 1701/56/1883 1704/58/1883 1703/58/1883
f 1707/61/1884 1705/64/1884 1708/57/1884
f 1711/63/1885 1709/71/1885 1712/67/1885
f 1704/58/1886 1702/60/1886 1703/58/1886
f 1706/70/1887 1707/61/1887 1708/57/1887
f 1744/72/1888 1711/63/1888 1712/67/1888
f 1680/36/1889 1679/31/1889 1678/27/1889
f 1675/25/1890 1674/20/1890 1673/23/1890
f 1671/19/1891 1670/14/1891 1669/21/1891
f 1676/26/1892 1679/31/1892 1678/27/1892
f 1673/23/1893 1735/28/1893 1674/20/1893
f 1679/31/1894 1677/33/1894 1678/27/1894
f 1672/34/1895 1673/23/1895 1674/20/1895
f 1670/14/1896 1668/29/1896 1669/21/1896
f 1669/21/1897 1718/5/1897 1670/14/1897
f 1685/41/1898 1687/47/1898 1686/42/1898
f 1689/39/1899 1692/43/1899 1690/39/1899
f 1696/55/1900 1695/44/1900 1694/45/1900
f 1688/52/1901 1689/39/1901 1690/39/1901
f 1684/38/1902 1685/41/1902 1686/42/1902
f 1697/46/1903 1694/45/1903 1695/44/1903
f 1747/1/1904 1748/1/1904 1839/2/1904
f 1754/3/1905 1753/3/1905 1833/4/1905
f 1753/3/1906 1754/3/1906 1815/5/1906
f 1748/1/1907 1747/1/1907 1843/6/1907
f 1764/7/1908 1751/8/1908 1761/9/1908
f 1763/7/1909 1748/1/1909 1762/9/1909
f 1750/10/1910 1763/7/1910 1760/11/1910
f 1753/3/1911 1764/7/1911 1759/11/1911
f 1758/12/1912 1829/13/1912 1767/14/1912
f 1755/15/1913 1837/16/1913 1749/10/1913
f 1749/10/1914 1764/7/1914 1755/15/1914
f 1754/3/1915 1763/7/1915 1758/12/1915
f 1763/7/1916 1752/8/1916 1758/12/1916
f 1764/7/1917 1747/1/1917 1755/15/1917
f 1762/9/1918 1828/17/1918 1752/8/1918
f 1760/11/1919 1836/18/1919 1750/10/1919
f 1768/19/1920 1771/20/1920 1767/14/1920
f 1758/12/1921 1815/5/1921 1754/3/1921
f 1752/8/1922 1751/8/1922 1829/13/1922
f 1753/3/1923 1766/21/1923 1757/22/1923
f 1751/8/1924 1766/21/1924 1829/13/1924
f 1770/23/1925 1831/24/1925 1772/25/1925
f 1770/23/1926 1773/26/1926 1775/27/1926
f 1767/14/1927 1832/28/1927 1765/29/1927
f 1765/29/1928 1770/23/1928 1766/21/1928
f 1768/19/1929 1770/23/1929 1830/30/1929
f 1776/31/1930 1778/32/1930 1774/33/1930
f 1772/25/1931 1776/31/1931 1771/20/1931
f 1771/20/1932 1773/26/1932 1769/34/1932
f 1774/33/1933 1779/35/1933 1775/27/1933
f 1777/36/1934 1779/35/1934 1780/37/1934
f 1777/36/1935 1779/35/1935 1776/31/1935
f 1781/38/1936 1787/39/1936 1835/40/1936
f 1749/10/1937 1782/41/1937 1759/11/1937
f 1753/3/1938 1782/41/1938 1833/4/1938
f 1760/11/1939 1833/4/1939 1783/42/1939
f 1749/10/1940 1750/10/1940 1836/18/1940
f 1789/43/1941 1792/44/1941 1787/39/1941
f 1789/43/1942 1791/45/1942 1794/46/1942
f 1781/38/1943 1786/39/1943 1782/41/1943
f 1784/47/1944 1786/39/1944 1788/48/1944
f 1784/47/1945 1787/39/1945 1783/42/1945
f 1792/44/1946 1795/49/1946 1790/50/1946
f 1791/45/1947 1834/51/1947 1792/44/1947
f 1787/39/1948 1834/51/1948 1785/52/1948
f 1786/39/1949 1834/51/1949 1791/45/1949
f 1791/45/1950 1795/49/1950 1796/53/1950
f 1791/45/1951 1797/54/1951 1793/55/1951
f 1792/44/1952 1797/54/1952 1796/53/1952
f 1790/50/1953 1791/45/1953 1792/44/1953
f 1798/56/1954 1805/57/1954 1801/58/1954
f 1801/58/1955 1840/59/1955 1799/60/1955
f 1761/9/1956 1828/17/1956 1800/58/1956
f 1747/1/1957 1800/58/1957 1843/6/1957
f 1762/9/1958 1843/6/1958 1801/58/1958
f 1751/8/1959 1752/8/1959 1828/17/1959
f 1804/61/1960 1807/62/1960 1808/63/1960
f 1802/64/1961 1808/63/1961 1842/65/1961
f 1798/56/1962 1804/61/1962 1827/66/1962
f 1800/58/1963 1840/59/1963 1804/61/1963
f 1809/67/1964 1810/68/1964 1812/69/1964
f 1805/57/1965 1807/62/1965 1803/70/1965
f 1805/57/1966 1842/65/1966 1809/67/1966
f 1808/63/1967 1810/68/1967 1806/71/1967
f 1841/72/1968 1812/69/1968 1808/63/1968
f 1813/73/1969 1838/74/1969 1817/75/1969
f 1756/15/1970 1839/2/1970 1748/1/1970
f 1756/15/1971 1837/16/1971 1816/73/1971
f 1755/15/1972 1839/2/1972 1813/73/1972
f 1750/10/1973 1749/10/1973 1837/16/1973
f 1821/76/1974 1824/77/1974 1820/78/1974
f 1818/79/1975 1824/77/1975 1823/80/1975
f 1817/75/1976 1821/76/1976 1816/73/1976
f 1813/73/1977 1819/81/1977 1818/79/1977
f 1814/82/1978 1821/76/1978 1819/81/1978
f 1818/79/1979 1826/83/1979 1822/84/1979
f 1821/76/1980 1826/83/1980 1825/85/1980
f 1825/85/1981 1823/80/1981 1824/77/1981
f 1843/6/1982 1800/58/1982 1801/58/1982
f 1828/17/1983 1801/58/1983 1800/58/1983
f 1829/13/1984 1766/21/1984 1767/14/1984
f 1830/30/1985 1770/23/1985 1771/20/1985
f 1831/24/1986 1775/27/1986 1776/31/1986
f 1840/59/1987 1805/57/1987 1804/61/1987
f 1807/62/1988 1809/67/1988 1808/63/1988
f 1827/66/1989 1804/61/1989 1805/57/1989
f 1842/65/1990 1808/63/1990 1809/67/1990
f 1839/2/1991 1816/73/1991 1813/73/1991
f 1819/81/1992 1821/76/1992 1818/79/1992
f 1838/74/1992 1818/79/1992 1821/76/1992
f 1837/16/1993 1813/73/1993 1816/73/1993
f 1836/18/1994 1783/42/1994 1782/41/1994
f 1833/4/1995 1782/41/1995 1783/42/1995
f 1835/40/1996 1787/39/1996 1786/39/1996
f 1788/48/1997 1786/39/1997 1787/39/1997
f 1817/75/1998 1816/73/1998 1813/73/1998
f 1818/79/1999 1822/84/1999 1821/76/1999
f 1814/82/2000 1813/73/2000 1816/73/2000
f 1820/78/2001 1818/79/2001 1821/76/2001
f 1798/56/2002 1801/58/2002 1800/58/2002
f 1804/61/2003 1802/64/2003 1805/57/2003
f 1808/63/2004 1806/71/2004 1809/67/2004
f 1801/58/2005 1799/60/2005 1800/58/2005
f 1803/70/2006 1804/61/2006 1805/57/2006
f 1841/72/2007 1808/63/2007 1809/67/2007
f 1777/36/2008 1776/31/2008 1775/27/2008
f 1772/25/2009 1771/20/2009 1770/23/2009
f 1768/19/2010 1767/14/2010 1766/21/2010
f 1773/26/2011 1776/31/2011 1775/27/2011
f 1770/23/2012 1832/28/2012 1771/20/2012
f 1776/31/2013 1774/33/2013 1775/27/2013
f 1769/34/2014 1770/23/2014 1771/20/2014
f 1767/14/2015 1765/29/2015 1766/21/2015
f 1766/21/2016 1815/5/2016 1767/14/2016
f 1782/41/2017 1784/47/2017 1783/42/2017
f 1786/39/2018 1789/43/2018 1787/39/2018
f 1793/55/2019 1792/44/2019 1791/45/2019
f 1785/52/2020 1786/39/2020 1787/39/2020
f 1781/38/2021 1782/41/2021 1783/42/2021
f 1794/46/2022 1791/45/2022 1792/44/2022
f 1844/1/2023 1845/1/2023 1936/2/2023
f 1851/3/2024 1850/3/2024 1930/4/2024
f 1850/3/2025 1851/3/2025 1912/5/2025
f 1845/1/2026 1844/1/2026 1940/6/2026
f 1861/7/2027 1848/8/2027 1858/9/2027
f 1860/7/2028 1845/1/2028 1859/9/2028
f 1847/10/2029 1860/7/2029 1857/11/2029
f 1850/3/2030 1861/7/2030 1856/11/2030
f 1855/12/2031 1926/13/2031 1864/14/2031
f 1852/15/2032 1934/16/2032 1846/10/2032
f 1846/10/2033 1861/7/2033 1852/15/2033
f 1851/3/2034 1860/7/2034 1855/12/2034
f 1860/7/2035 1849/8/2035 1855/12/2035
f 1861/7/2036 1844/1/2036 1852/15/2036
f 1859/9/2037 1925/17/2037 1849/8/2037
f 1857/11/2038 1933/18/2038 1847/10/2038
f 1865/19/2039 1868/20/2039 1864/14/2039
f 1855/12/2040 1912/5/2040 1851/3/2040
f 1849/8/2041 1848/8/2041 1926/13/2041
f 1850/3/2042 1863/21/2042 1854/22/2042
f 1848/8/2043 1863/21/2043 1926/13/2043
f 1867/23/2044 1928/24/2044 1869/25/2044
f 1867/23/2045 1870/26/2045 1872/27/2045
f 1864/14/2046 1929/28/2046 1862/29/2046
f 1862/29/2047 1867/23/2047 1863/21/2047
f 1865/19/2048 1867/23/2048 1927/30/2048
f 1873/31/2049 1875/32/2049 1871/33/2049
f 1869/25/2050 1873/31/2050 1868/20/2050
f 1868/20/2051 1870/26/2051 1866/34/2051
f 1871/33/2052 1876/35/2052 1872/27/2052
f 1874/36/2053 1877/37/2053 1876/35/2053
f 1874/36/2054 1876/35/2054 1873/31/2054
f 1878/38/2055 1884/39/2055 1932/40/2055
f 1846/10/2056 1879/41/2056 1856/11/2056
f 1850/3/2057 1879/41/2057 1930/4/2057
f 1857/11/2058 1930/4/2058 1880/42/2058
f 1846/10/2059 1847/10/2059 1933/18/2059
f 1886/43/2060 1889/44/2060 1884/39/2060
f 1886/43/2061 1888/45/2061 1891/46/2061
f 1878/38/2062 1883/39/2062 1879/41/2062
f 1881/47/2063 1883/39/2063 1885/48/2063
f 1881/47/2064 1884/39/2064 1880/42/2064
f 1889/44/2065 1892/49/2065 1887/50/2065
f 1888/45/2066 1931/51/2066 1889/44/2066
f 1884/39/2067 1931/51/2067 1882/52/2067
f 1883/39/2068 1931/51/2068 1888/45/2068
f 1888/45/2069 1892/49/2069 1893/53/2069
f 1888/45/2070 1894/54/2070 1890/55/2070
f 1889/44/2071 1894/54/2071 1893/53/2071
f 1887/50/2072 1888/45/2072 1889/44/2072
f 1895/56/2073 1902/57/2073 1898/58/2073
f 1898/58/2074 1937/59/2074 1896/60/2074
f 1858/9/2075 1925/17/2075 1897/58/2075
f 1844/1/2076 1897/58/2076 1940/6/2076
f 1859/9/2077 1940/6/2077 1898/58/2077
f 1848/8/2078 1849/8/2078 1925/17/2078
f 1901/61/2079 1904/62/2079 1905/63/2079
f 1899/64/2080 1905/63/2080 1939/65/2080
f 1895/56/2081 1901/61/2081 1924/66/2081
f 1897/58/2082 1937/59/2082 1901/61/2082
f 1906/67/2083 1907/68/2083 1909/69/2083
f 1902/57/2084 1904/62/2084 1900/70/2084
f 1902/57/2085 1939/65/2085 1906/67/2085
f 1905/63/2086 1907/68/2086 1903/71/2086
f 1938/72/2087 1909/69/2087 1905/63/2087
f 1910/73/2088 1935/74/2088 1914/75/2088
f 1853/15/2089 1936/2/2089 1845/1/2089
f 1853/15/2090 1934/16/2090 1913/73/2090
f 1852/15/2091 1936/2/2091 1910/73/2091
f 1847/10/2092 1846/10/2092 1934/16/2092
f 1918/76/2093 1921/77/2093 1917/78/2093
f 1915/79/2094 1921/77/2094 1920/80/2094
f 1914/75/2095 1918/76/2095 1913/73/2095
f 1910/73/2096 1916/81/2096 1915/79/2096
f 1911/82/2097 1918/76/2097 1916/81/2097
f 1915/79/2098 1923/83/2098 1919/84/2098
f 1918/76/2099 1923/83/2099 1922/85/2099
f 1922/85/2100 1920/80/2100 1921/77/2100
f 1940/6/2101 1897/58/2101 1898/58/2101
f 1925/17/2102 1898/58/2102 1897/58/2102
f 1926/13/2103 1863/21/2103 1864/14/2103
f 1927/30/2104 1867/23/2104 1868/20/2104
f 1928/24/2105 1872/27/2105 1873/31/2105
f 1937/59/2106 1902/57/2106 1901/61/2106
f 1904/62/2107 1906/67/2107 1905/63/2107
f 1924/66/2108 1901/61/2108 1902/57/2108
f 1939/65/2109 1905/63/2109 1906/67/2109
f 1936/2/2110 1913/73/2110 1910/73/2110
f 1916/81/2111 1918/76/2111 1915/79/2111
f 1935/74/2111 1915/79/2111 1918/76/2111
f 1934/16/2112 1910/73/2112 1913/73/2112
f 1933/18/2113 1880/42/2113 1879/41/2113
f 1930/4/2114 1879/41/2114 1880/42/2114
f 1932/40/2115 1884/39/2115 1883/39/2115
f 1885/48/2116 1883/39/2116 1884/39/2116
f 1914/75/2117 1913/73/2117 1910/73/2117
f 1915/79/2118 1919/84/2118 1918/76/2118
f 1911/82/2119 1910/73/2119 1913/73/2119
f 1917/78/2120 1915/79/2120 1918/76/2120
f 1895/56/2121 1898/58/2121 1897/58/2121
f 1901/61/2122 1899/64/2122 1902/57/2122
f 1905/63/2123 1903/71/2123 1906/67/2123
f 1898/58/2124 1896/60/2124 1897/58/2124
f 1900/70/2125 1901/61/2125 1902/57/2125
f 1938/72/2126 1905/63/2126 1906/67/2126
f 1874/36/2127 1873/31/2127 1872/27/2127
f 1869/25/2128 1868/20/2128 1867/23/2128
f 1865/19/2129 1864/14/2129 1863/21/2129
f 1870/26/2130 1873/31/2130 1872/27/2130
f 1867/23/2131 1929/28/2131 1868/20/2131
f 1873/31/2132 1871/33/2132 1872/27/2132
f 1866/34/2133 1867/23/2133 1868/20/2133
f 1864/14/2134 1862/29/2134 1863/21/2134
f 1863/21/2135 1912/5/2135 1864/14/2135
f 1879/41/2136 1881/47/2136 1880/42/2136
f 1883/39/2137 1886/43/2137 1884/39/2137
f 1890/55/2138 1889/44/2138 1888/45/2138
f 1882/52/2139 1883/39/2139 1884/39/2139
f 1878/38/2140 1879/41/2140 1880/42/2140
f 1891/46/2141 1888/45/2141 1889/44/2141
f 1941/1/2142 1942/1/2142 2033/2/2142
f 1948/3/2143 1947/3/2143 2027/4/2143
f 1947/3/2144 1948/3/2144 2009/5/2144
f 1942/1/2145 1941/1/2145 2037/6/2145
f 1958/7/2146 1945/8/2146 1955/9/2146
f 1957/7/2147 1942/1/2147 1956/9/2147
f 1944/10/2148 1957/7/2148 1954/11/2148
f 1947/3/2149 1958/7/2149 1953/11/2149
f 1952/12/2150 2023/13/2150 1961/14/2150
f 1949/15/2151 2031/16/2151 1943/10/2151
f 1943/10/2152 1958/7/2152 1949/15/2152
f 1948/3/2153 1957/7/2153 1952/12/2153
f 1957/7/2154 1946/8/2154 1952/12/2154
f 1958/7/2155 1941/1/2155 1949/15/2155
f 1956/9/2156 2022/17/2156 1946/8/2156
f 1954/11/2157 2030/18/2157 1944/10/2157
f 1962/19/2158 1965/20/2158 1961/14/2158
f 1952/12/2159 2009/5/2159 1948/3/2159
f 1946/8/2160 1945/8/2160 2023/13/2160
f 1947/3/2161 1960/21/2161 1951/22/2161
f 1945/8/2162 1960/21/2162 2023/13/2162
f 1964/23/2163 2025/24/2163 1966/25/2163
f 1964/23/2164 1967/26/2164 1969/27/2164
f 1961/14/2165 2026/28/2165 1959/29/2165
f 1959/29/2166 1964/23/2166 1960/21/2166
f 1962/19/2167 1964/23/2167 2024/30/2167
f 1970/31/2168 1972/32/2168 1968/33/2168
f 1966/25/2169 1970/31/2169 1965/20/2169
f 1965/20/2170 1967/26/2170 1963/34/2170
f 1968/33/2171 1973/35/2171 1969/27/2171
f 1971/36/2172 1974/37/2172 1973/35/2172
f 1971/36/2173 1973/35/2173 1970/31/2173
f 1975/38/2174 1981/39/2174 2029/40/2174
f 1943/10/2175 1976/41/2175 1953/11/2175
f 1947/3/2176 1976/41/2176 2027/4/2176
f 1954/11/2177 2027/4/2177 1977/42/2177
f 1943/10/2178 1944/10/2178 2030/18/2178
f 1983/43/2179 1986/44/2179 1981/39/2179
f 1983/43/2180 1985/45/2180 1988/46/2180
f 1975/38/2181 1980/39/2181 1976/41/2181
f 1978/47/2182 1980/39/2182 1982/48/2182
f 1978/47/2183 1981/39/2183 1977/42/2183
f 1986/44/2184 1989/49/2184 1984/50/2184
f 1985/45/2185 2028/51/2185 1986/44/2185
f 1981/39/2186 2028/51/2186 1979/52/2186
f 1980/39/2187 2028/51/2187 1985/45/2187
f 1985/45/2188 1989/49/2188 1990/53/2188
f 1985/45/2189 1991/54/2189 1987/55/2189
f 1986/44/2190 1991/54/2190 1990/53/2190
f 1984/50/2191 1985/45/2191 1986/44/2191
f 1992/56/2192 1999/57/2192 1995/58/2192
f 1995/58/2193 2034/59/2193 1993/60/2193
f 1955/9/2194 2022/17/2194 1994/58/2194
f 1941/1/2195 1994/58/2195 2037/6/2195
f 1956/9/2196 2037/6/2196 1995/58/2196
f 1945/8/2197 1946/8/2197 2022/17/2197
f 1998/61/2198 2001/62/2198 2002/63/2198
f 1996/64/2199 2002/63/2199 2036/65/2199
f 1992/56/2200 1998/61/2200 2021/66/2200
f 1994/58/2201 2034/59/2201 1998/61/2201
f 2003/67/2202 2004/68/2202 2006/69/2202
f 1999/57/2203 2001/62/2203 1997/70/2203
f 1999/57/2204 2036/65/2204 2003/67/2204
f 2002/63/2205 2004/68/2205 2000/71/2205
f 2035/72/2206 2006/69/2206 2002/63/2206
f 2007/73/2207 2032/74/2207 2011/75/2207
f 1950/15/2208 2033/2/2208 1942/1/2208
f 1950/15/2209 2031/16/2209 2010/73/2209
f 1949/15/2210 2033/2/2210 2007/73/2210
f 1944/10/2211 1943/10/2211 2031/16/2211
f 2015/76/2212 2018/77/2212 2014/78/2212
f 2012/79/2213 2018/77/2213 2017/80/2213
f 2011/75/2214 2015/76/2214 2010/73/2214
f 2007/73/2215 2013/81/2215 2012/79/2215
f 2008/82/2216 2015/76/2216 2013/81/2216
f 2012/79/2217 2020/83/2217 2016/84/2217
f 2015/76/2218 2020/83/2218 2019/85/2218
f 2019/85/2219 2017/80/2219 2018/77/2219
f 2037/6/2220 1994/58/2220 1995/58/2220
f 2022/17/2221 1995/58/2221 1994/58/2221
f 2023/13/2222 1960/21/2222 1961/14/2222
f 2024/30/2223 1964/23/2223 1965/20/2223
f 2025/24/2224 1969/27/2224 1970/31/2224
f 2034/59/2225 1999/57/2225 1998/61/2225
f 2001/62/2226 2003/67/2226 2002/63/2226
f 2021/66/2227 1998/61/2227 1999/57/2227
f 2036/65/2228 2002/63/2228 2003/67/2228
f 2033/2/2229 2010/73/2229 2007/73/2229
f 2013/81/2230 2015/76/2230 2012/79/2230
f 2032/74/2230 2012/79/2230 2015/76/2230
f 2031/16/2231 2007/73/2231 2010/73/2231
f 2030/18/2232 1977/42/2232 1976/41/2232
f 2027/4/2233 1976/41/2233 1977/42/2233
f 2029/40/2234 1981/39/2234 1980/39/2234
f 1982/48/2235 1980/39/2235 1981/39/2235
f 2011/75/2236 2010/73/2236 2007/73/2236
f 2012/79/2237 2016/84/2237 2015/76/2237
f 2008/82/2238 2007/73/2238 2010/73/2238
f 2014/78/2239 2012/79/2239 2015/76/2239
f 1992/56/2240 1995/58/2240 1994/58/2240
f 1998/61/2241 1996/64/2241 1999/57/2241
f 2002/63/2242 2000/71/2242 2003/67/2242
f 1995/58/2243 1993/60/2243 1994/58/2243
f 1997/70/2244 1998/61/2244 1999/57/2244
f 2035/72/2245 2002/63/2245 2003/67/2245
f 1971/36/2246 1970/31/2246 1969/27/2246
f 1966/25/2247 1965/20/2247 1964/23/2247
f 1962/19/2248 1961/14/2248 1960/21/2248
f 1967/26/2249 1970/31/2249 1969/27/2249
f 1964/23/2250 2026/28/2250 1965/20/2250
f 1970/31/2251 1968/33/2251 1969/27/2251
f 1963/34/2252 1964/23/2252 1965/20/2252
f 1961/14/2253 1959/29/2253 1960/21/2253
f 1960/21/2222 2009/5/2222 1961/14/2222
f 1976/41/2254 1978/47/2254 1977/42/2254
f 1980/39/2255 1983/43/2255 1981/39/2255
f 1987/55/2256 1986/44/2256 1985/45/2256
f 1979/52/2257 1980/39/2257 1981/39/2257
f 1975/38/2258 1976/41/2258 1977/42/2258
f 1988/46/2259 1985/45/2259 1986/44/2259
f 18/7/2260 11/22/2260 5/8/2260
f 17/7/2261 10/15/2261 2/1/2261
f 4/10/2262 10/15/2262 17/7/2262
f 7/3/2263 11/22/2263 18/7/2263
f 12/12/2264 6/8/2264 83/13/2264
f 9/15/2265 67/73/2265 91/16/2265
f 3/10/2266 13/11/2266 18/7/2266
f 8/3/2267 14/11/2267 17/7/2267
f 17/7/2268 16/9/2268 6/8/2268
f 18/7/2269 15/9/2269 1/1/2269
f 16/9/2270 55/58/2270 82/17/2270
f 14/11/2271 37/42/2271 90/18/2271
f 22/19/2272 84/30/2272 25/20/2272
f 12/12/2273 21/14/2273 69/5/2273
f 7/3/2274 69/5/2274 20/21/2274
f 5/8/2275 11/22/2275 20/21/2275
f 24/23/2276 29/27/2276 85/24/2276
f 24/23/2277 23/34/2277 27/26/2277
f 21/14/2278 25/20/2278 86/28/2278
f 19/29/2279 86/28/2279 24/23/2279
f 22/19/2280 20/21/2280 24/23/2280
f 30/31/2281 33/35/2281 32/32/2281
f 26/25/2282 85/24/2282 30/31/2282
f 25/20/2283 30/31/2283 27/26/2283
f 28/33/2284 32/32/2284 33/35/2284
f 31/36/2285 29/27/2285 33/35/2285
f 35/38/2286 37/42/2286 41/39/2286
f 3/10/2287 90/18/2287 36/41/2287
f 7/3/2288 13/11/2288 36/41/2288
f 14/11/2289 8/3/2289 87/4/2289
f 43/43/2290 48/46/2290 46/44/2290
f 43/43/2291 40/39/2291 45/45/2291
f 35/38/2292 89/40/2292 40/39/2292
f 38/47/2293 36/41/2293 40/39/2293
f 38/47/2294 42/48/2294 41/39/2294
f 46/44/49 50/53/49 49/49/49
f 41/39/2295 46/44/2295 88/51/2295
f 40/39/2296 39/52/2296 88/51/2296
f 45/45/2297 44/50/2297 49/49/2297
f 45/45/47 50/53/47 51/54/47
f 46/44/2298 47/55/2298 51/54/2298
f 52/56/2299 81/66/2299 59/57/2299
f 55/58/2300 59/57/2300 94/59/2300
f 15/9/2301 5/8/2301 82/17/2301
f 1/1/2302 15/9/2302 54/58/2302
f 16/9/2303 2/1/2303 97/6/2303
f 58/61/2304 57/70/2304 61/62/2304
f 56/64/2305 58/61/2305 62/63/2305
f 52/56/2306 54/58/2306 58/61/2306
f 54/58/2307 53/60/2307 94/59/2307
f 63/67/2308 60/71/2308 64/68/2308
f 59/57/2309 63/67/2309 61/62/2309
f 59/57/2310 56/64/2310 96/65/2310
f 62/63/2311 66/69/2311 64/68/2311
f 95/72/2312 65/86/2312 66/69/2312
f 95/72/2313 63/67/2313 66/69/2313
f 67/73/2314 72/79/2314 92/74/2314
f 10/15/2315 70/73/2315 93/2/2315
f 10/15/2316 4/10/2316 91/16/2316
f 9/15/2317 1/1/2317 93/2/2317
f 75/76/2318 79/85/2318 78/77/2318
f 72/79/2319 74/78/2319 78/77/2319
f 71/75/2320 92/74/2320 75/76/2320
f 67/73/74 68/82/74 73/81/74
f 68/82/2321 70/73/2321 75/76/2321
f 72/79/2322 77/80/2322 80/83/2322
f 75/76/2323 76/84/2323 80/83/2323
f 79/85/78 80/83/78 77/80/78
f 115/7/2324 108/22/2324 102/8/2324
f 114/7/2325 107/15/2325 99/1/2325
f 101/10/2326 107/15/2326 114/7/2326
f 104/3/2327 108/22/2327 115/7/2327
f 109/12/2328 103/8/2328 180/13/2328
f 106/15/2329 164/73/2329 188/16/2329
f 100/10/2330 110/11/2330 115/7/2330
f 105/3/2331 111/11/2331 114/7/2331
f 114/7/2332 113/9/2332 103/8/2332
f 115/7/2333 112/9/2333 98/1/2333
f 113/9/2334 152/58/2334 179/17/2334
f 111/11/2335 134/42/2335 187/18/2335
f 119/19/2336 181/30/2336 122/20/2336
f 109/12/2337 118/14/2337 166/5/2337
f 104/3/2338 166/5/2338 117/21/2338
f 102/8/2339 108/22/2339 117/21/2339
f 121/23/2340 126/27/2340 182/24/2340
f 121/23/2341 120/34/2341 124/26/2341
f 118/14/2342 122/20/2342 183/28/2342
f 116/29/2343 183/28/2343 121/23/2343
f 119/19/2344 117/21/2344 121/23/2344
f 127/31/2345 130/35/2345 129/32/2345
f 123/25/2346 182/24/2346 127/31/2346
f 122/20/2347 127/31/2347 124/26/2347
f 125/33/2348 129/32/2348 130/35/2348
f 128/36/2349 126/27/2349 130/35/2349
f 132/38/2350 134/42/2350 138/39/2350
f 100/10/2351 187/18/2351 133/41/2351
f 104/3/2352 110/11/2352 133/41/2352
f 111/11/2353 105/3/2353 184/4/2353
f 140/43/2354 145/46/2354 143/44/2354
f 140/43/2355 137/39/2355 142/45/2355
f 132/38/2356 186/40/2356 137/39/2356
f 135/47/2357 133/41/2357 137/39/2357
f 135/47/2358 139/48/2358 138/39/2358
f 143/44/167 147/53/167 146/49/167
f 138/39/2359 143/44/2359 185/51/2359
f 137/39/2360 136/52/2360 185/51/2360
f 142/45/2361 141/50/2361 146/49/2361
f 142/45/165 147/53/165 148/54/165
f 143/44/2362 144/55/2362 148/54/2362
f 149/56/2363 178/66/2363 156/57/2363
f 152/58/2364 156/57/2364 191/59/2364
f 112/9/2365 102/8/2365 179/17/2365
f 98/1/2366 112/9/2366 151/58/2366
f 113/9/2367 99/1/2367 194/6/2367
f 155/61/2368 154/70/2368 158/62/2368
f 153/64/2369 155/61/2369 159/63/2369
f 149/56/2370 151/58/2370 155/61/2370
f 151/58/2371 150/60/2371 191/59/2371
f 160/67/2372 157/71/2372 161/68/2372
f 156/57/2373 160/67/2373 158/62/2373
f 156/57/2374 153/64/2374 193/65/2374
f 159/63/2375 163/69/2375 161/68/2375
f 192/72/2376 163/69/2376 162/86/2376
f 192/72/2377 160/67/2377 163/69/2377
f 164/73/2378 169/79/2378 189/74/2378
f 107/15/2379 167/73/2379 190/2/2379
f 107/15/2380 101/10/2380 188/16/2380
f 106/15/2381 98/1/2381 190/2/2381
f 172/76/2382 176/85/2382 175/77/2382
f 169/79/2383 171/78/2383 175/77/2383
f 168/75/2384 189/74/2384 172/76/2384
f 164/73/192 165/82/192 170/81/192
f 165/82/2385 167/73/2385 172/76/2385
f 169/79/2386 174/80/2386 177/83/2386
f 172/76/2387 173/84/2387 177/83/2387
f 176/85/196 177/83/196 174/80/196
f 212/7/2388 205/22/2388 199/8/2388
f 211/7/2389 204/15/2389 196/1/2389
f 198/10/2390 204/15/2390 211/7/2390
f 201/3/2391 205/22/2391 212/7/2391
f 206/12/2392 200/8/2392 277/13/2392
f 203/15/2393 261/73/2393 285/16/2393
f 197/10/2394 207/11/2394 212/7/2394
f 202/3/2395 208/11/2395 211/7/2395
f 211/7/2396 210/9/2396 200/8/2396
f 212/7/2397 209/9/2397 195/1/2397
f 210/9/2398 249/58/2398 276/17/2398
f 208/11/2399 231/42/2399 284/18/2399
f 216/19/2400 278/30/2400 219/20/2400
f 206/12/2401 215/14/2401 263/5/2401
f 201/3/2402 263/5/2402 214/21/2402
f 199/8/2403 205/22/2403 214/21/2403
f 218/23/2404 223/27/2404 279/24/2404
f 218/23/2405 217/34/2405 221/26/2405
f 215/14/2406 219/20/2406 280/28/2406
f 213/29/2407 280/28/2407 218/23/2407
f 216/19/2408 214/21/2408 218/23/2408
f 224/31/2409 227/35/2409 226/32/2409
f 220/25/2410 279/24/2410 224/31/2410
f 219/20/2411 224/31/2411 221/26/2411
f 222/33/2412 226/32/2412 227/35/2412
f 225/36/2413 223/27/2413 227/35/2413
f 229/38/2414 231/42/2414 235/39/2414
f 197/10/2415 284/18/2415 230/41/2415
f 201/3/2416 207/11/2416 230/41/2416
f 208/11/2417 202/3/2417 281/4/2417
f 237/43/2418 242/46/2418 240/44/2418
f 237/43/2419 234/39/2419 239/45/2419
f 229/38/2420 283/40/2420 234/39/2420
f 232/47/2421 230/41/2421 234/39/2421
f 232/47/2422 236/48/2422 235/39/2422
f 240/44/285 244/53/285 243/49/285
f 235/39/2423 240/44/2423 282/51/2423
f 234/39/2424 233/52/2424 282/51/2424
f 239/45/2425 238/50/2425 243/49/2425
f 239/45/283 244/53/283 245/54/283
f 240/44/2426 241/55/2426 245/54/2426
f 246/56/2427 275/66/2427 253/57/2427
f 249/58/2428 253/57/2428 288/59/2428
f 209/9/2429 199/8/2429 276/17/2429
f 195/1/2430 209/9/2430 248/58/2430
f 210/9/2431 196/1/2431 291/6/2431
f 252/61/2432 251/70/2432 255/62/2432
f 250/64/2433 252/61/2433 256/63/2433
f 246/56/2434 248/58/2434 252/61/2434
f 248/58/2435 247/60/2435 288/59/2435
f 257/67/2436 254/71/2436 258/68/2436
f 253/57/2437 257/67/2437 255/62/2437
f 253/57/2438 250/64/2438 290/65/2438
f 256/63/2439 260/69/2439 258/68/2439
f 289/72/2440 260/69/2440 259/86/2440
f 289/72/2441 257/67/2441 260/69/2441
f 261/73/2442 266/79/2442 286/74/2442
f 204/15/2443 264/73/2443 287/2/2443
f 204/15/2444 198/10/2444 285/16/2444
f 203/15/2445 195/1/2445 287/2/2445
f 269/76/2446 273/85/2446 272/77/2446
f 266/79/2447 268/78/2447 272/77/2447
f 265/75/2448 286/74/2448 269/76/2448
f 261/73/310 262/82/310 267/81/310
f 262/82/2449 264/73/2449 269/76/2449
f 266/79/2450 271/80/2450 274/83/2450
f 269/76/2451 270/84/2451 274/83/2451
f 273/85/314 274/83/314 271/80/314
f 309/7/2452 302/22/2452 296/8/2452
f 308/7/2453 301/15/2453 293/1/2453
f 295/10/2454 301/15/2454 308/7/2454
f 298/3/2455 302/22/2455 309/7/2455
f 303/12/2456 297/8/2456 374/13/2456
f 300/15/2457 358/73/2457 382/16/2457
f 294/10/2458 304/11/2458 309/7/2458
f 299/3/2459 305/11/2459 308/7/2459
f 308/7/2460 307/9/2460 297/8/2460
f 309/7/2461 306/9/2461 292/1/2461
f 307/9/2462 346/58/2462 373/17/2462
f 305/11/2463 328/42/2463 381/18/2463
f 313/19/2464 375/30/2464 316/20/2464
f 303/12/2465 312/14/2465 360/5/2465
f 298/3/2466 360/5/2466 311/21/2466
f 296/8/2467 302/22/2467 311/21/2467
f 315/23/2468 320/27/2468 376/24/2468
f 315/23/2469 314/34/2469 318/26/2469
f 312/14/2470 316/20/2470 377/28/2470
f 310/29/2471 377/28/2471 315/23/2471
f 313/19/2472 311/21/2472 315/23/2472
f 321/31/2473 324/35/2473 323/32/2473
f 317/25/2474 376/24/2474 321/31/2474
f 316/20/2475 321/31/2475 318/26/2475
f 319/33/2476 323/32/2476 324/35/2476
f 322/36/2477 320/27/2477 324/35/2477
f 326/38/2478 328/42/2478 332/39/2478
f 294/10/2479 381/18/2479 327/41/2479
f 298/3/2480 304/11/2480 327/41/2480
f 305/11/2481 299/3/2481 378/4/2481
f 334/43/2482 339/46/2482 337/44/2482
f 334/43/2483 331/39/2483 336/45/2483
f 326/38/2484 380/40/2484 331/39/2484
f 329/47/2485 327/41/2485 331/39/2485
f 329/47/2486 333/48/2486 332/39/2486
f 337/44/403 341/53/403 340/49/403
f 332/39/2487 337/44/2487 379/51/2487
f 331/39/2488 330/52/2488 379/51/2488
f 336/45/2489 335/50/2489 340/49/2489
f 336/45/401 341/53/401 342/54/401
f 337/44/2490 338/55/2490 342/54/2490
f 343/56/2491 372/66/2491 350/57/2491
f 346/58/2492 350/57/2492 385/59/2492
f 306/9/2493 296/8/2493 373/17/2493
f 292/1/2494 306/9/2494 345/58/2494
f 307/9/2495 293/1/2495 388/6/2495
f 349/61/2496 348/70/2496 352/62/2496
f 347/64/2497 349/61/2497 353/63/2497
f 343/56/2498 345/58/2498 349/61/2498
f 345/58/2499 344/60/2499 385/59/2499
f 354/67/2500 351/71/2500 355/68/2500
f 350/57/2501 354/67/2501 352/62/2501
f 350/57/2502 347/64/2502 387/65/2502
f 353/63/2503 357/69/2503 355/68/2503
f 386/72/2504 356/86/2504 357/69/2504
f 386/72/2505 354/67/2505 357/69/2505
f 358/73/2506 363/79/2506 383/74/2506
f 301/15/2507 361/73/2507 384/2/2507
f 301/15/2508 295/10/2508 382/16/2508
f 300/15/2509 292/1/2509 384/2/2509
f 366/76/2510 370/85/2510 369/77/2510
f 363/79/2511 365/78/2511 369/77/2511
f 362/75/2512 383/74/2512 366/76/2512
f 358/73/428 359/82/428 364/81/428
f 359/82/2513 361/73/2513 366/76/2513
f 363/79/2514 368/80/2514 371/83/2514
f 366/76/2515 367/84/2515 371/83/2515
f 370/85/432 371/83/432 368/80/432
f 406/7/2516 399/22/2516 393/8/2516
f 405/7/2517 398/15/2517 390/1/2517
f 392/10/2518 398/15/2518 405/7/2518
f 395/3/2519 399/22/2519 406/7/2519
f 400/12/2520 394/8/2520 471/13/2520
f 397/15/2521 455/73/2521 479/16/2521
f 391/10/2522 401/11/2522 406/7/2522
f 396/3/2523 402/11/2523 405/7/2523
f 405/7/2524 404/9/2524 394/8/2524
f 406/7/2525 403/9/2525 389/1/2525
f 404/9/2526 443/58/2526 470/17/2526
f 402/11/2527 425/42/2527 478/18/2527
f 410/19/2528 472/30/2528 413/20/2528
f 400/12/2529 409/14/2529 457/5/2529
f 395/3/2530 457/5/2530 408/21/2530
f 393/8/2531 399/22/2531 408/21/2531
f 412/23/2532 417/27/2532 473/24/2532
f 412/23/2533 411/34/2533 415/26/2533
f 409/14/2534 413/20/2534 474/28/2534
f 407/29/2535 474/28/2535 412/23/2535
f 410/19/2536 408/21/2536 412/23/2536
f 418/31/2537 421/35/2537 420/32/2537
f 414/25/2538 473/24/2538 418/31/2538
f 413/20/2539 418/31/2539 415/26/2539
f 416/33/2540 420/32/2540 421/35/2540
f 419/36/2541 417/27/2541 421/35/2541
f 423/38/2542 425/42/2542 429/39/2542
f 391/10/2543 478/18/2543 424/41/2543
f 395/3/2544 401/11/2544 424/41/2544
f 402/11/2545 396/3/2545 475/4/2545
f 431/43/2546 436/46/2546 434/44/2546
f 431/43/2547 428/39/2547 433/45/2547
f 423/38/2548 477/40/2548 428/39/2548
f 426/47/2549 424/41/2549 428/39/2549
f 426/47/2550 430/48/2550 429/39/2550
f 434/44/593 438/53/593 437/49/593
f 429/39/2551 434/44/2551 476/51/2551
f 428/39/2552 427/52/2552 476/51/2552
f 433/45/2553 432/50/2553 437/49/2553
f 433/45/519 438/53/519 439/54/519
f 434/44/2554 435/55/2554 439/54/2554
f 440/56/2555 469/66/2555 447/57/2555
f 443/58/2556 447/57/2556 482/59/2556
f 403/9/2557 393/8/2557 470/17/2557
f 389/1/2558 403/9/2558 442/58/2558
f 404/9/2559 390/1/2559 485/6/2559
f 446/61/2560 445/70/2560 449/62/2560
f 444/64/2561 446/61/2561 450/63/2561
f 440/56/2562 442/58/2562 446/61/2562
f 442/58/2563 441/60/2563 482/59/2563
f 451/67/2564 448/71/2564 452/68/2564
f 447/57/2565 451/67/2565 449/62/2565
f 447/57/2566 444/64/2566 484/65/2566
f 450/63/2567 454/69/2567 452/68/2567
f 483/72/2568 454/69/2568 453/86/2568
f 483/72/2569 451/67/2569 454/69/2569
f 455/73/2570 460/79/2570 480/74/2570
f 398/15/2571 458/73/2571 481/2/2571
f 398/15/2572 392/10/2572 479/16/2572
f 397/15/2573 389/1/2573 481/2/2573
f 463/76/2574 467/85/2574 466/77/2574
f 460/79/2575 462/78/2575 466/77/2575
f 459/75/2576 480/74/2576 463/76/2576
f 455/73/546 456/82/546 461/81/546
f 456/82/2577 458/73/2577 463/76/2577
f 460/79/2578 465/80/2578 468/83/2578
f 463/76/2579 464/84/2579 468/83/2579
f 467/85/2580 468/83/2580 465/80/2580
f 503/7/2516 496/22/2516 490/8/2516
f 502/7/2517 495/15/2517 487/1/2517
f 489/10/2518 495/15/2518 502/7/2518
f 492/3/2519 496/22/2519 503/7/2519
f 497/12/2520 491/8/2520 568/13/2520
f 494/15/2521 552/73/2521 576/16/2521
f 488/10/2522 498/11/2522 503/7/2522
f 493/3/2581 499/11/2581 502/7/2581
f 502/7/2524 501/9/2524 491/8/2524
f 503/7/2525 500/9/2525 486/1/2525
f 501/9/2526 540/58/2526 567/17/2526
f 499/11/2527 522/42/2527 575/18/2527
f 507/19/2528 569/30/2528 510/20/2528
f 497/12/2529 506/14/2529 554/5/2529
f 492/3/2530 554/5/2530 505/21/2530
f 490/8/2531 496/22/2531 505/21/2531
f 509/23/2532 514/27/2532 570/24/2532
f 509/23/2533 508/34/2533 512/26/2533
f 506/14/2534 510/20/2534 571/28/2534
f 504/29/2535 571/28/2535 509/23/2535
f 507/19/2536 505/21/2536 509/23/2536
f 515/31/2537 518/35/2537 517/32/2537
f 511/25/2538 570/24/2538 515/31/2538
f 510/20/2539 515/31/2539 512/26/2539
f 513/33/2540 517/32/2540 518/35/2540
f 516/36/2541 514/27/2541 518/35/2541
f 520/38/2542 522/42/2542 526/39/2542
f 488/10/2543 575/18/2543 521/41/2543
f 492/3/2544 498/11/2544 521/41/2544
f 499/11/2545 493/3/2545 572/4/2545
f 528/43/2546 533/46/2546 531/44/2546
f 528/43/2547 525/39/2547 530/45/2547
f 520/38/2548 574/40/2548 525/39/2548
f 523/47/2549 521/41/2549 525/39/2549
f 523/47/2550 527/48/2550 526/39/2550
f 531/44/521 535/53/521 534/49/521
f 526/39/2551 531/44/2551 573/51/2551
f 525/39/2552 524/52/2552 573/51/2552
f 530/45/2553 529/50/2553 534/49/2553
f 530/45/519 535/53/519 536/54/519
f 531/44/2554 532/55/2554 536/54/2554
f 537/56/2555 566/66/2555 544/57/2555
f 540/58/2556 544/57/2556 579/59/2556
f 500/9/2557 490/8/2557 567/17/2557
f 486/1/2558 500/9/2558 539/58/2558
f 501/9/2559 487/1/2559 582/6/2559
f 543/61/2560 542/70/2560 546/62/2560
f 541/64/2561 543/61/2561 547/63/2561
f 537/56/2562 539/58/2562 543/61/2562
f 539/58/2563 538/60/2563 579/59/2563
f 548/67/2564 545/71/2564 549/68/2564
f 544/57/2565 548/67/2565 546/62/2565
f 544/57/2566 541/64/2566 581/65/2566
f 547/63/2567 551/69/2567 549/68/2567
f 580/72/2582 550/86/2582 551/69/2582
f 580/72/2569 548/67/2569 551/69/2569
f 552/73/2570 557/79/2570 577/74/2570
f 495/15/2571 555/73/2571 578/2/2571
f 495/15/2572 489/10/2572 576/16/2572
f 494/15/2573 486/1/2573 578/2/2573
f 560/76/2574 564/85/2574 563/77/2574
f 557/79/2575 559/78/2575 563/77/2575
f 556/75/2576 577/74/2576 560/76/2576
f 552/73/546 553/82/546 558/81/546
f 553/82/2577 555/73/2577 560/76/2577
f 557/79/2583 562/80/2583 565/83/2583
f 560/76/2579 561/84/2579 565/83/2579
f 564/85/2580 565/83/2580 562/80/2580
f 600/7/2584 593/22/2584 587/8/2584
f 599/7/2585 592/15/2585 584/1/2585
f 586/10/2586 592/15/2586 599/7/2586
f 589/3/2587 593/22/2587 600/7/2587
f 594/12/2588 588/8/2588 665/13/2588
f 591/15/2589 649/73/2589 673/16/2589
f 585/10/2590 595/11/2590 600/7/2590
f 590/3/2591 596/11/2591 599/7/2591
f 599/7/2592 598/9/2592 588/8/2592
f 600/7/2593 597/9/2593 583/1/2593
f 598/9/2594 637/58/2594 664/17/2594
f 596/11/2595 619/42/2595 672/18/2595
f 604/19/2596 666/30/2596 607/20/2596
f 594/12/2597 603/14/2597 651/5/2597
f 589/3/2598 651/5/2598 602/21/2598
f 587/8/2599 593/22/2599 602/21/2599
f 606/23/2600 611/27/2600 667/24/2600
f 606/23/2601 605/34/2601 609/26/2601
f 603/14/2602 607/20/2602 668/28/2602
f 601/29/2603 668/28/2603 606/23/2603
f 604/19/2604 602/21/2604 606/23/2604
f 612/31/2605 615/35/2605 614/32/2605
f 608/25/2606 667/24/2606 612/31/2606
f 607/20/2607 612/31/2607 609/26/2607
f 610/33/2608 614/32/2608 615/35/2608
f 613/36/2609 611/27/2609 615/35/2609
f 617/38/2610 619/42/2610 623/39/2610
f 585/10/2611 672/18/2611 618/41/2611
f 589/3/2612 595/11/2612 618/41/2612
f 596/11/2613 590/3/2613 669/4/2613
f 625/43/2614 630/46/2614 628/44/2614
f 625/43/2615 622/39/2615 627/45/2615
f 617/38/2616 671/40/2616 622/39/2616
f 620/47/2617 618/41/2617 622/39/2617
f 620/47/2618 624/48/2618 623/39/2618
f 628/44/646 632/53/646 631/49/646
f 623/39/2619 628/44/2619 670/51/2619
f 622/39/2620 621/52/2620 670/51/2620
f 627/45/2621 626/50/2621 631/49/2621
f 627/45/644 632/53/644 633/54/644
f 628/44/2622 629/55/2622 633/54/2622
f 634/56/2623 663/66/2623 641/57/2623
f 637/58/2624 641/57/2624 676/59/2624
f 597/9/2625 587/8/2625 664/17/2625
f 583/1/2626 597/9/2626 636/58/2626
f 598/9/2627 584/1/2627 679/6/2627
f 640/61/2628 639/70/2628 643/62/2628
f 638/64/2629 640/61/2629 644/63/2629
f 634/56/2630 636/58/2630 640/61/2630
f 636/58/2631 635/60/2631 676/59/2631
f 645/67/2632 642/71/2632 646/68/2632
f 641/57/2633 645/67/2633 643/62/2633
f 641/57/2634 638/64/2634 678/65/2634
f 644/63/2635 648/69/2635 646/68/2635
f 677/72/2636 648/69/2636 647/86/2636
f 677/72/2637 645/67/2637 648/69/2637
f 649/73/2638 654/79/2638 674/74/2638
f 592/15/2639 652/73/2639 675/2/2639
f 592/15/2640 586/10/2640 673/16/2640
f 591/15/2641 583/1/2641 675/2/2641
f 657/76/2642 661/85/2642 660/77/2642
f 654/79/2643 656/78/2643 660/77/2643
f 653/75/2644 674/74/2644 657/76/2644
f 649/73/671 650/82/671 655/81/671
f 650/82/2645 652/73/2645 657/76/2645
f 654/79/2646 659/80/2646 662/83/2646
f 657/76/2647 658/84/2647 662/83/2647
f 661/85/675 662/83/675 659/80/675
f 697/7/2584 690/22/2584 684/8/2584
f 696/7/2585 689/15/2585 681/1/2585
f 683/10/2586 689/15/2586 696/7/2586
f 686/3/2587 690/22/2587 697/7/2587
f 691/12/2588 685/8/2588 762/13/2588
f 688/15/2589 746/73/2589 770/16/2589
f 682/10/2590 692/11/2590 697/7/2590
f 687/3/2591 693/11/2591 696/7/2591
f 696/7/2592 695/9/2592 685/8/2592
f 697/7/2593 694/9/2593 680/1/2593
f 695/9/2594 734/58/2594 761/17/2594
f 693/11/2595 716/42/2595 769/18/2595
f 701/19/2596 763/30/2596 704/20/2596
f 691/12/2597 700/14/2597 748/5/2597
f 686/3/2598 748/5/2598 699/21/2598
f 684/8/2599 690/22/2599 699/21/2599
f 703/23/2600 708/27/2600 764/24/2600
f 703/23/2601 702/34/2601 706/26/2601
f 700/14/2602 704/20/2602 765/28/2602
f 698/29/2603 765/28/2603 703/23/2603
f 701/19/2648 699/21/2648 703/23/2648
f 709/31/2605 712/35/2605 711/32/2605
f 705/25/2606 764/24/2606 709/31/2606
f 704/20/2607 709/31/2607 706/26/2607
f 707/33/2608 711/32/2608 712/35/2608
f 710/36/2609 708/27/2609 712/35/2609
f 714/38/2610 716/42/2610 720/39/2610
f 682/10/2611 769/18/2611 715/41/2611
f 686/3/2649 692/11/2649 715/41/2649
f 693/11/2613 687/3/2613 766/4/2613
f 722/43/2614 727/46/2614 725/44/2614
f 722/43/2615 719/39/2615 724/45/2615
f 714/38/2616 768/40/2616 719/39/2616
f 717/47/2617 715/41/2617 719/39/2617
f 717/47/2618 721/48/2618 720/39/2618
f 725/44/646 729/53/646 728/49/646
f 720/39/2619 725/44/2619 767/51/2619
f 719/39/2620 718/52/2620 767/51/2620
f 724/45/2621 723/50/2621 728/49/2621
f 724/45/644 729/53/644 730/54/644
f 725/44/2622 726/55/2622 730/54/2622
f 731/56/2623 760/66/2623 738/57/2623
f 734/58/2624 738/57/2624 773/59/2624
f 694/9/2625 684/8/2625 761/17/2625
f 680/1/2626 694/9/2626 733/58/2626
f 695/9/2627 681/1/2627 776/6/2627
f 737/61/2628 736/70/2628 740/62/2628
f 735/64/2629 737/61/2629 741/63/2629
f 731/56/2630 733/58/2630 737/61/2630
f 733/58/2631 732/60/2631 773/59/2631
f 742/67/2632 739/71/2632 743/68/2632
f 738/57/2633 742/67/2633 740/62/2633
f 738/57/2634 735/64/2634 775/65/2634
f 741/63/2635 745/69/2635 743/68/2635
f 774/72/2650 745/69/2650 744/86/2650
f 774/72/2637 742/67/2637 745/69/2637
f 746/73/2638 751/79/2638 771/74/2638
f 689/15/2639 749/73/2639 772/2/2639
f 689/15/2640 683/10/2640 770/16/2640
f 688/15/2641 680/1/2641 772/2/2641
f 754/76/2642 758/85/2642 757/77/2642
f 751/79/2643 753/78/2643 757/77/2643
f 750/75/2651 771/74/2651 754/76/2651
f 746/73/671 747/82/671 752/81/671
f 747/82/2645 749/73/2645 754/76/2645
f 751/79/2646 756/80/2646 759/83/2646
f 754/76/2647 755/84/2647 759/83/2647
f 758/85/675 759/83/675 756/80/675
f 794/7/2652 787/22/2652 781/8/2652
f 793/7/2653 786/15/2653 778/1/2653
f 780/10/2654 786/15/2654 793/7/2654
f 783/3/2655 787/22/2655 794/7/2655
f 788/12/2656 782/8/2656 859/13/2656
f 785/15/2657 843/73/2657 867/16/2657
f 779/10/2658 789/11/2658 794/7/2658
f 784/3/2659 790/11/2659 793/7/2659
f 793/7/2660 792/9/2660 782/8/2660
f 794/7/2661 791/9/2661 777/1/2661
f 792/9/2662 831/58/2662 858/17/2662
f 790/11/2663 813/42/2663 866/18/2663
f 798/19/2664 860/30/2664 801/20/2664
f 788/12/2665 797/14/2665 845/5/2665
f 783/3/2666 845/5/2666 796/21/2666
f 781/8/2667 787/22/2667 796/21/2667
f 800/23/2668 805/27/2668 861/24/2668
f 800/23/2669 799/34/2669 803/26/2669
f 797/14/2670 801/20/2670 862/28/2670
f 795/29/2671 862/28/2671 800/23/2671
f 798/19/2672 796/21/2672 800/23/2672
f 806/31/2673 809/35/2673 808/32/2673
f 802/25/2674 861/24/2674 806/31/2674
f 801/20/2675 806/31/2675 803/26/2675
f 804/33/2676 808/32/2676 809/35/2676
f 807/36/2677 805/27/2677 809/35/2677
f 811/38/2678 813/42/2678 817/39/2678
f 779/10/2679 866/18/2679 812/41/2679
f 783/3/2680 789/11/2680 812/41/2680
f 790/11/2681 784/3/2681 863/4/2681
f 819/43/2682 824/46/2682 822/44/2682
f 819/43/2683 816/39/2683 821/45/2683
f 811/38/2684 865/40/2684 816/39/2684
f 814/47/2685 812/41/2685 816/39/2685
f 814/47/2686 818/48/2686 817/39/2686
f 822/44/771 826/53/771 825/49/771
f 817/39/2687 822/44/2687 864/51/2687
f 816/39/2688 815/52/2688 864/51/2688
f 821/45/2689 820/50/2689 825/49/2689
f 821/45/769 826/53/769 827/54/769
f 822/44/2690 823/55/2690 827/54/2690
f 828/56/2691 857/66/2691 835/57/2691
f 831/58/2692 835/57/2692 870/59/2692
f 791/9/2693 781/8/2693 858/17/2693
f 777/1/2694 791/9/2694 830/58/2694
f 792/9/2695 778/1/2695 873/6/2695
f 834/61/2696 833/70/2696 837/62/2696
f 832/64/2697 834/61/2697 838/63/2697
f 828/56/2698 830/58/2698 834/61/2698
f 830/58/2699 829/60/2699 870/59/2699
f 839/67/2700 836/71/2700 840/68/2700
f 835/57/2701 839/67/2701 837/62/2701
f 835/57/2702 832/64/2702 872/65/2702
f 838/63/2703 842/69/2703 840/68/2703
f 871/72/2704 841/86/2704 842/69/2704
f 871/72/2705 839/67/2705 842/69/2705
f 843/73/2706 848/79/2706 868/74/2706
f 786/15/2707 846/73/2707 869/2/2707
f 786/15/2708 780/10/2708 867/16/2708
f 785/15/2709 777/1/2709 869/2/2709
f 851/76/2710 855/85/2710 854/77/2710
f 848/79/2711 850/78/2711 854/77/2711
f 847/75/2712 868/74/2712 851/76/2712
f 843/73/796 844/82/796 849/81/796
f 844/82/2713 846/73/2713 851/76/2713
f 848/79/2714 853/80/2714 856/83/2714
f 851/76/2715 852/84/2715 856/83/2715
f 855/85/800 856/83/800 853/80/800
f 891/7/2716 884/22/2716 878/8/2716
f 890/7/2717 883/15/2717 875/1/2717
f 877/10/2718 883/15/2718 890/7/2718
f 880/3/2719 884/22/2719 891/7/2719
f 885/12/2720 879/8/2720 956/13/2720
f 882/15/2721 940/73/2721 964/16/2721
f 876/10/2722 886/11/2722 891/7/2722
f 881/3/2723 887/11/2723 890/7/2723
f 890/7/2724 889/9/2724 879/8/2724
f 891/7/2725 888/9/2725 874/1/2725
f 889/9/2726 928/58/2726 955/17/2726
f 887/11/2727 910/42/2727 963/18/2727
f 895/19/2728 957/30/2728 898/20/2728
f 885/12/2729 894/14/2729 942/5/2729
f 880/3/2730 942/5/2730 893/21/2730
f 878/8/2731 884/22/2731 893/21/2731
f 897/23/2732 902/27/2732 958/24/2732
f 897/23/2733 896/34/2733 900/26/2733
f 894/14/2734 898/20/2734 959/28/2734
f 892/29/2735 959/28/2735 897/23/2735
f 895/19/2736 893/21/2736 897/23/2736
f 903/31/2737 906/35/2737 905/32/2737
f 899/25/2738 958/24/2738 903/31/2738
f 898/20/2739 903/31/2739 900/26/2739
f 901/33/2740 905/32/2740 906/35/2740
f 904/36/2741 902/27/2741 906/35/2741
f 908/38/2742 910/42/2742 914/39/2742
f 876/10/2743 963/18/2743 909/41/2743
f 880/3/2744 886/11/2744 909/41/2744
f 887/11/2745 881/3/2745 960/4/2745
f 916/43/2746 921/46/2746 919/44/2746
f 916/43/2747 913/39/2747 918/45/2747
f 908/38/2748 962/40/2748 913/39/2748
f 911/47/2749 909/41/2749 913/39/2749
f 911/47/2750 915/48/2750 914/39/2750
f 919/44/889 923/53/889 922/49/889
f 914/39/2751 919/44/2751 961/51/2751
f 913/39/2752 912/52/2752 961/51/2752
f 918/45/2753 917/50/2753 922/49/2753
f 918/45/887 923/53/887 924/54/887
f 919/44/2754 920/55/2754 924/54/2754
f 925/56/2755 954/66/2755 932/57/2755
f 928/58/2756 932/57/2756 967/59/2756
f 888/9/2757 878/8/2757 955/17/2757
f 874/1/2758 888/9/2758 927/58/2758
f 889/9/2759 875/1/2759 970/6/2759
f 931/61/2760 930/70/2760 934/62/2760
f 929/64/2761 931/61/2761 935/63/2761
f 925/56/2762 927/58/2762 931/61/2762
f 927/58/2763 926/60/2763 967/59/2763
f 936/67/2764 933/71/2764 937/68/2764
f 932/57/2765 936/67/2765 934/62/2765
f 932/57/2766 929/64/2766 969/65/2766
f 935/63/2767 939/69/2767 937/68/2767
f 968/72/2768 938/86/2768 939/69/2768
f 968/72/2769 936/67/2769 939/69/2769
f 940/73/2770 945/79/2770 965/74/2770
f 883/15/2771 943/73/2771 966/2/2771
f 883/15/2772 877/10/2772 964/16/2772
f 882/15/2773 874/1/2773 966/2/2773
f 948/76/2774 952/85/2774 951/77/2774
f 945/79/2775 947/78/2775 951/77/2775
f 944/75/2776 965/74/2776 948/76/2776
f 940/73/914 941/82/914 946/81/914
f 941/82/2777 943/73/2777 948/76/2777
f 945/79/2778 950/80/2778 953/83/2778
f 948/76/2779 949/84/2779 953/83/2779
f 952/85/918 953/83/918 950/80/918
f 988/7/2780 981/22/2780 975/8/2780
f 987/7/2781 980/15/2781 972/1/2781
f 974/10/2782 980/15/2782 987/7/2782
f 977/3/2783 981/22/2783 988/7/2783
f 982/12/2784 976/8/2784 1053/13/2784
f 979/15/2785 1037/73/2785 1061/16/2785
f 973/10/2786 983/11/2786 988/7/2786
f 978/3/2787 984/11/2787 987/7/2787
f 987/7/2788 986/9/2788 976/8/2788
f 988/7/2789 985/9/2789 971/1/2789
f 986/9/2790 1025/58/2790 1052/17/2790
f 984/11/2791 1007/42/2791 1060/18/2791
f 992/19/2792 1054/30/2792 995/20/2792
f 982/12/2793 991/14/2793 1039/5/2793
f 977/3/2794 1039/5/2794 990/21/2794
f 975/8/2795 981/22/2795 990/21/2795
f 994/23/2796 999/27/2796 1055/24/2796
f 994/23/2797 993/34/2797 997/26/2797
f 991/14/2798 995/20/2798 1056/28/2798
f 989/29/2799 1056/28/2799 994/23/2799
f 992/19/2800 990/21/2800 994/23/2800
f 1000/31/2801 1003/35/2801 1002/32/2801
f 996/25/2802 1055/24/2802 1000/31/2802
f 995/20/2803 1000/31/2803 997/26/2803
f 998/33/2804 1002/32/2804 1003/35/2804
f 1001/36/2805 999/27/2805 1003/35/2805
f 1005/38/2806 1007/42/2806 1011/39/2806
f 973/10/2807 1060/18/2807 1006/41/2807
f 977/3/2808 983/11/2808 1006/41/2808
f 984/11/2809 978/3/2809 1057/4/2809
f 1013/43/2810 1018/46/2810 1016/44/2810
f 1013/43/2811 1010/39/2811 1015/45/2811
f 1005/38/2812 1059/40/2812 1010/39/2812
f 1008/47/2813 1006/41/2813 1010/39/2813
f 1008/47/2814 1012/48/2814 1011/39/2814
f 1016/44/1007 1020/53/1007 1019/49/1007
f 1011/39/2815 1016/44/2815 1058/51/2815
f 1010/39/2816 1009/52/2816 1058/51/2816
f 1015/45/2817 1014/50/2817 1019/49/2817
f 1015/45/1005 1020/53/1005 1021/54/1005
f 1016/44/2818 1017/55/2818 1021/54/2818
f 1022/56/2819 1051/66/2819 1029/57/2819
f 1025/58/2820 1029/57/2820 1064/59/2820
f 985/9/2821 975/8/2821 1052/17/2821
f 971/1/2822 985/9/2822 1024/58/2822
f 986/9/2823 972/1/2823 1067/6/2823
f 1028/61/2824 1027/70/2824 1031/62/2824
f 1026/64/2825 1028/61/2825 1032/63/2825
f 1022/56/2826 1024/58/2826 1028/61/2826
f 1024/58/2827 1023/60/2827 1064/59/2827
f 1033/67/2828 1030/71/2828 1034/68/2828
f 1029/57/2829 1033/67/2829 1031/62/2829
f 1029/57/2830 1026/64/2830 1066/65/2830
f 1032/63/2831 1036/69/2831 1034/68/2831
f 1065/72/2832 1036/69/2832 1035/86/2832
f 1065/72/2833 1033/67/2833 1036/69/2833
f 1037/73/2834 1042/79/2834 1062/74/2834
f 980/15/2835 1040/73/2835 1063/2/2835
f 980/15/2836 974/10/2836 1061/16/2836
f 979/15/2837 971/1/2837 1063/2/2837
f 1045/76/2838 1049/85/2838 1048/77/2838
f 1042/79/2839 1044/78/2839 1048/77/2839
f 1041/75/2840 1062/74/2840 1045/76/2840
f 1037/73/1032 1038/82/1032 1043/81/1032
f 1038/82/2841 1040/73/2841 1045/76/2841
f 1042/79/2842 1047/80/2842 1050/83/2842
f 1045/76/2843 1046/84/2843 1050/83/2843
f 1049/85/2844 1050/83/2844 1047/80/2844
f 1085/7/2845 1078/22/2845 1072/8/2845
f 1084/7/2846 1077/15/2846 1069/1/2846
f 1071/10/2847 1077/15/2847 1084/7/2847
f 1074/3/2848 1078/22/2848 1085/7/2848
f 1079/12/2849 1073/8/2849 1150/13/2849
f 1076/15/2850 1134/73/2850 1158/16/2850
f 1070/10/2851 1080/11/2851 1085/7/2851
f 1075/3/2852 1081/11/2852 1084/7/2852
f 1084/7/2853 1083/9/2853 1073/8/2853
f 1085/7/2854 1082/9/2854 1068/1/2854
f 1083/9/2855 1122/58/2855 1149/17/2855
f 1081/11/2856 1104/42/2856 1157/18/2856
f 1089/19/2857 1151/30/2857 1092/20/2857
f 1079/12/2858 1088/14/2858 1136/5/2858
f 1074/3/2859 1136/5/2859 1087/21/2859
f 1072/8/2860 1078/22/2860 1087/21/2860
f 1091/23/2861 1096/27/2861 1152/24/2861
f 1091/23/2862 1090/34/2862 1094/26/2862
f 1088/14/2863 1092/20/2863 1153/28/2863
f 1086/29/2864 1153/28/2864 1091/23/2864
f 1089/19/2865 1087/21/2865 1091/23/2865
f 1097/31/2866 1100/35/2866 1099/32/2866
f 1093/25/2867 1152/24/2867 1097/31/2867
f 1092/20/2868 1097/31/2868 1094/26/2868
f 1095/33/2869 1099/32/2869 1100/35/2869
f 1098/36/2870 1096/27/2870 1100/35/2870
f 1102/38/2871 1104/42/2871 1108/39/2871
f 1070/10/2872 1157/18/2872 1103/41/2872
f 1074/3/2873 1080/11/2873 1103/41/2873
f 1081/11/2874 1075/3/2874 1154/4/2874
f 1110/43/2875 1115/46/2875 1113/44/2875
f 1110/43/2876 1107/39/2876 1112/45/2876
f 1102/38/2877 1156/40/2877 1107/39/2877
f 1105/47/2878 1103/41/2878 1107/39/2878
f 1105/47/2879 1109/48/2879 1108/39/2879
f 1113/44/2880 1117/53/2880 1116/49/2880
f 1108/39/2881 1113/44/2881 1155/51/2881
f 1107/39/2882 1106/52/2882 1155/51/2882
f 1112/45/2883 1111/50/2883 1116/49/2883
f 1112/45/1123 1117/53/1123 1118/54/1123
f 1113/44/2884 1114/55/2884 1118/54/2884
f 1119/56/2885 1148/66/2885 1126/57/2885
f 1122/58/2886 1126/57/2886 1161/59/2886
f 1082/9/2887 1072/8/2887 1149/17/2887
f 1068/1/2888 1082/9/2888 1121/58/2888
f 1083/9/2889 1069/1/2889 1164/6/2889
f 1125/61/2890 1124/70/2890 1128/62/2890
f 1123/64/2891 1125/61/2891 1129/63/2891
f 1119/56/2892 1121/58/2892 1125/61/2892
f 1121/58/2893 1120/60/2893 1161/59/2893
f 1130/67/2894 1127/71/2894 1131/68/2894
f 1126/57/2895 1130/67/2895 1128/62/2895
f 1126/57/2896 1123/64/2896 1163/65/2896
f 1129/63/2897 1133/69/2897 1131/68/2897
f 1162/72/2898 1132/86/2898 1133/69/2898
f 1162/72/2899 1130/67/2899 1133/69/2899
f 1134/73/2900 1139/79/2900 1159/74/2900
f 1077/15/2901 1137/73/2901 1160/2/2901
f 1077/15/2902 1071/10/2902 1158/16/2902
f 1076/15/2903 1068/1/2903 1160/2/2903
f 1142/76/2904 1146/85/2904 1145/77/2904
f 1139/79/2905 1141/78/2905 1145/77/2905
f 1138/75/2906 1159/74/2906 1142/76/2906
f 1134/73/1150 1135/82/1150 1140/81/1150
f 1135/82/2907 1137/73/2907 1142/76/2907
f 1139/79/2908 1144/80/2908 1147/83/2908
f 1142/76/2909 1143/84/2909 1147/83/2909
f 1146/85/1154 1147/83/1154 1144/80/1154
f 1182/7/2910 1175/22/2910 1169/8/2910
f 1181/7/2911 1174/15/2911 1166/1/2911
f 1168/10/2912 1174/15/2912 1181/7/2912
f 1171/3/2913 1175/22/2913 1182/7/2913
f 1176/12/2914 1170/8/2914 1247/13/2914
f 1173/15/2915 1231/73/2915 1255/16/2915
f 1167/10/2916 1177/11/2916 1182/7/2916
f 1172/3/2917 1178/11/2917 1181/7/2917
f 1181/7/2918 1180/9/2918 1170/8/2918
f 1182/7/2919 1179/9/2919 1165/1/2919
f 1180/9/2920 1219/58/2920 1246/17/2920
f 1178/11/2921 1201/42/2921 1254/18/2921
f 1186/19/2922 1248/30/2922 1189/20/2922
f 1176/12/2923 1185/14/2923 1233/5/2923
f 1171/3/2924 1233/5/2924 1184/21/2924
f 1169/8/2925 1175/22/2925 1184/21/2925
f 1188/23/2926 1193/27/2926 1249/24/2926
f 1188/23/2927 1187/34/2927 1191/26/2927
f 1185/14/2928 1189/20/2928 1250/28/2928
f 1183/29/2929 1250/28/2929 1188/23/2929
f 1186/19/2930 1184/21/2930 1188/23/2930
f 1194/31/2931 1197/35/2931 1196/32/2931
f 1190/25/2932 1249/24/2932 1194/31/2932
f 1189/20/2933 1194/31/2933 1191/26/2933
f 1192/33/2934 1196/32/2934 1197/35/2934
f 1195/36/2935 1193/27/2935 1197/35/2935
f 1199/38/2936 1201/42/2936 1205/39/2936
f 1167/10/2937 1254/18/2937 1200/41/2937
f 1171/3/2938 1177/11/2938 1200/41/2938
f 1178/11/2939 1172/3/2939 1251/4/2939
f 1207/43/2940 1212/46/2940 1210/44/2940
f 1207/43/2941 1204/39/2941 1209/45/2941
f 1199/38/2942 1253/40/2942 1204/39/2942
f 1202/47/2943 1200/41/2943 1204/39/2943
f 1202/47/2944 1206/48/2944 1205/39/2944
f 1210/44/1243 1214/53/1243 1213/49/1243
f 1205/39/2945 1210/44/2945 1252/51/2945
f 1204/39/2946 1203/52/2946 1252/51/2946
f 1209/45/2947 1208/50/2947 1213/49/2947
f 1209/45/1241 1214/53/1241 1215/54/1241
f 1210/44/2948 1211/55/2948 1215/54/2948
f 1216/56/2949 1245/66/2949 1223/57/2949
f 1219/58/2950 1223/57/2950 1258/59/2950
f 1179/9/2951 1169/8/2951 1246/17/2951
f 1165/1/2952 1179/9/2952 1218/58/2952
f 1180/9/2953 1166/1/2953 1261/6/2953
f 1222/61/2954 1221/70/2954 1225/62/2954
f 1220/64/2955 1222/61/2955 1226/63/2955
f 1216/56/2956 1218/58/2956 1222/61/2956
f 1218/58/2957 1217/60/2957 1258/59/2957
f 1227/67/2958 1224/71/2958 1228/68/2958
f 1223/57/2959 1227/67/2959 1225/62/2959
f 1223/57/2960 1220/64/2960 1260/65/2960
f 1226/63/2961 1230/69/2961 1228/68/2961
f 1259/72/2962 1229/86/2962 1230/69/2962
f 1259/72/2963 1227/67/2963 1230/69/2963
f 1231/73/2964 1236/79/2964 1256/74/2964
f 1174/15/2965 1234/73/2965 1257/2/2965
f 1174/15/2966 1168/10/2966 1255/16/2966
f 1173/15/2967 1165/1/2967 1257/2/2967
f 1239/76/2968 1243/85/2968 1242/77/2968
f 1236/79/2969 1238/78/2969 1242/77/2969
f 1235/75/2970 1256/74/2970 1239/76/2970
f 1231/73/1268 1232/82/1268 1237/81/1268
f 1232/82/2971 1234/73/2971 1239/76/2971
f 1236/79/2972 1241/80/2972 1244/83/2972
f 1239/76/2973 1240/84/2973 1244/83/2973
f 1243/85/1272 1244/83/1272 1241/80/1272
f 1279/7/2974 1272/22/2974 1266/8/2974
f 1278/7/2975 1271/15/2975 1263/1/2975
f 1265/10/2976 1271/15/2976 1278/7/2976
f 1268/3/2977 1272/22/2977 1279/7/2977
f 1273/12/2978 1267/8/2978 1344/13/2978
f 1270/15/2979 1328/73/2979 1352/16/2979
f 1264/10/2980 1274/11/2980 1279/7/2980
f 1269/3/2981 1275/11/2981 1278/7/2981
f 1278/7/2982 1277/9/2982 1267/8/2982
f 1279/7/2983 1276/9/2983 1262/1/2983
f 1277/9/2984 1316/58/2984 1343/17/2984
f 1275/11/2985 1298/42/2985 1351/18/2985
f 1283/19/2986 1345/30/2986 1286/20/2986
f 1273/12/2987 1282/14/2987 1330/5/2987
f 1268/3/2988 1330/5/2988 1281/21/2988
f 1266/8/2989 1272/22/2989 1281/21/2989
f 1285/23/2990 1290/27/2990 1346/24/2990
f 1285/23/2991 1284/34/2991 1288/26/2991
f 1282/14/2992 1286/20/2992 1347/28/2992
f 1280/29/2993 1347/28/2993 1285/23/2993
f 1283/19/2994 1281/21/2994 1285/23/2994
f 1291/31/2995 1294/35/2995 1293/32/2995
f 1287/25/2996 1346/24/2996 1291/31/2996
f 1286/20/2997 1291/31/2997 1288/26/2997
f 1289/33/2998 1293/32/2998 1294/35/2998
f 1292/36/2999 1290/27/2999 1294/35/2999
f 1296/38/3000 1298/42/3000 1302/39/3000
f 1264/10/3001 1351/18/3001 1297/41/3001
f 1268/3/3002 1274/11/3002 1297/41/3002
f 1275/11/3003 1269/3/3003 1348/4/3003
f 1304/43/3004 1309/46/3004 1307/44/3004
f 1304/43/3005 1301/39/3005 1306/45/3005
f 1296/38/3006 1350/40/3006 1301/39/3006
f 1299/47/3007 1297/41/3007 1301/39/3007
f 1299/47/3008 1303/48/3008 1302/39/3008
f 1307/44/1361 1311/53/1361 1310/49/1361
f 1302/39/3009 1307/44/3009 1349/51/3009
f 1301/39/3010 1300/52/3010 1349/51/3010
f 1306/45/3011 1305/50/3011 1310/49/3011
f 1306/45/1359 1311/53/1359 1312/54/1359
f 1307/44/3012 1308/55/3012 1312/54/3012
f 1313/56/3013 1342/66/3013 1320/57/3013
f 1316/58/3014 1320/57/3014 1355/59/3014
f 1276/9/3015 1266/8/3015 1343/17/3015
f 1262/1/3016 1276/9/3016 1315/58/3016
f 1277/9/3017 1263/1/3017 1358/6/3017
f 1319/61/3018 1318/70/3018 1322/62/3018
f 1317/64/3019 1319/61/3019 1323/63/3019
f 1313/56/3020 1315/58/3020 1319/61/3020
f 1315/58/3021 1314/60/3021 1355/59/3021
f 1324/67/3022 1321/71/3022 1325/68/3022
f 1320/57/3023 1324/67/3023 1322/62/3023
f 1320/57/3024 1317/64/3024 1357/65/3024
f 1323/63/3025 1327/69/3025 1325/68/3025
f 1356/72/3026 1326/86/3026 1327/69/3026
f 1356/72/3027 1324/67/3027 1327/69/3027
f 1328/73/3028 1333/79/3028 1353/74/3028
f 1271/15/3029 1331/73/3029 1354/2/3029
f 1271/15/3030 1265/10/3030 1352/16/3030
f 1270/15/3031 1262/1/3031 1354/2/3031
f 1336/76/3032 1340/85/3032 1339/77/3032
f 1333/79/3033 1335/78/3033 1339/77/3033
f 1332/75/3034 1353/74/3034 1336/76/3034
f 1328/73/1386 1329/82/1386 1334/81/1386
f 1329/82/3035 1331/73/3035 1336/76/3035
f 1333/79/3036 1338/80/3036 1341/83/3036
f 1336/76/3037 1337/84/3037 1341/83/3037
f 1340/85/1390 1341/83/1390 1338/80/1390
f 1376/7/3038 1369/22/3038 1363/8/3038
f 1375/7/3039 1368/15/3039 1360/1/3039
f 1362/10/3040 1368/15/3040 1375/7/3040
f 1365/3/3041 1369/22/3041 1376/7/3041
f 1370/12/3042 1364/8/3042 1441/13/3042
f 1367/15/3043 1425/73/3043 1449/16/3043
f 1361/10/3044 1371/11/3044 1376/7/3044
f 1366/3/3045 1372/11/3045 1375/7/3045
f 1375/7/3046 1374/9/3046 1364/8/3046
f 1376/7/3047 1373/9/3047 1359/1/3047
f 1374/9/3048 1413/58/3048 1440/17/3048
f 1372/11/3049 1395/42/3049 1448/18/3049
f 1380/19/3050 1442/30/3050 1383/20/3050
f 1370/12/3051 1379/14/3051 1427/5/3051
f 1365/3/3052 1427/5/3052 1378/21/3052
f 1363/8/3053 1369/22/3053 1378/21/3053
f 1382/23/3054 1387/27/3054 1443/24/3054
f 1382/23/3055 1381/34/3055 1385/26/3055
f 1379/14/3056 1383/20/3056 1444/28/3056
f 1377/29/3057 1444/28/3057 1382/23/3057
f 1380/19/3058 1378/21/3058 1382/23/3058
f 1388/31/3059 1391/35/3059 1390/32/3059
f 1384/25/3060 1443/24/3060 1388/31/3060
f 1383/20/3061 1388/31/3061 1385/26/3061
f 1386/33/3062 1390/32/3062 1391/35/3062
f 1389/36/3063 1387/27/3063 1391/35/3063
f 1393/38/3064 1395/42/3064 1399/39/3064
f 1361/10/3065 1448/18/3065 1394/41/3065
f 1365/3/3066 1371/11/3066 1394/41/3066
f 1372/11/3067 1366/3/3067 1445/4/3067
f 1401/43/3068 1406/46/3068 1404/44/3068
f 1401/43/3069 1398/39/3069 1403/45/3069
f 1393/38/3070 1447/40/3070 1398/39/3070
f 1396/47/3071 1394/41/3071 1398/39/3071
f 1396/47/3072 1400/48/3072 1399/39/3072
f 1404/44/3073 1408/53/3073 1407/49/3073
f 1399/39/3074 1404/44/3074 1446/51/3074
f 1398/39/3075 1397/52/3075 1446/51/3075
f 1403/45/3076 1402/50/3076 1407/49/3076
f 1403/45/1477 1408/53/1477 1409/54/1477
f 1404/44/3077 1405/55/3077 1409/54/3077
f 1410/56/3078 1439/66/3078 1417/57/3078
f 1413/58/3079 1417/57/3079 1452/59/3079
f 1373/9/3080 1363/8/3080 1440/17/3080
f 1359/1/3081 1373/9/3081 1412/58/3081
f 1374/9/3082 1360/1/3082 1455/6/3082
f 1416/61/3083 1415/70/3083 1419/62/3083
f 1414/64/3084 1416/61/3084 1420/63/3084
f 1410/56/3085 1412/58/3085 1416/61/3085
f 1412/58/3086 1411/60/3086 1452/59/3086
f 1421/67/3087 1418/71/3087 1422/68/3087
f 1417/57/3088 1421/67/3088 1419/62/3088
f 1417/57/3089 1414/64/3089 1454/65/3089
f 1420/63/3090 1424/69/3090 1422/68/3090
f 1453/72/3091 1424/69/3091 1423/86/3091
f 1453/72/3092 1421/67/3092 1424/69/3092
f 1425/73/3093 1430/79/3093 1450/74/3093
f 1368/15/3094 1428/73/3094 1451/2/3094
f 1368/15/3095 1362/10/3095 1449/16/3095
f 1367/15/3096 1359/1/3096 1451/2/3096
f 1433/76/3097 1437/85/3097 1436/77/3097
f 1430/79/3098 1432/78/3098 1436/77/3098
f 1429/75/3099 1450/74/3099 1433/76/3099
f 1425/73/1504 1426/82/1504 1431/81/1504
f 1426/82/3100 1428/73/3100 1433/76/3100
f 1430/79/3101 1435/80/3101 1438/83/3101
f 1433/76/3102 1434/84/3102 1438/83/3102
f 1437/85/1508 1438/83/1508 1435/80/1508
f 1473/7/3103 1466/22/3103 1460/8/3103
f 1472/7/3104 1465/15/3104 1457/1/3104
f 1459/10/3105 1465/15/3105 1472/7/3105
f 1462/3/3106 1466/22/3106 1473/7/3106
f 1467/12/3107 1461/8/3107 1538/13/3107
f 1464/15/3108 1522/73/3108 1546/16/3108
f 1458/10/3109 1468/11/3109 1473/7/3109
f 1463/3/3110 1469/11/3110 1472/7/3110
f 1472/7/3111 1471/9/3111 1461/8/3111
f 1473/7/3112 1470/9/3112 1456/1/3112
f 1471/9/3113 1510/58/3113 1537/17/3113
f 1469/11/3114 1492/42/3114 1545/18/3114
f 1477/19/3115 1539/30/3115 1480/20/3115
f 1467/12/3116 1476/14/3116 1524/5/3116
f 1462/3/3117 1524/5/3117 1475/21/3117
f 1460/8/3118 1466/22/3118 1475/21/3118
f 1479/23/3119 1484/27/3119 1540/24/3119
f 1479/23/3120 1478/34/3120 1482/26/3120
f 1476/14/3121 1480/20/3121 1541/28/3121
f 1474/29/3122 1541/28/3122 1479/23/3122
f 1477/19/3123 1475/21/3123 1479/23/3123
f 1485/31/3124 1488/35/3124 1487/32/3124
f 1481/25/3125 1540/24/3125 1485/31/3125
f 1480/20/3126 1485/31/3126 1482/26/3126
f 1483/33/3127 1487/32/3127 1488/35/3127
f 1486/36/3128 1484/27/3128 1488/35/3128
f 1490/38/3129 1492/42/3129 1496/39/3129
f 1458/10/3130 1545/18/3130 1491/41/3130
f 1462/3/3131 1468/11/3131 1491/41/3131
f 1469/11/3132 1463/3/3132 1542/4/3132
f 1498/43/3133 1503/46/3133 1501/44/3133
f 1498/43/3134 1495/39/3134 1500/45/3134
f 1490/38/3135 1544/40/3135 1495/39/3135
f 1493/47/3136 1491/41/3136 1495/39/3136
f 1493/47/3137 1497/48/3137 1496/39/3137
f 1501/44/1597 1505/53/1597 1504/49/1597
f 1496/39/3138 1501/44/3138 1543/51/3138
f 1495/39/3139 1494/52/3139 1543/51/3139
f 1500/45/3140 1499/50/3140 1504/49/3140
f 1500/45/1595 1505/53/1595 1506/54/1595
f 1501/44/3141 1502/55/3141 1506/54/3141
f 1507/56/3142 1536/66/3142 1514/57/3142
f 1510/58/3143 1514/57/3143 1549/59/3143
f 1470/9/3144 1460/8/3144 1537/17/3144
f 1456/1/3145 1470/9/3145 1509/58/3145
f 1471/9/3146 1457/1/3146 1552/6/3146
f 1513/61/3147 1512/70/3147 1516/62/3147
f 1511/64/3148 1513/61/3148 1517/63/3148
f 1507/56/3149 1509/58/3149 1513/61/3149
f 1509/58/3150 1508/60/3150 1549/59/3150
f 1518/67/3151 1515/71/3151 1519/68/3151
f 1514/57/3152 1518/67/3152 1516/62/3152
f 1514/57/3153 1511/64/3153 1551/65/3153
f 1517/63/3154 1521/69/3154 1519/68/3154
f 1550/72/3155 1520/86/3155 1521/69/3155
f 1550/72/3156 1518/67/3156 1521/69/3156
f 1522/73/3157 1527/79/3157 1547/74/3157
f 1465/15/3158 1525/73/3158 1548/2/3158
f 1465/15/3159 1459/10/3159 1546/16/3159
f 1464/15/3160 1456/1/3160 1548/2/3160
f 1530/76/3161 1534/85/3161 1533/77/3161
f 1527/79/3162 1529/78/3162 1533/77/3162
f 1526/75/3163 1547/74/3163 1530/76/3163
f 1522/73/1622 1523/82/1622 1528/81/1622
f 1523/82/3164 1525/73/3164 1530/76/3164
f 1527/79/3165 1532/80/3165 1535/83/3165
f 1530/76/3166 1531/84/3166 1535/83/3166
f 1534/85/3167 1535/83/3167 1532/80/3167
f 1570/7/3168 1563/22/3168 1557/8/3168
f 1569/7/3169 1562/15/3169 1554/1/3169
f 1556/10/3170 1562/15/3170 1569/7/3170
f 1559/3/3171 1563/22/3171 1570/7/3171
f 1564/12/3172 1558/8/3172 1635/13/3172
f 1561/15/3173 1619/73/3173 1643/16/3173
f 1555/10/3174 1565/11/3174 1570/7/3174
f 1560/3/3175 1566/11/3175 1569/7/3175
f 1569/7/3176 1568/9/3176 1558/8/3176
f 1570/7/3177 1567/9/3177 1553/1/3177
f 1568/9/3178 1607/58/3178 1634/17/3178
f 1566/11/3179 1589/42/3179 1642/18/3179
f 1574/19/3180 1636/30/3180 1577/20/3180
f 1564/12/3181 1573/14/3181 1621/5/3181
f 1559/3/3182 1621/5/3182 1572/21/3182
f 1557/8/3183 1563/22/3183 1572/21/3183
f 1576/23/3184 1581/27/3184 1637/24/3184
f 1576/23/3185 1575/34/3185 1579/26/3185
f 1573/14/3186 1577/20/3186 1638/28/3186
f 1571/29/3187 1638/28/3187 1576/23/3187
f 1574/19/3188 1572/21/3188 1576/23/3188
f 1582/31/3189 1585/35/3189 1584/32/3189
f 1578/25/3190 1637/24/3190 1582/31/3190
f 1577/20/3191 1582/31/3191 1579/26/3191
f 1580/33/3192 1584/32/3192 1585/35/3192
f 1583/36/3193 1581/27/3193 1585/35/3193
f 1587/38/3194 1589/42/3194 1593/39/3194
f 1555/10/3195 1642/18/3195 1588/41/3195
f 1559/3/3196 1565/11/3196 1588/41/3196
f 1566/11/3197 1560/3/3197 1639/4/3197
f 1595/43/3198 1600/46/3198 1598/44/3198
f 1595/43/3199 1592/39/3199 1597/45/3199
f 1587/38/3200 1641/40/3200 1592/39/3200
f 1590/47/3201 1588/41/3201 1592/39/3201
f 1590/47/3202 1594/48/3202 1593/39/3202
f 1598/44/1715 1602/53/1715 1601/49/1715
f 1593/39/3203 1598/44/3203 1640/51/3203
f 1592/39/3204 1591/52/3204 1640/51/3204
f 1597/45/3205 1596/50/3205 1601/49/3205
f 1597/45/1713 1602/53/1713 1603/54/1713
f 1598/44/3206 1599/55/3206 1603/54/3206
f 1604/56/3207 1633/66/3207 1611/57/3207
f 1607/58/3208 1611/57/3208 1646/59/3208
f 1567/9/3209 1557/8/3209 1634/17/3209
f 1553/1/3210 1567/9/3210 1606/58/3210
f 1568/9/3211 1554/1/3211 1649/6/3211
f 1610/61/3212 1609/70/3212 1613/62/3212
f 1608/64/3213 1610/61/3213 1614/63/3213
f 1604/56/3214 1606/58/3214 1610/61/3214
f 1606/58/3215 1605/60/3215 1646/59/3215
f 1615/67/3216 1612/71/3216 1616/68/3216
f 1611/57/3217 1615/67/3217 1613/62/3217
f 1611/57/3218 1608/64/3218 1648/65/3218
f 1614/63/3219 1618/69/3219 1616/68/3219
f 1647/72/3220 1618/69/3220 1617/86/3220
f 1647/72/3221 1615/67/3221 1618/69/3221
f 1619/73/3222 1624/79/3222 1644/74/3222
f 1562/15/3223 1622/73/3223 1645/2/3223
f 1562/15/3224 1556/10/3224 1643/16/3224
f 1561/15/3225 1553/1/3225 1645/2/3225
f 1627/76/3226 1631/85/3226 1630/77/3226
f 1624/79/3227 1626/78/3227 1630/77/3227
f 1623/75/3228 1644/74/3228 1627/76/3228
f 1619/73/1740 1620/82/1740 1625/81/1740
f 1620/82/3229 1622/73/3229 1627/76/3229
f 1624/79/3230 1629/80/3230 1632/83/3230
f 1627/76/3231 1628/84/3231 1632/83/3231
f 1631/85/1744 1632/83/1744 1629/80/1744
f 1667/7/3232 1660/22/3232 1654/8/3232
f 1666/7/3233 1659/15/3233 1651/1/3233
f 1653/10/3234 1659/15/3234 1666/7/3234
f 1656/3/3235 1660/22/3235 1667/7/3235
f 1661/12/3236 1655/8/3236 1732/13/3236
f 1658/15/3237 1716/73/3237 1740/16/3237
f 1652/10/3238 1662/11/3238 1667/7/3238
f 1657/3/3239 1663/11/3239 1666/7/3239
f 1666/7/3240 1665/9/3240 1655/8/3240
f 1667/7/3241 1664/9/3241 1650/1/3241
f 1665/9/3242 1704/58/3242 1731/17/3242
f 1663/11/3243 1686/42/3243 1739/18/3243
f 1671/19/3244 1733/30/3244 1674/20/3244
f 1661/12/3245 1670/14/3245 1718/5/3245
f 1656/3/3246 1718/5/3246 1669/21/3246
f 1654/8/3247 1660/22/3247 1669/21/3247
f 1673/23/3248 1678/27/3248 1734/24/3248
f 1673/23/3249 1672/34/3249 1676/26/3249
f 1670/14/3250 1674/20/3250 1735/28/3250
f 1668/29/3251 1735/28/3251 1673/23/3251
f 1671/19/3252 1669/21/3252 1673/23/3252
f 1679/31/3253 1682/35/3253 1681/32/3253
f 1675/25/3254 1734/24/3254 1679/31/3254
f 1674/20/3255 1679/31/3255 1676/26/3255
f 1677/33/3256 1681/32/3256 1682/35/3256
f 1680/36/3257 1678/27/3257 1682/35/3257
f 1684/38/3258 1686/42/3258 1690/39/3258
f 1652/10/3259 1739/18/3259 1685/41/3259
f 1656/3/3260 1662/11/3260 1685/41/3260
f 1663/11/3261 1657/3/3261 1736/4/3261
f 1692/43/3262 1697/46/3262 1695/44/3262
f 1692/43/3263 1689/39/3263 1694/45/3263
f 1684/38/3264 1738/40/3264 1689/39/3264
f 1687/47/3265 1685/41/3265 1689/39/3265
f 1687/47/3266 1691/48/3266 1690/39/3266
f 1695/44/1833 1699/53/1833 1698/49/1833
f 1690/39/3267 1695/44/3267 1737/51/3267
f 1689/39/3268 1688/52/3268 1737/51/3268
f 1694/45/3269 1693/50/3269 1698/49/3269
f 1694/45/3270 1699/53/3270 1700/54/3270
f 1695/44/3271 1696/55/3271 1700/54/3271
f 1701/56/3272 1730/66/3272 1708/57/3272
f 1704/58/3273 1708/57/3273 1743/59/3273
f 1664/9/3274 1654/8/3274 1731/17/3274
f 1650/1/3275 1664/9/3275 1703/58/3275
f 1665/9/3276 1651/1/3276 1746/6/3276
f 1707/61/3277 1706/70/3277 1710/62/3277
f 1705/64/3278 1707/61/3278 1711/63/3278
f 1701/56/3279 1703/58/3279 1707/61/3279
f 1703/58/3280 1702/60/3280 1743/59/3280
f 1712/67/3281 1709/71/3281 1713/68/3281
f 1708/57/3282 1712/67/3282 1710/62/3282
f 1708/57/3283 1705/64/3283 1745/65/3283
f 1711/63/3284 1715/69/3284 1713/68/3284
f 1744/72/3285 1715/69/3285 1714/86/3285
f 1744/72/3286 1712/67/3286 1715/69/3286
f 1716/73/3287 1721/79/3287 1741/74/3287
f 1659/15/3288 1719/73/3288 1742/2/3288
f 1659/15/3289 1653/10/3289 1740/16/3289
f 1658/15/3290 1650/1/3290 1742/2/3290
f 1724/76/3291 1728/85/3291 1727/77/3291
f 1721/79/3292 1723/78/3292 1727/77/3292
f 1720/75/3293 1741/74/3293 1724/76/3293
f 1716/73/1858 1717/82/1858 1722/81/1858
f 1717/82/3294 1719/73/3294 1724/76/3294
f 1721/79/3295 1726/80/3295 1729/83/3295
f 1724/76/3296 1725/84/3296 1729/83/3296
f 1728/85/1862 1729/83/1862 1726/80/1862
f 1764/7/3297 1757/22/3297 1751/8/3297
f 1763/7/3298 1756/15/3298 1748/1/3298
f 1750/10/3299 1756/15/3299 1763/7/3299
f 1753/3/3300 1757/22/3300 1764/7/3300
f 1758/12/3301 1752/8/3301 1829/13/3301
f 1755/15/3302 1813/73/3302 1837/16/3302
f 1749/10/3303 1759/11/3303 1764/7/3303
f 1754/3/3304 1760/11/3304 1763/7/3304
f 1763/7/3305 1762/9/3305 1752/8/3305
f 1764/7/3306 1761/9/3306 1747/1/3306
f 1762/9/3307 1801/58/3307 1828/17/3307
f 1760/11/3308 1783/42/3308 1836/18/3308
f 1768/19/3309 1830/30/3309 1771/20/3309
f 1758/12/3310 1767/14/3310 1815/5/3310
f 1753/3/3311 1815/5/3311 1766/21/3311
f 1751/8/3312 1757/22/3312 1766/21/3312
f 1770/23/3313 1775/27/3313 1831/24/3313
f 1770/23/3314 1769/34/3314 1773/26/3314
f 1767/14/3315 1771/20/3315 1832/28/3315
f 1765/29/3316 1832/28/3316 1770/23/3316
f 1768/19/3317 1766/21/3317 1770/23/3317
f 1776/31/3318 1779/35/3318 1778/32/3318
f 1772/25/3319 1831/24/3319 1776/31/3319
f 1771/20/3320 1776/31/3320 1773/26/3320
f 1774/33/3321 1778/32/3321 1779/35/3321
f 1777/36/3322 1775/27/3322 1779/35/3322
f 1781/38/3323 1783/42/3323 1787/39/3323
f 1749/10/3324 1836/18/3324 1782/41/3324
f 1753/3/3325 1759/11/3325 1782/41/3325
f 1760/11/3326 1754/3/3326 1833/4/3326
f 1789/43/3327 1794/46/3327 1792/44/3327
f 1789/43/3328 1786/39/3328 1791/45/3328
f 1781/38/3329 1835/40/3329 1786/39/3329
f 1784/47/3330 1782/41/3330 1786/39/3330
f 1784/47/3331 1788/48/3331 1787/39/3331
f 1792/44/1952 1796/53/1952 1795/49/1952
f 1787/39/3332 1792/44/3332 1834/51/3332
f 1786/39/3333 1785/52/3333 1834/51/3333
f 1791/45/3334 1790/50/3334 1795/49/3334
f 1791/45/1950 1796/53/1950 1797/54/1950
f 1792/44/3335 1793/55/3335 1797/54/3335
f 1798/56/3336 1827/66/3336 1805/57/3336
f 1801/58/3337 1805/57/3337 1840/59/3337
f 1761/9/3338 1751/8/3338 1828/17/3338
f 1747/1/3339 1761/9/3339 1800/58/3339
f 1762/9/3340 1748/1/3340 1843/6/3340
f 1804/61/3341 1803/70/3341 1807/62/3341
f 1802/64/3342 1804/61/3342 1808/63/3342
f 1798/56/3343 1800/58/3343 1804/61/3343
f 1800/58/3344 1799/60/3344 1840/59/3344
f 1809/67/3345 1806/71/3345 1810/68/3345
f 1805/57/3346 1809/67/3346 1807/62/3346
f 1805/57/3347 1802/64/3347 1842/65/3347
f 1808/63/3348 1812/69/3348 1810/68/3348
f 1841/72/3349 1812/69/3349 1811/86/3349
f 1841/72/3350 1809/67/3350 1812/69/3350
f 1813/73/3351 1818/79/3351 1838/74/3351
f 1756/15/3352 1816/73/3352 1839/2/3352
f 1756/15/3353 1750/10/3353 1837/16/3353
f 1755/15/3354 1747/1/3354 1839/2/3354
f 1821/76/3355 1825/85/3355 1824/77/3355
f 1818/79/3356 1820/78/3356 1824/77/3356
f 1817/75/3357 1838/74/3357 1821/76/3357
f 1813/73/1977 1814/82/1977 1819/81/1977
f 1814/82/3358 1816/73/3358 1821/76/3358
f 1818/79/3359 1823/80/3359 1826/83/3359
f 1821/76/3360 1822/84/3360 1826/83/3360
f 1825/85/1981 1826/83/1981 1823/80/1981
f 1861/7/3361 1854/22/3361 1848/8/3361
f 1860/7/3362 1853/15/3362 1845/1/3362
f 1847/10/3363 1853/15/3363 1860/7/3363
f 1850/3/3364 1854/22/3364 1861/7/3364
f 1855/12/3365 1849/8/3365 1926/13/3365
f 1852/15/3366 1910/73/3366 1934/16/3366
f 1846/10/3367 1856/11/3367 1861/7/3367
f 1851/3/3368 1857/11/3368 1860/7/3368
f 1860/7/3369 1859/9/3369 1849/8/3369
f 1861/7/3370 1858/9/3370 1844/1/3370
f 1859/9/3371 1898/58/3371 1925/17/3371
f 1857/11/3372 1880/42/3372 1933/18/3372
f 1865/19/3373 1927/30/3373 1868/20/3373
f 1855/12/3374 1864/14/3374 1912/5/3374
f 1850/3/3375 1912/5/3375 1863/21/3375
f 1848/8/3376 1854/22/3376 1863/21/3376
f 1867/23/3377 1872/27/3377 1928/24/3377
f 1867/23/3378 1866/34/3378 1870/26/3378
f 1864/14/3379 1868/20/3379 1929/28/3379
f 1862/29/3380 1929/28/3380 1867/23/3380
f 1865/19/3381 1863/21/3381 1867/23/3381
f 1873/31/3382 1876/35/3382 1875/32/3382
f 1869/25/3383 1928/24/3383 1873/31/3383
f 1868/20/3384 1873/31/3384 1870/26/3384
f 1871/33/3385 1875/32/3385 1876/35/3385
f 1874/36/3386 1872/27/3386 1876/35/3386
f 1878/38/3387 1880/42/3387 1884/39/3387
f 1846/10/3388 1933/18/3388 1879/41/3388
f 1850/3/3389 1856/11/3389 1879/41/3389
f 1857/11/3390 1851/3/3390 1930/4/3390
f 1886/43/3391 1891/46/3391 1889/44/3391
f 1886/43/3392 1883/39/3392 1888/45/3392
f 1878/38/3393 1932/40/3393 1883/39/3393
f 1881/47/3394 1879/41/3394 1883/39/3394
f 1881/47/3395 1885/48/3395 1884/39/3395
f 1889/44/2071 1893/53/2071 1892/49/2071
f 1884/39/3396 1889/44/3396 1931/51/3396
f 1883/39/3397 1882/52/3397 1931/51/3397
f 1888/45/3398 1887/50/3398 1892/49/3398
f 1888/45/2069 1893/53/2069 1894/54/2069
f 1889/44/3399 1890/55/3399 1894/54/3399
f 1895/56/3400 1924/66/3400 1902/57/3400
f 1898/58/3401 1902/57/3401 1937/59/3401
f 1858/9/3402 1848/8/3402 1925/17/3402
f 1844/1/3403 1858/9/3403 1897/58/3403
f 1859/9/3404 1845/1/3404 1940/6/3404
f 1901/61/3405 1900/70/3405 1904/62/3405
f 1899/64/3406 1901/61/3406 1905/63/3406
f 1895/56/3407 1897/58/3407 1901/61/3407
f 1897/58/3408 1896/60/3408 1937/59/3408
f 1906/67/3409 1903/71/3409 1907/68/3409
f 1902/57/3410 1906/67/3410 1904/62/3410
f 1902/57/3411 1899/64/3411 1939/65/3411
f 1905/63/3412 1909/69/3412 1907/68/3412
f 1938/72/3413 1909/69/3413 1908/86/3413
f 1938/72/3414 1906/67/3414 1909/69/3414
f 1910/73/3415 1915/79/3415 1935/74/3415
f 1853/15/3416 1913/73/3416 1936/2/3416
f 1853/15/3417 1847/10/3417 1934/16/3417
f 1852/15/3418 1844/1/3418 1936/2/3418
f 1918/76/3419 1922/85/3419 1921/77/3419
f 1915/79/3420 1917/78/3420 1921/77/3420
f 1914/75/3421 1935/74/3421 1918/76/3421
f 1910/73/2096 1911/82/2096 1916/81/2096
f 1911/82/3422 1913/73/3422 1918/76/3422
f 1915/79/3423 1920/80/3423 1923/83/3423
f 1918/76/3424 1919/84/3424 1923/83/3424
f 1922/85/3425 1923/83/3425 1920/80/3425
f 1958/7/3426 1951/22/3426 1945/8/3426
f 1957/7/3427 1950/15/3427 1942/1/3427
f 1944/10/3428 1950/15/3428 1957/7/3428
f 1947/3/3429 1951/22/3429 1958/7/3429
f 1952/12/3430 1946/8/3430 2023/13/3430
f 1949/15/3431 2007/73/3431 2031/16/3431
f 1943/10/3432 1953/11/3432 1958/7/3432
f 1948/3/3433 1954/11/3433 1957/7/3433
f 1957/7/3434 1956/9/3434 1946/8/3434
f 1958/7/3435 1955/9/3435 1941/1/3435
f 1956/9/3436 1995/58/3436 2022/17/3436
f 1954/11/3437 1977/42/3437 2030/18/3437
f 1962/19/3438 2024/30/3438 1965/20/3438
f 1952/12/3439 1961/14/3439 2009/5/3439
f 1947/3/3440 2009/5/3440 1960/21/3440
f 1945/8/3441 1951/22/3441 1960/21/3441
f 1964/23/3442 1969/27/3442 2025/24/3442
f 1964/23/3443 1963/34/3443 1967/26/3443
f 1961/14/3444 1965/20/3444 2026/28/3444
f 1959/29/3445 2026/28/3445 1964/23/3445
f 1962/19/3446 1960/21/3446 1964/23/3446
f 1970/31/3447 1973/35/3447 1972/32/3447
f 1966/25/3448 2025/24/3448 1970/31/3448
f 1965/20/3449 1970/31/3449 1967/26/3449
f 1968/33/3450 1972/32/3450 1973/35/3450
f 1971/36/3451 1969/27/3451 1973/35/3451
f 1975/38/3452 1977/42/3452 1981/39/3452
f 1943/10/3453 2030/18/3453 1976/41/3453
f 1947/3/3454 1953/11/3454 1976/41/3454
f 1954/11/3455 1948/3/3455 2027/4/3455
f 1983/43/3456 1988/46/3456 1986/44/3456
f 1983/43/3457 1980/39/3457 1985/45/3457
f 1975/38/3458 2029/40/3458 1980/39/3458
f 1978/47/3459 1976/41/3459 1980/39/3459
f 1978/47/3460 1982/48/3460 1981/39/3460
f 1986/44/3461 1990/53/3461 1989/49/3461
f 1981/39/3462 1986/44/3462 2028/51/3462
f 1980/39/3463 1979/52/3463 2028/51/3463
f 1985/45/3464 1984/50/3464 1989/49/3464
f 1985/45/2188 1990/53/2188 1991/54/2188
f 1986/44/3465 1987/55/3465 1991/54/3465
f 1992/56/3466 2021/66/3466 1999/57/3466
f 1995/58/3467 1999/57/3467 2034/59/3467
f 1955/9/3468 1945/8/3468 2022/17/3468
f 1941/1/3469 1955/9/3469 1994/58/3469
f 1956/9/3470 1942/1/3470 2037/6/3470
f 1998/61/3471 1997/70/3471 2001/62/3471
f 1996/64/3472 1998/61/3472 2002/63/3472
f 1992/56/3473 1994/58/3473 1998/61/3473
f 1994/58/3474 1993/60/3474 2034/59/3474
f 2003/67/3475 2000/71/3475 2004/68/3475
f 1999/57/3476 2003/67/3476 2001/62/3476
f 1999/57/3477 1996/64/3477 2036/65/3477
f 2002/63/3478 2006/69/3478 2004/68/3478
f 2035/72/3479 2006/69/3479 2005/86/3479
f 2035/72/3480 2003/67/3480 2006/69/3480
f 2007/73/3481 2012/79/3481 2032/74/3481
f 1950/15/3482 2010/73/3482 2033/2/3482
f 1950/15/3483 1944/10/3483 2031/16/3483
f 1949/15/3484 1941/1/3484 2033/2/3484
f 2015/76/3485 2019/85/3485 2018/77/3485
f 2012/79/3486 2014/78/3486 2018/77/3486
f 2011/75/3487 2032/74/3487 2015/76/3487
f 2007/73/2215 2008/82/2215 2013/81/2215
f 2008/82/3488 2010/73/3488 2015/76/3488
f 2012/79/3489 2017/80/3489 2020/83/3489
f 2015/76/3490 2016/84/3490 2020/83/3490
f 2019/85/3491 2020/83/3491 2017/80/3491
