# Blender 5.0.1
# www.blender.org
mtllib model.mtl
o levelMesh
v -76.361885 50.461075 -0.306933
v -76.361885 -50.461174 -0.154005
v 24.057796 49.495918 -0.052742
v 24.057796 -49.495903 -0.036911
v -76.361885 38.391270 0.092062
v -76.361885 27.422337 0.483241
v -76.361885 16.453402 0.152568
v -76.361885 5.484467 0.100745
v -76.361885 -5.484468 0.220826
v -76.361885 -16.453402 0.306328
v -76.361885 -27.422335 0.368454
v -76.361885 -38.391270 0.512673
v 24.134594 -37.656902 0.045482
v 24.386917 -27.422337 -0.143767
v 18.686045 -16.453402 -0.045057
v 14.896135 -5.484467 -0.254957
v 14.896135 5.484468 -0.220636
v 18.686045 16.453402 -0.141916
v 24.386917 27.422335 0.027184
v 24.134594 37.656902 0.020386
v 13.621271 54.508472 -0.032195
v 3.435751 60.592751 -0.184880
v -13.198499 63.946484 -0.100994
v -31.252960 63.945618 0.260016
v -47.887268 60.592598 -0.308577
v -61.450760 55.571465 -0.243551
v -61.450748 -55.571438 -0.003352
v -47.887333 -60.592751 -0.113263
v -31.253077 -63.946472 -0.091095
v -13.198559 -63.946022 -0.412531
v 3.435759 -60.592751 -0.111667
v 13.621298 -54.508495 -0.173868
v -56.899952 38.391270 0.534784
v -42.797035 38.391270 0.107821
v -28.694120 38.391270 0.177569
v -14.591206 38.391270 0.499138
v -0.488291 38.391270 0.268336
v 13.614623 38.391270 0.532645
v -57.375755 27.422337 0.326801
v -43.748642 27.422337 0.294517
v -30.121529 27.422337 0.230602
v -16.494417 27.422337 0.654178
v -2.867306 27.422337 0.628635
v 10.759806 27.422337 0.122416
v -58.190166 16.453402 0.405077
v -45.377464 16.453402 0.025981
v -32.564762 16.453402 0.167818
v -19.752060 16.453402 0.159731
v -6.939359 16.453402 0.240208
v 5.873343 16.453402 0.263003
v -58.731583 5.484467 0.412590
v -46.460297 5.484467 0.168195
v -34.189011 5.484467 0.583911
v -21.917725 5.484467 0.452331
v -9.646439 5.484467 0.761528
v 2.624848 5.484468 0.266591
v -58.731583 -5.484468 0.273993
v -46.460297 -5.484468 0.027931
v -34.189011 -5.484468 0.422041
v -21.917725 -5.484468 0.972222
v -9.646439 -5.484467 0.269557
v 2.624848 -5.484467 0.359732
v -58.190166 -16.453402 0.190030
v -45.377464 -16.453402 0.008839
v -32.564762 -16.453402 0.287413
v -19.752060 -16.453402 0.192984
v -6.939359 -16.453402 0.644043
v 5.873343 -16.453402 0.406293
v -57.375755 -27.422335 0.474662
v -43.748642 -27.422335 0.204973
v -30.121529 -27.422335 0.012777
v -16.494417 -27.422335 0.209041
v -2.867306 -27.422335 0.470955
v 10.759806 -27.422337 0.518541
v -56.899952 -38.391270 0.441073
v -42.797035 -38.391270 0.399648
v -28.694120 -38.391270 0.428582
v -14.591206 -38.391270 0.049721
v -0.488291 -38.391270 0.282137
v 13.614623 -38.391270 0.413003
v -29.717201 -20.603565 -3.254366
v -29.717201 -20.603565 4.303362
v -28.931908 -33.837811 -3.254366
v -28.931908 -33.837811 6.136606
v -10.057689 -11.240168 0.157800
v -10.057689 -11.240168 -3.254366
v -15.677661 -26.079712 3.808469
v -15.677661 -26.079712 -3.254366
v -10.057689 -5.240168 -1.082725
v -10.057689 -5.240168 -3.254366
v -24.626724 -19.918343 2.745634
v -24.626724 -19.918343 -3.254366
v -37.423126 -21.206154 6.190718
v -37.423126 -21.206154 -3.254366
v -31.004581 -17.602821 -3.254366
v -31.004581 -17.602821 4.977385
v -34.574196 -8.133906 5.623216
v -34.574196 -8.133906 -3.254366
v -19.623375 -4.559992 -3.254366
v -19.623375 -4.559992 5.206644
v -36.860855 42.961510 6.700740
v -36.860855 42.961510 -3.254366
v -21.910036 46.535423 -3.254366
v -21.910036 46.535423 8.298893
v -42.711613 43.823963 8.238962
v -42.711613 43.823963 -3.254366
v -36.974152 53.558819 -3.254366
v -36.974152 53.558819 9.263581
v -25.916985 -1.552548 5.773932
v -28.907148 -2.267332 5.773932
v -28.907148 -2.267332 4.272949
v -25.916985 -1.552548 4.272949
v -27.631783 41.443607 6.723994
v -30.621944 40.728825 1.816477
v -30.621944 40.728825 6.723994
v -27.631783 41.443607 1.816477
v -48.351463 39.189198 11.517435
v -48.351463 39.189198 -3.254366
v -53.664627 49.161964 -3.254366
v -53.664627 49.161964 13.658426
v -51.250404 13.013625 14.962084
v -51.250404 13.013625 -3.254366
v -59.903076 13.004461 -3.254366
v -59.903076 13.004461 15.100345
v -51.243973 6.941579 15.099701
v -51.243973 6.941579 -3.254366
v -59.896645 6.932415 -3.254366
v -59.896645 6.932415 16.538963
v -49.789642 11.127230 14.962084
v -49.789642 11.127230 10.766022
v -49.787201 8.831064 14.962084
v -49.787201 8.831064 10.766022
v -17.425156 10.539213 14.962084
v -16.724806 9.890958 13.320843
v -17.731358 8.865095 14.962084
v -16.795431 9.504827 13.320843
v -15.482163 11.163651 14.962084
v -16.276663 10.034982 13.320843
v -15.420707 8.218503 14.962084
v -16.262487 9.355694 13.320843
v -18.895697 11.161261 14.962084
v -18.895697 11.161261 14.018007
v -18.893259 8.865095 14.962084
v -18.893259 8.865095 14.018007
v -12.551115 9.569394 16.711424
v -11.403605 11.123903 16.711424
v -14.844133 9.901976 16.711424
v -13.437428 12.936121 16.711424
v -13.208085 11.691523 13.320843
v -13.762111 10.496535 13.320843
v -12.407072 10.977787 13.320843
v -12.859014 10.365549 13.320843
v -35.358307 -8.689924 26.423908
v -35.358307 -8.689924 24.667582
v -34.108498 -10.616152 26.423908
v -34.108498 -10.616152 25.242268
v -18.579376 20.356661 20.944267
v -18.579376 20.356661 19.914881
v -17.329565 18.430433 20.858957
v -17.329565 18.430433 19.914881
v -59.587135 -21.879044 27.061260
v -59.587135 -21.879044 25.731501
v -59.259926 -23.132435 27.107094
v -59.259926 -23.132435 25.930597
v -15.024157 11.731655 18.727612
v -13.876646 13.286164 18.727612
v -17.317175 12.064237 18.727612
v -15.910470 15.098382 18.727612
v -15.620087 13.522529 13.320843
v -15.947169 12.817039 13.320843
v -15.147188 13.101157 13.320843
v -15.414003 12.739708 13.320843
v -10.181054 15.189378 20.183632
v -11.987059 15.876128 20.183632
v -9.884173 12.891464 20.183632
v -13.184975 13.429586 20.183632
v -11.804344 14.104609 13.320843
v -10.933187 13.962585 13.320843
v -11.488187 14.750306 13.320843
v -11.011541 14.569057 13.320843
v -13.156608 17.871021 20.183632
v -13.347165 19.793772 20.183632
v -15.081080 16.580690 20.183632
v -16.071175 19.775152 20.183632
v -14.816438 18.813566 13.320843
v -14.576001 18.037815 13.320843
v -14.154933 18.818087 13.320843
v -14.108657 18.351162 13.320843
v -34.437378 -41.930782 4.037296
v -33.947353 -41.266956 4.037296
v -35.416569 -41.788761 4.037296
v -34.815861 -40.493084 4.037296
v -34.734291 -40.935738 -5.380483
v -35.031734 -41.577301 -5.380483
v -34.304245 -41.318924 -5.380483
v -34.546883 -41.647621 -5.380483
v -44.071316 -50.493114 7.775921
v -43.514805 -49.739216 7.775921
v -45.183369 -50.331821 7.775921
v -44.501156 -48.860340 7.775921
v -44.403694 -49.389252 -5.380483
v -44.723553 -50.079159 -5.380483
v -43.941242 -49.801311 -5.380483
v -44.202164 -50.154781 -5.380483
v -57.483215 -50.810886 13.370782
v -56.993187 -50.147064 13.370782
v -58.462402 -50.668861 13.370782
v -57.861694 -49.373188 13.370782
v -57.792549 -49.748436 -5.380483
v -58.136169 -50.489605 -5.380483
v -57.295731 -50.191116 -5.380483
v -57.576042 -50.570847 -5.380483
v -67.359421 -39.337471 20.979568
v -66.869400 -38.673649 20.979568
v -68.338615 -39.195450 20.979568
v -67.737907 -37.899773 20.979568
v -67.710503 -38.048489 -5.380483
v -68.209320 -39.124409 -5.380483
v -66.989296 -38.691109 -5.380483
v -67.396210 -39.242344 -5.380483
v -60.199059 -26.776396 26.712219
v -59.709038 -26.112570 26.712219
v -61.178253 -26.634375 26.712219
v -60.577545 -25.338701 26.712219
v -60.513535 -25.686068 -5.380483
v -60.876251 -26.468431 -5.380483
v -59.989098 -26.153353 -5.380483
v -60.284988 -26.554190 -5.380483
v -32.972633 -34.860020 1.337019
v -32.482605 -34.196194 1.337019
v -33.951820 -34.717995 1.337019
v -33.351112 -33.422321 1.337019
v -33.270302 -33.860886 -5.380483
v -33.570545 -34.508488 -5.380483
v -32.836205 -34.247681 -5.380483
v -33.081127 -34.579475 -5.380483
v -38.202057 -47.289883 5.075644
v -37.645546 -46.535984 5.075644
v -39.314110 -47.128582 5.075644
v -38.631897 -45.657108 5.075644
v -38.534206 -46.187222 -5.380483
v -38.853237 -46.875343 -5.380483
v -38.072952 -46.598221 -5.380483
v -38.333199 -46.950771 -5.380483
v -50.779774 -52.150539 10.670505
v -50.289753 -51.486717 10.670505
v -51.758968 -52.008514 10.670505
v -51.158260 -50.712841 10.670505
v -51.072678 -51.177273 -5.380483
v -51.355202 -51.786655 -5.380483
v -50.664200 -51.541241 -5.380483
v -50.894669 -51.853455 -5.380483
v -62.674850 -45.768402 17.094307
v -62.184830 -45.104576 17.094307
v -63.654045 -45.626381 17.094307
v -63.053337 -44.330704 17.094307
v -62.973198 -44.765568 -5.380484
v -63.275978 -45.418640 -5.380484
v -62.535439 -45.155632 -5.380484
v -62.782425 -45.490223 -5.380484
v -65.653770 -31.987415 24.011942
v -65.163742 -31.323589 24.011942
v -66.632957 -31.845394 24.011942
v -66.032249 -30.549717 24.011942
v -65.962944 -30.925835 -5.380483
v -66.305969 -31.665718 -5.380483
v -65.466995 -31.367748 -5.380483
v -65.746811 -31.746819 -5.380483
v -16.724806 9.890958 -7.313307
v -16.795431 9.504827 -7.313307
v -16.276663 10.034982 -7.313307
v -16.262487 9.355694 -7.313307
v -13.208085 11.691523 -7.313307
v -13.762111 10.496535 -7.313307
v -12.407072 10.977787 -7.313307
v -12.859014 10.365549 -7.313307
v -15.620087 13.522529 -7.313307
v -15.947169 12.817039 -7.313307
v -15.147188 13.101157 -7.313307
v -15.414003 12.739708 -7.313307
v -11.804344 14.104609 -7.313307
v -10.933187 13.962585 -7.313307
v -11.488187 14.750306 -7.313307
v -11.011541 14.569057 -7.313307
v -14.816438 18.813566 -7.313307
v -14.576001 18.037815 -7.313307
v -14.154933 18.818087 -7.313307
v -14.108657 18.351162 -7.313307
v -3.087794 0.526061 0.435523
v -3.087794 0.478460 0.596386
v -2.920035 0.526061 0.435523
v -2.920035 0.478460 0.596386
v -3.087794 -0.771551 0.051543
v -3.087794 -0.819153 0.212407
v -2.920035 -0.771551 0.051543
v -2.920035 -0.819153 0.212407
v -2.950378 0.499741 0.261636
v -2.945318 0.450069 0.130517
v -2.814519 0.533915 0.253933
v -2.809459 0.484242 0.122814
v -2.670766 -0.522192 0.659573
v -2.665706 -0.571865 0.528455
v -2.534907 -0.488019 0.651870
v -2.529846 -0.537691 0.520752
v -3.257840 -0.364629 0.755126
v -3.182514 -0.337065 0.897631
v -3.327014 -0.216666 0.763072
v -3.251688 -0.189102 0.905575
v -2.228537 0.151152 0.111278
v -2.153210 0.178716 0.253782
v -2.297711 0.299115 0.119223
v -2.222384 0.326679 0.261727
v -3.856287 0.447960 0.137238
v -3.766655 0.385118 0.010117
v -3.769794 0.591361 0.127334
v -3.680161 0.528518 0.000213
v -2.949816 -0.038044 1.016641
v -2.860184 -0.100887 0.889520
v -2.863323 0.105356 1.006737
v -2.773691 0.042514 0.879615
v -3.581858 -0.470108 0.433911
v -3.552537 -0.446284 0.306241
v -3.665817 -0.366776 0.433911
v -3.636497 -0.342952 0.306241
v -2.782585 0.179320 0.738656
v -2.753265 0.203144 0.610987
v -2.866545 0.282652 0.738656
v -2.837225 0.306476 0.610987
v -0.515261 0.009367 0.240985
v -2.373258 0.009367 0.337823
v -1.755704 -2.139144 0.240985
v -2.684703 -0.530071 0.337823
v -4.236590 -2.139144 0.240985
v -3.307591 -0.530071 0.337823
v -5.477034 0.009367 0.240985
v -3.619036 0.009367 0.337823
v -4.236590 2.157877 0.240985
v -3.307591 0.548804 0.337823
v -1.755704 2.157877 0.240985
v -2.684703 0.548804 0.337823
v -2.628460 -0.627486 0.385792
v -2.260773 0.009367 0.385792
v -3.363834 -0.627486 0.385792
v -3.731521 0.009367 0.385792
v -3.363834 0.646219 0.385792
v -2.628460 0.646219 0.385792
v -77.171074 -13.713388 27.744284
v -77.171074 -13.713388 26.746243
v -77.561867 -21.353888 27.744284
v -77.561867 -21.353888 27.086292
v -75.782028 -8.143570 28.958162
v -75.669403 -8.143570 29.261490
v -68.753357 -9.055002 26.378227
v -68.660080 -9.055002 26.629385
v -75.782028 -11.622452 28.958162
v -75.669403 -11.622452 29.261490
v -68.753357 -10.711020 26.378227
v -68.660080 -10.711020 26.629385
v -76.147903 -1.175078 30.385151
v -76.035278 -1.175078 30.688478
v -69.115601 -2.150955 29.131735
v -69.029587 -2.150955 29.363344
v -76.147903 -4.653959 30.385151
v -76.035278 -4.653959 30.688478
v -69.115601 -3.678082 29.131735
v -69.029587 -3.678082 29.363344
v -76.159409 6.195860 31.506840
v -76.046783 6.195860 31.810167
v -69.099014 4.721235 29.743244
v -69.069183 4.721235 29.823570
v -76.159409 2.716978 31.506840
v -76.046783 2.716978 31.810167
v -69.099014 4.191603 29.743244
v -69.069183 4.191603 29.823570
v -76.865852 14.142330 32.560417
v -76.753227 14.142330 32.863747
v -69.599113 15.553899 31.355450
v -69.450813 15.553899 31.754795
v -76.865852 10.663448 32.560417
v -76.753227 10.663448 32.863747
v -69.599113 12.920806 31.355450
v -69.450813 12.920806 31.754795
v -76.819832 23.050915 33.517151
v -76.707207 23.050915 33.820480
v -70.449562 23.770288 32.621365
v -70.382507 23.795895 32.814651
v -76.819832 19.572033 33.517151
v -76.707207 19.572033 33.820480
v -69.994919 22.579693 32.621365
v -69.927864 22.605299 32.814651
v -79.857384 27.484875 34.712379
v -79.773636 27.560179 35.015709
v -73.621338 31.109150 32.217857
v -73.599152 31.129097 32.298183
v -77.531296 24.897997 34.712379
v -77.447548 24.973303 35.015709
v -73.267204 30.715319 32.217857
v -73.245026 30.735264 32.298183
v -73.943665 19.511181 16.780748
v -73.949707 19.655735 17.748459
v -71.107216 18.810360 16.903139
v -71.113258 18.954914 17.870852
v -76.898857 -10.417607 26.103123
v -76.904900 -10.273053 27.070833
v -71.272003 -6.513721 26.955431
v -71.276283 -6.411363 27.640659
v -65.766090 22.811638 18.222969
v -66.332787 23.669182 18.091333
v -66.334930 23.720407 18.434258
v -65.768227 22.862865 18.565891
v -64.102142 52.408367 -12.929593
v -64.102142 -52.392632 -12.929593
v -76.361885 57.149670 -2.392011
v -76.361885 -57.149776 -2.218813
v 28.380629 56.056583 -2.104128
v 28.380629 -56.056557 -2.086198
v 28.467607 -42.648304 -1.992884
v 28.753370 -31.057152 -2.207218
v 22.296852 -18.634289 -2.095424
v 18.004593 -6.211427 -2.333146
v 18.004593 6.211434 -2.294276
v 22.296852 18.634295 -2.205122
v 28.753370 31.057156 -2.013608
v 28.467607 42.648312 -2.021307
v 16.560745 61.733547 -2.080857
v 5.025140 68.624298 -2.253780
v -13.813972 72.422569 -2.158776
v -34.261543 72.421585 -1.749913
v -53.100723 68.624123 -2.393874
v -68.462051 62.937439 -2.320228
v -68.462029 -62.937401 -2.048190
v -53.100792 -68.624283 -2.172670
v -34.261673 -72.422539 -2.147564
v -13.814039 -72.422028 -2.511606
v 5.025148 -68.624283 -2.170863
v 16.560776 -61.733566 -2.241309
v -116.689537 22.164749 126.039787
v -116.689537 19.883343 135.775543
v -97.387756 12.415849 125.959198
v -100.571594 10.577667 136.625320
v -98.595825 -9.174385 126.039787
v -100.198746 -8.248946 133.784409
v -116.689537 -19.620766 126.039787
v -116.689537 -17.339355 138.788193
v -134.783249 -9.174385 126.039787
v -132.807480 -8.033682 143.646271
v -134.783249 11.718372 126.039787
v -132.807480 10.577667 141.475922
v -179.909027 50.461075 -0.306933
v -179.909027 -50.461174 -0.154005
v -184.664185 38.391270 0.092062
v -187.871521 27.422337 0.483241
v -189.764282 16.453402 0.152568
v -189.764282 5.484467 0.100745
v -189.764282 -5.484468 0.220826
v -189.764282 -16.453402 0.306328
v -187.871521 -27.422335 0.368454
v -184.664185 -38.391270 0.512673
v -175.625458 57.149670 -2.392011
v -175.625458 -57.149776 -2.218813
v -150.809570 6.937154 0.100745
v -125.993675 6.937154 0.100745
v -101.177780 6.937154 0.100745
v -101.177780 20.811455 0.152568
v -125.993675 20.811455 0.152568
v -150.809570 20.811455 0.152568
v -150.809570 48.560055 0.092062
v -125.993675 48.560055 0.092062
v -101.177780 48.560055 0.092062
v -101.177780 63.826817 -0.306933
v -125.993675 63.826817 -0.306933
v -150.809570 63.826817 -0.306933
v -150.809570 -48.560043 0.512673
v -125.993675 -48.560043 0.512673
v -101.177780 -48.560043 0.512673
v -101.177780 -34.685745 0.368454
v -125.993675 -34.685745 0.368454
v -150.809570 -34.685745 0.368454
v -150.809570 -72.287155 -2.218813
v -125.993675 -72.287155 -2.218813
v -101.177780 -72.287155 -2.218813
v -101.177780 -63.826931 -0.154005
v -125.993675 -63.826931 -0.154005
v -150.809570 -63.826931 -0.154005
v -150.809570 -6.937146 0.220826
v -125.993675 -6.937146 0.220826
v -101.177780 -6.937146 0.220826
v -150.809570 34.685753 0.483241
v -125.993675 34.685753 0.483241
v -101.177780 34.685753 0.483241
v -150.809570 -20.811445 0.306328
v -125.993675 -20.811445 0.306328
v -101.177780 -20.811445 0.306328
v -101.177780 72.287033 -2.392011
v -125.993675 72.287033 -2.392011
v -150.809570 72.287033 -2.392011
v -184.708023 50.461075 -1.698471
v -184.708023 -50.461174 -1.545543
v -189.463181 38.391270 -1.299476
v -192.670517 27.422337 -0.908297
v -194.563278 16.453402 -1.238970
v -194.563278 5.484467 -1.290793
v -194.563278 -5.484468 -1.170712
v -194.563278 -16.453402 -1.085210
v -192.670517 -27.422335 -1.023084
v -189.463181 -38.391270 -0.878865
v -10.073783 -5.253285 -0.566178
v -9.688921 -11.143227 0.574652
v -28.999582 -34.263412 6.691710
v -15.438848 -26.325916 4.309738
v -24.523432 -19.732237 3.260200
v -29.465488 -20.397482 4.772510
v -37.687149 -21.339664 6.747074
v -30.715332 -17.484228 5.426881
v -34.772343 -7.965137 6.166449
v -19.195719 -4.416112 5.649455
v -36.789513 42.653000 7.201840
v -21.672621 46.551010 8.799994
v -27.505600 41.443680 7.275053
v -29.052769 -1.962906 6.273149
v -42.702568 43.519283 8.740063
v -36.772518 53.757755 9.764681
v -25.606020 -1.552477 6.222615
v -30.817970 40.728897 7.275053
v -48.141727 38.722515 12.018536
v -53.846176 49.368092 14.159527
v -51.015751 13.134194 15.463184
v -60.315231 12.656678 15.601444
v -50.841782 6.693295 15.600801
v -60.245956 6.559052 17.040064
v -49.554989 11.247799 15.463184
v -49.535683 8.539808 15.463184
v -18.548180 11.325398 15.463184
v -18.488100 8.619918 15.463184
v -17.610086 10.710388 15.421015
v -15.272371 11.461681 15.421015
v -15.198430 7.918221 15.421015
v -17.978495 8.696170 15.421015
v -12.485771 9.400430 17.170355
v -15.073766 9.775795 17.170355
v -13.486101 13.200256 17.170355
v -11.190644 11.154913 17.170355
v -14.934756 11.500488 19.186543
v -17.631346 11.891603 19.186543
v -15.977061 15.459757 19.186543
v -13.585284 13.328590 19.186543
v -10.033520 15.299577 20.642563
v -9.697818 12.701181 20.642563
v -13.430242 13.309669 20.642563
v -12.075683 16.076128 20.642563
v -12.952436 17.768053 20.642563
v -15.189397 16.268204 20.642563
v -16.340260 19.981369 20.642563
v -13.173936 20.003012 20.642563
v -35.633362 -8.248117 26.669392
v -34.047985 -10.790841 26.669392
v -18.592623 20.640127 21.189751
v -17.202940 18.427147 21.104441
v -59.466816 -21.584124 27.306744
v -59.214802 -23.288773 27.352577
v -77.291557 -13.383211 27.989767
v -77.899437 -21.540562 27.989767
v -34.321568 -42.230240 4.465687
v -35.823551 -42.012394 4.465687
v -34.902122 -40.024952 4.465687
v -33.569920 -41.211998 4.465687
v -44.003529 -50.668392 8.204311
v -45.421581 -50.462719 8.204311
v -44.551647 -48.586334 8.204311
v -43.293884 -49.707047 8.204311
v -57.407837 -51.005798 13.799172
v -58.727299 -50.814419 13.799172
v -57.917839 -49.068489 13.799172
v -56.747520 -50.111294 13.799172
v -67.294998 -39.504044 21.407959
v -68.564995 -39.319843 21.407959
v -67.785889 -37.639378 21.407959
v -66.659454 -38.643078 21.407959
v -60.137974 -26.934338 27.140610
v -61.392906 -26.752325 27.140610
v -60.623043 -25.091795 27.140610
v -59.509968 -26.083582 27.140610
v -32.891357 -35.070187 1.765410
v -34.237450 -34.874943 1.765410
v -33.411652 -33.093777 1.765410
v -32.217712 -34.157623 1.765410
v -38.125584 -47.487621 5.504034
v -39.582848 -47.276249 5.504034
v -38.688858 -45.347992 5.504034
v -37.396317 -46.499695 5.504034
v -50.710938 -52.328537 11.098895
v -52.000877 -52.141438 11.098895
v -51.209534 -50.434586 11.098895
v -50.065407 -51.454052 11.098895
v -62.597561 -45.968254 17.522697
v -63.925659 -45.775631 17.522697
v -63.110909 -44.018276 17.522697
v -61.932934 -45.067894 17.522697
v -65.582405 -32.171955 24.440332
v -66.883759 -31.983206 24.440332
v -66.085411 -30.261234 24.440332
v -64.931152 -31.289721 24.440332
v -116.689537 18.704407 138.763077
v -101.592590 9.988199 136.005157
v -101.592590 -7.444213 140.290741
v -116.689537 -16.160419 141.927628
v -131.786484 -7.444213 141.969452
v -131.786484 9.988199 139.014069
v -116.689537 9.697763 127.241203
v -109.392578 5.484871 127.241203
v -109.392578 -2.940886 127.241203
v -116.689537 -7.153778 127.241203
v -123.986496 -2.940886 127.241203
v -123.986496 5.484871 127.241203
v -116.689537 -14.296246 138.117676
v -103.207016 -6.512126 137.385239
v -103.207016 9.056111 138.986969
v -116.689537 16.840231 135.700409
v -130.172058 9.056111 138.973480
v -130.172058 -6.512126 143.995071
v -116.689537 56.868023 -3.484112
v -68.541824 29.070007 -3.484112
v -68.541824 -26.526024 -3.484112
v -116.689537 -54.324039 -3.484112
v -164.837250 -26.526024 -3.484112
v -164.837250 29.070007 -3.484112
v -160.072708 -23.775227 17.049629
v -157.270355 -22.157288 29.126989
v -150.632080 -18.324686 57.736000
v -148.441513 -17.059965 67.176682
v -143.031036 -13.936234 90.494247
v -139.076691 -11.653191 107.536377
v -139.888885 14.666110 104.035957
v -144.451981 17.300600 84.370422
v -146.947998 18.741684 73.613235
v -151.956955 21.633595 52.026127
v -156.250381 24.112398 33.522713
v -160.561401 26.601360 14.943481
v -116.689537 52.626167 12.347867
v -116.689545 46.199623 36.333809
v -116.689529 40.739746 56.711853
v -116.689537 37.037579 70.529541
v -116.689537 32.079967 89.032959
v -116.689537 27.666323 105.506119
v -95.012215 13.803836 107.472527
v -88.876129 17.337376 81.772835
v -86.743393 18.565060 70.468079
v -80.838417 21.973021 45.648186
v -78.569115 23.288069 33.470089
v -72.835251 26.591202 15.019300
v -72.835251 -24.047218 15.019302
v -77.235428 -21.526552 27.722292
v -82.318222 -18.571692 52.025738
v -85.558899 -16.717813 65.363304
v -90.548035 -13.823146 88.978302
v -93.808594 -11.938184 102.285286
v -116.689529 -23.358374 112.089828
v -116.689537 -30.546719 85.260582
v -116.689537 -34.130596 71.884384
v -116.689537 -39.451210 52.026127
v -116.689529 -43.335907 37.527168
v -116.689537 -49.366432 15.019300
v -167.154358 -27.883810 16.950476
v -167.722717 30.701717 14.501125
v -116.701851 60.967304 11.482553
v -65.701447 30.689903 14.589301
v -65.701447 -28.200125 14.589303
v -116.701851 -57.645145 14.589301
v -156.413086 -21.652023 10.142149
v -156.860641 24.482409 8.213356
v -116.683167 48.315693 5.836317
v -76.521805 24.473104 8.282791
v -76.521805 -21.901110 8.282793
v -116.683167 -45.088223 8.282791
v -157.931503 -22.520742 27.703278
v -156.895569 24.472492 32.167740
v -116.716103 46.905106 35.022793
v -116.716080 -44.030544 36.234814
v -155.672272 -21.243002 24.808392
v -154.692383 23.207273 29.031265
v -116.687164 44.425987 31.731827
v -116.687149 -41.588840 32.878262
v -151.296417 -18.696552 56.767265
v -152.646347 22.017202 50.949436
v -116.712143 41.484585 55.723747
v -116.712151 -40.222507 50.949436
v -151.031738 -18.552998 52.966789
v -152.371994 21.869295 48.287655
v -116.695030 41.197315 52.127518
v -116.695038 -39.924854 48.287655
v -149.585693 -17.695684 65.258385
v -148.039810 19.361496 71.920662
v -116.720207 38.299011 68.728828
v -116.720207 -35.364967 70.131180
v -147.658875 -16.615778 62.509010
v -146.201965 18.308773 68.787872
v -116.684792 36.156441 65.779732
v -116.684792 -33.268200 67.101379
v -144.177567 -14.593330 90.081558
v -145.659363 17.981182 83.695480
v -116.708023 33.393463 88.557693
v -116.708023 -31.915138 84.623764
v -142.113464 -13.405099 85.321892
v -143.485214 16.750231 81.070633
v -116.683983 31.017899 84.307449
v -116.683983 -29.440483 81.688591
v -139.897598 -12.124795 106.035828
v -140.738892 15.137288 102.410019
v -116.708504 28.603184 103.932846
v -116.708496 -24.249268 110.752388
v -138.402969 -11.257879 100.943024
v -139.190796 14.271888 97.547607
v -116.687386 26.882116 98.973671
v -116.687378 -22.611927 105.359879
v -116.723763 25.696339 126.187286
v -94.141068 14.290321 125.221710
v -95.554482 -10.969819 126.187286
v -116.723763 -23.191875 126.187286
v -137.893036 -10.969819 126.187286
v -137.893036 13.474288 126.187286
v -116.732330 26.580402 124.876427
v -93.328323 14.759559 123.689308
v -94.793137 -11.419271 124.876427
v -116.732330 -24.085833 124.876427
v -138.671509 -11.419271 124.876427
v -138.671509 13.913847 124.876427
v -116.689850 22.197088 122.321968
v -97.358032 12.433014 122.233269
v -98.567970 -9.190826 122.321968
v -116.689850 -19.653467 122.321968
v -134.811722 -9.190826 122.321968
v -134.811722 11.734453 122.321968
v -75.860283 -7.999710 29.633896
v -68.271263 -8.986522 26.784105
v -68.271263 -10.779500 26.784105
v -75.860283 -11.766312 29.633896
v -76.260780 -1.039030 30.996561
v -68.707146 -2.091234 29.567785
v -68.707146 -3.737803 29.567785
v -76.260780 -4.790007 30.996561
v -76.216820 6.326393 32.207058
v -68.715599 4.741108 30.071381
v -68.715599 4.171730 30.071381
v -76.216820 2.586445 32.207058
v -77.552666 14.339430 33.496017
v -68.499718 16.089380 32.121227
v -68.499718 12.825082 32.121227
v -77.552666 10.026590 33.496017
v -77.065895 23.152981 34.136433
v -69.978302 23.987822 33.009281
v -69.468819 22.653614 33.009281
v -77.065895 19.254475 34.136433
v -80.101082 27.504160 35.345840
v -73.297287 31.436825 32.351345
v -72.907066 31.002853 32.351345
v -77.537918 24.653627 35.345840
v -91.368515 30.214863 28.770376
v -94.150093 32.017612 36.062527
v -83.136726 40.504665 33.575703
v -83.865295 41.887726 34.529457
v -89.412918 28.947439 28.770376
v -86.631340 27.144690 36.062527
v -81.996330 39.765568 33.575703
v -80.486328 39.697803 34.529457
v -94.956322 31.845470 36.576500
v -83.942657 42.250050 34.760437
v -80.124001 39.775166 34.760437
v -86.459198 26.338463 36.576500
v -91.476440 34.091503 34.969933
v -91.576111 33.937180 35.720871
v -114.732010 46.668724 41.919151
v -114.769447 46.610760 42.648144
v -79.673035 49.863106 -4.945629
v -91.376770 34.245827 35.720871
v -79.995857 51.006878 34.261387
v -114.694580 46.726688 42.648144
v -91.569000 33.904129 35.741943
v -114.781860 46.608089 42.816895
v -114.697250 46.739101 42.816895
v -91.343719 34.252937 35.741943
v -81.338799 50.775185 -4.485923
v -82.784172 52.533604 35.251301
v -79.117783 49.559082 -4.674424
v -77.207550 49.480156 34.567524
v -81.763367 49.241280 -4.485923
v -83.850189 48.682201 35.251301
v -79.308586 48.869736 -4.674424
v -77.686623 47.749313 34.567524
v -83.617981 53.690117 36.604786
v -76.184563 49.543736 35.584553
v -76.866501 47.079964 35.584553
v -85.135414 48.207832 36.604786
v -81.406029 50.856972 32.707199
v -79.028938 49.555412 32.418243
v -79.233147 48.817623 32.418243
v -81.860428 49.215275 32.707199
v -108.918121 49.642014 40.181847
v -103.104050 42.590210 38.487995
v -97.288910 43.352478 36.871300
v -97.345573 43.264729 37.373562
v -103.166611 42.493324 39.163414
v -108.971115 49.559959 40.916328
v -80.228287 50.167133 -5.228199
v -80.783539 50.471161 -4.851378
v -81.390015 51.770241 34.762028
v -108.865128 49.724064 40.916325
v -103.041473 42.687092 39.163410
v -97.232231 43.440224 37.373562
v -97.344070 43.247578 37.542900
v -103.169037 42.477024 39.454994
v -108.978645 49.549690 41.171402
v -108.858871 49.735153 41.171402
v -103.027611 42.696007 39.454994
v -97.215981 43.445908 37.542900
v -78.601700 50.243515 34.420139
v -81.149673 49.148392 -4.851378
v -80.535980 49.055508 -5.228199
v -79.922287 48.962624 -4.945629
v -79.227516 47.982536 34.420139
v -80.768410 48.215759 34.261387
v -82.309296 48.448982 34.762028
v -81.759628 52.653522 35.352940
v -79.901276 51.616928 34.768185
v -78.042923 50.580330 34.842823
v -78.933731 47.361931 34.842823
v -81.000961 47.643898 34.768185
v -83.068192 47.925865 35.352940
v -79.889969 48.917038 32.172153
v -80.546791 49.016449 31.914698
v -81.203613 49.115860 32.316631
v -80.811752 50.531582 32.316631
v -80.217484 50.206192 31.914698
v -79.623215 49.880802 32.172153
v -79.774406 49.586212 29.608694
v -79.866119 49.254864 29.608694
v -81.046059 49.433453 29.735744
v -80.841988 50.170757 29.735744
v -80.575089 50.024620 29.560320
v -80.308197 49.878483 29.379765
v -80.041306 49.732349 29.496794
v -80.161110 49.299511 29.496794
v -80.456093 49.344158 29.379765
v -80.751076 49.388805 29.560320
v -84.534981 56.322708 37.505329
v -83.729317 57.414139 37.505329
v -86.144943 56.556210 37.505329
v -85.157288 58.686504 37.505329
v -85.102097 58.386982 -3.942800
v -85.884521 56.699310 -3.942800
v -83.970795 57.378979 -3.942800
v -84.609085 56.514309 -3.942800
v -84.291946 55.694283 38.228489
v -86.999008 56.086906 38.228489
v -85.338310 59.668903 38.228489
v -82.937248 57.529488 38.228489
v -84.412491 65.820816 40.694168
v -84.911064 67.082451 40.694168
v -85.463737 64.579285 40.694168
v -86.746834 66.545822 40.694168
v -86.463585 66.433891 -3.752333
v -85.447075 64.875969 -3.752333
v -85.009224 66.859039 -3.752333
v -84.614243 65.859512 -3.752333
v -83.750778 65.693863 41.417328
v -85.518387 63.606304 41.417328
v -87.675858 66.912956 41.417328
v -84.589111 67.815269 41.417328
v -92.526466 70.181290 44.110031
v -93.878548 70.291672 44.110031
v -91.877411 68.689575 44.110031
v -94.208549 68.407761 44.110031
v -93.982948 68.612373 -4.390167
v -92.136177 68.835648 -4.390167
v -93.721527 70.104881 -4.390167
v -92.650352 70.017426 -4.390167
v -92.120132 70.718765 44.833191
v -91.028778 68.210518 44.833191
v -94.948479 67.736664 44.833191
v -94.393608 70.904366 44.833191
v -104.701622 73.038300 48.554802
v -109.851486 65.924881 48.554802
v -103.143517 72.570534 48.554802
v -108.626205 64.456314 48.554802
v -108.636734 64.760696 -4.420209
v -103.422157 72.467293 -4.420208
v -105.415031 72.076508 -4.420208
v -104.656509 72.837891 -4.420208
v -104.849586 73.695641 49.277962
v -102.229713 72.909111 49.277962
v -108.591644 63.457973 49.277962
v -110.651917 65.927292 49.277962
v -121.017120 40.900799 37.235771
v -124.291573 40.385971 44.527920
v -121.757988 54.057301 42.041096
v -123.223763 54.600613 42.994850
v -118.715012 41.262756 37.235771
v -115.440559 41.777588 44.527920
v -120.415527 54.268368 42.041096
v -119.246071 55.226006 42.994850
v -124.776901 39.719563 45.041893
v -123.523247 54.818718 43.225830
v -119.027954 55.525497 43.225830
v -114.774155 41.292267 45.041893
vn 0.0354 -0.0072 0.9993
vn 0.0188 0.0350 0.9992
vn 0.0488 0.0019 0.9988
vn 0.0070 -0.0190 0.9998
vn 0.0316 -0.0181 0.9993
vn 0.0397 -0.0031 0.9992
vn 0.0500 0.0191 0.9986
vn 0.0352 0.0259 0.9990
vn 0.0485 0.0030 0.9988
vn -0.0056 0.0131 0.9999
vn 0.0198 -0.0022 0.9998
vn 0.0141 0.0190 0.9997
vn -0.0144 0.0360 0.9992
vn -0.0192 -0.0179 0.9997
vn -0.0035 -0.0180 0.9998
vn 0.0064 0.0057 1.0000
vn 0.0141 0.0270 0.9995
vn -0.0217 0.0146 0.9997
vn 0.0074 -0.0234 0.9997
vn -0.0352 -0.0090 0.9993
vn 0.0186 -0.0089 0.9998
vn -0.0030 0.0078 1.0000
vn 0.0200 -0.0067 0.9998
vn -0.0321 -0.0049 0.9995
vn -0.0448 -0.0189 0.9988
vn 0.0571 -0.0595 0.9966
vn -0.0073 0.0323 0.9995
vn -0.0177 -0.0126 0.9998
vn 0.0199 -0.0126 0.9997
vn -0.0339 -0.0147 0.9993
vn 0.0107 -0.0148 0.9998
vn -0.0252 -0.0448 0.9987
vn 0.0403 -0.0448 0.9982
vn -0.0139 0.0014 0.9999
vn 0.0296 0.0100 0.9995
vn -0.0111 0.0395 0.9992
vn 0.0006 0.0265 0.9996
vn -0.0063 0.0490 0.9988
vn -0.0018 0.0009 1.0000
vn 0.0082 0.0065 0.9999
vn 0.0024 -0.0248 0.9997
vn 0.0047 -0.0068 1.0000
vn -0.0310 -0.0358 0.9989
vn 0.0019 -0.0361 0.9993
vn 0.0371 -0.0037 0.9993
vn -0.0227 -0.0180 0.9996
vn 0.0303 0.0144 0.9994
vn -0.0049 0.0055 1.0000
vn -0.0228 0.0181 0.9996
vn 0.0164 0.0293 0.9994
vn -0.0187 -0.0325 0.9993
vn -0.0156 0.0330 0.9993
vn -0.0109 0.0424 0.9990
vn -0.0363 0.0104 0.9993
vn 0.0200 -0.0012 0.9998
vn 0.0097 0.0229 0.9997
vn -0.0025 0.0209 0.9998
vn 0.0037 -0.0268 0.9996
vn 0.0029 -0.0238 0.9997
vn -0.0021 -0.0201 0.9998
vn 0.0269 -0.0166 0.9995
vn -0.0165 -0.0206 0.9997
vn -0.0093 -0.0364 0.9993
vn 0.9352 -0.3542 -0.0000
vn 0.9085 -0.1543 -0.3883
vn 1.0000 -0.0000 -0.0000
vn 0.5052 -0.8630 -0.0000
vn -0.8299 -0.5579 -0.0000
vn -0.7097 0.7045 -0.0000
vn -0.1334 0.9911 -0.0000
vn 0.3009 0.7826 -0.5449
vn 0.7535 -0.6575 -0.0000
vn 0.9190 0.3943 -0.0000
vn -0.7349 -0.4920 -0.4668
vn 0.3515 -0.7632 -0.5423
vn -0.9771 0.2129 -0.0000
vn -0.9106 0.1416 -0.3882
vn 0.4226 0.9063 -0.0000
vn 0.1892 -0.7914 -0.5812
vn 0.6648 -0.7470 -0.0000
vn -0.3369 -0.9415 -0.0000
vn -0.0024 0.9508 -0.3098
vn -0.1458 -0.9893 -0.0000
vn 0.7556 -0.0766 -0.6506
vn -0.7192 0.6948 -0.0000
vn 0.4312 0.9023 -0.0000
vn -0.2009 0.8402 -0.5036
vn -0.2514 -0.8290 -0.4995
vn -0.9992 -0.0399 -0.0000
vn 0.9992 0.0399 -0.0000
vn 0.0135 -0.0565 -0.9983
vn 0.0010 -0.8644 -0.5029
vn 0.4085 0.8856 -0.2211
vn -0.2547 0.9670 -0.0000
vn 0.6349 -0.7726 -0.0000
vn -1.0000 -0.0011 -0.0000
vn -0.9854 0.1700 -0.0000
vn 0.9939 -0.1101 -0.0000
vn 0.0011 -1.0000 -0.0000
vn 0.7920 -0.6106 -0.0000
vn -0.2959 -0.8317 -0.4699
vn 0.1047 0.0001 -0.9945
vn 0.9946 0.0011 -0.1035
vn 0.7907 0.6123 -0.0000
vn -0.9047 0.1804 -0.3860
vn 0.7215 -0.6243 -0.2996
vn -0.0011 1.0000 -0.0000
vn -0.2152 0.9314 -0.2936
vn 0.8211 0.0453 -0.5690
vn 0.7282 -0.4108 -0.5487
vn -0.7026 -0.1648 -0.6922
vn 0.7778 0.0008 -0.6285
vn 0.1748 -0.6830 -0.7092
vn -0.3063 0.9206 -0.2422
vn -0.7103 0.7039 -0.0043
vn -0.0859 -0.7693 -0.6331
vn 0.7022 0.5437 -0.4596
vn -0.6067 0.5877 -0.5353
vn 0.7038 0.4291 -0.5661
vn -0.2729 0.8493 -0.4519
vn 0.6803 -0.7163 -0.1557
vn 0.8948 0.0187 -0.4460
vn -0.2382 -0.8512 -0.4676
vn -0.2411 -0.8615 -0.4469
vn 1.0000 0.0011 -0.0000
vn 0.5108 -0.7619 -0.3982
vn 0.7321 -0.5404 -0.4148
vn 0.5971 0.6701 -0.4410
vn -0.8868 0.4112 -0.2109
vn 0.7870 -0.5809 -0.2079
vn -0.1402 -0.9667 -0.2143
vn 0.6485 0.7278 -0.2233
vn -0.1472 -0.0955 -0.9845
vn 0.8659 -0.5002 -0.0000
vn 0.7653 0.5137 -0.3879
vn -0.8659 0.5002 -0.0000
vn 0.1065 -0.2202 -0.9696
vn 0.6905 -0.4980 -0.5246
vn 0.8389 0.5443 -0.0000
vn 0.0848 -0.2339 -0.9685
vn 0.4455 -0.8953 -0.0000
vn -0.4781 0.8783 -0.0000
vn -0.8830 0.1615 -0.4406
vn -0.8831 0.1615 -0.4406
vn 0.3366 0.8853 -0.3208
vn -0.8233 0.3817 -0.4200
vn -0.8942 0.4146 -0.1689
vn 0.7933 -0.5856 -0.1664
vn -0.1414 -0.9750 -0.1716
vn 0.6545 0.7346 -0.1789
vn -0.2760 0.8588 -0.4316
vn -0.8437 0.4131 -0.3429
vn -0.1596 -0.9788 -0.1284
vn 0.3526 0.9272 -0.1265
vn 0.9833 0.1270 -0.1305
vn -0.8898 0.4357 -0.1361
vn -0.1299 -0.8955 -0.4258
vn 0.7633 -0.5634 -0.3161
vn -0.9468 -0.2935 -0.1320
vn 0.9867 0.0978 -0.1300
vn 0.5519 -0.8231 -0.1341
vn -0.0068 0.9901 -0.1400
vn -0.1341 -0.9244 -0.3570
vn 0.6066 0.6808 -0.4106
vn -0.9069 0.4205 -0.0276
vn 0.8042 -0.5937 -0.0272
vn -0.1435 -0.9893 -0.0281
vn 0.6650 0.7463 -0.0293
vn -0.8593 0.3984 -0.3209
vn 0.7496 -0.5533 -0.3632
vn -0.9070 0.4205 -0.0236
vn 0.8043 -0.5937 -0.0233
vn -0.1435 -0.9894 -0.0240
vn 0.6651 0.7464 -0.0251
vn -0.1321 -0.9108 -0.3912
vn 0.6165 0.6919 -0.3756
vn -0.9072 0.4206 -0.0118
vn 0.8045 -0.5939 -0.0116
vn -0.1435 -0.9896 -0.0120
vn 0.6652 0.7466 -0.0125
vn -0.8271 0.3835 -0.4110
vn -0.1349 -0.9302 -0.3414
vn -0.9072 0.4206 -0.0033
vn 0.8045 -0.5939 -0.0033
vn -0.1435 -0.9896 -0.0034
vn 0.6653 0.7466 -0.0035
vn 0.6055 0.6795 -0.4142
vn -0.8352 0.3872 -0.3905
vn -0.9072 0.4206 -0.0064
vn 0.8045 -0.5939 -0.0063
vn -0.1435 -0.9896 -0.0065
vn 0.6652 0.7466 -0.0068
vn -0.1357 -0.9357 -0.3256
vn 0.6133 0.6883 -0.3874
vn -0.9066 0.4203 -0.0383
vn 0.8040 -0.5935 -0.0378
vn -0.1434 -0.9889 -0.0390
vn 0.6647 0.7460 -0.0407
vn -0.8476 0.3930 -0.3567
vn -0.1305 -0.8997 -0.4166
vn -0.9068 0.4204 -0.0298
vn 0.8042 -0.5936 -0.0293
vn -0.1435 -0.9892 -0.0303
vn 0.6649 0.7462 -0.0316
vn -0.8338 0.3866 -0.3940
vn -0.1318 -0.9088 -0.3959
vn -0.9071 0.4206 -0.0170
vn 0.8044 -0.5938 -0.0167
vn -0.1435 -0.9895 -0.0173
vn 0.6652 0.7465 -0.0181
vn -0.8436 0.3911 -0.3681
vn -0.1338 -0.9226 -0.3618
vn -0.9072 0.4206 -0.0114
vn 0.8045 -0.5939 -0.0112
vn -0.1435 -0.9896 -0.0116
vn 0.6652 0.7466 -0.0121
vn -0.1316 -0.9072 -0.3995
vn -0.1332 -0.9181 -0.3733
vn -0.9072 0.4206 -0.0075
vn 0.8045 -0.5939 -0.0074
vn -0.1435 -0.9896 -0.0076
vn 0.6652 0.7466 -0.0080
vn 0.6653 0.7466 -0.0000
vn 0.9998 0.0209 -0.0000
vn 0.9918 0.1281 -0.0000
vn 0.9951 0.0986 -0.0000
vn 0.8045 -0.5939 -0.0000
vn -0.8981 0.4398 -0.0000
vn -0.9552 -0.2960 -0.0000
vn -0.9072 0.4206 -0.0000
vn -0.1435 -0.9896 -0.0000
vn 0.3554 0.9347 -0.0000
vn -0.3060 0.9520 -0.0000
vn -0.1609 -0.9870 -0.0000
vn -0.2695 -0.9630 -0.0000
vn 0.5569 -0.8306 -0.0000
vn -0.0068 1.0000 -0.0000
vn -0.9837 0.1799 -0.0000
vn -0.0000 0.9589 0.2838
vn -0.0000 -0.9589 -0.2837
vn -1.0000 -0.0000 -0.0000
vn -0.0000 0.2838 -0.9589
vn -0.0000 -0.2838 0.9589
vn 0.7442 0.6047 0.2838
vn 0.6306 -0.7761 -0.0000
vn -0.7442 -0.6047 -0.2838
vn -0.6306 0.7761 -0.0000
vn 0.2202 0.1789 -0.9589
vn -0.2202 -0.1789 0.9589
vn 0.6699 -0.3591 0.6499
vn -0.5156 -0.8548 0.0590
vn -0.6699 0.3591 -0.6499
vn 0.5156 0.8548 -0.0590
vn 0.5343 -0.3746 -0.7578
vn -0.5343 0.3746 0.7578
vn -0.7803 -0.3910 0.4881
vn -0.4230 0.9048 0.0486
vn 0.7803 0.3910 -0.4881
vn 0.4230 -0.9048 -0.0486
vn -0.4606 -0.1686 -0.8714
vn 0.4606 0.1686 0.8714
vn 0.2471 -0.9030 0.3516
vn -0.9683 -0.2436 0.0549
vn -0.2471 0.9030 -0.3516
vn 0.9683 0.2436 -0.0549
vn 0.0361 -0.3540 -0.9345
vn -0.0361 0.3540 0.9345
vn 0.0826 -0.0477 0.9954
vn -0.0000 -0.0954 0.9954
vn -0.0826 -0.0477 0.9954
vn -0.0826 0.0477 0.9954
vn -0.0000 -0.0000 1.0000
vn -0.0000 0.0954 0.9954
vn 0.0826 0.0477 0.9954
vn -0.3826 0.2209 0.8971
vn -0.0000 0.4418 0.8971
vn 0.3826 0.2209 0.8971
vn 0.3826 -0.2209 0.8971
vn -0.0000 -0.4418 0.8971
vn -0.3826 -0.2209 0.8971
vn -0.0967 -0.9953 -0.0000
vn 0.3603 -0.7554 -0.5473
vn 0.4212 0.9070 -0.0000
vn -0.0763 -0.0404 -0.9963
vn 0.1133 0.9927 -0.0421
vn 0.9374 -0.0000 -0.3481
vn 0.1133 -0.9927 -0.0421
vn -0.3446 -0.0000 -0.9388
vn -0.8899 -0.0000 -0.4562
vn 0.1289 0.9905 -0.0479
vn 0.9374 -0.0000 -0.3482
vn 0.1289 -0.9905 -0.0479
vn -0.1755 -0.0000 -0.9845
vn 0.0601 0.9286 -0.3661
vn 0.1873 0.9798 -0.0695
vn 0.1873 -0.9798 -0.0695
vn -0.2423 -0.0000 -0.9702
vn 0.5739 -0.0000 -0.8189
vn -0.1796 0.9815 0.0667
vn 0.9375 -0.0000 -0.3481
vn 0.2793 -0.9546 -0.1037
vn -0.1636 -0.0000 -0.9865
vn -0.2383 0.8000 -0.5506
vn -0.1066 0.9935 0.0396
vn 0.8757 0.3344 -0.3482
vn 0.3835 -0.9125 -0.1424
vn -0.1334 -0.0509 -0.9897
vn 0.2943 -0.8203 -0.4904
vn -0.5213 0.8507 -0.0673
vn 0.6971 0.6268 -0.3482
vn 0.7907 -0.6084 -0.0672
vn -0.2477 -0.2227 -0.9429
vn -0.5876 0.6578 -0.4712
vn -0.5750 0.8086 -0.1244
vn -1.0000 0.0038 -0.0068
vn -0.5524 0.8239 -0.1265
vn 0.0509 0.3682 0.9284
vn 0.3042 -0.3106 -0.9006
vn -0.8372 -0.5416 0.0757
vn 0.4572 -0.8792 0.1342
vn 0.0578 0.0599 -0.9965
vn -0.2354 -0.0064 0.9719
vn 0.0452 -0.1452 -0.9884
vn 0.2315 0.5648 -0.7921
vn 0.6651 0.7465 -0.0181
vn -0.0000 0.9589 0.2837
vn -0.0000 -0.9589 -0.2838
vn 0.7442 0.6047 0.2837
vn -0.7931 0.3771 -0.4783
vn -0.0791 -0.1765 -0.9811
vn -0.0173 0.9297 -0.3680
vn 0.0601 -0.9286 -0.3661
vn 0.1873 0.9798 -0.0696
vn 0.1873 -0.9798 -0.0696
vn -0.9192 -0.0000 -0.3938
vn 0.1519 -0.7858 -0.5995
vn -0.1300 0.9878 -0.0858
vn 0.8758 0.3344 -0.3482
vn 0.4059 -0.9137 -0.0198
vn -0.1301 -0.0000 -0.9915
vn 0.3736 0.1427 -0.9166
vn 0.6971 0.6268 -0.3481
vn 0.7907 -0.6084 -0.0673
vn 0.5919 -0.6539 -0.4712
vn -0.3490 0.3099 0.8844
vn -0.0484 -0.3587 -0.9322
vn 0.1610 -0.0449 -0.9859
vn -0.0820 -0.1600 0.9837
vn 0.0044 -0.0364 0.9993
vn 0.0491 0.0065 0.9988
vn 0.0070 -0.0392 0.9992
vn 0.0316 -0.0013 0.9995
vn 0.0397 -0.0114 0.9991
vn 0.0500 0.0085 0.9987
vn 0.0352 0.0313 0.9989
vn 0.0485 0.0162 0.9987
vn 0.0337 0.0176 0.9993
vn 0.0037 -0.0029 1.0000
vn 0.0029 0.0180 0.9998
vn -0.0021 0.0376 0.9993
vn 0.0269 -0.0099 0.9996
vn -0.0165 -0.0208 0.9996
vn -0.0093 -0.0120 0.9999
vn -0.0056 0.0255 0.9997
vn 0.0198 0.0208 0.9996
vn 0.0141 -0.0219 0.9997
vn -0.0144 -0.0028 0.9999
vn -0.0192 -0.0229 0.9996
vn -0.0035 0.0087 1.0000
vn 0.0064 -0.0073 1.0000
vn 0.0141 -0.0003 0.9999
vn -0.0217 -0.0155 0.9996
vn 0.0074 -0.0694 0.9976
vn -0.0352 0.0254 0.9991
vn 0.0186 0.0097 0.9998
vn -0.0030 0.0109 0.9999
vn 0.0200 -0.0128 0.9997
vn -0.0321 -0.0128 0.9994
vn -0.0447 0.0473 0.9979
vn 0.0571 0.0473 0.9972
vn -0.0073 0.0085 0.9999
vn -0.0177 -0.0047 0.9998
vn 0.0199 -0.0003 0.9998
vn -0.0339 0.0163 0.9993
vn 0.0107 0.0363 0.9993
vn -0.0252 0.0316 0.9992
vn 0.0403 0.0375 0.9985
vn -0.0139 -0.0301 0.9994
vn 0.0296 0.0049 0.9996
vn -0.0111 -0.0228 0.9997
vn 0.0006 -0.0059 1.0000
vn -0.0063 -0.0432 0.9990
vn -0.0018 -0.0347 0.9994
vn 0.0082 0.0356 0.9993
vn 0.0024 -0.0191 0.9998
vn 0.0047 0.0166 0.9999
vn -0.0311 0.0089 0.9995
vn 0.0019 0.0138 0.9999
vn 0.0371 0.0248 0.9990
vn -0.0227 0.0392 0.9990
vn 0.0303 0.0257 0.9992
vn -0.0049 -0.0037 1.0000
vn -0.0228 0.0247 0.9994
vn 0.0164 0.0175 0.9997
vn -0.0187 0.0350 0.9992
vn -0.0290 -0.0551 0.9981
vn -0.0013 -0.0255 0.9997
vn -0.0057 -0.0218 0.9997
vn 0.0178 -0.0221 0.9996
vn -0.0143 -0.0189 0.9997
vn 0.0151 -0.0151 0.9998
vn -0.0457 -0.2202 0.9744
vn 0.6033 0.3070 0.7360
vn 0.1201 0.2253 0.9669
vn 0.0173 -0.2415 0.9702
vn -0.2211 0.2902 0.9311
vn 0.5770 0.2144 0.7881
vn 0.0531 0.2392 0.9695
vn 0.0313 -0.2424 0.9697
vn 0.5554 -0.0026 0.8316
vn 0.0194 0.2372 0.9713
vn 0.1375 -0.2204 0.9657
vn 0.1005 -0.2357 0.9666
vn 0.5759 -0.2047 0.7915
vn -0.0747 0.2049 0.9759
vn 0.4184 0.0083 0.9082
vn 0.6103 -0.3283 0.7210
vn -0.0718 0.2067 0.9758
vn 0.4160 0.0109 0.9093
vn -0.0775 -0.1975 0.9772
vn 0.4171 -0.0090 0.9088
vn -0.0683 -0.2059 0.9762
vn 0.4314 0.0060 0.9022
vn 0.1118 0.2287 0.9671
vn -0.0742 0.2045 0.9760
vn 0.6102 -0.3283 0.7210
vn -0.2304 -0.2870 0.9298
vn 0.0042 0.9745 0.2244
vn 0.4756 0.3354 0.8132
vn 0.8188 0.4727 0.3259
vn 0.8335 -0.4947 0.2462
vn 0.8443 -0.4843 0.2294
vn 0.0167 -0.9850 0.1717
vn -0.4043 -0.2134 0.8894
vn -0.8588 -0.4959 0.1285
vn 0.0443 0.9545 0.2948
vn -0.0158 0.1460 0.9892
vn -0.8555 0.4980 0.1419
vn -0.3294 0.2829 0.9008
vn 0.1055 0.3877 0.9157
vn 0.1652 0.1495 0.9749
vn 0.0002 -0.0047 1.0000
vn -0.0113 0.0375 0.9992
vn 0.0031 0.0104 0.9999
vn -0.1431 -0.2347 0.9615
vn -0.0200 -0.0436 0.9988
vn 0.0004 0.0109 0.9999
vn -0.0074 0.0378 0.9993
vn 0.0007 0.0062 1.0000
vn 0.0034 -0.0307 0.9995
vn -0.1824 0.3972 0.8994
vn 0.0009 0.0045 1.0000
vn -0.0013 0.0045 1.0000
vn -0.0000 0.0045 1.0000
vn 0.1583 0.2939 0.9427
vn -0.0000 0.2393 0.9709
vn -0.0053 -0.0301 0.9995
vn -0.0000 -0.0238 0.9997
vn -0.0011 0.0062 1.0000
vn -0.0000 0.0062 1.0000
vn 0.0104 0.0356 0.9993
vn -0.0000 0.0282 0.9996
vn -0.0006 0.0109 0.9999
vn -0.0000 0.0087 1.0000
vn 0.0235 -0.0436 0.9988
vn -0.0000 -0.0436 0.9990
vn 0.1431 -0.2347 0.9615
vn -0.0000 -0.2371 0.9715
vn -0.0043 0.0104 0.9999
vn -0.0000 0.0104 0.9999
vn 0.0135 0.0330 0.9994
vn -0.0000 0.0261 0.9997
vn -0.0003 -0.0047 1.0000
vn -0.0000 -0.0037 1.0000
vn -0.2513 0.4311 0.8666
vn -0.2785 0.0075 0.9604
vn -0.2784 0.0191 0.9603
vn -0.2516 -0.4289 0.8676
vn -0.2749 -0.1607 0.9480
vn -0.2782 -0.0426 0.9596
vn -0.2785 -0.0045 0.9604
vn -0.2757 0.1401 0.9510
vn -0.2778 -0.0686 0.9582
vn -0.2785 0.0105 0.9604
vn -0.2766 0.1149 0.9541
vn 0.1161 0.1922 0.9745
vn 0.1169 0.1946 0.9739
vn 0.1165 0.1935 0.9742
vn 0.0990 0.1395 0.9853
vn 0.0975 0.1385 0.9856
vn 0.0984 0.1391 0.9854
vn 0.2161 0.1371 0.9667
vn 0.2163 0.1371 0.9667
vn 0.2162 0.1371 0.9667
vn -0.0049 0.0228 0.9997
vn 0.0845 -0.0329 0.9959
vn 0.0855 -0.0356 0.9957
vn 0.0848 -0.0336 0.9958
vn 0.4669 0.0729 0.8813
vn 0.2153 -0.2199 0.9515
vn 0.0474 -0.0629 0.9969
vn 0.0174 -0.0227 0.9996
vn 0.0079 0.1325 0.9911
vn 0.1509 0.0252 0.9882
vn 0.0286 0.0221 0.9993
vn 0.1175 0.1905 0.9746
vn 0.1187 0.1946 0.9737
vn 0.1195 0.1968 0.9731
vn -0.0392 0.3464 0.9373
vn -0.0368 0.3479 0.9368
vn -0.0343 0.3494 0.9364
vn 0.2428 -0.0952 0.9654
vn 0.2431 -0.0952 0.9653
vn 0.2432 -0.0952 0.9653
vn -0.0395 -0.2442 0.9689
vn 0.0957 -0.0392 0.9946
vn 0.0958 -0.0395 0.9946
vn 0.0958 -0.0396 0.9946
vn 0.3041 -0.2677 0.9143
vn -0.0450 -0.2246 0.9734
vn 0.0301 -0.1309 0.9909
vn 0.0052 -0.0242 0.9997
vn 0.3198 -0.0191 0.9473
vn 0.0027 0.2297 0.9733
vn 0.1038 0.0007 0.9946
vn -0.9417 -0.0311 -0.3350
vn 0.5546 -0.4773 -0.6816
vn -0.1357 -0.9358 -0.3252
vn -0.8784 -0.2723 -0.3927
vn -0.8594 0.3984 -0.3205
vn 0.9362 0.1210 -0.3300
vn -0.0062 0.9108 -0.4129
vn -0.8925 0.1632 -0.4205
vn 0.9046 0.0189 -0.4258
vn 0.6261 0.7027 -0.3380
vn -0.1522 -0.9333 -0.3252
vn 0.9173 0.0909 -0.3877
vn 0.8484 -0.1603 -0.5044
vn 0.3945 0.8772 -0.2736
vn -0.8058 0.1192 -0.5800
vn -0.0011 0.9724 -0.2335
vn 0.9995 0.0065 0.0313
vn -0.2504 -0.8399 -0.4815
vn 0.0023 -0.8975 -0.4410
vn 0.3498 0.8139 -0.4639
vn -0.3037 -0.9466 -0.1079
vn 0.6707 -0.5834 -0.4581
vn 0.9736 0.0485 -0.2230
vn -0.7499 -0.1600 -0.6419
vn 0.8188 0.0182 -0.5738
vn 0.3670 -0.7919 -0.4881
vn -0.3302 0.8248 -0.4589
vn -0.7176 0.6885 -0.1049
vn -0.0656 -0.9141 -0.4002
vn 0.7022 0.5437 -0.4597
vn -0.6434 0.6326 -0.4312
vn 0.6718 -0.6785 -0.2972
vn 0.0400 -0.9669 0.2521
vn 0.2532 0.2396 0.9373
vn 0.5737 -0.2670 0.7743
vn 0.3841 -0.1913 0.9033
vn 0.1551 -0.3514 0.9233
vn 0.3966 -0.0808 0.9144
vn 0.0004 -0.0037 1.0000
vn -0.0120 0.0261 0.9996
vn 0.0027 0.0139 0.9999
vn -0.1810 -0.3941 0.9011
vn -0.0188 -0.0625 0.9979
vn -0.0003 0.0087 1.0000
vn -0.0085 0.0282 0.9996
vn 0.0003 0.0078 1.0000
vn 0.0047 -0.0238 0.9997
vn -0.1444 0.2368 0.9608
vn 0.0006 0.0058 1.0000
vn -0.0010 0.0057 1.0000
vn 0.1444 0.2368 0.9608
vn -0.0070 -0.0238 0.9997
vn -0.0005 0.0078 1.0000
vn 0.0115 0.0282 0.9995
vn 0.0005 0.0087 1.0000
vn 0.0226 -0.0551 0.9982
vn 0.1569 -0.2913 0.9437
vn -0.0038 0.0131 0.9999
vn 0.0141 0.0261 0.9996
vn -0.0007 -0.0037 1.0000
vn -0.9647 -0.0327 -0.2615
vn 0.6303 -0.4907 -0.6016
vn 0.1537 0.0959 0.9835
vn 0.1862 0.0792 0.9793
vn 0.0128 0.0288 0.9995
vn 0.0371 0.0323 0.9988
vn 0.0198 0.0124 0.9997
vn 0.0370 -0.0028 0.9993
vn -0.0913 -0.7282 -0.6793
vn -0.2265 0.3615 -0.9044
vn 0.7412 -0.5471 -0.3890
vn -0.8543 0.3961 -0.3365
vn 0.6001 0.6735 -0.4317
vn -0.1202 -0.8286 -0.5467
vn 0.7531 -0.5559 -0.3520
vn -0.8370 0.3881 -0.3857
vn 0.6260 0.7026 -0.3384
vn 0.7424 -0.5480 -0.3855
vn -0.8492 0.3937 -0.3519
vn 0.6220 0.6981 -0.3546
vn 0.7353 -0.5428 -0.4058
vn -0.7633 0.3539 -0.5404
vn 0.6081 0.6824 -0.4057
vn 0.7632 -0.5634 -0.3165
vn 0.6179 0.6934 -0.3707
vn 0.7589 -0.5602 -0.3320
vn 0.5496 0.6168 -0.5634
vn 0.7439 -0.5492 -0.3808
vn 0.7545 -0.5569 -0.3473
vn 0.6799 -0.5019 -0.5346
vn 0.0774 0.8758 0.4765
vn -0.0972 0.0605 0.9934
vn -0.0002 -0.8294 0.5587
vn -0.7296 0.4075 0.5492
vn -0.0000 -0.5222 0.8528
vn 0.5178 -0.2668 0.8128
vn 0.5471 0.3091 0.7779
vn 0.0061 0.5760 0.8174
vn -0.4884 0.2820 0.8258
vn -0.5072 -0.2751 0.8168
vn -0.8442 0.4694 0.2588
vn -0.8365 -0.4830 0.2588
vn -0.8364 -0.4832 0.2588
vn 0.0002 0.9659 0.2588
vn 0.8365 0.4830 0.2588
vn -0.0000 0.9659 0.2588
vn 0.8365 -0.4830 0.2588
vn -0.0000 -0.9659 0.2588
vn -0.8365 0.4829 0.2588
vn -0.0067 -0.9659 0.2588
vn 0.8410 0.4752 0.2588
vn 0.8441 -0.4916 0.2140
vn 0.8327 0.4978 0.2426
vn 0.8567 0.4943 0.1472
vn 0.8323 -0.4925 0.2544
vn 0.8485 0.4731 0.2371
vn 0.8604 0.4486 0.2418
vn 0.8587 -0.4467 0.2513
vn 0.8599 0.4529 0.2356
vn 0.8551 0.4403 0.2736
vn 0.8361 -0.4554 0.3058
vn 0.8097 0.4778 0.3408
vn 0.0359 -0.9673 0.2512
vn -0.0244 -0.9656 0.2587
vn -0.8389 -0.4789 0.2588
vn 0.0211 -0.9649 0.2617
vn -0.8340 -0.4874 0.2588
vn 0.0190 -0.9666 0.2557
vn 0.0020 -0.9659 0.2588
vn 0.0053 -0.9659 0.2588
vn 0.0425 -0.9645 0.2607
vn 0.0168 -0.9665 0.2561
vn -0.0117 -0.9659 0.2588
vn -0.8297 -0.4946 0.2588
vn 0.0194 -0.9627 0.2697
vn 0.0101 -0.9659 0.2588
vn -0.8365 0.4830 0.2588
vn -0.0148 0.9658 0.2588
vn -0.8282 0.4971 0.2588
vn -0.8426 0.4723 0.2588
vn 0.0249 0.9648 0.2618
vn -0.8312 0.4920 0.2588
vn -0.0064 0.9659 0.2588
vn -0.8446 0.4686 0.2588
vn -0.8400 0.4768 0.2588
vn -0.8281 0.4973 0.2588
vn 0.0396 0.9645 0.2612
vn -0.8337 0.4878 0.2588
vn -0.8385 0.4795 0.2588
vn 0.0108 0.9669 0.2550
vn -0.8515 0.4561 0.2587
vn 0.0167 0.9658 0.2588
vn -0.8272 0.4988 0.2588
vn -0.8229 0.5059 0.2587
vn 0.8587 -0.4509 0.2436
vn 0.8468 -0.4668 0.2550
vn 0.8045 -0.4641 0.3707
vn -0.0028 0.9721 0.2345
vn 0.0374 0.9653 0.2586
vn 0.0275 0.9668 0.2542
vn 0.0006 0.9659 0.2588
vn -0.0179 0.9658 0.2588
vn 0.0094 0.9629 0.2696
vn -0.8662 -0.4278 0.2583
vn -0.8097 -0.5269 0.2585
vn -0.8311 -0.4922 0.2588
vn -0.8402 -0.4766 0.2588
vn -0.8459 -0.4663 0.2588
vn -0.8367 -0.4827 0.2588
vn -0.0008 0.1032 0.9947
vn 0.8541 0.4901 0.1742
vn -0.0002 0.9948 0.1021
vn 0.0451 -0.0259 0.9986
vn 0.0306 0.0515 0.9982
vn 0.0230 -0.0519 0.9984
vn 0.8542 -0.4940 0.1625
vn -0.8569 0.4888 0.1635
vn -0.0203 0.0722 0.9972
vn -0.8466 -0.4893 0.2092
vn -0.0110 -0.0052 0.9999
vn -0.0025 -0.9882 0.1534
vn 0.4042 0.2015 -0.8922
vn 0.0012 0.4075 -0.9132
vn -0.4124 0.1822 -0.8926
vn 0.3900 -0.2242 -0.8931
vn -0.4161 -0.2407 -0.8769
vn -0.0207 -0.4487 -0.8934
vn -0.7566 0.4454 0.4787
vn 0.0234 0.8806 0.4734
vn 0.0335 0.9948 -0.0961
vn -0.7631 -0.4456 0.4681
vn -0.8547 0.5140 -0.0727
vn -0.8514 -0.5049 -0.1417
vn 0.0443 -0.9988 0.0194
vn -0.0583 0.7902 0.6100
vn 0.0200 -0.8808 0.4730
vn -0.3006 -0.8803 -0.3670
vn -0.0066 0.7982 -0.6024
vn -0.6461 0.4330 -0.6285
vn -0.0172 -0.8080 -0.5890
vn -0.6307 -0.3964 -0.6672
vn 0.0945 0.6836 0.7237
vn 0.0758 0.9407 0.3307
vn 0.0190 0.7986 0.6016
vn 0.0274 -0.8129 0.5818
vn -0.0074 -0.9711 0.2387
vn 0.0235 -0.9635 -0.2667
vn -0.6957 0.4084 0.5909
vn -0.8488 0.4873 0.2051
vn -0.8297 -0.4774 0.2894
vn -0.6795 -0.3956 0.6178
vn -0.0114 -0.9943 -0.1057
vn -0.8629 -0.4990 -0.0802
vn -0.0426 0.9988 0.0236
vn -0.8595 0.4977 -0.1162
vn 0.0249 0.8190 0.5733
vn 0.0292 0.9955 -0.0897
vn -0.8620 0.5036 0.0578
vn -0.7118 -0.4193 0.5635
vn -0.6960 0.4009 0.5957
vn -0.8678 -0.4907 -0.0779
vn 0.0623 -0.9953 0.0740
vn -0.0705 0.8657 0.4955
vn 0.0197 -0.8177 0.5754
vn -0.1956 -0.8769 -0.4390
vn -0.6797 -0.3818 -0.6263
vn -0.0297 -0.8212 -0.5699
vn -0.0378 0.8091 -0.5865
vn -0.7020 0.4402 -0.5598
vn 0.0283 -0.4221 0.9061
vn -0.2629 -0.1408 0.9545
vn -0.7995 -0.4596 0.3868
vn 0.0773 0.6356 0.7682
vn 0.1106 0.8920 0.4382
vn 0.0385 0.3405 0.9395
vn -0.0202 -0.9991 0.0376
vn -0.0235 -0.9271 -0.3742
vn -0.3679 0.2386 0.8987
vn -0.8645 0.4952 0.0859
vn -0.0651 0.9091 -0.4114
vn -0.6321 0.3537 -0.6894
vn -0.7658 -0.4516 -0.4579
vn 0.0146 -0.7234 -0.6903
vn -0.7410 0.4334 0.5130
vn 0.0193 0.8591 0.5114
vn 0.0463 0.9984 0.0317
vn -0.8687 0.4914 0.0620
vn -0.8503 -0.5167 0.0998
vn -0.7353 -0.4179 0.5336
vn 0.0441 -0.9771 0.2082
vn -0.1127 0.9252 0.3625
vn 0.0101 -0.8323 0.5543
vn -0.1864 -0.9820 0.0291
vn 0.0110 0.9457 -0.3250
vn -0.8165 0.4647 -0.3427
vn -0.8027 -0.5025 -0.3211
vn -0.0481 -0.9554 -0.2914
vn -0.0002 0.0413 0.9991
vn 0.0014 -0.5587 0.8293
vn 0.4781 -0.2862 0.8304
vn 0.0356 -0.0208 0.9991
vn 0.0037 -0.0417 0.9991
vn -0.0088 0.5572 0.8304
vn 0.0355 0.0205 0.9992
vn -0.4829 -0.2788 0.8301
vn 0.1550 0.0895 0.9839
vn -0.0343 0.0240 0.9991
vn -0.4832 0.2806 0.8293
vn 0.5700 0.3291 0.7529
vn 0.8261 0.4770 -0.3000
vn -0.0210 0.9828 -0.1832
vn -0.8512 -0.4914 -0.1844
vn -0.0015 -0.9828 -0.1846
vn 0.8407 -0.5096 -0.1832
vn -0.8519 0.4901 -0.1846
vn -0.4313 0.2516 -0.8664
vn -0.4306 -0.2486 -0.8676
vn 0.0022 -0.4993 -0.8664
vn 0.2730 0.1576 -0.9490
vn -0.0197 0.5033 -0.8639
vn 0.4260 -0.2687 -0.8639
vn 0.3515 -0.0000 0.9362
vn 0.3697 -0.0000 -0.9291
vn -0.0173 -0.9297 -0.3680
vn 0.1859 -0.0000 0.9826
vn -0.8069 -0.0000 -0.5907
vn 0.5355 -0.0000 -0.8446
vn 0.2738 -0.0000 0.9618
vn 0.1283 -0.9571 -0.2598
vn 0.1283 0.9571 -0.2598
vn 0.1501 -0.0000 0.9887
vn -0.6203 -0.0000 -0.7843
vn 0.3595 -0.0000 -0.9331
vn 0.1256 0.0480 0.9909
vn 0.1571 -0.0000 0.9876
vn -0.1775 0.8596 -0.4791
vn -0.6610 -0.0000 -0.7504
vn 0.2699 0.2427 0.9318
vn -0.5663 -0.5092 -0.6481
vn 0.0912 0.0820 -0.9925
vn 0.7212 0.4724 -0.5066
vn 0.7591 -0.5148 -0.3984
vn 0.7496 -0.5533 -0.3633
vn -0.8339 0.3866 -0.3940
vn -0.8435 0.3911 -0.3681
vn 0.3436 -0.7231 -0.5993
vn -0.8899 -0.0000 -0.4561
vn -0.2383 0.8000 -0.5507
vn 0.2647 0.6357 -0.7251
vn -0.5216 0.1426 -0.8412
vn -0.1005 -0.8475 -0.5212
vn -0.3856 0.6781 -0.6257
vn 0.6220 0.6981 -0.3547
vn 0.7589 -0.5602 -0.3319
vn -0.8070 -0.0000 -0.5906
vn 0.5355 -0.0000 -0.8445
vn -0.1775 0.8596 -0.4792
vn -0.6141 0.6791 -0.4021
vn 0.4244 0.6548 -0.6254
vn 0.8268 -0.3845 -0.4105
vn -0.5439 -0.8392 -0.0000
vn 0.1871 0.2888 -0.9389
vn -0.3597 -0.5550 -0.7501
vn 0.0666 0.1027 0.9925
vn 0.3597 0.5550 -0.7501
vn 0.5514 -0.3616 -0.7518
vn -0.4914 0.3912 -0.7782
vn 0.4483 -0.8938 -0.0093
vn 0.4901 -0.8681 -0.0787
vn 0.4520 -0.8920 -0.0098
vn -0.8401 0.5425 -0.0000
vn 0.8999 0.3649 -0.2389
vn 0.8393 0.5436 -0.0132
vn 0.8427 0.5382 -0.0122
vn 0.8400 -0.5425 -0.0000
vn 0.4085 0.9033 -0.1311
vn 0.5555 -0.3588 -0.7501
vn 0.1500 -0.0969 0.9839
vn -0.8389 0.5417 -0.0531
vn -0.4635 0.8857 -0.0271
vn -0.8532 -0.5197 -0.0450
vn 0.5597 0.7396 -0.3737
vn 0.7430 -0.2057 -0.6369
vn -0.3622 -0.8447 -0.3941
vn -0.7903 0.2188 -0.5723
vn -0.4916 0.1361 -0.8601
vn -0.7446 0.2061 -0.6348
vn 0.4992 -0.1382 0.8554
vn 0.6978 -0.1931 -0.6898
vn -0.0066 -0.5651 -0.8250
vn 0.0165 0.5607 -0.8278
vn -0.9362 0.2591 -0.2376
vn -0.2249 -0.9653 -0.1325
vn 0.9331 -0.2583 -0.2504
vn 0.5170 0.8464 -0.1278
vn 0.4564 -0.8895 0.0195
vn -0.7775 -0.6270 -0.0482
vn 0.1133 -0.9921 -0.0545
vn 0.4240 0.4148 -0.8051
vn -0.1347 0.9907 -0.0203
vn 0.7623 0.6448 -0.0560
vn 0.3768 -0.2433 0.8938
vn 0.1623 -0.1048 0.9812
vn 0.3300 -0.2132 0.9196
vn -0.0996 -0.9864 -0.1309
vn 0.5189 0.8452 -0.1278
vn 0.4062 0.9043 -0.1314
vn -0.4191 0.9050 -0.0735
vn -0.4621 0.8868 -0.0085
vn -0.4584 0.8887 -0.0089
vn 0.8269 0.5335 -0.1777
vn 0.7641 0.6448 -0.0185
vn 0.7690 0.6390 -0.0178
vn -0.0307 0.9838 -0.1767
vn -0.1415 0.9898 -0.0132
vn -0.1312 0.9913 -0.0144
vn -0.8543 -0.5195 -0.0125
vn -0.7254 -0.6489 -0.2297
vn -0.8510 -0.5250 -0.0116
vn 0.1180 -0.9929 -0.0152
vn 0.2297 -0.9543 -0.1914
vn 0.1283 -0.9916 -0.0162
vn -0.7786 -0.6272 -0.0179
vn -0.6833 -0.7091 -0.1740
vn -0.7738 -0.6332 -0.0173
vn -0.0973 -0.9866 -0.1310
vn -0.2273 -0.9647 -0.1328
vn 0.5590 0.5742 -0.5982
vn 0.3109 0.4992 -0.8088
vn 0.0682 0.6312 -0.7726
vn -0.4777 -0.5823 -0.6578
vn -0.2985 -0.4913 -0.8183
vn -0.0221 -0.6581 -0.7527
vn -0.3254 0.0901 0.9413
vn -0.0348 0.0096 0.9993
vn 0.2623 -0.0726 0.9623
vn 0.3882 -0.1075 -0.9153
vn 0.4017 -0.1112 -0.9090
vn -0.5028 0.1392 -0.8531
vn 0.0045 -0.9229 -0.3850
vn -0.0161 -0.9458 -0.3242
vn -0.3367 -0.8810 -0.3324
vn 0.2261 0.8895 -0.3971
vn 0.2690 0.9035 -0.3337
vn 0.5571 0.7684 -0.3148
vn -0.1445 -0.9895 0.0086
vn -0.1535 -0.9881 0.0086
vn 0.4846 0.8747 0.0084
vn 0.4769 0.8789 0.0084
vn -0.1533 -0.9881 0.0086
vn 0.4771 0.8788 0.0084
vn 0.9636 -0.2667 0.0187
vn -0.1446 -0.9894 0.0086
vn -0.9636 0.2667 0.0187
vn 0.4845 0.8748 0.0084
vn -0.7090 0.3287 -0.6240
vn -0.9072 0.4206 -0.0042
vn 0.8045 -0.5939 -0.0042
vn -0.1435 -0.9896 -0.0043
vn 0.6653 0.7466 -0.0045
vn -0.1114 -0.7684 -0.6302
vn 0.6652 0.7466 -0.0045
vn 0.5075 0.5695 -0.6466
vn 0.6324 -0.4668 -0.6182
vn -0.6545 -0.4270 -0.6240
vn -0.8375 -0.5464 -0.0040
vn 0.9300 0.3675 -0.0039
vn 0.7632 -0.6462 -0.0040
vn -0.2806 0.9598 -0.0042
vn 0.5925 -0.5017 -0.6303
vn -0.2140 0.7322 -0.6466
vn 0.7310 0.2889 -0.6182
vn -0.6544 -0.4270 -0.6240
vn 0.5925 -0.5017 -0.6302
vn -0.2140 0.7321 -0.6466
vn 0.0938 -0.7758 -0.6240
vn 0.1200 -0.9928 -0.0036
vn 0.0814 0.9967 -0.0036
vn 0.9170 0.3990 -0.0037
vn -0.9850 0.1725 -0.0039
vn 0.7119 0.3098 -0.6302
vn -0.7513 0.1316 -0.6466
vn 0.0640 0.7834 -0.6182
vn -0.7514 0.1316 -0.6466
vn 0.6444 -0.4338 -0.6297
vn 0.8282 -0.5604 -0.0033
vn -0.8100 0.5864 0.0003
vn 0.2876 0.9578 -0.0034
vn -0.7678 -0.6406 -0.0035
vn 0.2232 0.7436 -0.6302
vn 0.8286 -0.5599 -0.0034
vn -0.7084 0.7058 -0.0033
vn 0.2875 0.9578 -0.0034
vn -0.9148 0.4028 -0.0298
vn -0.5857 -0.4887 -0.6467
vn -0.6640 0.4807 -0.5728
vn 0.6518 -0.4404 -0.6174
vn 0.2232 0.7436 -0.6303
vn -0.5857 -0.4887 -0.6466
vn -0.5988 0.4473 -0.6643
vn -0.9106 0.0956 -0.4021
vn -0.1212 0.7708 -0.6254
vn 0.8723 0.2657 -0.4105
vn 0.1553 -0.9879 -0.0000
vn -0.0534 0.3399 -0.9389
vn 0.1027 -0.6533 -0.7501
vn -0.0190 0.1209 0.9925
vn -0.1027 0.6533 -0.7501
vn 0.6519 0.0989 -0.7518
vn -0.6270 -0.0368 -0.7782
vn -0.4465 0.3365 -0.8291
vn 0.4916 -0.3386 -0.8023
vn 0.5547 -0.3630 -0.7487
vn -0.5458 0.4549 -0.7037
vn 0.4835 -0.8752 -0.0112
vn 0.4548 -0.8906 0.0102
vn 0.4537 -0.8911 0.0100
vn 0.8434 0.5370 0.0185
vn 0.8445 0.5351 0.0210
vn 0.8997 0.4349 -0.0369
vn 0.5554 -0.3587 -0.7502
vn -0.8389 0.5417 -0.0532
vn -0.4714 0.8790 -0.0721
vn -0.8136 -0.4269 -0.3947
vn 0.4754 0.7958 -0.3750
vn -0.2568 -0.8858 -0.3864
vn 0.1105 -0.7870 -0.6070
vn -0.0229 0.7530 -0.6576
vn -0.9362 0.2591 -0.2375
vn 0.5165 0.8467 -0.1278
vn 0.4478 -0.8938 -0.0228
vn -0.7771 -0.6280 -0.0416
vn 0.1001 -0.9898 -0.1011
vn 0.8299 0.5493 -0.0981
vn -0.1356 0.9905 -0.0238
vn 0.7636 0.6440 -0.0468
vn 0.3767 -0.2433 0.8938
vn 0.3301 -0.2132 0.9196
vn -0.1002 -0.9863 -0.1309
vn 0.5184 0.8455 -0.1279
vn -0.4566 0.8896 0.0091
vn -0.4560 0.8899 0.0094
vn -0.4322 0.9018 -0.0060
vn 0.7706 0.6371 0.0164
vn 0.7716 0.6359 0.0179
vn 0.8177 0.5752 -0.0237
vn -0.1278 0.9917 0.0110
vn -0.1263 0.9919 0.0117
vn -0.0615 0.9976 -0.0309
vn -0.7944 -0.6069 -0.0235
vn -0.8492 -0.5277 0.0199
vn -0.8496 -0.5271 0.0174
vn 0.2144 -0.9756 -0.0481
vn 0.1339 -0.9909 0.0131
vn 0.1312 -0.9913 0.0125
vn -0.7251 -0.6884 -0.0187
vn -0.7714 -0.6361 0.0174
vn -0.7721 -0.6353 0.0159
vn -0.0979 -0.9865 -0.1311
vn -0.2273 -0.9647 -0.1329
vn 0.3401 0.4630 -0.8185
vn 0.3868 0.5530 -0.7379
vn 0.0624 0.5729 -0.8173
vn -0.3313 -0.4538 -0.8272
vn -0.3325 -0.5462 -0.7689
vn -0.0495 -0.5781 -0.8145
vn -0.1024 -0.9182 -0.3827
vn -0.1040 -0.9289 -0.3555
vn -0.2527 -0.8984 -0.3593
vn 0.3358 0.8598 -0.3847
vn 0.3466 0.8673 -0.3574
vn 0.4804 0.8050 -0.3482
vn -0.1530 -0.9882 0.0086
vn 0.4774 0.8786 0.0084
vn -0.1528 -0.9882 0.0086
vn 0.4775 0.8786 0.0085
vn -0.5571 -0.0476 -0.8291
vn -0.1212 0.7709 -0.6254
vn 0.5920 0.0761 -0.8023
vn 0.6554 0.1001 -0.7487
vn -0.7100 -0.0257 -0.7037
vt 0.612815 0.118435
vt 0.598924 0.130211
vt 0.597673 0.118434
vt 0.612811 0.035995
vt 0.598921 0.024221
vt 0.613883 0.024218
vt 0.601251 0.047774
vt 0.597671 0.035998
vt 0.615883 0.047774
vt 0.607375 0.059551
vt 0.621133 0.059549
vt 0.611445 0.071327
vt 0.624622 0.071328
vt 0.611443 0.083102
vt 0.621129 0.094883
vt 0.624620 0.083106
vt 0.615882 0.106658
vt 0.607373 0.094880
vt 0.601249 0.106656
vt 0.703673 0.118436
vt 0.689042 0.106660
vt 0.703673 0.106658
vt 0.688530 0.118437
vt 0.674408 0.106657
vt 0.673388 0.118437
vt 0.659777 0.106658
vt 0.658246 0.118439
vt 0.645146 0.106664
vt 0.643101 0.118441
vt 0.630512 0.106659
vt 0.627958 0.118438
vt 0.689916 0.094879
vt 0.703673 0.094881
vt 0.676158 0.094878
vt 0.662399 0.094878
vt 0.648641 0.094886
vt 0.634883 0.094886
vt 0.690499 0.083101
vt 0.703675 0.083103
vt 0.677322 0.083102
vt 0.664142 0.083098
vt 0.650976 0.083104
vt 0.637796 0.083108
vt 0.703678 0.071327
vt 0.690499 0.071324
vt 0.677320 0.071325
vt 0.664140 0.071327
vt 0.650968 0.071328
vt 0.637800 0.071327
vt 0.694229 0.157249
vt 0.609801 0.251707
vt 0.609713 0.157175
vt 0.703679 0.059549
vt 0.689919 0.059547
vt 0.676156 0.059546
vt 0.662399 0.059545
vt 0.648644 0.059546
vt 0.634889 0.059550
vt 0.703675 0.047768
vt 0.689043 0.047767
vt 0.674408 0.047766
vt 0.659774 0.047767
vt 0.645139 0.047766
vt 0.630517 0.047770
vt 0.703671 0.035986
vt 0.688528 0.035991
vt 0.673384 0.035986
vt 0.658241 0.035987
vt 0.643095 0.035992
vt 0.627953 0.035993
vt 0.688711 0.024211
vt 0.703672 0.024211
vt 0.673748 0.024208
vt 0.658776 0.024202
vt 0.643809 0.024214
vt 0.628846 0.024216
vt 0.688709 0.130215
vt 0.673746 0.130216
vt 0.658782 0.130216
vt 0.643817 0.130218
vt 0.628851 0.130216
vt 0.613887 0.130214
vt 0.249119 0.835863
vt 0.278901 0.851068
vt 0.249575 0.844227
vt 0.457710 0.948299
vt 0.462248 0.959018
vt 0.457478 0.948329
vt 0.235054 0.843899
vt 0.241790 0.846781
vt 0.295070 0.837395
vt 0.291402 0.880050
vt 0.313634 0.881699
vt 0.281355 0.901501
vt 0.262589 0.874915
vt 0.250392 0.878775
vt 0.266678 0.889044
vt 0.248150 0.888146
vt 0.452714 0.923661
vt 0.448538 0.922528
vt 0.452671 0.923305
vt 0.264526 0.897960
vt 0.235054 0.923610
vt 0.246085 0.894218
vt 0.474636 0.910047
vt 0.474713 0.920162
vt 0.474338 0.920130
vt 0.464544 0.901664
vt 0.475002 0.909850
vt 0.276571 0.936114
vt 0.265198 0.920579
vt 0.428644 0.919572
vt 0.426933 0.906865
vt 0.427121 0.906913
vt 0.302622 0.391431
vt 0.276370 0.412342
vt 0.287327 0.391658
vt 0.288615 0.382762
vt 0.270505 0.373428
vt 0.280193 0.383570
vt 0.278204 0.377456
vt 0.272883 0.392265
vt 0.448023 0.934769
vt 0.457391 0.947088
vt 0.447805 0.934880
vt 0.258035 0.379940
vt 0.453136 0.906002
vt 0.450718 0.908518
vt 0.453001 0.905670
vt 0.254830 0.941819
vt 0.247686 0.937730
vt 0.244343 0.940001
vt 0.249378 0.921098
vt 0.465696 0.960017
vt 0.468405 0.959735
vt 0.465624 0.960245
vt 0.279692 0.731895
vt 0.273020 0.790277
vt 0.277652 0.731850
vt 0.273499 0.732332
vt 0.262256 0.789852
vt 0.271477 0.732054
vt 0.268868 0.790758
vt 0.447651 0.933660
vt 0.433209 0.924207
vt 0.433357 0.924024
vt 0.435668 0.901839
vt 0.431144 0.902728
vt 0.435767 0.901664
vt 0.289040 0.436501
vt 0.257474 0.414584
vt 0.263472 0.399361
vt 0.248180 0.387526
vt 0.227514 0.421891
vt 0.232172 0.411063
vt 0.232818 0.411762
vt 0.258413 0.434188
vt 0.252938 0.403948
vt 0.226956 0.399823
vt 0.232034 0.408959
vt 0.224279 0.415211
vt 0.223775 0.406944
vt 0.231508 0.408413
vt 0.232045 0.408701
vt 0.470878 0.957889
vt 0.468305 0.959474
vt 0.231648 0.408368
vt 0.231669 0.408358
vt 0.232124 0.408138
vt 0.233231 0.409501
vt 0.472357 0.928388
vt 0.472031 0.928261
vt 0.231676 0.408343
vt 0.465612 0.919242
vt 0.465955 0.919530
vt 0.232382 0.408865
vt 0.467326 0.916528
vt 0.462591 0.913964
vt 0.462701 0.913661
vt 0.297869 0.912701
vt 0.436443 0.904455
vt 0.448392 0.922764
vt 0.464359 0.902153
vt 0.429219 0.921769
vt 0.428459 0.919636
vt 0.447420 0.933848
vt 0.285466 0.378081
vt 0.462446 0.958873
vt 0.431250 0.902897
vt 0.256496 0.945544
vt 0.451183 0.908424
vt 0.279692 0.790424
vt 0.432474 0.923335
vt 0.429071 0.921924
vt 0.457685 0.947004
vt 0.469695 0.933729
vt 0.470048 0.933818
vt 0.466798 0.916795
vt 0.305177 0.552415
vt 0.302201 0.548159
vt 0.303446 0.548020
vt 0.436645 0.904315
vt 0.231665 0.408346
vt 0.301910 0.553642
vt 0.300595 0.547549
vt 0.295846 0.549831
vt 0.304438 0.547760
vt 0.310118 0.547792
vt 0.307663 0.551124
vt 0.476404 0.861407
vt 0.466002 0.864010
vt 0.463034 0.862043
vt 0.305733 0.546914
vt 0.437805 0.847519
vt 0.448742 0.844599
vt 0.446733 0.847241
vt 0.463034 0.877001
vt 0.459769 0.866565
vt 0.462252 0.864070
vt 0.448308 0.877693
vt 0.460081 0.875029
vt 0.292329 0.555232
vt 0.285187 0.548234
vt 0.288516 0.547700
vt 0.277050 0.555029
vt 0.282452 0.548337
vt 0.280723 0.556449
vt 0.295846 0.552392
vt 0.290668 0.546799
vt 0.286032 0.556987
vt 0.368066 0.834991
vt 0.350341 0.778221
vt 0.353678 0.777798
vt 0.355057 0.775827
vt 0.370574 0.834996
vt 0.448905 0.828004
vt 0.446855 0.827525
vt 0.447046 0.827253
vt 0.358189 0.835323
vt 0.362456 0.834412
vt 0.424136 0.797326
vt 0.423877 0.797416
vt 0.348091 0.775668
vt 0.364004 0.903780
vt 0.367372 0.903771
vt 0.360628 0.903331
vt 0.433582 0.862099
vt 0.436847 0.872535
vt 0.434364 0.875030
vt 0.448308 0.861407
vt 0.450271 0.875131
vt 0.273143 0.560059
vt 0.265313 0.548119
vt 0.267262 0.547794
vt 0.257026 0.559897
vt 0.263708 0.548166
vt 0.260993 0.561339
vt 0.277050 0.557134
vt 0.268561 0.547289
vt 0.266592 0.561872
vt 0.463766 0.873754
vt 0.473923 0.873423
vt 0.476404 0.876130
vt 0.436535 0.864071
vt 0.257026 0.559644
vt 0.245037 0.546841
vt 0.247167 0.546186
vt 0.240266 0.563964
vt 0.243283 0.547122
vt 0.244615 0.564108
vt 0.240525 0.547126
vt 0.242019 0.547178
vt 0.250545 0.563055
vt 0.450794 0.864135
vt 0.461172 0.850628
vt 0.462211 0.860682
vt 0.459679 0.858487
vt 0.234787 0.559428
vt 0.222432 0.546974
vt 0.224379 0.546313
vt 0.218200 0.564201
vt 0.220824 0.547273
vt 0.222546 0.564259
vt 0.218283 0.547329
vt 0.219661 0.547350
vt 0.228439 0.563055
vt 0.548647 0.935969
vt 0.562031 0.938690
vt 0.545044 0.942176
vt 0.532241 0.926723
vt 0.545044 0.923193
vt 0.540222 0.927995
vt 0.283013 0.675110
vt 0.279906 0.653003
vt 0.281571 0.652957
vt 0.274983 0.674872
vt 0.278552 0.652936
vt 0.276916 0.675068
vt 0.285331 0.674872
vt 0.282718 0.652839
vt 0.279651 0.675202
vt 0.562401 0.940963
vt 0.566959 0.926788
vt 0.566022 0.934611
vt 0.555312 0.966091
vt 0.559808 0.975560
vt 0.554297 0.971684
vt 0.294477 0.677559
vt 0.290963 0.646645
vt 0.292753 0.646603
vt 0.285352 0.677328
vt 0.289506 0.646584
vt 0.287551 0.677518
vt 0.297112 0.677328
vt 0.293989 0.646495
vt 0.290659 0.677649
vt 0.577065 0.960659
vt 0.587719 0.967852
vt 0.581707 0.965730
vt 0.532475 0.965944
vt 0.544263 0.964716
vt 0.539078 0.968623
vt 0.283025 0.652800
vt 0.279878 0.608678
vt 0.281802 0.608655
vt 0.274983 0.652699
vt 0.278312 0.608645
vt 0.276924 0.652782
vt 0.285352 0.652699
vt 0.283133 0.608597
vt 0.279662 0.652839
vt 0.544453 0.960659
vt 0.549012 0.946484
vt 0.548074 0.954307
vt 0.564798 0.972553
vt 0.576765 0.975560
vt 0.561220 0.978741
vt 0.262282 0.670689
vt 0.259005 0.608630
vt 0.261798 0.608621
vt 0.254238 0.670661
vt 0.256731 0.608617
vt 0.256181 0.670684
vt 0.264612 0.670661
vt 0.263732 0.608597
vt 0.258920 0.670700
vt 0.577987 0.942176
vt 0.567233 0.949729
vt 0.561220 0.946692
vt 0.527686 0.942176
vt 0.527686 0.922480
vt 0.241537 0.684194
vt 0.238374 0.608643
vt 0.240405 0.608630
vt 0.233493 0.684139
vt 0.236721 0.608624
vt 0.235435 0.684184
vt 0.243866 0.684139
vt 0.241811 0.608597
vt 0.238174 0.684215
vt 0.562401 0.922480
vt 0.572837 0.927898
vt 0.548756 0.964908
vt 0.560109 0.961403
vt 0.272629 0.680333
vt 0.269521 0.664611
vt 0.271201 0.664547
vt 0.264612 0.680004
vt 0.268155 0.664518
vt 0.266536 0.680275
vt 0.274935 0.680004
vt 0.272354 0.664382
vt 0.269269 0.680461
vt 0.527686 0.979119
vt 0.527686 0.960659
vt 0.544453 0.942176
vt 0.554889 0.947594
vt 0.304830 0.633325
vt 0.301318 0.608786
vt 0.303103 0.608733
vt 0.295713 0.633034
vt 0.299866 0.608709
vt 0.297906 0.633273
vt 0.307460 0.633034
vt 0.304333 0.608597
vt 0.301013 0.633438
vt 0.573428 0.956351
vt 0.574366 0.948528
vt 0.531290 0.935969
vt 0.544673 0.938690
vt 0.293385 0.646495
vt 0.291319 0.608671
vt 0.292900 0.608688
vt 0.285352 0.646130
vt 0.290033 0.608597
vt 0.287287 0.646303
vt 0.295713 0.646412
vt 0.293995 0.608648
vt 0.290022 0.646460
vt 0.544263 0.978742
vt 0.544263 0.960659
vt 0.531611 0.973807
vt 0.542633 0.978175
vt 0.272655 0.664346
vt 0.269543 0.608662
vt 0.271237 0.608644
vt 0.264612 0.664253
vt 0.268162 0.608636
vt 0.266553 0.664330
vt 0.274983 0.664253
vt 0.272411 0.608597
vt 0.269292 0.664382
vt 0.577987 0.960659
vt 0.567551 0.955241
vt 0.547841 0.972553
vt 0.251910 0.677789
vt 0.247870 0.608645
vt 0.249790 0.608606
vt 0.243866 0.677828
vt 0.246305 0.608645
vt 0.245809 0.677856
vt 0.243866 0.608597
vt 0.245196 0.608629
vt 0.248548 0.677857
vt 0.279523 0.497105
vt 0.295846 0.496924
vt 0.236271 0.496871
vt 0.213806 0.496974
vt 0.280554 0.548085
vt 0.277050 0.497373
vt 0.239163 0.496537
vt 0.217209 0.496492
vt 0.282473 0.496769
vt 0.262671 0.496297
vt 0.237481 0.496732
vt 0.296833 0.496798
vt 0.259633 0.496639
vt 0.241190 0.496297
vt 0.298932 0.496521
vt 0.262567 0.548032
vt 0.258139 0.496803
vt 0.261426 0.496439
vt 0.212695 0.497129
vt 0.284524 0.496523
vt 0.215350 0.496757
vt 0.297725 0.496681
vt 0.819342 0.019436
vt 0.798622 0.040156
vt 0.798622 0.019436
vt 0.819342 0.040156
vt 0.798622 0.060877
vt 0.819342 0.060877
vt 0.798622 0.081597
vt 0.819342 0.081597
vt 0.798622 0.102317
vt 0.777902 0.081597
vt 0.777902 0.060877
vt 0.840063 0.060877
vt 0.798223 0.018984
vt 0.818944 0.039705
vt 0.798223 0.039705
vt 0.798223 0.060425
vt 0.818944 0.060425
vt 0.798223 0.081145
vt 0.818944 0.081145
vt 0.798223 0.101866
vt 0.777503 0.081145
vt 0.777503 0.060425
vt 0.839664 0.060425
vt 0.819342 0.019431
vt 0.798622 0.040152
vt 0.798622 0.019431
vt 0.819342 0.060872
vt 0.798622 0.060872
vt 0.819342 0.081592
vt 0.798622 0.081592
vt 0.798622 0.102313
vt 0.777902 0.060872
vt 0.777902 0.081592
vt 0.840063 0.060872
vt 0.819396 0.019431
vt 0.798675 0.040152
vt 0.798675 0.019431
vt 0.819396 0.040152
vt 0.798675 0.060872
vt 0.819396 0.081592
vt 0.798675 0.081592
vt 0.819396 0.102313
vt 0.798675 0.102313
vt 0.777955 0.081592
vt 0.777955 0.060872
vt 0.840116 0.060872
vt 0.819396 0.060872
vt 0.818771 0.018984
vt 0.798051 0.039705
vt 0.798051 0.018984
vt 0.818771 0.060425
vt 0.798051 0.060425
vt 0.798051 0.081145
vt 0.818771 0.081145
vt 0.798051 0.101866
vt 0.777330 0.081145
vt 0.777330 0.060425
vt 0.839491 0.081145
vt 0.977114 0.085883
vt 0.971412 0.047106
vt 0.977114 0.043575
vt 0.941126 0.028951
vt 0.941195 0.022591
vt 0.904029 0.042800
vt 0.909563 0.082419
vt 0.903941 0.085600
vt 0.915205 0.079225
vt 0.915583 0.049618
vt 0.941063 0.035183
vt 0.940325 0.106991
vt 0.940613 0.100220
vt 0.966031 0.050131
vt 0.970955 0.082312
vt 0.965775 0.079309
vt 0.910231 0.046465
vt 0.940622 0.093994
vt 0.370283 0.903953
vt 0.367008 0.937371
vt 0.424131 0.769016
vt 0.423877 0.768943
vt 0.350454 0.936854
vt 0.348091 0.936078
vt 0.080903 0.237051
vt 0.080172 0.298571
vt 0.077533 0.237137
vt 0.080903 0.299271
vt 0.076457 0.299562
vt 0.038344 0.251742
vt 0.041023 0.249746
vt 0.584043 0.817826
vt 0.570269 0.817665
vt 0.568866 0.819524
vt 0.123463 0.232080
vt 0.146960 0.174660
vt 0.126648 0.233246
vt 0.146486 0.173842
vt 0.150740 0.174452
vt 0.168624 0.232368
vt 0.165422 0.233246
vt 0.600537 0.816310
vt 0.601837 0.817856
vt 0.598059 0.786486
vt 0.123462 0.173774
vt 0.122732 0.235293
vt 0.120092 0.173859
vt 0.123462 0.235993
vt 0.119017 0.236284
vt 0.080903 0.188465
vt 0.083583 0.186468
vt 0.593077 0.755634
vt 0.595384 0.755739
vt 0.596431 0.752950
vt 0.080903 0.295358
vt 0.104401 0.237937
vt 0.084088 0.296523
vt 0.103926 0.237119
vt 0.108181 0.237729
vt 0.126065 0.295645
vt 0.122863 0.296523
vt 0.550812 0.789624
vt 0.553301 0.755980
vt 0.553301 0.794206
vt 0.080903 0.173774
vt 0.080172 0.235293
vt 0.077533 0.173859
vt 0.080903 0.235993
vt 0.076457 0.236284
vt 0.038344 0.188465
vt 0.041023 0.186468
vt 0.567710 0.755375
vt 0.567643 0.784734
vt 0.568866 0.786778
vt 0.126065 0.295357
vt 0.149563 0.237937
vt 0.129250 0.296523
vt 0.149088 0.237119
vt 0.153343 0.237729
vt 0.171227 0.295645
vt 0.168025 0.296523
vt 0.570166 0.754792
vt 0.568866 0.752950
vt 0.575224 0.786486
vt 0.390325 0.328826
vt 0.400982 0.307067
vt 0.399490 0.307523
vt 0.385737 0.327853
vt 0.397970 0.443178
vt 0.375749 0.464788
vt 0.379872 0.467533
vt 0.371861 0.327116
vt 0.086190 0.060769
vt 0.061300 0.090199
vt 0.238002 0.103113
vt 0.397248 0.303836
vt 0.396907 0.305663
vt 0.369655 0.322941
vt 0.236938 0.086693
vt 0.268156 0.064842
vt 0.442657 0.757525
vt 0.458545 0.769603
vt 0.458302 0.769730
vt 0.234787 0.562991
vt 0.212695 0.563310
vt 0.277595 0.652839
vt 0.288476 0.646495
vt 0.277202 0.608597
vt 0.255118 0.608597
vt 0.235548 0.608597
vt 0.267194 0.664382
vt 0.298840 0.608597
vt 0.294908 0.608597
vt 0.267184 0.608597
vt 0.254238 0.677694
vt 0.300591 0.496297
vt 0.234787 0.497041
vt 0.286378 0.496297
vt 0.257026 0.496923
vt 0.218568 0.496297
vt 0.819342 0.102317
vt 0.840063 0.081597
vt 0.818944 0.018984
vt 0.818944 0.101866
vt 0.839664 0.081145
vt 0.819342 0.040152
vt 0.819342 0.102313
vt 0.840063 0.081592
vt 0.840116 0.081592
vt 0.818771 0.039705
vt 0.818771 0.101866
vt 0.839491 0.060425
vt 0.368656 0.937530
vt 0.461941 0.796797
vt 0.449059 0.828294
vt 0.076191 0.300329
vt 0.585465 0.819524
vt 0.581233 0.786486
vt 0.151235 0.173774
vt 0.586821 0.816165
vt 0.590599 0.788317
vt 0.589617 0.786583
vt 0.118751 0.237051
vt 0.587192 0.783170
vt 0.585362 0.785215
vt 0.602734 0.785215
vt 0.108675 0.237051
vt 0.537232 0.757528
vt 0.538371 0.791863
vt 0.534281 0.752950
vt 0.076191 0.237051
vt 0.562385 0.784936
vt 0.561758 0.787297
vt 0.153837 0.237051
vt 0.584065 0.754690
vt 0.577981 0.784400
vt 0.578554 0.786416
vt 0.400982 0.444304
vt 0.263983 0.060769
vt 0.694234 0.251707
vt 0.703674 0.130218
vt 0.981550 0.976714
vt 0.798336 0.915642
vt 0.981550 0.915642
vt 0.981550 0.854571
vt 0.832911 0.854571
vt 0.981550 0.793500
vt 0.798336 0.732428
vt 0.981550 0.732428
vt 0.889621 0.591936
vt 0.958627 0.544805
vt 0.965087 0.547335
vt 0.981550 0.671357
vt 0.798336 0.671357
vt 0.981550 0.610286
vt 0.889264 0.575380
vt 0.943206 0.537869
vt 0.703673 0.106658
vt 0.703671 0.024211
vt 0.703673 0.094881
vt 0.703671 0.024211
vt 0.703675 0.047768
vt 0.703679 0.059549
vt 0.703675 0.083103
vt 0.703671 0.035986
vt 0.703673 0.118436
vt 0.122896 0.894848
vt 0.118089 0.852011
vt 0.151511 0.881783
vt 0.159554 0.928006
vt 0.108440 0.889350
vt 0.086561 0.882499
vt 0.118502 0.714058
vt 0.099285 0.701667
vt 0.114256 0.707857
vt 0.102511 0.896910
vt 0.086098 0.921083
vt 0.086419 0.694074
vt 0.054610 0.686925
vt 0.080298 0.675492
vt 0.081292 0.721335
vt 0.125621 0.941118
vt 0.098019 0.941344
vt 0.084797 0.848550
vt 0.091650 0.752116
vt 0.091650 0.849902
vt 0.094227 0.606367
vt 0.111518 0.618558
vt 0.102971 0.593866
vt 0.120259 0.606554
vt 0.130119 0.851789
vt 0.149081 0.845178
vt 0.157630 0.851789
vt 0.138680 0.845164
vt 0.149282 0.705238
vt 0.156368 0.945371
vt 0.120259 0.733094
vt 0.105909 0.945371
vt 0.084797 0.750765
vt 0.138881 0.705224
vt 0.471148 0.958007
vt 0.432643 0.923128
vt 0.158180 0.518158
vt 0.136894 0.497294
vt 0.155019 0.502704
vt 0.136894 0.524596
vt 0.136894 0.551978
vt 0.112728 0.528290
vt 0.133305 0.534433
vt 0.112728 0.559287
vt 0.088562 0.535600
vt 0.092150 0.553144
vt 0.136894 0.520981
vt 0.112728 0.497294
vt 0.133305 0.503436
vt 0.112728 0.520981
vt 0.088562 0.497294
vt 0.109139 0.503436
vt 0.088562 0.528290
vt 0.448742 0.861407
vt 0.450750 0.858766
vt 0.448742 0.861407
vt 0.446188 0.858576
vt 0.451296 0.847430
vt 0.445822 0.874965
vt 0.433582 0.857533
vt 0.436312 0.855378
vt 0.466239 0.871265
vt 0.474440 0.863976
vt 0.463901 0.848473
vt 0.446346 0.863969
vt 0.435273 0.845324
vt 0.798336 0.976714
vt 0.798336 0.793500
vt 0.804169 0.549738
vt 0.814553 0.463342
vt 0.817157 0.544156
vt 0.948248 0.467444
vt 0.977438 0.451410
vt 0.805984 0.457460
vt 0.882780 0.431238
vt 0.798336 0.610286
vt 0.824139 0.539365
vt 0.885844 0.414156
vt 0.184195 0.500596
vt 0.126371 0.604727
vt 0.176399 0.500724
vt 0.134173 0.604655
vt 0.167658 0.407439
vt 0.171811 0.405983
vt 0.147187 0.367876
vt 0.126371 0.383417
vt 0.435188 0.756120
vt 0.435093 0.755844
vt 0.461690 0.796766
vt 0.160682 0.653196
vt 0.153243 0.645904
vt 0.159577 0.647795
vt 0.153243 0.655446
vt 0.153243 0.643768
vt 0.144794 0.635487
vt 0.151988 0.637634
vt 0.144794 0.646324
vt 0.138269 0.656001
vt 0.129196 0.647107
vt 0.136922 0.649414
vt 0.129196 0.658745
vt 0.132269 0.667788
vt 0.124830 0.660496
vt 0.131165 0.662387
vt 0.124830 0.670038
vt 0.117390 0.667788
vt 0.109951 0.660496
vt 0.116286 0.662387
vt 0.109951 0.670038
vt 0.160682 0.662739
vt 0.159577 0.657338
vt 0.153243 0.664989
vt 0.153243 0.654605
vt 0.144794 0.646324
vt 0.151988 0.648471
vt 0.144794 0.657161
vt 0.139709 0.667788
vt 0.132269 0.660496
vt 0.138604 0.662387
vt 0.132269 0.670038
vt 0.152233 0.664453
vt 0.144794 0.657161
vt 0.151129 0.659052
vt 0.144794 0.666703
vt 0.124830 0.667788
vt 0.117390 0.660496
vt 0.123725 0.662387
vt 0.117390 0.670038
vt 0.563446 0.960221
vt 0.565713 0.964908
vt 0.561220 0.960659
vt 0.555207 0.953107
vt 0.561220 0.956143
vt 0.538122 0.947594
vt 0.532245 0.946484
vt 0.537731 0.973919
vt 0.577065 0.978418
vt 0.580882 0.973354
vt 0.573155 0.933411
vt 0.579168 0.936447
vt 0.539117 0.934811
vt 0.549599 0.926723
vt 0.545044 0.922480
vt 0.577065 0.961403
vt 0.572268 0.966091
vt 0.558993 0.942614
vt 0.531307 0.954307
vt 0.587683 0.973598
vt 0.593491 0.977263
vt 0.576941 0.922918
vt 0.562401 0.923193
vt 0.557579 0.927995
vt 0.571254 0.971684
vt 0.538440 0.953107
vt 0.544453 0.956143
vt 0.592481 0.963218
vt 0.556475 0.934811
vt 0.542227 0.942614
vt 0.884531 0.450823
vt 0.825769 0.469113
vt 0.888644 0.560027
vt 0.937645 0.477315
vt 0.888565 0.526816
vt 0.870583 0.518581
vt 0.870037 0.498098
vt 0.888267 0.488825
vt 0.904547 0.498878
vt 0.906135 0.517931
vt 0.981550 0.732428
vt 0.981550 0.976714
vt 0.981550 0.915642
vt 0.981550 0.854571
vt 0.981550 0.610286
vt 0.981550 0.793500
vt 0.981550 0.915642
vt 0.981550 0.854571
vt 0.981550 0.793500
vt 0.981550 0.732428
vt 0.981550 0.793499
vt 0.981550 0.610286
vt 0.981550 0.671357
vt 0.981550 0.610286
vt 0.981550 0.671357
vt 0.981550 0.854571
vt 0.981550 0.976714
vt 0.981550 0.976714
vt 0.524688 0.844958
vt 0.526326 0.828183
vt 0.527902 0.842818
vt 0.537493 0.815773
vt 0.524198 0.827219
vt 0.557729 0.822314
vt 0.538175 0.819051
vt 0.541450 0.850496
vt 0.541878 0.853811
vt 0.555336 0.842169
vt 0.557729 0.843404
vt 0.553927 0.825065
vt 0.529988 0.829862
vt 0.530873 0.840836
vt 0.541170 0.846101
vt 0.538776 0.823397
vt 0.550660 0.839802
vt 0.549982 0.827919
vt 0.519893 0.615685
vt 0.504270 0.623270
vt 0.505116 0.623832
vt 0.533356 0.625542
vt 0.519967 0.616924
vt 0.532140 0.626097
vt 0.532497 0.642092
vt 0.503361 0.640460
vt 0.533356 0.642668
vt 0.517466 0.647409
vt 0.507195 0.625229
vt 0.519749 0.619072
vt 0.530386 0.640656
vt 0.517577 0.645817
vt 0.530642 0.626842
vt 0.504524 0.640067
vt 0.528216 0.656487
vt 0.516444 0.650529
vt 0.516423 0.651172
vt 0.516693 0.676089
vt 0.516714 0.677014
vt 0.528307 0.669445
vt 0.505122 0.656246
vt 0.504364 0.655783
vt 0.505131 0.669257
vt 0.505716 0.668919
vt 0.516873 0.678400
vt 0.529482 0.669928
vt 0.503361 0.670288
vt 0.529007 0.656030
vt 0.516583 0.648706
vt 0.503361 0.655155
vt 0.471856 0.659010
vt 0.473199 0.659915
vt 0.484773 0.653518
vt 0.495709 0.660904
vt 0.484823 0.652328
vt 0.494401 0.661570
vt 0.494723 0.673905
vt 0.471563 0.673109
vt 0.495709 0.674537
vt 0.483125 0.678333
vt 0.493138 0.662205
vt 0.493018 0.672794
vt 0.472611 0.672626
vt 0.474762 0.660874
vt 0.484646 0.655686
vt 0.483206 0.676993
vt 0.551349 0.664903
vt 0.551349 0.652941
vt 0.550715 0.653370
vt 0.531174 0.666516
vt 0.530265 0.654816
vt 0.529581 0.654447
vt 0.550450 0.664469
vt 0.541675 0.671742
vt 0.540199 0.648706
vt 0.540261 0.649681
vt 0.532003 0.665959
vt 0.532478 0.655957
vt 0.540338 0.651065
vt 0.548559 0.654842
vt 0.549097 0.663823
vt 0.541442 0.669256
vt 0.529581 0.682230
vt 0.534538 0.692294
vt 0.535053 0.691276
vt 0.530842 0.682310
vt 0.535666 0.673569
vt 0.535304 0.672518
vt 0.546147 0.673345
vt 0.545482 0.692601
vt 0.546688 0.672518
vt 0.548294 0.683265
vt 0.536234 0.689325
vt 0.532979 0.682425
vt 0.536698 0.675724
vt 0.544542 0.675724
vt 0.546623 0.683212
vt 0.545020 0.691747
vt 0.553134 0.884613
vt 0.554880 0.883823
vt 0.544883 0.876950
vt 0.541435 0.900029
vt 0.533519 0.893540
vt 0.531866 0.894169
vt 0.552016 0.895914
vt 0.553745 0.897226
vt 0.534734 0.882804
vt 0.544722 0.878715
vt 0.541146 0.901919
vt 0.533170 0.881622
vt 0.532161 0.880859
vt 0.530972 0.894514
vt 0.554795 0.898023
vt 0.555870 0.883345
vt 0.544974 0.875994
vt 0.540954 0.902999
vt 0.540024 0.907377
vt 0.559843 0.901854
vt 0.559843 0.881264
vt 0.528439 0.878045
vt 0.527951 0.895818
vt 0.545413 0.872725
vt 0.241764 0.311819
vt 0.257015 0.254840
vt 0.245794 0.311819
vt 0.230543 0.254840
vt 0.573248 0.788423
vt 0.580158 0.788559
vt 0.572140 0.786547
vt 0.257015 0.209081
vt 0.313995 0.224332
vt 0.257015 0.213111
vt 0.313995 0.197860
vt 0.585465 0.817856
vt 0.597049 0.788405
vt 0.257016 0.235553
vt 0.313995 0.250804
vt 0.257016 0.239583
vt 0.313995 0.224332
vt 0.592016 0.753224
vt 0.600997 0.783420
vt 0.268236 0.311819
vt 0.283488 0.254840
vt 0.272267 0.311819
vt 0.550693 0.760083
vt 0.540518 0.787578
vt 0.294708 0.311819
vt 0.309960 0.254840
vt 0.298739 0.311819
vt 0.283488 0.254840
vt 0.555016 0.760326
vt 0.553301 0.758765
vt 0.568866 0.752950
vt 0.245794 0.197860
vt 0.230543 0.254840
vt 0.241764 0.197860
vt 0.257015 0.254839
vt 0.585362 0.752950
vt 0.575811 0.784328
vt 0.442788 0.757274
vt 0.486756 0.554033
vt 0.493967 0.527077
vt 0.488733 0.552322
vt 0.503637 0.525760
vt 0.502760 0.526677
vt 0.507110 0.554033
vt 0.505165 0.551745
vt 0.556553 0.558006
vt 0.545702 0.557182
vt 0.554488 0.556543
vt 0.555834 0.530562
vt 0.541268 0.530484
vt 0.540174 0.528449
vt 0.543839 0.558278
vt 0.556553 0.529285
vt 0.491545 0.532972
vt 0.492659 0.533388
vt 0.493141 0.525951
vt 0.504564 0.545478
vt 0.487026 0.553799
vt 0.488466 0.546945
vt 0.488583 0.546876
vt 0.554825 0.550048
vt 0.544594 0.550507
vt 0.542377 0.537158
vt 0.541090 0.535906
vt 0.556553 0.550826
vt 0.493197 0.526027
vt 0.491620 0.533000
vt 0.503577 0.525821
vt 0.506242 0.546965
vt 0.506979 0.553879
vt 0.506128 0.546864
vt 0.486889 0.553917
vt 0.490042 0.546010
vt 0.506845 0.553721
vt 0.506013 0.546762
vt 0.503517 0.525885
vt 0.493254 0.526105
vt 0.491697 0.533028
vt 0.555498 0.537058
vt 0.556553 0.536465
vt 0.555161 0.543553
vt 0.556553 0.543646
vt 0.542923 0.550821
vt 0.542006 0.543363
vt 0.543485 0.543833
vt 0.504428 0.532836
vt 0.504349 0.532844
vt 0.490043 0.539972
vt 0.490140 0.539952
vt 0.504505 0.532828
vt 0.503362 0.532944
vt 0.505373 0.539896
vt 0.503963 0.539211
vt 0.488352 0.547012
vt 0.491350 0.539699
vt 0.489949 0.539992
vt 0.505278 0.539850
vt 0.505181 0.539803
s 0
usemtl material
f 80/1/1 4/2/1 13/3/1
f 38/4/2 3/5/2 21/6/2
f 38/4/3 19/7/3 20/8/3
f 44/9/4 18/10/4 19/7/4
f 50/11/5 17/12/5 18/10/5
f 56/13/6 16/14/6 17/12/6
f 68/15/7 16/14/7 62/16/7
f 74/17/8 15/18/8 68/15/8
f 80/1/9 14/19/9 74/17/9
f 12/20/10 69/21/10 11/22/10
f 75/23/11 70/24/11 69/21/11
f 76/25/12 71/26/12 70/24/12
f 77/27/13 72/28/13 71/26/13
f 78/29/14 73/30/14 72/28/14
f 79/31/15 74/17/15 73/30/15
f 11/22/16 63/32/16 10/33/16
f 69/21/17 64/34/17 63/32/17
f 70/24/18 65/35/18 64/34/18
f 71/26/19 66/36/19 65/35/19
f 72/28/20 67/37/20 66/36/20
f 73/30/21 68/15/21 67/37/21
f 10/33/22 57/38/22 9/39/22
f 63/32/23 58/40/23 57/38/23
f 64/34/24 59/41/24 58/40/24
f 65/35/25 60/42/25 59/41/25
f 66/36/26 61/43/26 60/42/26
f 67/37/27 62/16/27 61/43/27
f 8/44/28 57/38/28 51/45/28
f 57/38/29 52/46/29 51/45/29
f 52/46/30 59/41/30 53/47/30
f 59/41/31 54/48/31 53/47/31
f 54/48/32 61/43/32 55/49/32
f 61/50/33 56/51/33 55/52/33
f 7/53/34 51/45/34 45/54/34
f 45/54/35 52/46/35 46/55/35
f 46/55/36 53/47/36 47/56/36
f 47/56/37 54/48/37 48/57/37
f 48/57/38 55/49/38 49/58/38
f 49/58/39 56/13/39 50/11/39
f 6/59/40 45/54/40 39/60/40
f 39/60/41 46/55/41 40/61/41
f 40/61/42 47/56/42 41/62/42
f 41/62/43 48/57/43 42/63/43
f 42/63/44 49/58/44 43/64/44
f 43/64/45 50/11/45 44/9/45
f 5/65/46 39/60/46 33/66/46
f 33/66/47 40/61/47 34/67/47
f 34/67/48 41/62/48 35/68/48
f 35/68/49 42/63/49 36/69/49
f 36/69/50 43/64/50 37/70/50
f 37/70/51 44/9/51 38/4/51
f 5/65/52 26/71/52 1/72/52
f 33/66/53 25/73/53 26/71/53
f 34/67/54 24/74/54 25/73/54
f 35/68/55 23/75/55 24/74/55
f 36/69/56 22/76/56 23/75/56
f 37/70/57 21/6/57 22/76/57
f 12/20/58 27/77/58 75/23/58
f 75/23/59 28/78/59 76/25/59
f 76/25/60 29/79/60 77/27/60
f 77/27/61 30/80/61 78/29/61
f 78/29/62 31/81/62 79/31/62
f 79/31/63 32/82/63 80/1/63
f 85/83/64 88/84/64 86/85/64
f 121/86/65 525/87/65 527/88/65
f 89/89/66 86/85/66 90/90/66
f 87/91/67 83/92/67 88/84/67
f 84/93/68 94/94/68 83/92/68
f 92/95/69 89/89/69 90/90/69
f 91/96/70 81/97/70 82/98/70
f 100/99/71 523/100/71 516/101/71
f 95/102/72 100/103/72 96/104/72
f 82/98/73 95/102/73 96/104/73
f 84/105/74 513/106/74 93/107/74
f 84/105/75 510/108/75 509/109/75
f 94/94/76 97/110/76 98/111/76
f 124/112/77 526/113/77 120/114/77
f 103/115/78 108/116/78 104/117/78
f 116/118/79 102/119/79 103/115/79
f 116/118/80 104/117/80 113/120/80
f 114/121/81 101/122/81 102/119/81
f 141/123/82 531/124/82 533/125/82
f 101/122/83 106/126/83 102/119/83
f 85/127/84 507/128/84 508/129/84
f 97/110/85 111/130/85 98/111/85
f 100/103/86 112/131/86 109/132/86
f 99/133/87 111/130/87 112/131/87
f 105/134/88 517/135/88 521/136/88
f 110/137/89 114/138/89 111/139/89
f 112/140/90 113/141/90 109/142/90
f 112/140/91 114/138/91 116/143/91
f 143/144/92 532/145/92 131/146/92
f 104/147/93 522/148/93 518/149/93
f 107/150/94 120/151/94 108/116/94
f 105/152/95 118/153/95 106/126/95
f 123/154/96 128/155/96 124/156/96
f 119/157/97 124/156/97 120/151/97
f 117/158/98 122/159/98 118/153/98
f 125/160/99 127/161/99 126/162/99
f 125/160/100 132/163/100 131/164/100
f 115/165/101 517/135/101 101/166/101
f 132/163/102 142/167/102 144/168/102
f 126/162/103 130/169/103 132/163/103
f 121/170/104 130/169/104 122/159/104
f 93/107/105 515/171/105 97/172/105
f 132/163/99 143/173/99 131/164/99
f 100/99/106 514/174/106 96/175/106
f 129/176/107 142/167/107 130/169/107
f 85/83/64 87/91/64 88/84/64
f 82/177/108 511/178/108 91/179/108
f 89/89/66 85/83/66 86/85/66
f 87/91/67 84/93/67 83/92/67
f 84/93/68 93/180/68 94/94/68
f 92/95/69 91/96/69 89/89/69
f 91/96/70 92/95/70 81/97/70
f 113/181/109 523/100/109 109/182/109
f 95/102/72 99/133/72 100/103/72
f 82/98/73 81/97/73 95/102/73
f 87/183/110 508/129/110 510/108/110
f 128/184/111 528/185/111 124/112/111
f 94/94/76 93/180/76 97/110/76
f 141/123/112 534/186/112 143/144/112
f 103/115/78 107/150/78 108/116/78
f 116/118/79 114/121/79 102/119/79
f 116/118/80 103/115/80 104/117/80
f 114/121/81 115/187/81 101/122/81
f 117/188/113 521/136/113 525/87/113
f 101/122/83 105/152/83 106/126/83
f 120/114/114 522/148/114 108/189/114
f 97/110/85 110/190/85 111/130/85
f 100/103/86 99/133/86 112/131/86
f 99/133/87 98/111/87 111/130/87
f 91/179/115 507/128/115 89/191/115
f 110/137/89 115/192/89 114/138/89
f 112/140/90 116/143/90 113/141/90
f 112/140/91 111/139/91 114/138/91
f 128/184/116 529/193/116 530/194/116
f 129/195/117 527/88/117 531/124/117
f 107/150/94 119/157/94 120/151/94
f 105/152/95 117/158/95 118/153/95
f 123/154/96 127/161/96 128/155/96
f 117/158/98 121/170/98 122/159/98
f 125/160/99 128/155/99 127/161/99
f 125/160/100 126/162/100 132/163/100
f 110/196/118 515/171/118 520/197/118
f 132/163/102 130/169/102 142/167/102
f 126/162/103 122/159/103 130/169/103
f 121/170/104 129/176/104 130/169/104
f 96/175/119 512/198/119 82/177/119
f 133/199/120 138/200/120 134/201/120
f 132/163/99 144/168/99 143/173/99
f 104/147/121 519/202/121 113/181/121
f 129/176/107 141/203/107 142/167/107
f 137/204/122 140/205/122 138/200/122
f 137/204/122 139/206/122 140/205/122
f 136/207/123 139/208/123 135/209/123
f 139/210/124 538/211/124 135/212/124
f 141/203/125 144/168/125 142/167/125
f 133/199/120 137/204/120 138/200/120
f 136/207/123 140/213/123 139/208/123
f 181/214/126 552/215/126 183/216/126
f 141/203/125 143/173/125 144/168/125
f 166/217/127 543/218/127 165/219/127
f 168/220/128 546/221/128 166/217/128
f 147/222/129 149/223/129 150/224/129
f 145/225/130 151/226/130 146/227/130
f 145/228/131 150/224/131 152/229/131
f 146/227/132 149/223/132 148/230/132
f 156/231/133 158/232/133 160/233/133
f 156/231/134 159/234/134 155/235/134
f 157/236/135 558/237/135 159/238/135
f 153/239/136 158/232/136 154/240/136
f 156/231/137 154/240/137 158/232/137
f 156/231/134 160/233/134 159/234/134
f 155/241/138 558/237/138 556/242/138
f 153/239/136 157/243/136 158/232/136
f 157/243/139 160/233/139 158/232/139
f 157/243/139 159/234/139 160/233/139
f 156/231/140 162/244/140 154/240/140
f 155/235/141 164/245/141 156/231/141
f 153/239/142 162/244/142 161/246/142
f 134/201/143 135/209/143 133/199/143
f 135/209/144 134/201/144 136/207/144
f 174/247/145 547/248/145 173/249/145
f 167/250/146 545/251/146 168/220/146
f 167/252/147 169/253/147 170/254/147
f 165/255/148 171/256/148 166/257/148
f 165/258/149 170/254/149 172/259/149
f 166/257/150 169/253/150 168/260/150
f 133/261/151 536/262/151 137/263/151
f 176/250/152 550/264/152 174/247/152
f 175/265/153 177/266/153 178/267/153
f 173/268/154 179/269/154 174/270/154
f 173/268/155 178/271/155 180/272/155
f 174/270/156 177/266/156 176/273/156
f 165/219/157 544/274/157 167/250/157
f 146/275/158 539/276/158 145/277/158
f 183/278/159 185/279/159 186/280/159
f 181/281/160 187/282/160 182/283/160
f 181/281/161 186/284/161 188/285/161
f 182/283/162 185/279/162 184/286/162
f 124/156/97 119/157/97 123/154/97
f 199/287/163 567/288/163 568/289/163
f 240/290/164 590/291/164 238/292/164
f 191/293/165 193/294/165 194/295/165
f 189/296/166 195/297/166 190/298/166
f 189/299/167 194/295/167 196/300/167
f 190/298/168 193/294/168 192/301/168
f 224/302/169 580/303/169 581/304/169
f 262/305/170 599/306/170 261/307/170
f 199/308/171 201/309/171 202/310/171
f 197/311/172 203/312/172 198/313/172
f 197/314/173 202/310/173 204/315/173
f 198/313/174 201/309/174 200/316/174
f 207/317/175 571/318/175 572/319/175
f 248/320/176 594/321/176 246/322/176
f 207/323/177 209/324/177 210/325/177
f 205/326/178 211/327/178 206/328/178
f 205/329/179 210/325/179 212/330/179
f 206/328/180 209/324/180 208/331/180
f 232/332/181 584/333/181 585/334/181
f 215/335/182 575/336/182 576/337/182
f 215/338/183 217/339/183 218/340/183
f 213/341/184 219/342/184 214/343/184
f 213/344/185 218/340/185 220/345/185
f 214/343/186 217/339/186 216/346/186
f 256/347/187 598/348/187 254/349/187
f 240/290/188 588/350/188 589/351/188
f 223/352/189 225/353/189 226/354/189
f 221/355/190 227/356/190 222/357/190
f 221/358/191 226/354/191 228/359/191
f 222/357/192 225/353/192 224/360/192
f 223/361/193 579/362/193 580/303/193
f 264/363/194 602/364/194 262/305/194
f 231/365/195 233/366/195 234/367/195
f 229/368/196 235/369/196 230/370/196
f 229/371/197 234/367/197 236/372/197
f 230/370/198 233/366/198 232/373/198
f 248/320/199 592/374/199 593/375/199
f 231/376/200 583/377/200 584/333/200
f 239/378/201 241/379/201 242/380/201
f 237/381/202 243/382/202 238/383/202
f 237/384/203 242/380/203 244/385/203
f 238/383/204 241/379/204 240/386/204
f 256/347/205 596/387/205 597/388/205
f 239/389/206 587/390/206 588/350/206
f 247/391/207 249/392/207 250/393/207
f 245/394/208 251/395/208 246/396/208
f 245/397/209 250/393/209 252/398/209
f 246/396/210 249/392/210 248/399/210
f 264/363/211 600/400/211 601/401/211
f 247/402/212 591/403/212 592/374/212
f 255/404/213 257/405/213 258/406/213
f 253/407/214 259/408/214 254/409/214
f 253/410/215 258/406/215 260/411/215
f 254/409/216 257/405/216 256/412/216
f 255/413/217 595/414/217 596/387/217
f 263/415/218 599/306/218 600/400/218
f 263/416/219 265/417/219 266/418/219
f 261/419/220 267/420/220 262/421/220
f 261/419/221 266/422/221 268/423/221
f 262/421/222 265/417/222 264/424/222
f 151/226/223 273/425/223 149/223/223
f 140/205/224 271/426/224 138/200/224
f 178/271/225 284/427/225 180/272/225
f 188/285/226 287/428/226 187/282/226
f 152/429/227 275/430/227 151/226/227
f 179/269/228 281/431/228 177/266/228
f 185/279/229 286/432/229 186/280/229
f 149/223/230 274/433/230 150/224/230
f 170/254/231 280/434/231 172/259/231
f 180/272/232 283/435/232 179/269/232
f 138/200/233 269/436/233 134/201/233
f 171/256/223 277/437/223 169/253/223
f 177/266/234 282/438/234 178/267/234
f 136/207/235 272/439/235 140/213/235
f 172/440/227 279/441/227 171/256/227
f 169/253/230 278/442/230 170/254/230
f 186/284/236 288/443/236 188/285/236
f 150/224/231 276/444/231 152/229/231
f 187/282/237 285/445/237 185/279/237
f 134/201/238 270/446/238 136/207/238
f 290/447/239 291/448/239 289/449/239
f 292/450/66 295/451/66 291/448/66
f 296/452/240 293/453/240 295/451/240
f 294/454/241 289/455/241 293/453/241
f 295/451/242 289/456/242 291/457/242
f 292/458/243 294/454/243 296/452/243
f 328/459/244 325/460/244 326/461/244
f 325/460/245 322/462/245 326/461/245
f 321/463/246 324/464/246 322/462/246
f 323/465/247 328/466/247 324/464/247
f 322/462/248 328/467/248 326/468/248
f 325/469/249 323/465/249 321/463/249
f 319/470/250 318/471/250 320/472/250
f 318/471/251 313/473/251 314/474/251
f 314/474/252 315/475/252 316/476/252
f 315/475/253 320/477/253 316/476/253
f 318/478/254 316/476/254 320/479/254
f 317/480/255 315/475/255 313/473/255
f 306/481/256 307/482/256 305/483/256
f 308/484/257 311/485/257 307/482/257
f 311/485/258 310/486/258 309/487/258
f 309/487/259 306/488/259 305/489/259
f 311/485/260 305/490/260 307/491/260
f 308/492/261 310/486/261 312/493/261
f 303/494/262 302/495/262 304/496/262
f 302/495/263 297/497/263 298/498/263
f 297/497/264 300/499/264 298/498/264
f 299/500/265 304/501/265 300/499/265
f 298/498/266 304/502/266 302/503/266
f 297/497/267 303/504/267 299/500/267
f 329/505/268 341/506/268 331/507/268
f 331/507/269 343/508/269 333/509/269
f 343/508/270 335/510/270 333/509/270
f 335/510/271 345/511/271 337/512/271
f 338/513/272 336/514/272 334/515/272
f 345/511/273 339/516/273 337/512/273
f 346/517/274 329/505/274 339/516/274
f 332/518/275 342/519/275 330/520/275
f 334/515/276 341/506/276 332/518/276
f 336/514/277 343/508/277 334/515/277
f 338/513/278 344/521/278 336/514/278
f 338/513/279 346/517/279 345/511/279
f 340/522/280 342/519/280 346/517/280
f 163/523/281 350/524/281 164/245/281
f 163/525/282 556/242/282 560/526/282
f 161/246/283 348/527/283 347/528/283
f 162/244/284 350/524/284 348/527/284
f 352/529/285 353/530/285 351/531/285
f 354/532/286 357/533/286 353/530/286
f 357/533/287 356/534/287 355/535/287
f 357/533/288 351/531/288 353/530/288
f 352/536/289 356/537/289 736/538/289
f 360/539/290 361/540/290 359/541/290
f 362/542/291 365/543/291 361/540/291
f 365/543/292 364/544/292 363/545/292
f 361/540/293 363/545/293 359/541/293
f 360/546/294 737/547/294 738/548/294
f 368/549/295 369/550/295 367/551/295
f 370/552/291 373/553/291 369/550/291
f 373/553/296 372/554/296 371/555/296
f 373/553/297 367/551/297 369/550/297
f 374/556/298 370/557/298 742/558/298
f 376/559/299 377/560/299 375/561/299
f 378/562/300 381/563/300 377/560/300
f 381/563/301 380/564/301 379/565/301
f 377/560/302 379/565/302 375/561/302
f 378/566/303 745/567/303 746/568/303
f 384/569/304 385/570/304 383/571/304
f 386/572/305 389/573/305 385/570/305
f 389/573/306 388/574/306 387/575/306
f 389/573/307 383/571/307 385/570/307
f 388/576/308 390/577/308 751/578/308
f 392/579/309 393/580/309 391/581/309
f 394/582/310 397/583/310 393/580/310
f 397/583/311 396/584/311 395/585/311
f 393/580/312 395/585/312 391/581/312
f 392/586/313 753/587/313 754/588/313
f 402/589/314 410/590/314 407/591/314
f 402/589/315 401/592/315 405/593/315
f 405/593/316 403/594/316 404/595/316
f 405/593/317 401/592/317 399/596/317
f 406/597/318 404/598/318 400/599/318
f 409/600/319 408/601/319 407/591/319
f 400/602/320 399/596/320 408/601/320
f 402/603/321 400/599/321 409/604/321
f 401/592/322 407/591/322 408/601/322
f 147/222/129 148/230/129 149/223/129
f 145/225/130 152/429/130 151/226/130
f 145/228/131 147/222/131 150/224/131
f 146/227/132 151/226/132 149/223/132
f 156/231/323 164/245/323 162/244/323
f 155/235/141 163/523/141 164/245/141
f 347/605/324 559/606/324 161/607/324
f 153/239/142 154/240/142 162/244/142
f 167/252/147 168/260/147 169/253/147
f 165/255/148 172/440/148 171/256/148
f 165/258/149 167/252/149 170/254/149
f 166/257/150 171/256/150 169/253/150
f 175/265/153 176/273/153 177/266/153
f 173/268/154 180/272/154 179/269/154
f 173/268/155 175/608/155 178/271/155
f 174/270/156 179/269/156 177/266/156
f 183/278/159 184/286/159 185/279/159
f 181/281/160 188/285/160 187/282/160
f 181/281/161 183/609/161 186/284/161
f 182/283/162 187/282/162 185/279/162
f 191/293/165 192/301/165 193/294/165
f 189/296/166 196/610/166 195/297/166
f 189/299/167 191/293/167 194/295/167
f 190/298/168 195/297/168 193/294/168
f 199/308/171 200/316/171 201/309/171
f 197/311/172 204/611/172 203/312/172
f 197/314/173 199/308/173 202/310/173
f 198/313/174 203/312/174 201/309/174
f 207/323/177 208/331/177 209/324/177
f 205/326/178 212/612/178 211/327/178
f 205/329/179 207/323/179 210/325/179
f 206/328/180 211/327/180 209/324/180
f 215/338/183 216/346/183 217/339/183
f 213/341/184 220/613/184 219/342/184
f 213/344/185 215/338/185 218/340/185
f 214/343/186 219/342/186 217/339/186
f 223/352/189 224/360/189 225/353/189
f 221/355/190 228/614/190 227/356/190
f 221/358/191 223/352/191 226/354/191
f 222/357/192 227/356/192 225/353/192
f 231/365/195 232/373/195 233/366/195
f 229/368/196 236/615/196 235/369/196
f 229/371/197 231/365/197 234/367/197
f 230/370/198 235/369/198 233/366/198
f 239/378/201 240/386/201 241/379/201
f 237/381/202 244/616/202 243/382/202
f 237/384/203 239/378/203 242/380/203
f 238/383/204 243/382/204 241/379/204
f 247/391/207 248/399/207 249/392/207
f 245/397/208 252/398/208 251/617/208
f 245/397/209 247/391/209 250/393/209
f 246/396/325 251/395/325 249/392/325
f 255/404/213 256/412/213 257/405/213
f 253/407/214 260/618/214 259/408/214
f 253/410/215 255/404/215 258/406/215
f 254/409/216 259/408/216 257/405/216
f 263/416/219 264/424/219 265/417/219
f 261/419/220 268/423/220 267/420/220
f 261/619/221 263/416/221 266/418/221
f 262/421/222 267/420/222 265/417/222
f 151/226/223 275/430/223 273/425/223
f 140/213/224 272/439/224 271/620/224
f 178/271/225 282/621/225 284/427/225
f 188/285/226 288/443/226 287/428/226
f 152/229/227 276/444/227 275/622/227
f 179/269/228 283/435/228 281/431/228
f 185/279/229 285/445/229 286/432/229
f 149/223/230 273/425/230 274/433/230
f 170/254/231 278/442/231 280/434/231
f 180/272/232 284/427/232 283/435/232
f 138/200/233 271/426/233 269/436/233
f 171/256/223 279/441/223 277/437/223
f 177/266/234 281/431/234 282/438/234
f 136/207/235 270/446/235 272/439/235
f 172/440/227 280/623/227 279/441/227
f 169/253/230 277/437/230 278/442/230
f 186/280/236 286/432/236 288/624/236
f 150/224/231 274/433/231 276/444/231
f 187/282/237 287/428/237 285/445/237
f 134/201/238 269/436/238 270/446/238
f 290/447/326 292/450/326 291/448/326
f 292/450/66 296/452/66 295/451/66
f 296/452/327 294/454/327 293/453/327
f 294/454/241 290/625/241 289/455/241
f 295/451/242 293/453/242 289/456/242
f 292/458/243 290/626/243 294/454/243
f 328/459/328 327/627/328 325/460/328
f 325/460/245 321/463/245 322/462/245
f 321/463/246 323/465/246 324/464/246
f 323/465/247 327/628/247 328/466/247
f 322/462/248 324/464/248 328/467/248
f 325/469/249 327/629/249 323/465/249
f 319/470/250 317/630/250 318/471/250
f 318/471/251 317/630/251 313/473/251
f 314/474/252 313/473/252 315/475/252
f 315/475/253 319/631/253 320/477/253
f 318/478/254 314/474/254 316/476/254
f 317/480/255 319/632/255 315/475/255
f 306/481/256 308/484/256 307/482/256
f 308/484/257 312/493/257 311/485/257
f 311/485/258 312/493/258 310/486/258
f 309/487/259 310/486/259 306/488/259
f 311/485/260 309/487/260 305/490/260
f 308/492/261 306/633/261 310/486/261
f 303/494/262 301/634/262 302/495/262
f 302/495/263 301/634/263 297/497/263
f 297/497/264 299/500/264 300/499/264
f 299/500/265 303/635/265 304/501/265
f 298/498/266 300/499/266 304/502/266
f 297/497/267 301/636/267 303/504/267
f 329/505/268 342/519/268 341/506/268
f 331/507/269 341/506/269 343/508/269
f 343/508/270 344/521/270 335/510/270
f 335/510/271 344/521/271 345/511/271
f 334/515/272 332/518/272 338/513/272
f 332/518/272 330/520/272 338/513/272
f 330/520/272 340/522/272 338/513/272
f 345/511/273 346/517/273 339/516/273
f 346/517/274 342/519/274 329/505/274
f 332/518/275 341/506/275 342/519/275
f 334/515/276 343/508/276 341/506/276
f 336/514/277 344/521/277 343/508/277
f 338/513/278 345/511/278 344/521/278
f 338/513/279 340/522/279 346/517/279
f 340/522/280 330/520/280 342/519/280
f 163/523/281 349/637/281 350/524/281
f 157/236/329 555/638/329 557/639/329
f 161/246/283 162/244/283 348/527/283
f 162/244/330 164/245/330 350/524/330
f 352/529/285 354/532/285 353/530/285
f 354/532/291 358/640/291 357/533/291
f 357/533/287 358/640/287 356/534/287
f 357/533/288 355/535/288 351/531/288
f 352/536/331 733/641/331 734/642/331
f 360/539/290 362/542/290 361/540/290
f 362/542/286 366/643/286 365/543/286
f 365/543/292 366/643/292 364/544/292
f 361/540/293 365/543/293 363/545/293
f 364/644/332 366/645/332 739/646/332
f 368/549/333 370/552/333 369/550/333
f 370/552/291 374/647/291 373/553/291
f 373/553/334 374/647/334 372/554/334
f 373/553/297 371/555/297 367/551/297
f 372/648/335 744/649/335 741/650/335
f 376/559/299 378/562/299 377/560/299
f 378/562/286 382/651/286 381/563/286
f 381/563/301 382/651/301 380/564/301
f 377/560/302 381/563/302 379/565/302
f 380/652/336 747/653/336 748/654/336
f 384/569/337 386/572/337 385/570/337
f 386/572/338 390/655/338 389/573/338
f 389/573/339 390/655/339 388/574/339
f 389/573/340 387/575/340 383/571/340
f 390/577/341 386/656/341 750/657/341
f 392/579/309 394/582/309 393/580/309
f 394/582/342 398/658/342 397/583/342
f 397/583/343 398/658/343 396/584/343
f 393/580/312 397/583/312 395/585/312
f 396/659/344 398/660/344 755/661/344
f 402/589/314 407/591/314 401/592/314
f 402/589/315 405/593/315 406/662/315
f 405/593/316 404/595/316 406/662/316
f 405/593/345 399/596/345 403/594/345
f 406/597/346 400/599/346 402/603/346
f 409/600/319 407/591/319 410/590/319
f 400/602/320 408/601/320 409/600/320
f 402/603/347 409/604/347 410/663/347
f 401/592/348 408/601/348 399/596/348
f 80/1/349 32/82/349 4/2/349
f 38/4/350 20/8/350 3/5/350
f 38/4/351 44/9/351 19/7/351
f 44/9/352 50/11/352 18/10/352
f 50/11/353 56/13/353 17/12/353
f 56/13/354 62/16/354 16/14/354
f 68/15/355 15/18/355 16/14/355
f 74/17/356 14/19/356 15/18/356
f 80/1/357 13/3/357 14/19/357
f 12/20/358 75/23/358 69/21/358
f 75/23/359 76/25/359 70/24/359
f 76/25/360 77/27/360 71/26/360
f 77/27/361 78/29/361 72/28/361
f 78/29/362 79/31/362 73/30/362
f 79/31/363 80/1/363 74/17/363
f 11/22/364 69/21/364 63/32/364
f 69/21/365 70/24/365 64/34/365
f 70/24/366 71/26/366 65/35/366
f 71/26/367 72/28/367 66/36/367
f 72/28/368 73/30/368 67/37/368
f 73/30/369 74/17/369 68/15/369
f 10/33/370 63/32/370 57/38/370
f 63/32/371 64/34/371 58/40/371
f 64/34/372 65/35/372 59/41/372
f 65/35/373 66/36/373 60/42/373
f 66/36/374 67/37/374 61/43/374
f 67/37/375 68/15/375 62/16/375
f 8/44/376 9/39/376 57/38/376
f 57/38/377 58/40/377 52/46/377
f 52/46/378 58/40/378 59/41/378
f 59/41/379 60/42/379 54/48/379
f 54/48/380 60/42/380 61/43/380
f 61/50/381 62/664/381 56/51/381
f 7/53/382 8/44/382 51/45/382
f 45/54/383 51/45/383 52/46/383
f 46/55/384 52/46/384 53/47/384
f 47/56/385 53/47/385 54/48/385
f 48/57/386 54/48/386 55/49/386
f 49/58/387 55/49/387 56/13/387
f 6/59/388 7/53/388 45/54/388
f 39/60/389 45/54/389 46/55/389
f 40/61/390 46/55/390 47/56/390
f 41/62/391 47/56/391 48/57/391
f 42/63/392 48/57/392 49/58/392
f 43/64/393 49/58/393 50/11/393
f 5/65/394 6/59/394 39/60/394
f 33/66/395 39/60/395 40/61/395
f 34/67/396 40/61/396 41/62/396
f 35/68/397 41/62/397 42/63/397
f 36/69/398 42/63/398 43/64/398
f 37/70/399 43/64/399 44/9/399
f 5/65/400 33/66/400 26/71/400
f 33/66/401 34/67/401 25/73/401
f 34/67/402 35/68/402 24/74/402
f 35/68/403 36/69/403 23/75/403
f 36/69/404 37/70/404 22/76/404
f 37/70/405 38/4/405 21/6/405
f 12/20/406 2/665/406 27/77/406
f 75/23/407 27/77/407 28/78/407
f 76/25/408 28/78/408 29/79/408
f 77/27/409 29/79/409 30/80/409
f 78/29/410 30/80/410 31/81/410
f 79/31/411 31/81/411 32/82/411
f 28/78/412 433/79/412 29/79/412
f 14/19/413 419/18/413 15/18/413
f 22/76/414 425/6/414 426/76/414
f 29/79/415 434/80/415 30/80/415
f 1/72/416 430/71/416 413/72/416
f 15/18/417 420/14/417 16/14/417
f 23/75/418 426/76/418 427/75/418
f 30/80/419 435/81/419 31/81/419
f 16/14/420 421/12/420 17/12/420
f 24/74/421 427/75/421 428/74/421
f 31/81/422 436/82/422 32/82/422
f 4/2/423 436/82/423 416/2/423
f 18/10/424 421/12/424 422/10/424
f 25/73/425 428/74/425 429/73/425
f 3/5/426 424/8/426 415/5/426
f 19/7/427 422/10/427 423/7/427
f 26/71/428 429/73/428 430/71/428
f 20/8/429 423/7/429 424/8/429
f 2/665/430 431/77/430 27/77/430
f 4/2/431 417/3/431 13/3/431
f 27/77/432 432/78/432 28/78/432
f 13/3/433 418/19/433 14/19/433
f 3/5/434 425/6/434 21/6/434
f 28/78/412 432/78/412 433/79/412
f 14/19/413 418/19/413 419/18/413
f 22/76/414 21/6/414 425/6/414
f 29/79/415 433/79/415 434/80/415
f 1/72/435 26/71/435 430/71/435
f 15/18/417 419/18/417 420/14/417
f 23/75/418 22/76/418 426/76/418
f 30/80/419 434/80/419 435/81/419
f 16/14/420 420/14/420 421/12/420
f 24/74/421 23/75/421 427/75/421
f 31/81/422 435/81/422 436/82/422
f 4/2/423 32/82/423 436/82/423
f 18/10/424 17/12/424 421/12/424
f 25/73/425 24/74/425 428/74/425
f 3/5/426 20/8/426 424/8/426
f 19/7/436 18/10/436 422/10/436
f 26/71/428 25/73/428 429/73/428
f 20/8/429 19/7/429 423/7/429
f 2/665/437 414/665/437 431/77/437
f 4/2/431 416/2/431 417/3/431
f 27/77/432 431/77/432 432/78/432
f 13/3/433 417/3/433 418/19/433
f 3/5/434 415/5/434 425/6/434
s 1
f 437/666/438 440/667/439 439/668/440
f 440/667/439 441/669/441 439/668/440
f 442/670/442 443/671/443 441/669/441
f 443/671/443 446/672/444 445/673/445
f 438/674/446 604/675/447 440/676/439
f 446/672/444 447/677/448 445/673/445
f 448/678/449 437/679/438 447/677/448
f 603/680/450 617/681/451 604/675/447
s 0
f 461/44/452 453/53/452 454/44/452
f 467/65/453 449/72/453 451/65/453
f 478/682/454 458/20/454 473/20/454
f 484/665/455 460/665/455 479/665/455
f 473/20/456 450/665/456 484/665/456
f 485/39/457 454/44/457 455/39/457
f 488/59/458 451/65/458 452/59/458
f 485/39/459 456/33/459 491/33/459
f 466/53/460 452/59/460 453/53/460
f 472/683/461 459/72/461 449/72/461
f 491/33/462 457/22/462 478/682/462
f 11/22/463 493/684/463 476/22/463
f 493/684/464 477/682/464 476/22/464
f 492/684/464 478/682/464 477/682/464
f 413/72/465 470/72/465 1/72/465
f 494/72/466 471/685/466 470/72/466
f 495/685/466 472/683/466 471/685/466
f 6/59/467 464/53/467 7/53/467
f 490/686/468 465/687/468 464/53/468
f 489/686/468 466/53/468 465/687/468
f 10/33/469 487/688/469 493/684/469
f 487/688/470 492/684/470 493/684/470
f 486/688/470 491/33/470 492/684/470
f 5/65/471 490/686/471 6/59/471
f 469/689/472 489/686/472 490/686/472
f 468/689/472 488/59/472 489/686/472
f 8/44/473 487/688/473 9/39/473
f 463/44/474 486/688/474 487/688/474
f 462/44/474 485/39/474 486/688/474
f 2/665/475 475/690/475 482/665/475
f 475/690/476 483/665/476 482/665/476
f 474/690/476 484/665/476 483/665/476
f 414/665/477 482/665/477 481/665/477
f 482/665/478 480/665/478 481/665/478
f 483/665/478 479/665/478 480/665/478
f 12/20/479 476/22/479 475/690/479
f 476/22/480 474/690/480 475/690/480
f 477/682/480 473/20/480 474/690/480
f 1/72/481 469/689/481 5/65/481
f 470/72/482 468/689/482 469/689/482
f 471/685/482 467/65/482 468/689/482
f 7/53/483 463/44/483 8/44/483
f 464/53/484 462/44/484 463/44/484
f 465/687/484 461/44/484 462/44/484
f 449/72/485 459/72/485 497/72/485
f 455/39/486 504/33/486 456/33/486
f 453/53/487 500/59/487 501/53/487
f 460/665/488 450/665/488 498/665/488
f 458/20/489 498/665/489 450/665/489
f 456/33/490 505/22/490 457/22/490
f 454/44/491 501/53/491 502/44/491
f 451/65/492 497/72/492 499/65/492
f 457/22/493 506/20/493 458/20/493
f 454/44/494 503/39/494 455/39/494
f 452/59/495 499/65/495 500/59/495
f 511/691/496 509/692/497 510/693/498
f 508/694/499 511/691/500 510/693/501
f 512/695/502 513/696/503 509/692/504
f 519/697/505 517/698/505 524/699/505
f 514/700/506 515/701/507 513/696/508
f 521/702/509 526/703/509 525/704/509
f 517/698/510 522/705/510 521/702/510
f 516/706/511 520/707/511 515/701/511
f 523/708/512 524/709/512 520/710/512
f 525/704/513 528/711/513 527/712/513
f 527/712/514 530/713/514 529/714/514
f 529/715/515 531/716/515 527/717/515
f 532/718/272 533/719/272 531/716/272
f 511/691/516 512/695/517 509/692/518
f 508/694/519 507/720/520 511/691/521
f 512/695/522 514/700/523 513/696/524
f 519/697/525 518/721/525 517/698/525
f 514/700/526 516/706/527 515/701/528
f 521/702/529 522/705/529 526/703/529
f 517/698/530 518/721/530 522/705/530
f 516/706/531 523/722/531 520/707/531
f 523/708/532 519/723/532 524/709/532
f 525/704/533 526/703/533 528/711/533
f 527/712/534 528/711/534 530/713/534
f 529/715/535 532/718/535 531/716/535
f 532/718/272 534/724/272 533/719/272
f 115/165/536 520/197/536 524/725/536
f 131/146/537 529/193/537 125/726/537
f 538/727/272 536/728/272 535/729/272
f 538/727/272 537/730/272 536/728/272
f 542/731/272 540/732/272 539/733/272
f 542/731/272 541/734/272 540/732/272
f 546/735/272 544/734/272 543/736/272
f 546/735/272 545/732/272 544/734/272
f 550/737/272 548/738/272 547/739/272
f 550/737/272 549/732/272 548/738/272
f 554/740/272 552/741/272 551/742/272
f 554/740/272 553/743/272 552/741/272
f 145/277/538 540/744/538 147/745/538
f 183/216/539 553/746/539 184/747/539
f 147/745/540 541/215/540 148/748/540
f 173/249/541 548/749/541 175/220/541
f 184/747/542 554/750/542 182/751/542
f 135/212/543 535/752/543 133/261/543
f 137/263/544 537/753/544 139/210/544
f 148/748/545 542/754/545 146/275/545
f 175/220/546 549/755/546 176/250/546
f 182/751/547 551/756/547 181/214/547
f 121/86/548 117/188/548 525/87/548
f 100/99/549 109/182/549 523/100/549
f 84/105/74 509/109/74 513/106/74
f 84/105/75 87/183/75 510/108/75
f 124/112/550 528/185/550 526/113/550
f 141/123/551 129/195/551 531/124/551
f 85/127/552 89/191/552 507/128/552
f 105/134/553 101/166/553 517/135/553
f 143/144/554 534/186/554 532/145/554
f 104/147/555 108/189/555 522/148/555
f 115/165/556 524/725/556 517/135/556
f 93/107/105 513/106/105 515/171/105
f 100/99/557 516/101/557 514/174/557
f 82/177/108 512/198/108 511/178/108
f 113/181/558 519/202/558 523/100/558
f 87/183/110 85/127/110 508/129/110
f 128/184/559 530/194/559 528/185/559
f 141/123/560 533/125/560 534/186/560
f 117/188/561 105/134/561 521/136/561
f 120/114/562 526/113/562 522/148/562
f 91/179/563 511/178/563 507/128/563
f 128/184/564 125/726/564 529/193/564
f 129/195/565 121/86/565 527/88/565
f 110/196/566 97/172/566 515/171/566
f 96/175/119 514/174/119 512/198/119
f 104/147/567 518/149/567 519/202/567
f 139/210/124 537/753/124 538/211/124
f 181/214/126 551/756/126 552/215/126
f 166/217/127 546/221/127 543/218/127
f 168/220/128 545/251/128 546/221/128
f 174/247/145 550/264/145 547/248/145
f 167/250/146 544/274/146 545/251/146
f 133/261/151 535/752/151 536/262/151
f 176/250/152 549/755/152 550/264/152
f 165/219/157 543/218/157 544/274/157
f 146/275/158 542/754/158 539/276/158
s 1
f 437/666/438 438/757/446 440/667/439
f 440/667/439 442/670/442 441/669/441
f 442/670/442 444/758/568 443/671/443
f 443/671/443 444/758/568 446/672/444
f 448/759/449 607/760/569 608/761/570
f 440/676/439 605/762/571 442/763/442
f 446/764/444 606/765/572 607/760/569
f 446/672/444 448/678/449 447/677/448
f 448/678/449 438/766/446 437/679/438
f 607/760/569 619/767/573 608/761/570
f 448/759/449 603/680/450 438/674/446
f 444/768/568 605/762/571 606/765/572
s 0
f 461/44/574 466/53/574 453/53/574
f 467/65/575 472/683/575 449/72/575
f 478/682/576 457/22/576 458/20/576
f 484/665/577 450/665/577 460/665/577
f 473/20/578 458/20/578 450/665/578
f 485/39/579 461/44/579 454/44/579
f 488/59/580 467/65/580 451/65/580
f 485/39/581 455/39/581 456/33/581
f 466/53/582 488/59/582 452/59/582
f 472/683/583 496/683/583 459/72/583
f 491/33/584 456/33/584 457/22/584
f 11/22/585 10/33/585 493/684/585
f 493/684/464 492/684/464 477/682/464
f 492/684/464 491/33/464 478/682/464
f 413/72/586 494/72/586 470/72/586
f 494/72/466 495/685/466 471/685/466
f 495/685/466 496/683/466 472/683/466
f 6/59/587 490/686/587 464/53/587
f 490/686/468 489/686/468 465/687/468
f 489/686/468 488/59/468 466/53/468
f 10/33/588 9/39/588 487/688/588
f 487/688/470 486/688/470 492/684/470
f 486/688/470 485/39/470 491/33/470
f 5/65/589 469/689/589 490/686/589
f 469/689/472 468/689/472 489/686/472
f 468/689/472 467/65/472 488/59/472
f 8/44/590 463/44/590 487/688/590
f 463/44/474 462/44/474 486/688/474
f 462/44/474 461/44/474 485/39/474
f 2/665/591 12/20/591 475/690/591
f 475/690/476 474/690/476 483/665/476
f 474/690/476 473/20/476 484/665/476
f 414/665/592 2/665/592 482/665/592
f 482/665/478 483/665/478 480/665/478
f 483/665/478 484/665/478 479/665/478
f 12/20/593 11/22/593 476/22/593
f 476/22/480 477/682/480 474/690/480
f 477/682/480 478/682/480 473/20/480
f 1/72/594 470/72/594 469/689/594
f 470/72/482 471/685/482 468/689/482
f 471/685/482 472/683/482 467/65/482
f 7/53/595 464/53/595 463/44/595
f 464/53/484 465/687/484 462/44/484
f 465/687/484 466/53/484 461/44/484
f 455/39/486 503/39/486 504/33/486
f 453/53/487 452/59/487 500/59/487
f 458/20/489 506/20/489 498/665/489
f 456/33/490 504/33/490 505/22/490
f 454/44/491 453/53/491 501/53/491
f 451/65/492 449/72/492 497/72/492
f 457/22/493 505/22/493 506/20/493
f 454/44/494 502/44/494 503/39/494
f 452/59/495 451/65/495 499/65/495
f 115/165/596 110/196/596 520/197/596
f 131/146/597 532/145/597 529/193/597
f 145/277/538 539/276/538 540/744/538
f 183/216/539 552/215/539 553/746/539
f 147/745/540 540/744/540 541/215/540
f 173/249/541 547/248/541 548/749/541
f 184/747/542 553/746/542 554/750/542
f 135/212/543 538/211/543 535/752/543
f 137/263/544 536/262/544 537/753/544
f 148/748/545 541/215/545 542/754/545
f 175/220/546 548/749/546 549/755/546
f 182/751/547 554/750/547 551/756/547
f 556/769/598 557/770/598 555/771/598
f 556/769/599 558/772/599 557/770/599
f 556/769/600 559/773/600 560/774/600
f 559/773/601 562/775/601 560/774/601
f 556/769/602 555/771/602 559/773/602
f 559/773/603 561/776/603 562/775/603
f 349/777/604 560/526/604 562/778/604
f 153/779/605 559/606/605 555/638/605
f 566/780/272 564/781/272 563/782/272
f 566/780/272 565/783/272 564/781/272
f 570/784/272 568/785/272 567/786/272
f 570/784/272 569/787/272 568/785/272
f 574/788/272 572/789/272 571/790/272
f 574/788/272 573/791/272 572/789/272
f 578/792/272 576/793/272 575/794/272
f 578/792/272 577/795/272 576/793/272
f 582/796/272 580/797/272 579/798/272
f 582/796/272 581/799/272 580/797/272
f 586/800/272 584/783/272 583/801/272
f 586/800/272 585/802/272 584/783/272
f 590/803/272 588/804/272 587/805/272
f 590/803/272 589/806/272 588/804/272
f 594/807/272 592/808/272 591/809/272
f 594/807/272 593/810/272 592/808/272
f 598/811/272 596/812/272 595/813/272
f 598/811/272 597/814/272 596/812/272
f 602/815/272 600/816/272 599/817/272
f 602/815/272 601/818/272 600/816/272
f 254/349/606 595/414/606 253/819/606
f 216/820/607 576/337/607 577/821/607
f 232/332/608 586/822/608 230/823/608
f 191/350/609 563/824/609 564/825/609
f 246/322/610 591/403/610 245/826/610
f 208/827/611 572/319/611 573/828/611
f 224/302/612 582/829/612 222/830/612
f 238/292/613 587/390/613 237/831/613
f 200/832/614 568/289/614 569/833/614
f 216/820/615 578/834/615 214/835/615
f 230/823/616 583/377/616 229/836/616
f 192/375/617 564/825/617 565/837/617
f 208/827/618 574/838/618 206/839/618
f 222/830/619 579/362/619 221/840/619
f 200/832/620 570/841/620 198/842/620
f 214/835/621 575/336/621 213/843/621
f 192/375/622 566/844/622 190/845/622
f 206/839/623 571/318/623 205/846/623
f 198/842/624 567/288/624 197/847/624
f 190/845/625 563/824/625 189/848/625
s 1
f 605/762/571 615/849/626 606/765/572
f 606/765/572 620/850/627 607/760/569
f 603/680/450 619/767/573 618/851/628
f 605/762/571 617/681/451 616/852/629
f 609/853/630 614/854/631 613/855/632
f 612/856/633 616/852/629 611/857/634
f 610/858/635 616/852/629 617/681/451
f 610/858/635 618/851/628 609/853/630
f 614/854/631 618/851/628 619/767/573
f 613/855/632 619/767/573 620/850/627
f 613/855/632 615/849/626 612/856/633
f 638/677/636 625/673/637 627/859/638
f 639/860/639 622/861/640 621/666/641
f 651/862/642 624/671/643 623/669/642
f 639/863/639 626/677/644 638/677/636
f 662/864/645 625/673/637 624/671/643
f 651/862/642 622/861/640 650/865/646
f 441/669/647 645/668/648 439/668/649
f 645/668/648 655/866/650 646/668/651
f 655/866/650 647/861/652 646/668/651
f 647/861/652 653/669/653 648/865/654
f 653/669/653 649/865/655 648/865/654
f 652/862/656 650/865/657 649/865/655
f 445/673/637 657/867/658 443/671/643
f 657/867/659 631/868/660 658/869/661
f 631/868/662 659/867/663 658/869/664
f 659/867/665 629/868/637 660/671/666
f 629/868/637 661/864/667 660/671/668
f 628/859/669 662/864/670 661/864/671
f 447/677/672 644/870/673 633/871/674
f 633/871/675 643/872/676 634/677/677
f 643/872/678 635/873/679 634/677/680
f 635/873/681 641/679/682 636/677/683
f 636/677/684 640/872/685 637/873/686
f 640/872/687 638/677/688 637/873/689
f 441/669/647 657/867/658 656/874/690
f 656/874/690 658/869/661 655/866/650
f 655/866/650 659/867/663 654/669/691
f 654/669/691 660/671/666 653/669/653
f 653/669/653 661/864/667 652/862/656
f 652/862/656 662/864/670 651/862/692
f 437/666/693 645/668/648 644/875/673
f 645/668/648 643/875/676 644/875/694
f 646/668/651 642/666/695 643/875/678
f 647/861/652 641/666/682 642/666/696
f 648/865/654 640/876/685 641/666/697
f 649/865/655 639/860/698 640/876/687
f 447/677/672 632/868/699 445/673/637
f 633/871/675 631/868/660 632/868/700
f 631/868/662 635/873/679 630/868/701
f 635/873/681 629/868/637 630/868/702
f 629/868/637 637/873/686 628/859/703
f 637/873/689 627/859/704 628/859/669
f 639/877/705 666/878/706 665/879/707
f 651/880/708 666/878/706 650/881/709
f 662/882/710 667/883/711 651/880/708
f 639/877/705 664/884/712 638/885/713
f 638/885/713 663/886/714 627/887/715
f 662/882/710 663/886/714 668/888/716
f 665/879/707 672/889/717 671/890/718
f 665/879/707 670/891/719 664/884/712
f 666/878/706 673/892/720 672/889/717
f 664/884/712 669/893/721 663/886/714
f 667/883/711 674/894/722 673/892/720
f 668/888/716 669/893/721 674/894/722
f 637/895/723 640/896/724 677/897/725
f 628/898/726 637/895/723 676/899/727
f 628/898/726 675/900/728 678/901/729
f 649/902/730 677/897/725 640/896/724
f 661/903/731 678/901/729 652/904/732
f 676/899/727 677/897/725 681/905/733
f 675/900/728 676/899/727 680/906/734
f 678/901/729 682/907/735 652/908/732
f 675/900/728 679/909/736 682/907/735
f 649/910/730 681/905/733 677/897/725
f 648/911/737 685/912/738 641/913/739
f 660/914/740 686/915/741 653/916/742
f 636/917/743 641/913/739 685/912/738
f 636/917/743 684/918/744 683/919/745
f 660/914/740 629/920/746 683/919/745
f 686/915/741 690/921/747 653/922/742
f 686/915/741 683/919/745 687/923/748
f 648/924/737 689/925/749 685/912/738
f 684/918/744 685/912/738 689/925/749
f 684/918/744 688/926/750 687/923/748
f 642/927/751 693/928/752 692/929/753
f 630/930/754 635/931/755 692/929/753
f 630/930/754 691/932/756 694/933/757
f 647/934/758 693/928/752 642/927/751
f 659/935/759 694/933/757 654/936/760
f 691/932/756 695/937/761 698/938/762
f 647/939/758 697/940/763 693/928/752
f 693/928/752 697/940/763 696/941/764
f 691/932/756 692/929/753 696/941/764
f 694/933/757 698/938/762 654/942/760
f 658/943/765 631/944/766 699/945/767
f 646/946/768 701/947/769 643/948/770
f 658/943/765 702/949/771 655/950/772
f 634/951/773 643/948/770 701/947/769
f 634/951/773 700/952/774 699/945/767
f 646/953/768 705/954/775 701/947/769
f 700/952/774 701/947/769 705/954/775
f 700/952/774 704/955/776 703/956/777
f 702/949/771 706/957/778 655/958/772
f 702/949/771 699/945/767 703/956/777
f 633/959/779 644/960/780 709/961/781
f 633/959/779 708/962/782 707/963/783
f 632/964/784 707/963/783 710/965/785
f 645/966/786 709/961/781 644/960/780
f 657/967/787 710/965/785 656/968/788
f 708/962/782 709/961/781 713/969/789
f 708/962/782 712/970/790 711/971/791
f 710/965/785 714/972/792 656/973/788
f 707/963/783 711/971/791 714/972/792
f 645/974/786 713/969/789 709/961/781
f 443/975/793 718/976/794 717/977/795
f 447/978/796 437/979/797 715/980/798
f 445/981/799 719/982/800 718/976/794
f 439/983/801 441/984/802 717/977/795
f 445/981/799 447/978/796 720/985/803
f 439/983/801 716/986/804 715/980/798
f 716/986/804 722/987/805 721/988/806
f 720/985/803 715/980/798 721/988/806
f 719/982/800 725/989/807 724/990/808
f 716/986/804 717/977/795 723/991/809
f 719/982/800 720/985/803 726/992/810
f 718/976/794 724/990/808 723/991/809
f 726/992/810 732/993/811 731/994/812
f 723/991/809 724/990/808 730/995/813
f 721/988/806 722/987/805 728/996/814
f 721/988/806 727/997/815 732/993/811
f 724/990/808 725/989/807 731/994/812
f 723/991/809 729/998/816 728/996/814
s 0
f 734/999/817 736/1000/817 735/1001/817
f 734/999/817 733/1002/817 736/1000/817
f 358/1003/818 354/1004/818 734/642/818
f 356/537/819 358/1003/819 735/1005/819
f 738/1006/820 740/1007/820 739/1008/820
f 738/1006/820 737/1009/820 740/1007/820
f 364/644/821 740/1010/821 737/547/821
f 366/645/822 362/1011/822 738/548/822
f 742/1012/823 744/1013/823 743/1014/823
f 742/1012/823 741/1015/823 744/1013/823
f 372/648/824 374/556/824 743/1016/824
f 368/1017/825 741/650/825 742/558/825
f 746/1018/826 748/1019/826 747/1020/826
f 746/1018/826 745/1000/826 748/1019/826
f 380/652/827 745/567/827 376/1021/827
f 378/566/828 747/653/828 382/1022/828
f 750/1023/829 752/1024/829 751/1025/829
f 750/1023/830 749/1026/830 752/1024/830
f 384/1027/831 749/1028/831 750/657/831
f 388/576/832 752/1029/832 749/1028/832
f 754/1030/833 756/1031/833 755/1032/833
f 754/1030/833 753/1033/833 756/1031/833
f 392/586/834 396/659/834 756/1034/834
f 398/660/835 394/1035/835 754/588/835
f 157/236/836 557/639/836 558/237/836
f 155/241/837 159/238/837 558/237/837
f 199/287/163 197/847/163 567/288/163
f 240/290/164 589/351/164 590/291/164
f 224/302/169 223/361/169 580/303/169
f 262/305/838 602/364/838 599/306/838
f 207/317/175 205/846/175 571/318/175
f 248/320/176 593/375/176 594/321/176
f 232/332/181 231/376/181 584/333/181
f 215/335/182 213/843/182 575/336/182
f 256/347/187 597/388/187 598/348/187
f 240/290/188 239/389/188 588/350/188
f 223/361/193 221/840/193 579/362/193
f 264/363/194 601/401/194 602/364/194
f 248/320/199 247/402/199 592/374/199
f 231/376/200 229/836/200 583/377/200
f 256/347/839 255/413/839 596/387/839
f 239/389/206 237/831/206 587/390/206
f 264/363/840 263/415/840 600/400/840
f 247/402/212 245/826/212 591/403/212
f 255/413/217 253/819/217 595/414/217
f 263/415/218 261/307/218 599/306/218
f 163/525/841 155/241/841 556/242/841
f 352/536/842 736/538/842 733/641/842
f 360/546/294 738/548/294 362/1011/294
f 374/556/298 742/558/298 743/1016/298
f 378/566/843 376/1021/843 745/567/843
f 388/576/308 751/578/308 752/1029/308
f 392/586/313 754/588/313 394/1035/313
f 347/605/844 561/1036/844 559/606/844
f 157/236/845 153/779/845 555/638/845
f 352/536/331 734/642/331 354/1004/331
f 364/644/332 739/646/332 740/1010/332
f 372/648/335 741/650/335 368/1017/335
f 380/652/336 382/1022/336 747/653/336
f 390/577/341 750/657/341 751/578/341
f 396/659/344 755/661/344 756/1034/344
s 1
f 438/674/446 603/680/450 604/675/447
f 603/680/450 618/851/628 617/681/451
f 448/759/449 446/764/444 607/760/569
f 440/676/439 604/675/447 605/762/571
f 446/764/444 444/768/568 606/765/572
f 607/760/569 620/850/627 619/767/573
f 448/759/449 608/761/570 603/680/450
f 444/768/568 442/763/442 605/762/571
s 0
f 349/777/846 163/525/846 560/526/846
f 153/779/847 161/607/847 559/606/847
f 254/349/606 598/348/606 595/414/606
f 216/820/607 215/335/607 576/337/607
f 232/332/608 585/334/608 586/822/608
f 191/350/609 189/848/609 563/824/609
f 246/322/610 594/321/610 591/403/610
f 208/827/611 207/317/611 572/319/611
f 224/302/612 581/304/612 582/829/612
f 238/292/613 590/291/613 587/390/613
f 200/832/614 199/287/614 568/289/614
f 216/820/848 577/821/848 578/834/848
f 230/823/616 586/822/616 583/377/616
f 192/375/617 191/350/617 564/825/617
f 208/827/618 573/828/618 574/838/618
f 222/830/619 582/829/619 579/362/619
f 200/832/620 569/833/620 570/841/620
f 214/835/849 578/834/849 575/336/849
f 192/375/622 565/837/622 566/844/622
f 206/839/623 574/838/623 571/318/623
f 198/842/624 570/841/624 567/288/624
f 190/845/625 566/844/625 563/824/625
s 1
f 605/762/571 616/852/629 615/849/626
f 606/765/572 615/849/626 620/850/627
f 603/680/450 608/761/570 619/767/573
f 605/762/571 604/675/447 617/681/451
f 613/855/632 612/856/633 609/853/630
f 612/856/633 611/857/634 609/853/630
f 611/857/634 610/858/635 609/853/630
f 612/856/633 615/849/626 616/852/629
f 610/858/635 611/857/634 616/852/629
f 610/858/635 617/681/451 618/851/628
f 614/854/631 609/853/630 618/851/628
f 613/855/632 614/854/631 619/767/573
f 613/855/632 620/850/627 615/849/626
f 638/677/636 626/677/644 625/673/637
f 639/860/639 650/865/646 622/861/640
f 651/862/642 662/864/645 624/671/643
f 639/863/639 621/679/641 626/677/644
f 662/864/645 627/859/638 625/673/637
f 651/862/642 623/669/642 622/861/640
f 441/669/647 656/874/690 645/668/648
f 645/668/648 656/874/690 655/866/650
f 655/866/650 654/669/691 647/861/652
f 647/861/652 654/669/691 653/669/653
f 653/669/653 652/862/656 649/865/655
f 652/862/656 651/862/692 650/865/657
f 445/673/637 632/868/699 657/867/658
f 657/867/659 632/868/700 631/868/660
f 631/868/662 630/868/701 659/867/663
f 659/867/665 630/868/702 629/868/637
f 629/868/637 628/859/703 661/864/667
f 628/859/669 627/859/704 662/864/670
f 447/677/672 437/679/693 644/870/673
f 633/871/675 644/870/694 643/872/676
f 643/872/678 642/679/695 635/873/679
f 635/873/681 642/679/696 641/679/682
f 636/677/684 641/679/697 640/872/685
f 640/872/687 639/863/698 638/677/688
f 441/669/647 443/671/643 657/867/658
f 656/874/690 657/867/659 658/869/661
f 655/866/650 658/869/664 659/867/663
f 654/669/691 659/867/665 660/671/666
f 653/669/653 660/671/668 661/864/667
f 652/862/656 661/864/671 662/864/670
f 437/666/693 439/668/649 645/668/648
f 645/668/648 646/668/651 643/875/676
f 646/668/651 647/861/652 642/666/695
f 647/861/652 648/865/654 641/666/682
f 648/865/654 649/865/655 640/876/685
f 649/865/655 650/865/657 639/860/698
f 447/677/672 633/871/674 632/868/699
f 633/871/675 634/677/677 631/868/660
f 631/868/662 634/677/680 635/873/679
f 635/873/681 636/677/683 629/868/637
f 629/868/637 636/677/684 637/873/686
f 637/873/689 638/677/688 627/859/704
f 639/877/705 650/881/709 666/878/706
f 651/880/708 667/883/711 666/878/706
f 662/882/710 668/888/716 667/883/711
f 639/877/705 665/879/707 664/884/712
f 638/885/713 664/884/712 663/886/714
f 662/882/710 627/887/715 663/886/714
f 665/879/707 666/878/706 672/889/717
f 665/879/707 671/890/718 670/891/719
f 666/878/706 667/883/711 673/892/720
f 664/884/712 670/891/719 669/893/721
f 667/883/711 668/888/716 674/894/722
f 668/888/716 663/886/714 669/893/721
f 637/895/723 677/897/725 676/899/727
f 628/898/726 676/899/727 675/900/728
f 628/898/726 678/901/729 661/903/731
f 676/899/727 681/905/733 680/906/734
f 675/900/728 680/906/734 679/909/736
f 675/900/728 682/907/735 678/901/729
f 636/917/743 685/912/738 684/918/744
f 636/917/743 683/919/745 629/920/746
f 660/914/740 683/919/745 686/915/741
f 686/915/741 687/923/748 690/921/747
f 684/918/744 689/925/749 688/926/750
f 684/918/744 687/923/748 683/919/745
f 642/927/751 692/929/753 635/931/755
f 630/930/754 692/929/753 691/932/756
f 630/930/754 694/933/757 659/935/759
f 691/932/756 698/938/762 694/933/757
f 693/928/752 696/941/764 692/929/753
f 691/932/756 696/941/764 695/937/761
f 658/943/765 699/945/767 702/949/771
f 634/951/773 701/947/769 700/952/774
f 634/951/773 699/945/767 631/944/766
f 700/952/774 705/954/775 704/955/776
f 700/952/774 703/956/777 699/945/767
f 702/949/771 703/956/777 706/957/778
f 633/959/779 709/961/781 708/962/782
f 633/959/779 707/963/783 632/964/784
f 632/964/784 710/965/785 657/967/787
f 708/962/782 713/969/789 712/970/790
f 708/962/782 711/971/791 707/963/783
f 707/963/783 714/972/792 710/965/785
f 443/975/793 717/977/795 441/984/802
f 447/978/796 715/980/798 720/985/803
f 445/981/799 718/976/794 443/975/793
f 439/983/801 717/977/795 716/986/804
f 445/981/799 720/985/803 719/982/800
f 439/983/801 715/980/798 437/979/797
f 716/986/804 721/988/806 715/980/798
f 720/985/803 721/988/806 726/992/810
f 719/982/800 724/990/808 718/976/794
f 716/986/804 723/991/809 722/987/805
f 719/982/800 726/992/810 725/989/807
f 718/976/794 723/991/809 717/977/795
f 726/992/810 731/994/812 725/989/807
f 723/991/809 730/995/813 729/998/816
f 721/988/806 728/996/814 727/997/815
f 721/988/806 732/993/811 726/992/810
f 724/990/808 731/994/812 730/995/813
f 723/991/809 728/996/814 722/987/805
s 0
f 358/1003/818 734/642/818 735/1005/818
f 356/537/819 735/1005/819 736/538/819
f 364/644/850 737/547/850 360/546/850
f 366/645/851 738/548/851 739/646/851
f 372/648/824 743/1016/824 744/649/824
f 368/1017/825 742/558/825 370/557/825
f 380/652/827 748/654/827 745/567/827
f 378/566/828 746/568/828 747/653/828
f 384/1027/852 750/657/852 386/656/852
f 388/576/832 749/1028/832 384/1027/832
f 392/586/834 756/1034/834 753/587/834
f 398/660/835 754/588/835 755/661/835
f 758/1037/853 759/1038/853 757/1039/853
f 759/1038/854 764/1040/854 763/1041/854
f 763/1041/855 762/1042/855 761/1043/855
f 762/1042/856 757/1039/856 761/1043/856
f 759/1038/857 761/1043/857 757/1039/857
f 758/1044/858 768/1045/858 765/1046/858
f 766/1047/859 768/1045/859 767/1048/859
f 764/1049/860 766/1047/860 767/1048/860
f 762/1050/861 767/1048/861 768/1045/861
f 758/1044/862 766/1047/862 760/1051/862
f 802/1052/863 771/1038/864 797/1053/865
f 771/1038/866 772/1054/866 776/1040/866
f 799/1055/867 774/1042/868 769/1043/869
f 769/1043/870 774/1042/870 770/1037/870
f 837/1056/871 831/1057/871 838/1058/871
f 770/1044/872 780/1045/872 777/1046/872
f 809/1059/873 780/1045/873 814/1060/873
f 776/1049/874 778/1047/874 779/1048/874
f 776/1049/875 812/1061/875 806/1062/875
f 770/1044/876 809/1059/876 800/1063/876
f 815/1052/877 794/1064/877 833/1065/877
f 784/1054/878 795/1066/878 794/1064/878
f 821/1067/879 796/1068/879 830/1069/879
f 786/1042/880 793/1070/880 796/1068/880
f 804/1071/881 785/1043/881 781/1039/881
f 782/1044/882 792/1045/882 789/1046/882
f 822/1059/883 792/1045/883 827/1060/883
f 788/1049/884 790/1047/884 791/1048/884
f 788/1049/885 825/1061/885 819/1062/885
f 782/1044/886 822/1059/886 805/1063/886
f 796/1068/887 837/1056/887 836/1072/887
f 830/1069/888 836/1072/888 843/1073/888
f 794/1064/889 835/1074/889 834/1075/889
f 833/1065/890 834/1075/890 840/1076/890
f 772/1051/891 811/1077/891 778/1047/891
f 802/1078/892 810/1079/892 811/1077/892
f 801/1080/893 809/1059/893 810/1079/893
f 808/1081/894 780/1045/894 774/1050/894
f 807/1082/895 814/1060/895 808/1081/895
f 806/1062/896 813/1083/896 807/1082/896
f 779/1048/897 811/1077/897 812/1061/897
f 811/1077/898 813/1083/898 812/1061/898
f 813/1083/899 809/1059/899 814/1060/899
f 835/1074/900 828/1084/900 841/1085/900
f 832/1086/901 840/1076/901 839/1087/901
f 838/1058/902 832/1086/902 839/1087/902
f 771/1041/903 806/1088/904 797/1089/905
f 797/1089/906 807/1090/907 798/1091/908
f 798/1091/909 808/1067/910 799/1055/911
f 770/1037/912 799/1071/913 769/1039/914
f 800/1092/915 798/1093/916 799/1071/917
f 801/1094/918 797/1053/919 798/1093/920
f 841/1085/921 829/1095/921 842/1096/921
f 829/1095/922 843/1073/922 842/1096/922
f 784/1051/923 824/1077/923 790/1047/923
f 815/1078/924 823/1079/924 824/1077/924
f 805/1063/925 823/1079/925 775/1080/925
f 786/1050/926 827/1060/926 792/1045/926
f 821/1081/927 826/1083/927 827/1060/927
f 819/1062/928 826/1083/928 820/1082/928
f 790/1047/929 825/1061/929 791/1048/929
f 824/1077/930 826/1083/930 825/1061/930
f 823/1079/931 827/1060/931 826/1083/931
f 783/1038/932 818/1089/932 773/1053/932
f 773/1053/933 817/1091/933 803/1093/933
f 803/1093/934 816/1055/934 804/1071/934
f 795/1066/935 819/1088/935 828/1084/935
f 828/1084/936 820/1090/936 829/1095/936
f 820/1090/937 830/1069/937 829/1095/937
f 793/1070/938 805/1092/938 831/1057/938
f 831/1057/939 775/1094/939 832/1086/939
f 775/1094/940 833/1065/940 832/1086/940
f 842/1096/941 816/1055/941 817/1091/941
f 818/1089/942 842/1096/942 817/1091/942
f 804/1071/943 839/1087/943 803/1093/943
f 839/1087/944 773/1053/944 803/1093/944
f 787/1041/945 841/1085/945 818/1089/945
f 840/1076/946 783/1038/946 773/1053/946
f 783/1038/947 835/1074/947 787/1041/947
f 843/1073/948 785/1043/948 816/1055/948
f 785/1043/949 837/1056/949 781/1039/949
f 781/1039/950 838/1058/950 804/1071/950
f 847/302/951 853/303/951 854/304/951
f 846/352/952 848/353/952 849/354/952
f 844/355/953 850/356/953 845/357/953
f 844/358/954 849/354/954 851/359/954
f 845/357/955 848/353/955 847/360/955
f 846/361/956 852/362/956 853/303/956
f 846/352/952 847/360/952 848/353/952
f 844/355/953 851/614/953 850/356/953
f 844/358/954 846/352/954 849/354/954
f 845/357/957 850/356/957 848/353/957
f 855/796/272 853/797/272 852/798/272
f 855/796/272 854/799/272 853/797/272
f 847/302/958 855/829/958 845/830/958
f 845/830/959 852/362/959 844/840/959
f 847/302/951 846/361/951 853/303/951
f 846/361/956 844/840/956 852/362/956
f 847/302/958 854/304/958 855/829/958
f 845/830/959 855/829/959 852/362/959
f 859/302/960 865/303/960 866/304/960
f 858/352/961 860/353/961 861/354/961
f 856/355/962 862/356/962 857/357/962
f 856/358/963 861/354/963 863/359/963
f 857/357/964 860/353/964 859/360/964
f 858/361/965 864/362/965 865/303/965
f 858/352/961 859/360/961 860/353/961
f 856/355/962 863/614/962 862/356/962
f 856/358/963 858/352/963 861/354/963
f 857/357/964 862/356/964 860/353/964
f 867/796/272 865/797/272 864/798/272
f 867/796/272 866/799/272 865/797/272
f 859/302/966 867/829/966 857/830/966
f 857/830/967 864/362/967 856/840/967
f 859/302/968 858/361/968 865/303/968
f 858/361/969 856/840/969 864/362/969
f 859/302/970 866/304/970 867/829/970
f 857/830/967 867/829/967 864/362/967
f 871/302/971 877/303/971 878/304/971
f 870/352/972 872/353/972 873/354/972
f 868/355/973 874/356/973 869/357/973
f 868/358/974 873/354/974 875/359/974
f 869/357/975 872/353/975 871/360/975
f 870/361/976 876/362/976 877/303/976
f 870/352/972 871/360/972 872/353/972
f 868/355/973 875/614/973 874/356/973
f 868/358/974 870/352/974 873/354/974
f 869/357/975 874/356/975 872/353/975
f 879/796/272 877/797/272 876/798/272
f 879/796/272 878/799/272 877/797/272
f 871/302/977 879/829/977 869/830/977
f 869/830/978 876/362/978 868/840/978
f 871/302/971 870/361/971 877/303/971
f 870/361/976 868/840/976 876/362/976
f 871/302/979 878/304/979 879/829/979
f 869/830/978 879/829/978 876/362/978
f 883/302/980 889/303/980 890/304/980
f 882/352/981 884/353/981 885/354/981
f 880/355/982 886/356/982 881/357/982
f 880/358/983 885/354/983 887/359/983
f 881/357/984 884/353/984 883/360/984
f 882/361/985 888/362/985 889/303/985
f 882/352/986 883/360/986 884/353/986
f 880/355/987 887/614/987 886/356/987
f 880/358/988 882/352/988 885/354/988
f 881/357/989 886/356/989 884/353/989
f 891/796/272 889/797/272 888/798/272
f 891/796/272 890/799/272 889/797/272
f 883/302/990 891/829/990 881/830/990
f 881/830/991 888/362/991 880/840/991
f 883/302/992 882/361/992 889/303/992
f 882/361/993 880/840/993 888/362/993
f 883/302/994 890/304/994 891/829/994
f 881/830/995 891/829/995 888/362/995
f 893/1037/996 894/1038/996 892/1039/996
f 894/1038/997 899/1040/997 898/1041/997
f 898/1041/998 897/1042/998 896/1043/998
f 896/1043/999 893/1037/999 892/1039/999
f 894/1038/1000 896/1043/1000 892/1039/1000
f 893/1044/1001 903/1045/1001 900/1046/1001
f 901/1047/1002 903/1045/1002 902/1048/1002
f 899/1049/1003 901/1047/1003 902/1048/1003
f 897/1050/1004 902/1048/1004 903/1045/1004
f 893/1044/1005 901/1047/1005 895/1051/1005
f 758/1037/1006 760/1054/1006 759/1038/1006
f 759/1038/854 760/1054/854 764/1040/854
f 763/1041/1007 764/1040/1007 762/1042/1007
f 762/1042/856 758/1037/856 757/1039/856
f 759/1038/857 763/1041/857 761/1043/857
f 758/1044/858 762/1050/858 768/1045/858
f 766/1047/859 765/1046/859 768/1045/859
f 764/1049/860 760/1051/860 766/1047/860
f 762/1050/1008 764/1049/1008 767/1048/1008
f 758/1044/1009 765/1046/1009 766/1047/1009
f 802/1052/1010 772/1054/1011 771/1038/1012
f 799/1055/1013 808/1067/1014 774/1042/1015
f 837/1056/871 793/1070/871 831/1057/871
f 770/1044/1016 774/1050/1016 780/1045/1016
f 809/1059/873 777/1046/873 780/1045/873
f 776/1049/1017 772/1051/1017 778/1047/1017
f 776/1049/1018 779/1048/1018 812/1061/1018
f 770/1044/1019 777/1046/1019 809/1059/1019
f 815/1052/1020 784/1054/1020 794/1064/1020
f 784/1054/878 788/1040/878 795/1066/878
f 821/1067/1021 786/1042/1021 796/1068/1021
f 786/1042/880 782/1037/880 793/1070/880
f 804/1071/881 816/1055/881 785/1043/881
f 782/1044/882 786/1050/882 792/1045/882
f 822/1059/883 789/1046/883 792/1045/883
f 788/1049/884 784/1051/884 790/1047/884
f 788/1049/1022 791/1048/1022 825/1061/1022
f 782/1044/1023 789/1046/1023 822/1059/1023
f 796/1068/1024 793/1070/1024 837/1056/1024
f 830/1069/888 796/1068/888 836/1072/888
f 794/1064/889 795/1066/889 835/1074/889
f 833/1065/1025 794/1064/1025 834/1075/1025
f 772/1051/1026 802/1078/1026 811/1077/1026
f 802/1078/1027 801/1080/1027 810/1079/1027
f 801/1080/1028 800/1063/1028 809/1059/1028
f 808/1081/1029 814/1060/1029 780/1045/1029
f 807/1082/1030 813/1083/1030 814/1060/1030
f 806/1062/1031 812/1061/1031 813/1083/1031
f 779/1048/1032 778/1047/1032 811/1077/1032
f 811/1077/898 810/1079/898 813/1083/898
f 813/1083/1033 810/1079/1033 809/1059/1033
f 835/1074/1034 795/1066/1034 828/1084/1034
f 832/1086/1035 833/1065/1035 840/1076/1035
f 838/1058/902 831/1057/902 832/1086/902
f 771/1041/1036 776/1040/1037 806/1088/1038
f 797/1089/1039 806/1088/1040 807/1090/1041
f 798/1091/1042 807/1090/1043 808/1067/1044
f 770/1037/1045 800/1092/1046 799/1071/1047
f 800/1092/1048 801/1094/1049 798/1093/1050
f 801/1094/1051 802/1052/1052 797/1053/1053
f 841/1085/1054 828/1084/1054 829/1095/1054
f 829/1095/1055 830/1069/1055 843/1073/1055
f 784/1051/1056 815/1078/1056 824/1077/1056
f 815/1078/1057 775/1080/1057 823/1079/1057
f 805/1063/1058 822/1059/1058 823/1079/1058
f 786/1050/1059 821/1081/1059 827/1060/1059
f 821/1081/1060 820/1082/1060 826/1083/1060
f 819/1062/1061 825/1061/1061 826/1083/1061
f 790/1047/929 824/1077/929 825/1061/929
f 824/1077/930 823/1079/930 826/1083/930
f 823/1079/931 822/1059/931 827/1060/931
f 783/1038/932 787/1041/932 818/1089/932
f 773/1053/933 818/1089/933 817/1091/933
f 803/1093/934 817/1091/934 816/1055/934
f 795/1066/1062 788/1040/1062 819/1088/1062
f 828/1084/1063 819/1088/1063 820/1090/1063
f 820/1090/1064 821/1067/1064 830/1069/1064
f 793/1070/1065 782/1037/1065 805/1092/1065
f 831/1057/1066 805/1092/1066 775/1094/1066
f 775/1094/1067 815/1052/1067 833/1065/1067
f 842/1096/941 843/1073/941 816/1055/941
f 818/1089/1068 841/1085/1068 842/1096/1068
f 804/1071/943 838/1058/943 839/1087/943
f 839/1087/1069 840/1076/1069 773/1053/1069
f 787/1041/1070 835/1074/1070 841/1085/1070
f 840/1076/1071 834/1075/1071 783/1038/1071
f 783/1038/947 834/1075/947 835/1074/947
f 843/1073/948 836/1072/948 785/1043/948
f 785/1043/949 836/1072/949 837/1056/949
f 781/1039/950 837/1056/950 838/1058/950
f 893/1037/1072 895/1054/1072 894/1038/1072
f 894/1038/1073 895/1054/1073 899/1040/1073
f 898/1041/1074 899/1040/1074 897/1042/1074
f 896/1043/999 897/1042/999 893/1037/999
f 894/1038/1000 898/1041/1000 896/1043/1000
f 893/1044/1001 897/1050/1001 903/1045/1001
f 901/1047/1002 900/1046/1002 903/1045/1002
f 899/1049/1003 895/1051/1003 901/1047/1003
f 897/1050/1075 899/1049/1075 902/1048/1075
f 893/1044/1076 900/1046/1076 901/1047/1076
l 412 411
