# Blender 5.0.1
# www.blender.org
mtllib model.mtl
o trumpetMesh
v -1.000000 -0.000000 0.134292
v 0.532717 -0.000000 0.900681
v -1.000000 0.094959 0.094959
v 0.532717 0.636877 0.636877
v -1.000000 0.134292 0.000000
v 0.532717 0.900681 -0.000000
v -1.000000 0.094959 -0.094959
v 0.532716 0.636877 -0.636877
v -1.000000 -0.000000 -0.134292
v 0.532716 -0.000000 -0.900681
v -1.000000 -0.094959 -0.094959
v 0.532716 -0.636877 -0.636877
v -1.000000 -0.134292 0.000000
v 0.532717 -0.900681 -0.000000
v -1.000000 -0.094959 0.094959
v 0.532717 -0.636877 0.636877
v 0.340298 -0.000000 0.655954
v 0.340298 0.463829 0.463829
v 0.340298 0.655954 -0.000000
v 0.340298 0.463829 -0.463829
v 0.340298 -0.000000 -0.655954
v 0.340298 -0.463829 -0.463829
v 0.340298 -0.655954 -0.000000
v 0.340298 -0.463829 0.463829
v 0.128704 0.306476 0.306476
v 0.128704 0.433422 -0.000000
v 0.128704 0.306476 -0.306476
v 0.128704 -0.000000 -0.433422
v 0.128704 -0.306476 -0.306476
v 0.128704 -0.433422 -0.000000
v 0.128704 -0.306476 0.306476
v 0.128704 -0.000000 0.433422
v -0.003837 0.262673 0.262672
v -0.003837 0.371475 -0.000000
v -0.003837 0.262673 -0.262673
v -0.003837 -0.000000 -0.371475
v -0.003837 -0.262673 -0.262673
v -0.003837 -0.371475 -0.000000
v -0.003837 -0.262673 0.262672
v -0.003837 -0.000000 0.371475
v -0.231572 0.204857 0.204857
v -0.231572 0.289711 -0.000000
v -0.231572 0.204857 -0.204857
v -0.231572 0.000000 -0.289711
v -0.231572 -0.204857 -0.204857
v -0.231572 -0.289711 -0.000000
v -0.231572 -0.204857 0.204857
v -0.231572 0.000000 0.289711
v -0.446440 0.158217 0.158217
v -0.446440 0.223752 0.000000
v -0.446440 0.158217 -0.158217
v -0.446440 -0.000000 -0.223752
v -0.446440 -0.158217 -0.158217
v -0.446440 -0.223752 0.000000
v -0.446440 -0.158217 0.158217
v -0.446440 -0.000000 0.223752
v -0.632416 0.122166 0.122166
v -0.632416 0.172768 0.000000
v -0.632416 0.122166 -0.122166
v -0.632416 -0.000000 -0.172768
v -0.632416 -0.122166 -0.122166
v -0.632416 -0.172768 0.000000
v -0.632416 -0.122166 0.122166
v -0.632416 -0.000000 0.172768
v -0.812382 0.098898 0.098898
v -0.812382 0.139863 0.000000
v -0.812382 0.098898 -0.098898
v -0.812382 -0.000000 -0.139863
v -0.812382 -0.098898 -0.098898
v -0.812382 -0.139863 0.000000
v -0.812382 -0.098898 0.098898
v -0.812382 -0.000000 0.139863
v -1.041997 -0.000000 0.193836
v -1.041997 0.137063 0.137063
v -1.041997 0.193836 0.000000
v -1.041997 0.137063 -0.137063
v -1.041997 -0.000000 -0.193836
v -1.041997 -0.137063 -0.137063
v -1.041997 -0.193836 0.000000
v -1.041997 -0.137063 0.137063
v -1.114007 -0.000000 0.193836
v -1.114007 0.137063 0.137063
v -1.114007 0.193836 0.000000
v -1.114007 0.137063 -0.137063
v -1.114007 -0.000000 -0.193836
v -1.114007 -0.137063 -0.137063
v -1.114007 -0.193836 0.000000
v -1.114007 -0.137063 0.137063
v -0.463576 -0.020854 0.050379
v -0.428114 -0.011314 0.086861
v -0.380674 0.004517 0.100214
v -0.333967 0.022395 0.086861
v -0.300508 0.037531 0.050380
v -0.289263 0.045870 0.000545
v -0.303245 0.045176 -0.049290
v -0.338707 0.035636 -0.085772
v -0.386148 0.019806 -0.099125
v -0.432855 0.001927 -0.085772
v -0.466313 -0.013209 -0.049290
v -0.477558 -0.021548 0.000545
v -0.506128 0.105195 0.056590
v -0.471099 0.116026 0.093130
v -0.423356 0.130954 0.106443
v -0.375691 0.145980 0.092960
v -0.340876 0.157077 0.056296
v -0.328239 0.161272 0.006274
v -0.341168 0.157440 -0.043703
v -0.376196 0.146609 -0.080243
v -0.423939 0.131681 -0.093555
v -0.471604 0.116655 -0.080073
v -0.506419 0.105558 -0.043409
v -0.519056 0.101364 0.006613
v -0.537126 0.211965 0.052283
v -0.502604 0.224554 0.088742
v -0.454562 0.238445 0.102102
v -0.405874 0.249917 0.088785
v -0.369585 0.255896 0.052359
v -0.355420 0.254779 0.002584
v -0.367173 0.246867 -0.047203
v -0.401695 0.234279 -0.083662
v -0.449737 0.220387 -0.097022
v -0.498425 0.208915 -0.083705
v -0.534714 0.202936 -0.047279
v -0.548880 0.204053 0.002496
v -0.558282 0.302554 0.038235
v -0.524317 0.317557 0.074301
v -0.476007 0.330287 0.087850
v -0.426297 0.337335 0.075252
v -0.388506 0.336811 0.039881
v -0.372761 0.328855 -0.008784
v -0.383280 0.315600 -0.057704
v -0.417245 0.300597 -0.093770
v -0.465555 0.287866 -0.107319
v -0.515265 0.280819 -0.094721
v -0.553056 0.281343 -0.059350
v -0.568801 0.289299 -0.010685
v -0.570879 0.379307 0.014828
v -0.537424 0.397458 0.049910
v -0.488919 0.408983 0.063836
v -0.438361 0.410792 0.052875
v -0.399298 0.402402 0.019964
v -0.382196 0.386060 -0.026079
v -0.391637 0.366146 -0.072917
v -0.425093 0.347995 -0.107999
v -0.473598 0.336471 -0.121925
v -0.524156 0.334662 -0.110965
v -0.563219 0.343052 -0.078053
v -0.580321 0.359393 -0.032010
v -0.575860 0.443431 -0.017575
v -0.542688 0.465304 0.015602
v -0.494100 0.475734 0.030089
v -0.443113 0.471926 0.022003
v -0.403391 0.454901 -0.006489
v -0.385576 0.429222 -0.047752
v -0.394442 0.401767 -0.090731
v -0.427614 0.379895 -0.123908
v -0.476202 0.369465 -0.138395
v -0.527189 0.373272 -0.130309
v -0.566911 0.390297 -0.101817
v -0.584726 0.415977 -0.060553
v -0.574160 0.494893 -0.057786
v -0.540866 0.520562 -0.027585
v -0.492303 0.530200 -0.012478
v -0.441483 0.521225 -0.016513
v -0.402024 0.496041 -0.038609
v -0.384498 0.461397 -0.072845
v -0.393601 0.426576 -0.110048
v -0.426895 0.400907 -0.140250
v -0.475458 0.391269 -0.155357
v -0.526278 0.400244 -0.151322
v -0.565738 0.425427 -0.129226
v -0.583264 0.460071 -0.094989
v -0.567181 0.533456 -0.103270
v -0.533316 0.562363 -0.076869
v -0.484822 0.571607 -0.061299
v -0.434694 0.558711 -0.060733
v -0.396363 0.527130 -0.075322
v -0.380099 0.485326 -0.101157
v -0.390261 0.444501 -0.131316
v -0.424126 0.415594 -0.157717
v -0.472620 0.406350 -0.173287
v -0.522748 0.419246 -0.173853
v -0.561080 0.450827 -0.159264
v -0.577343 0.492631 -0.133429
v -0.556757 0.560029 -0.150940
v -0.522012 0.591247 -0.128632
v -0.473544 0.600424 -0.112943
v -0.424341 0.585099 -0.108076
v -0.387586 0.549379 -0.115335
v -0.373128 0.502836 -0.132776
v -0.384841 0.457940 -0.155726
v -0.419587 0.426722 -0.178033
v -0.468055 0.417545 -0.193723
v -0.517258 0.432870 -0.198590
v -0.554013 0.468589 -0.191330
v -0.568470 0.515133 -0.173889
v -0.544608 0.576730 -0.198476
v -0.508871 0.609358 -0.180098
v -0.460332 0.618636 -0.164690
v -0.411997 0.602077 -0.156382
v -0.376817 0.564118 -0.157399
v -0.364220 0.514931 -0.167469
v -0.377579 0.467695 -0.183894
v -0.413316 0.435067 -0.202272
v -0.461855 0.425789 -0.217679
v -0.510190 0.442348 -0.225987
v -0.545370 0.480307 -0.224970
v -0.557967 0.529494 -0.214900
v -0.531963 0.585957 -0.244725
v -0.495261 0.619319 -0.229912
v -0.446548 0.628729 -0.215147
v -0.398877 0.611665 -0.204388
v -0.365020 0.572700 -0.200517
v -0.354051 0.522275 -0.204572
v -0.368907 0.473900 -0.215465
v -0.405609 0.440538 -0.230278
v -0.454323 0.431128 -0.245042
v -0.501994 0.448192 -0.255801
v -0.535850 0.487157 -0.259672
v -0.546820 0.537582 -0.255618
v -0.519588 0.589701 -0.289293
v -0.482005 0.623347 -0.277676
v -0.433035 0.632840 -0.263843
v -0.385800 0.615636 -0.251501
v -0.352956 0.576344 -0.243956
v -0.343303 0.525493 -0.243230
v -0.359429 0.476709 -0.249518
v -0.397012 0.443063 -0.261135
v -0.445982 0.433570 -0.274967
v -0.493217 0.450774 -0.287310
v -0.526061 0.490066 -0.294855
v -0.535713 0.540917 -0.295581
v -0.507935 0.589405 -0.332110
v -0.469565 0.623042 -0.323405
v -0.420285 0.632531 -0.310720
v -0.373299 0.615329 -0.297456
v -0.341198 0.576047 -0.287165
v -0.332582 0.525209 -0.282606
v -0.349761 0.476438 -0.285000
v -0.388132 0.442801 -0.293706
v -0.437412 0.433312 -0.306390
v -0.484398 0.450514 -0.319655
v -0.516499 0.489796 -0.329945
v -0.525115 0.540634 -0.334504
v -0.497260 0.586041 -0.373233
v -0.458185 0.619460 -0.367252
v -0.408568 0.628846 -0.355867
v -0.361705 0.611682 -0.342127
v -0.330153 0.572569 -0.329714
v -0.322365 0.521986 -0.321955
v -0.340429 0.473487 -0.320928
v -0.379504 0.440067 -0.326909
v -0.429120 0.430682 -0.338295
v -0.475983 0.447845 -0.352034
v -0.507535 0.486959 -0.364447
v -0.515323 0.537542 -0.372206
v -0.487660 0.580203 -0.412797
v -0.447950 0.613238 -0.409440
v -0.398000 0.622422 -0.399431
v -0.351195 0.605294 -0.385451
v -0.320077 0.566443 -0.371247
v -0.312982 0.516280 -0.360625
v -0.331813 0.468246 -0.356430
v -0.371524 0.435211 -0.359787
v -0.421474 0.426027 -0.369797
v -0.468278 0.443155 -0.383776
v -0.499397 0.482006 -0.397980
v -0.506491 0.532169 -0.408603
v -0.479110 0.572175 -0.450999
v -0.438821 0.604667 -0.450221
v -0.388565 0.613562 -0.441582
v -0.341806 0.596477 -0.427397
v -0.311074 0.557990 -0.411467
v -0.304604 0.508413 -0.398060
v -0.324129 0.461030 -0.390769
v -0.364417 0.428538 -0.391547
v -0.414674 0.419643 -0.400186
v -0.461432 0.436728 -0.414371
v -0.492164 0.475215 -0.430301
v -0.498635 0.524792 -0.443708
v -0.471508 0.562013 -0.487947
v -0.430692 0.593800 -0.489727
v -0.380167 0.602336 -0.482392
v -0.333470 0.585333 -0.467906
v -0.303115 0.547349 -0.450152
v -0.297234 0.498560 -0.433887
v -0.317403 0.452040 -0.423468
v -0.358219 0.420254 -0.421688
v -0.408745 0.411718 -0.429024
v -0.455442 0.428720 -0.443509
v -0.485797 0.466704 -0.461263
v -0.491678 0.515493 -0.477529
v -0.464771 0.549732 -0.523565
v -0.423473 0.580640 -0.527886
v -0.372716 0.588754 -0.521771
v -0.326100 0.571899 -0.506860
v -0.296116 0.534591 -0.487148
v -0.290797 0.486828 -0.467916
v -0.311570 0.441407 -0.454318
v -0.352867 0.410498 -0.449998
v -0.403624 0.402384 -0.456113
v -0.450240 0.419239 -0.471024
v -0.480225 0.456547 -0.490736
v -0.485543 0.504311 -0.509967
v -0.458833 0.535358 -0.557706
v -0.417096 0.565204 -0.564544
v -0.366141 0.572837 -0.559569
v -0.319619 0.556211 -0.544115
v -0.289998 0.519781 -0.522322
v -0.285213 0.473309 -0.500030
v -0.306547 0.429247 -0.483212
v -0.348283 0.399400 -0.476375
v -0.399239 0.391767 -0.481349
v -0.445760 0.408393 -0.496804
v -0.475382 0.444823 -0.518596
v -0.480167 0.491295 -0.540888
v -0.453637 0.518923 -0.590226
v -0.411503 0.547512 -0.599547
v -0.360378 0.554608 -0.595631
v -0.313960 0.538311 -0.579528
v -0.284688 0.502986 -0.555554
v -0.280405 0.458099 -0.530131
v -0.302258 0.415678 -0.510072
v -0.344392 0.387088 -0.500752
v -0.395517 0.379992 -0.504667
v -0.441935 0.396290 -0.520770
v -0.471207 0.431614 -0.544744
v -0.475491 0.476501 -0.570167
v -0.449134 0.500464 -0.620984
v -0.406643 0.527592 -0.632735
v -0.355374 0.534100 -0.629798
v -0.309064 0.518245 -0.612959
v -0.280123 0.484276 -0.586730
v -0.276305 0.441293 -0.558140
v -0.298632 0.400815 -0.534849
v -0.341123 0.373687 -0.523097
v -0.392392 0.367178 -0.526035
v -0.438702 0.383033 -0.542874
v -0.467643 0.417003 -0.569102
v -0.471461 0.459986 -0.597693
v -0.445277 0.480032 -0.649839
v -0.402470 0.505490 -0.663946
v -0.351081 0.511362 -0.661905
v -0.304879 0.496077 -0.644263
v -0.276244 0.463729 -0.615747
v -0.272849 0.422986 -0.583999
v -0.295604 0.384765 -0.557524
v -0.338410 0.359308 -0.543417
v -0.389799 0.353435 -0.545458
v -0.436001 0.368720 -0.563100
v -0.464636 0.401069 -0.591615
v -0.468031 0.441811 -0.623364
v -0.442028 0.457695 -0.676653
v -0.398948 0.481275 -0.693010
v -0.347460 0.486469 -0.691782
v -0.301361 0.471886 -0.673298
v -0.273002 0.441433 -0.642510
v -0.269982 0.403270 -0.607668
v -0.293112 0.367623 -0.578108
v -0.336192 0.344043 -0.561751
v -0.387680 0.338848 -0.562979
v -0.433779 0.353431 -0.581463
v -0.462138 0.383884 -0.612251
v -0.465157 0.422047 -0.647093
v -0.439353 0.433541 -0.701294
v -0.396043 0.455048 -0.719764
v -0.344476 0.459528 -0.719265
v -0.298469 0.445781 -0.699929
v -0.270350 0.417490 -0.666937
v -0.267654 0.382236 -0.629131
v -0.291102 0.349464 -0.596639
v -0.334412 0.327957 -0.578168
v -0.385979 0.323477 -0.578668
v -0.431986 0.337224 -0.598004
v -0.460105 0.365515 -0.630996
v -0.462802 0.400770 -0.668802
v -0.437223 0.407689 -0.723641
v -0.393727 0.426949 -0.744053
v -0.342099 0.430686 -0.744196
v -0.296171 0.417898 -0.724031
v -0.268251 0.392012 -0.688961
v -0.265819 0.359964 -0.648384
v -0.289528 0.330342 -0.613172
v -0.333023 0.311082 -0.592760
v -0.384652 0.307345 -0.592617
v -0.430580 0.320133 -0.612782
v -0.458500 0.346019 -0.647852
v -0.460931 0.378066 -0.688429
v -0.435611 0.380284 -0.743595
v -0.391974 0.397155 -0.765746
v -0.340301 0.400127 -0.766445
v -0.294436 0.388404 -0.745505
v -0.266670 0.365128 -0.708536
v -0.264442 0.336534 -0.665444
v -0.288349 0.310285 -0.627775
v -0.331986 0.293414 -0.605624
v -0.383660 0.290441 -0.604925
v -0.429524 0.302164 -0.625865
v -0.457291 0.325441 -0.662834
v -0.459518 0.354035 -0.705926
v -0.434494 0.351499 -0.761081
v -0.390760 0.365879 -0.784746
v -0.339056 0.368073 -0.785919
v -0.293236 0.357493 -0.764284
v -0.265577 0.336973 -0.725639
v -0.263491 0.312013 -0.680338
v -0.287536 0.289299 -0.640521
v -0.331270 0.274919 -0.616856
v -0.382974 0.272725 -0.615683
v -0.428794 0.283305 -0.637318
v -0.456453 0.303825 -0.675963
v -0.458539 0.328785 -0.721264
v -0.433851 0.321524 -0.776065
v -0.390062 0.333358 -0.801005
v -0.338341 0.334767 -0.802570
v -0.292547 0.325373 -0.780341
v -0.264949 0.307694 -0.740275
v -0.262944 0.286466 -0.693107
v -0.287067 0.267377 -0.651475
v -0.330856 0.255543 -0.626536
v -0.382577 0.254134 -0.624971
v -0.428371 0.263528 -0.647199
v -0.455969 0.281207 -0.687266
v -0.457974 0.302435 -0.734434
v -0.433663 0.290562 -0.788553
v -0.389858 0.299842 -0.814525
v -0.338132 0.300465 -0.816407
v -0.292345 0.292264 -0.793697
v -0.264765 0.277436 -0.752478
v -0.262783 0.259955 -0.703796
v -0.286929 0.244504 -0.660694
v -0.330733 0.235224 -0.634722
v -0.382459 0.234601 -0.632840
v -0.428246 0.242802 -0.655550
v -0.455826 0.257630 -0.696769
v -0.457809 0.275111 -0.745451
v -0.433914 0.258816 -0.798592
v -0.390129 0.265578 -0.825362
v -0.338409 0.265416 -0.827494
v -0.292613 0.258376 -0.804415
v -0.265011 0.246342 -0.762310
v -0.263000 0.232541 -0.712460
v -0.287118 0.220668 -0.668224
v -0.330903 0.213907 -0.641453
v -0.382622 0.214068 -0.639322
v -0.428419 0.221109 -0.662401
v -0.456020 0.233142 -0.704506
v -0.458032 0.246944 -0.754355
v -0.434591 0.226473 -0.806270
v -0.390858 0.230787 -0.833624
v -0.339154 0.229847 -0.835942
v -0.293335 0.223903 -0.812601
v -0.265678 0.214550 -0.769857
v -0.263592 0.204292 -0.719163
v -0.287638 0.195879 -0.674101
v -0.331371 0.191565 -0.646747
v -0.383075 0.192506 -0.644430
v -0.428894 0.198449 -0.667770
v -0.456552 0.207803 -0.710514
v -0.458637 0.218060 -0.761209
v -0.435686 0.193673 -0.811707
v -0.392031 0.195636 -0.839454
v -0.340353 0.193927 -0.841899
v -0.294500 0.189004 -0.818388
v -0.266758 0.182187 -0.775221
v -0.264560 0.175302 -0.723965
v -0.288495 0.170195 -0.678352
v -0.332151 0.168232 -0.650606
v -0.383828 0.169942 -0.648160
v -0.429682 0.174864 -0.671671
v -0.457424 0.181681 -0.714838
v -0.459622 0.188566 -0.766095
v -0.437187 0.160512 -0.815023
v -0.393633 0.160230 -0.842995
v -0.341989 0.157773 -0.845516
v -0.296093 0.153800 -0.821910
v -0.268243 0.149374 -0.778502
v -0.265901 0.145682 -0.726923
v -0.289694 0.143714 -0.680994
v -0.333248 0.143995 -0.653021
v -0.384892 0.146452 -0.650500
v -0.430788 0.150425 -0.674107
v -0.458639 0.154851 -0.717515
v -0.460981 0.158543 -0.769094
v -0.439080 0.127063 -0.816322
v -0.395647 0.124650 -0.844379
v -0.344043 0.121476 -0.846928
v -0.298097 0.118389 -0.823287
v -0.270119 0.116219 -0.779789
v -0.267607 0.115546 -0.728091
v -0.291232 0.116550 -0.682044
v -0.334666 0.118963 -0.653987
v -0.386270 0.122138 -0.651438
v -0.432216 0.125224 -0.675079
v -0.460193 0.127394 -0.718576
v -0.462706 0.128067 -0.770275
v -0.441350 0.093395 -0.815693
v -0.398052 0.088963 -0.843714
v -0.346494 0.085107 -0.846251
v -0.300492 0.082858 -0.822624
v -0.272371 0.082820 -0.779165
v -0.269666 0.085003 -0.727518
v -0.293102 0.088822 -0.681522
v -0.336400 0.093253 -0.653501
v -0.387958 0.097110 -0.650964
v -0.433960 0.099359 -0.674591
v -0.462081 0.099397 -0.718050
v -0.464786 0.097214 -0.769697
v -0.443977 0.059566 -0.813209
v -0.400827 0.053225 -0.841091
v -0.349319 0.048728 -0.843581
v -0.303254 0.047280 -0.820013
v -0.274976 0.049269 -0.776702
v -0.272061 0.054163 -0.725252
v -0.295291 0.060649 -0.679450
v -0.338441 0.066990 -0.651569
v -0.389949 0.071487 -0.649078
v -0.436013 0.072935 -0.672646
v -0.464292 0.070946 -0.715958
v -0.467206 0.066053 -0.767407
v -0.446939 0.025634 -0.808927
v -0.403947 0.017486 -0.836581
v -0.352491 0.012395 -0.838997
v -0.306359 0.011724 -0.815526
v -0.277911 0.015653 -0.772459
v -0.274771 0.023129 -0.721334
v -0.297780 0.032150 -0.675851
v -0.340773 0.040297 -0.648197
v -0.392229 0.045389 -0.645781
v -0.438361 0.046060 -0.669251
v -0.466808 0.042131 -0.712319
v -0.469948 0.034654 -0.763443
v -0.450213 -0.008348 -0.802888
v -0.407385 -0.018205 -0.830240
v -0.355981 -0.023841 -0.832559
v -0.309775 -0.023747 -0.809224
v -0.281148 -0.017948 -0.766488
v -0.277770 -0.007997 -0.715802
v -0.300547 0.003438 -0.670747
v -0.343375 0.013295 -0.643396
v -0.394779 0.018931 -0.641077
v -0.440985 0.018837 -0.664412
v -0.469612 0.013038 -0.707147
v -0.472990 0.003088 -0.757833
v -0.453769 -0.042326 -0.795123
v -0.411110 -0.053800 -0.822105
v -0.359758 -0.059929 -0.824311
v -0.313472 -0.059070 -0.801151
v -0.284655 -0.051453 -0.758830
v -0.281028 -0.039119 -0.708688
v -0.303564 -0.025374 -0.664161
v -0.346223 -0.013899 -0.637179
v -0.397575 -0.007770 -0.634972
v -0.443861 -0.008629 -0.658132
v -0.472678 -0.016246 -0.700453
v -0.476305 -0.028580 -0.750595
v -0.457576 -0.076245 -0.785647
v -0.415088 -0.089252 -0.812201
v -0.363785 -0.095818 -0.814285
v -0.317413 -0.094184 -0.791342
v -0.288396 -0.084786 -0.749518
v -0.284511 -0.070144 -0.700020
v -0.306798 -0.054180 -0.656112
v -0.349286 -0.041173 -0.629558
v -0.400589 -0.034607 -0.627473
v -0.446962 -0.036242 -0.650417
v -0.475978 -0.045639 -0.692241
v -0.479863 -0.060281 -0.741738
v -0.461598 -0.110052 -0.774465
v -0.419283 -0.124512 -0.800538
v -0.368025 -0.131458 -0.802497
v -0.321558 -0.129027 -0.779817
v -0.292333 -0.117872 -0.738574
v -0.288181 -0.100982 -0.689820
v -0.310214 -0.082882 -0.646618
v -0.352529 -0.068422 -0.620544
v -0.403787 -0.061476 -0.618585
v -0.450254 -0.063906 -0.641266
v -0.479479 -0.075061 -0.682508
v -0.483631 -0.091952 -0.731263
v -0.465795 -0.143692 -0.761570
v -0.423651 -0.159528 -0.787116
v -0.372433 -0.166793 -0.788953
v -0.325863 -0.163539 -0.766588
v -0.296421 -0.150639 -0.726014
v -0.291995 -0.131548 -0.678103
v -0.313771 -0.111383 -0.635693
v -0.355915 -0.095546 -0.610147
v -0.407133 -0.088281 -0.608310
v -0.453703 -0.091535 -0.630675
v -0.483145 -0.104436 -0.671249
v -0.487571 -0.123526 -0.719160
v -0.470122 -0.177106 -0.746947
v -0.428146 -0.194247 -0.771923
v -0.376961 -0.201769 -0.773647
v -0.330281 -0.197657 -0.751657
v -0.300614 -0.183014 -0.711846
v -0.295908 -0.161762 -0.664881
v -0.317426 -0.139596 -0.623346
v -0.359402 -0.122456 -0.598371
v -0.410587 -0.114934 -0.596647
v -0.457267 -0.119045 -0.618636
v -0.486935 -0.133689 -0.658447
v -0.491640 -0.154941 -0.705412
v -0.474529 -0.210237 -0.730570
v -0.432718 -0.228610 -0.754936
v -0.381558 -0.236326 -0.756564
v -0.334759 -0.231318 -0.735018
v -0.304860 -0.214928 -0.696071
v -0.299872 -0.191548 -0.650158
v -0.321133 -0.167441 -0.609583
v -0.362944 -0.149069 -0.585216
v -0.414104 -0.141353 -0.583588
v -0.460903 -0.146360 -0.605134
v -0.490802 -0.162750 -0.644082
v -0.495790 -0.186131 -0.689994
v -0.478963 -0.243022 -0.712405
v -0.437308 -0.262557 -0.736127
v -0.386166 -0.270403 -0.737684
v -0.339240 -0.264458 -0.716657
v -0.309105 -0.246315 -0.678681
v -0.303834 -0.220835 -0.633932
v -0.324841 -0.194845 -0.594400
v -0.366496 -0.175310 -0.570678
v -0.417638 -0.167465 -0.569121
v -0.464563 -0.173410 -0.590148
v -0.494699 -0.191553 -0.628124
v -0.499970 -0.217033 -0.672873
v -0.483362 -0.275388 -0.692417
v -0.441855 -0.296016 -0.715464
v -0.390722 -0.303930 -0.716978
v -0.343665 -0.297010 -0.696553
v -0.313291 -0.277111 -0.659662
v -0.307740 -0.249564 -0.616190
v -0.328499 -0.221750 -0.577785
v -0.370006 -0.201123 -0.554737
v -0.421139 -0.193209 -0.553223
v -0.468197 -0.200128 -0.573648
v -0.498570 -0.220028 -0.610539
v -0.504121 -0.247575 -0.654012
v -0.487663 -0.307242 -0.670584
v -0.446294 -0.328895 -0.692928
v -0.395164 -0.336825 -0.694431
v -0.347971 -0.328907 -0.674690
v -0.317363 -0.307262 -0.638996
v -0.311539 -0.277691 -0.596911
v -0.332061 -0.248116 -0.559713
v -0.373430 -0.226463 -0.537369
v -0.424560 -0.218533 -0.535866
v -0.471753 -0.226451 -0.555606
v -0.502361 -0.248096 -0.591301
v -0.508185 -0.277667 -0.633386
v -0.491807 -0.338475 -0.646903
v -0.450566 -0.361091 -0.668516
v -0.399432 -0.368997 -0.670038
v -0.352106 -0.360073 -0.651060
v -0.321270 -0.336711 -0.616668
v -0.315186 -0.305170 -0.576077
v -0.335483 -0.273902 -0.540163
v -0.376724 -0.251285 -0.518549
v -0.427858 -0.243380 -0.517027
v -0.475184 -0.252304 -0.536005
v -0.506020 -0.275666 -0.570397
v -0.512104 -0.307207 -0.610989
v -0.495742 -0.368977 -0.621385
v -0.454617 -0.392499 -0.642241
v -0.403476 -0.400351 -0.643808
v -0.356022 -0.390428 -0.625666
v -0.324970 -0.365390 -0.592676
v -0.318640 -0.331945 -0.553678
v -0.338729 -0.299054 -0.519121
v -0.379854 -0.275532 -0.498265
v -0.430994 -0.267680 -0.496699
v -0.478449 -0.277603 -0.514841
v -0.509501 -0.302641 -0.547831
v -0.515830 -0.336086 -0.586829
v -0.499423 -0.398636 -0.594054
v -0.458404 -0.423011 -0.614123
v -0.407254 -0.430790 -0.615757
v -0.359679 -0.419888 -0.598518
v -0.328425 -0.393226 -0.567024
v -0.321869 -0.357948 -0.529715
v -0.341765 -0.323507 -0.496588
v -0.382784 -0.299131 -0.476518
v -0.433934 -0.291352 -0.474884
v -0.481509 -0.302254 -0.492124
v -0.512762 -0.328916 -0.523617
v -0.519319 -0.364194 -0.560926
v -0.502813 -0.427335 -0.564943
v -0.461889 -0.452517 -0.584195
v -0.410730 -0.460213 -0.585913
v -0.363042 -0.448361 -0.569637
v -0.331604 -0.420136 -0.539728
v -0.324840 -0.383102 -0.504201
v -0.344562 -0.347182 -0.472573
v -0.385486 -0.322000 -0.453322
v -0.436645 -0.314305 -0.451603
v -0.484333 -0.326157 -0.467879
v -0.515771 -0.354381 -0.497788
v -0.522535 -0.391415 -0.533316
v -0.505881 -0.454958 -0.534096
v -0.465042 -0.480903 -0.552495
v -0.413873 -0.488513 -0.554309
v -0.366084 -0.475748 -0.539053
v -0.334480 -0.446029 -0.510813
v -0.327530 -0.407319 -0.477158
v -0.347095 -0.369990 -0.447104
v -0.387934 -0.344044 -0.428705
v -0.439103 -0.336434 -0.426891
v -0.486892 -0.349199 -0.442148
v -0.518496 -0.378918 -0.470387
v -0.525446 -0.417629 -0.504043
v -0.508603 -0.481380 -0.501567
v -0.467839 -0.508051 -0.519072
v -0.416661 -0.515579 -0.520988
v -0.368782 -0.501945 -0.506802
v -0.337032 -0.470803 -0.480314
v -0.329918 -0.430498 -0.448622
v -0.349345 -0.391828 -0.420219
v -0.390109 -0.365157 -0.402714
v -0.441287 -0.357630 -0.400798
v -0.489165 -0.371264 -0.414984
v -0.520916 -0.402406 -0.441472
v -0.528030 -0.442711 -0.473163
v -0.510961 -0.506474 -0.467418
v -0.470262 -0.533837 -0.483981
v -0.419078 -0.541290 -0.485998
v -0.371122 -0.526836 -0.472929
v -0.339245 -0.494347 -0.448275
v -0.331988 -0.452529 -0.418642
v -0.351296 -0.412588 -0.391971
v -0.391995 -0.385224 -0.375407
v -0.443179 -0.377771 -0.373390
v -0.491135 -0.392226 -0.386460
v -0.523012 -0.424714 -0.411114
v -0.530269 -0.466532 -0.440747
v -0.512945 -0.530106 -0.431721
v -0.472302 -0.558131 -0.447285
v -0.421112 -0.565522 -0.449395
v -0.373092 -0.550299 -0.437487
v -0.341108 -0.516542 -0.414749
v -0.333731 -0.473295 -0.387276
v -0.352938 -0.432147 -0.362428
v -0.393581 -0.404122 -0.346864
v -0.444771 -0.396731 -0.344754
v -0.492791 -0.411954 -0.356662
v -0.524775 -0.445711 -0.379400
v -0.532152 -0.488958 -0.406873
v -0.514550 -0.552137 -0.394553
v -0.473953 -0.580793 -0.409052
v -0.422760 -0.588137 -0.411242
v -0.374688 -0.572202 -0.400536
v -0.342617 -0.537257 -0.379803
v -0.335142 -0.492666 -0.354598
v -0.354265 -0.450377 -0.331676
v -0.394862 -0.421721 -0.317177
v -0.446056 -0.414377 -0.314987
v -0.494128 -0.430312 -0.325693
v -0.526198 -0.465257 -0.346426
v -0.533674 -0.509848 -0.371631
v -0.515778 -0.572416 -0.356005
v -0.475217 -0.601674 -0.369359
v -0.424022 -0.608988 -0.371605
v -0.375910 -0.592399 -0.362143
v -0.343772 -0.556352 -0.343508
v -0.336221 -0.510505 -0.320692
v -0.355279 -0.467143 -0.299810
v -0.395840 -0.437886 -0.286457
v -0.447035 -0.430572 -0.284210
v -0.495147 -0.447161 -0.293672
v -0.527284 -0.483208 -0.312307
v -0.534835 -0.529055 -0.335123
v -0.516634 -0.590788 -0.316172
v -0.476100 -0.620616 -0.328288
v -0.424904 -0.627917 -0.330562
v -0.376764 -0.610736 -0.322385
v -0.344580 -0.573675 -0.305949
v -0.336974 -0.526666 -0.285657
v -0.355985 -0.482304 -0.266946
v -0.396518 -0.452476 -0.254830
v -0.447714 -0.445175 -0.252556
v -0.495854 -0.462356 -0.260733
v -0.528039 -0.499416 -0.277169
v -0.535645 -0.546426 -0.297461
v -0.517132 -0.607083 -0.275160
v -0.476615 -0.637445 -0.285930
v -0.425419 -0.644751 -0.288193
v -0.377263 -0.627043 -0.281345
v -0.345050 -0.589066 -0.267219
v -0.337411 -0.540996 -0.249600
v -0.356394 -0.495713 -0.233211
v -0.396911 -0.465351 -0.222441
v -0.448106 -0.458045 -0.220177
v -0.496263 -0.475753 -0.227026
v -0.528476 -0.513730 -0.241152
v -0.536115 -0.561800 -0.258770
v -0.517291 -0.621124 -0.233085
v -0.476779 -0.651975 -0.242385
v -0.425584 -0.659300 -0.244592
v -0.377423 -0.641135 -0.239115
v -0.345200 -0.602348 -0.227421
v -0.337550 -0.553331 -0.212645
v -0.356523 -0.507219 -0.198745
v -0.397034 -0.476368 -0.189445
v -0.448230 -0.469043 -0.187238
v -0.496391 -0.487208 -0.192715
v -0.528614 -0.525995 -0.204408
v -0.536264 -0.575012 -0.219185
v -0.517134 -0.632719 -0.190085
v -0.476617 -0.664001 -0.197784
v -0.425421 -0.671354 -0.199885
v -0.377265 -0.652808 -0.195823
v -0.345051 -0.613333 -0.186687
v -0.337412 -0.563505 -0.174926
v -0.356394 -0.516677 -0.163690
v -0.396911 -0.485395 -0.155990
v -0.448107 -0.478041 -0.153890
v -0.496263 -0.496587 -0.157952
v -0.528477 -0.536062 -0.167087
v -0.536117 -0.585890 -0.178849
v -0.516687 -0.641687 -0.146322
v -0.476153 -0.673321 -0.152301
v -0.424955 -0.680705 -0.154247
v -0.376813 -0.661863 -0.151639
v -0.344627 -0.621841 -0.145176
v -0.337019 -0.571364 -0.136590
v -0.356030 -0.523958 -0.128180
v -0.396565 -0.492324 -0.122202
v -0.447762 -0.484939 -0.120256
v -0.495904 -0.503782 -0.122864
v -0.528090 -0.543804 -0.129327
v -0.535698 -0.594280 -0.137913
v -0.515973 -0.647874 -0.101980
v -0.475409 -0.679761 -0.106134
v -0.424209 -0.687173 -0.107884
v -0.376091 -0.668124 -0.106761
v -0.343948 -0.627717 -0.103066
v -0.336394 -0.576780 -0.097790
v -0.355452 -0.528961 -0.092345
v -0.396016 -0.497074 -0.088191
v -0.447216 -0.489662 -0.086441
v -0.495334 -0.508711 -0.087564
v -0.527477 -0.549118 -0.091258
v -0.535031 -0.600055 -0.096535
v -0.515015 -0.651156 -0.057254
v -0.474411 -0.683183 -0.059500
v -0.423205 -0.690612 -0.061018
v -0.375119 -0.671452 -0.061401
v -0.343038 -0.630838 -0.060547
v -0.335556 -0.579652 -0.058685
v -0.354680 -0.531609 -0.056312
v -0.395284 -0.499582 -0.054066
v -0.446489 -0.492152 -0.052548
v -0.494575 -0.511312 -0.052165
v -0.526657 -0.551926 -0.053019
v -0.534139 -0.603113 -0.054882
v -0.513835 -0.651443 -0.012349
v -0.473179 -0.683482 -0.012627
v -0.421967 -0.690913 -0.013884
v -0.373921 -0.671744 -0.015784
v -0.341914 -0.631112 -0.017818
v -0.334524 -0.579904 -0.019441
v -0.353730 -0.531841 -0.020217
v -0.394386 -0.499802 -0.019940
v -0.445599 -0.492372 -0.018683
v -0.493645 -0.511540 -0.016782
v -0.525651 -0.552172 -0.014748
v -0.533041 -0.603380 -0.013126
v -0.512453 -0.648677 0.032519
v -0.471735 -0.680592 0.034247
v -0.420514 -0.688006 0.033272
v -0.372515 -0.668930 0.029856
v -0.340598 -0.628478 0.024914
v -0.333316 -0.577488 0.019770
v -0.352620 -0.529623 0.015802
v -0.393338 -0.497707 0.014074
v -0.444559 -0.490294 0.015049
v -0.492558 -0.509369 0.018465
v -0.524475 -0.549821 0.023407
v -0.531757 -0.600812 0.028551
v -0.510888 -0.642834 0.077128
v -0.470099 -0.674485 0.080875
v -0.418868 -0.681859 0.080198
v -0.370921 -0.662981 0.075278
v -0.339106 -0.622909 0.067434
v -0.331947 -0.572381 0.058767
v -0.351363 -0.524935 0.051600
v -0.392152 -0.493284 0.047853
v -0.443383 -0.485910 0.048530
v -0.491330 -0.504788 0.053450
v -0.523145 -0.544860 0.061294
v -0.530304 -0.595388 0.069961
v -0.509157 -0.633923 0.121253
v -0.468290 -0.665167 0.127009
v -0.417046 -0.672480 0.126637
v -0.369157 -0.653901 0.120236
v -0.337455 -0.614409 0.109521
v -0.330433 -0.564586 0.097362
v -0.349974 -0.517781 0.087019
v -0.390841 -0.486537 0.081263
v -0.442084 -0.479224 0.081635
v -0.489973 -0.497803 0.088036
v -0.521676 -0.537295 0.098752
v -0.528698 -0.587118 0.110910
v -0.507276 -0.621982 0.164665
v -0.466323 -0.652682 0.172403
v -0.415067 -0.659910 0.172336
v -0.367241 -0.641730 0.164484
v -0.335660 -0.603014 0.150950
v -0.328787 -0.554134 0.135360
v -0.348463 -0.508189 0.121893
v -0.389416 -0.477489 0.114155
v -0.440673 -0.470260 0.114222
v -0.488499 -0.488440 0.122074
v -0.520079 -0.527157 0.135608
v -0.526952 -0.576036 0.151198
v -0.505260 -0.607080 0.207138
v -0.464215 -0.637101 0.216809
v -0.412944 -0.644224 0.217044
v -0.365186 -0.626540 0.207777
v -0.333735 -0.588788 0.191494
v -0.327021 -0.541083 0.172556
v -0.346842 -0.496208 0.156038
v -0.387887 -0.466187 0.146366
v -0.439158 -0.459064 0.146131
v -0.486917 -0.476747 0.155398
v -0.518367 -0.514499 0.171681
v -0.525081 -0.562204 0.190620
v -0.503120 -0.589311 0.248441
v -0.461978 -0.618526 0.259988
v -0.410692 -0.625524 0.260512
v -0.363004 -0.608431 0.249873
v -0.331693 -0.571827 0.230921
v -0.325147 -0.525519 0.208735
v -0.345121 -0.481916 0.189258
v -0.386263 -0.452702 0.177711
v -0.437549 -0.445704 0.177186
v -0.485236 -0.462797 0.187826
v -0.516548 -0.499401 0.206778
v -0.523094 -0.545709 0.228964
v -0.500866 -0.568796 0.288346
v -0.459622 -0.597082 0.301701
v -0.408320 -0.603938 0.302501
v -0.360708 -0.587529 0.290531
v -0.329542 -0.552251 0.268999
v -0.323173 -0.507556 0.243675
v -0.343309 -0.465421 0.221344
v -0.384553 -0.437136 0.207989
v -0.435854 -0.430279 0.207190
v -0.483467 -0.446688 0.219159
v -0.514633 -0.481966 0.240691
v -0.521001 -0.526661 0.266015
v -0.498505 -0.545674 0.326627
v -0.457154 -0.572912 0.341715
v -0.405837 -0.579614 0.342771
v -0.358304 -0.563983 0.329513
v -0.327292 -0.530208 0.305493
v -0.321110 -0.487339 0.277147
v -0.341415 -0.446862 0.252070
v -0.382766 -0.419623 0.236982
v -0.434083 -0.412922 0.235926
v -0.481616 -0.428553 0.249184
v -0.512628 -0.462328 0.273204
v -0.518810 -0.505197 0.301550
v -0.496043 -0.520102 0.363052
v -0.454580 -0.546178 0.379797
v -0.403247 -0.552714 0.381088
v -0.355799 -0.537960 0.366581
v -0.324949 -0.505870 0.340162
v -0.318963 -0.465041 0.308910
v -0.339446 -0.426414 0.281199
v -0.380910 -0.400339 0.264455
v -0.432243 -0.393802 0.263163
v -0.479691 -0.408556 0.277671
v -0.510541 -0.440647 0.304090
v -0.516527 -0.481475 0.335342
v -0.493482 -0.492255 0.397391
v -0.451901 -0.517047 0.415716
v -0.400552 -0.523412 0.417219
v -0.353194 -0.509643 0.401499
v -0.322517 -0.479430 0.372766
v -0.316741 -0.440868 0.338720
v -0.337413 -0.404291 0.308483
v -0.378994 -0.379498 0.290158
v -0.430343 -0.373134 0.288654
v -0.477701 -0.386903 0.304375
v -0.508378 -0.417116 0.333108
v -0.514154 -0.455677 0.367154
v -0.490822 -0.462309 0.429411
v -0.449115 -0.485692 0.449242
v -0.397750 -0.491880 0.450933
v -0.350491 -0.479216 0.434032
v -0.320000 -0.451093 0.403067
v -0.314447 -0.415046 0.366334
v -0.335321 -0.380734 0.333677
v -0.377027 -0.357351 0.313846
v -0.428392 -0.351163 0.312154
v -0.475652 -0.363827 0.329055
v -0.506143 -0.391950 0.360021
v -0.511695 -0.427997 0.396753
v -0.488057 -0.430428 0.458897
v -0.446216 -0.452265 0.480156
v -0.394836 -0.458276 0.482012
v -0.347684 -0.446852 0.463965
v -0.317395 -0.421052 0.430853
v -0.312084 -0.387790 0.391547
v -0.333175 -0.355979 0.356580
v -0.375016 -0.334142 0.335321
v -0.426396 -0.328130 0.333465
v -0.473548 -0.339555 0.351512
v -0.503837 -0.365355 0.384624
v -0.509148 -0.398617 0.423930
v -0.485182 -0.396765 0.485650
v -0.443197 -0.416915 0.508249
v -0.391802 -0.422752 0.510243
v -0.344768 -0.412712 0.491097
v -0.314699 -0.389485 0.455943
v -0.309651 -0.359294 0.414199
v -0.330977 -0.330230 0.377051
v -0.372962 -0.310080 0.354452
v -0.424357 -0.304243 0.352459
v -0.471390 -0.314283 0.371604
v -0.501460 -0.337510 0.406758
v -0.506508 -0.367701 0.448502
v -0.482186 -0.361471 0.509490
v -0.440046 -0.379797 0.533319
v -0.388637 -0.385467 0.535425
v -0.341734 -0.376962 0.515244
v -0.311905 -0.356561 0.478183
v -0.307143 -0.329730 0.434173
v -0.328723 -0.303658 0.395005
v -0.370863 -0.285332 0.371176
v -0.422272 -0.279662 0.369070
v -0.469175 -0.288167 0.389251
v -0.499004 -0.308568 0.426312
v -0.503767 -0.335399 0.470323
v -0.479059 -0.324703 0.530255
v -0.436753 -0.341083 0.555182
v -0.385331 -0.346601 0.557374
v -0.338571 -0.339778 0.536244
v -0.309004 -0.322443 0.497454
v -0.304550 -0.299240 0.451396
v -0.326405 -0.276386 0.410414
v -0.368711 -0.260006 0.385486
v -0.420133 -0.254488 0.383294
v -0.466893 -0.261311 0.404424
v -0.496460 -0.278647 0.443215
v -0.500914 -0.301850 0.489272
v -0.475788 -0.286636 0.547818
v -0.433306 -0.300978 0.573685
v -0.381873 -0.306365 0.575937
v -0.335270 -0.301355 0.553971
v -0.305983 -0.287289 0.513673
v -0.301862 -0.267937 0.465840
v -0.324009 -0.248483 0.423290
v -0.366491 -0.234141 0.397422
v -0.417924 -0.228754 0.395170
v -0.464527 -0.233764 0.417136
v -0.493814 -0.247830 0.457434
v -0.497935 -0.267183 0.505267
v -0.472360 -0.247459 0.562093
v -0.429695 -0.259714 0.588720
v -0.378253 -0.265001 0.591009
v -0.331818 -0.261905 0.568345
v -0.302831 -0.251254 0.526803
v -0.299060 -0.235902 0.477512
v -0.321515 -0.219963 0.433680
v -0.364180 -0.207708 0.407053
v -0.415622 -0.202420 0.404764
v -0.462058 -0.205517 0.427427
v -0.491044 -0.216168 0.468970
v -0.494815 -0.231520 0.518261
v -0.468761 -0.207376 0.573050
v -0.425910 -0.217552 0.600247
v -0.374462 -0.222779 0.602552
v -0.328204 -0.221656 0.579348
v -0.299530 -0.214484 0.536853
v -0.296124 -0.203185 0.486452
v -0.318897 -0.190786 0.441651
v -0.361749 -0.180610 0.414455
v -0.413197 -0.175383 0.412149
v -0.459455 -0.176506 0.435353
v -0.488129 -0.183678 0.477849
v -0.491535 -0.194977 0.528249
v -0.464978 -0.166597 0.580729
v -0.421939 -0.174764 0.608306
v -0.370490 -0.179976 0.610614
v -0.324416 -0.180835 0.587035
v -0.296063 -0.177112 0.543888
v -0.293028 -0.169804 0.492732
v -0.316124 -0.160869 0.447276
v -0.359162 -0.152702 0.419700
v -0.410611 -0.147490 0.417392
v -0.456685 -0.146631 0.440970
v -0.485038 -0.150354 0.484118
v -0.488073 -0.157662 0.535273
v -0.460993 -0.125317 0.585244
v -0.417774 -0.131609 0.613028
v -0.366328 -0.136857 0.615332
v -0.320442 -0.139654 0.591539
v -0.292409 -0.139250 0.548025
v -0.289743 -0.135755 0.496448
v -0.313156 -0.130104 0.450629
v -0.356376 -0.123811 0.422845
v -0.407821 -0.118564 0.420541
v -0.453708 -0.115767 0.444334
v -0.481740 -0.116170 0.487848
v -0.484407 -0.119666 0.539425
v -0.456791 -0.083704 0.586781
v -0.413400 -0.088311 0.614630
v -0.361964 -0.093649 0.616930
v -0.316264 -0.098287 0.593067
v -0.288545 -0.100982 0.549433
v -0.286235 -0.101013 0.497721
v -0.309953 -0.098371 0.451786
v -0.353343 -0.093764 0.423938
v -0.404779 -0.088426 0.421637
v -0.450480 -0.083788 0.445500
v -0.478198 -0.081093 0.489134
v -0.480508 -0.081062 0.540846
v -0.452348 -0.041882 0.585590
v -0.408803 -0.045039 0.613400
v -0.357382 -0.050521 0.615705
v -0.311863 -0.056860 0.591887
v -0.284443 -0.062357 0.548328
v -0.282468 -0.065540 0.496700
v -0.306468 -0.065555 0.450836
v -0.350013 -0.062399 0.423026
v -0.401434 -0.056917 0.420722
v -0.446953 -0.050578 0.444540
v -0.474374 -0.045080 0.488099
v -0.476349 -0.041898 0.539727
v -0.447641 0.000072 0.581975
v -0.403963 -0.001900 0.609686
v -0.352564 -0.007580 0.612007
v -0.307217 -0.015447 0.588317
v -0.280071 -0.023392 0.544964
v -0.278401 -0.029287 0.493565
v -0.302654 -0.031552 0.447890
v -0.346332 -0.029580 0.420180
v -0.397731 -0.023900 0.417859
v -0.443078 -0.016033 0.441548
v -0.470224 -0.008087 0.484901
v -0.471894 -0.002192 0.536301
v -0.442639 0.042135 0.576278
v -0.398854 0.041063 0.603869
v -0.347485 0.035132 0.606223
v -0.302296 0.025933 0.582711
v -0.275396 0.015930 0.539632
v -0.273992 0.007804 0.488530
v -0.298460 0.003732 0.443096
v -0.342245 0.004804 0.415505
v -0.393614 0.010735 0.413151
v -0.438803 0.019934 0.436663
v -0.465703 0.029937 0.479742
v -0.467108 0.038063 0.530845
v -0.437307 0.084355 0.568862
v -0.393444 0.083899 0.596346
v -0.342113 0.077670 0.598752
v -0.297067 0.067337 0.575437
v -0.270377 0.055668 0.532647
v -0.269194 0.045791 0.481848
v -0.293835 0.040352 0.436652
v -0.337698 0.040808 0.409168
v -0.389029 0.047037 0.406762
v -0.434075 0.057370 0.430077
v -0.460765 0.069039 0.472867
v -0.461948 0.078916 0.523666
v -0.431594 0.126861 0.560063
v -0.387682 0.126771 0.587472
v -0.336397 0.120196 0.589949
v -0.291482 0.108898 0.566832
v -0.264970 0.095904 0.524314
v -0.263966 0.084695 0.473788
v -0.288739 0.078275 0.428793
v -0.332651 0.078365 0.401385
v -0.383936 0.084940 0.398907
v -0.428852 0.096239 0.422024
v -0.455363 0.109233 0.464542
v -0.456367 0.120442 0.515068
v -0.425445 0.169791 0.550144
v -0.381510 0.169866 0.577514
v -0.330281 0.162900 0.580082
v -0.285486 0.150760 0.557158
v -0.259127 0.136699 0.514885
v -0.258268 0.124484 0.464590
v -0.283138 0.117389 0.419750
v -0.327074 0.117314 0.392379
v -0.378302 0.124280 0.389812
v -0.423097 0.136420 0.412736
v -0.449456 0.150482 0.455009
v -0.450316 0.162696 0.505304
v -0.418803 0.213243 0.539301
v -0.374867 0.213325 0.566669
v -0.323705 0.205922 0.569345
v -0.279027 0.193018 0.546611
v -0.252804 0.178071 0.504558
v -0.252062 0.165086 0.454455
v -0.277001 0.157541 0.409727
v -0.320938 0.157459 0.382358
v -0.372099 0.164862 0.379682
v -0.416778 0.177766 0.402416
v -0.443001 0.192713 0.444469
v -0.443742 0.205699 0.494572
v -0.411609 0.257263 0.527675
v -0.367691 0.257234 0.555073
v -0.316608 0.249347 0.557876
v -0.272049 0.235714 0.535334
v -0.245953 0.219990 0.493486
v -0.245313 0.206387 0.443546
v -0.270300 0.198550 0.398894
v -0.314218 0.198579 0.371496
v -0.365301 0.206466 0.368693
v -0.409860 0.220098 0.391235
v -0.435956 0.235822 0.433083
v -0.436596 0.249426 0.483023
v -0.403804 0.301847 0.515355
v -0.359919 0.301623 0.542806
v -0.308931 0.293201 0.545758
v -0.264500 0.278836 0.523418
v -0.238533 0.262379 0.481772
v -0.237986 0.248238 0.431980
v -0.263008 0.240204 0.387383
v -0.306892 0.240428 0.359932
v -0.357881 0.248850 0.356980
v -0.402311 0.263215 0.379320
v -0.428279 0.279672 0.420966
v -0.428825 0.293813 0.470758
v -0.395325 0.346949 0.502379
v -0.351487 0.346474 0.529903
v -0.300610 0.337460 0.533024
v -0.256326 0.322322 0.510907
v -0.230499 0.305115 0.469477
v -0.230052 0.290450 0.419836
v -0.255103 0.282257 0.375285
v -0.298940 0.282732 0.347761
v -0.349817 0.291746 0.344640
v -0.394102 0.306884 0.366757
v -0.419928 0.324091 0.408187
v -0.420376 0.338756 0.457828
v -0.386108 0.392474 0.488737
v -0.342328 0.391720 0.516345
v -0.291583 0.382052 0.519662
v -0.247471 0.366060 0.497801
v -0.221812 0.348030 0.456619
v -0.221481 0.332791 0.407150
v -0.246567 0.324429 0.362650
v -0.290347 0.325182 0.335042
v -0.341092 0.334850 0.331724
v -0.385204 0.350842 0.353585
v -0.410863 0.368873 0.394768
v -0.411194 0.384111 0.444237
v -0.376084 0.438290 0.474364
v -0.332366 0.437251 0.502062
v -0.281781 0.426859 0.505608
v -0.237882 0.409897 0.484051
v -0.212432 0.390912 0.443169
v -0.212251 0.374989 0.393915
v -0.237387 0.366396 0.349487
v -0.281105 0.367435 0.321790
v -0.331690 0.377828 0.318244
v -0.375589 0.394790 0.339801
v -0.401039 0.413775 0.380683
v -0.401220 0.429698 0.429937
v -0.365177 0.484227 0.459143
v -0.321523 0.482918 0.486931
v -0.271129 0.471720 0.490744
v -0.227498 0.453634 0.469562
v -0.202320 0.433506 0.429060
v -0.202343 0.416728 0.380090
v -0.227559 0.407798 0.335775
v -0.271213 0.409107 0.307987
v -0.321607 0.420305 0.304174
v -0.365238 0.438391 0.325356
v -0.390416 0.458519 0.365858
v -0.390393 0.475297 0.414828
v -0.353300 0.530078 0.442895
v -0.309707 0.528535 0.470765
v -0.259546 0.516440 0.474898
v -0.216258 0.497033 0.454186
v -0.191441 0.475514 0.414179
v -0.191746 0.457649 0.365596
v -0.217091 0.448226 0.321456
v -0.260684 0.449768 0.293586
v -0.310845 0.461864 0.289453
v -0.354133 0.481271 0.310165
v -0.378949 0.502790 0.350172
v -0.378644 0.520654 0.398755
v -0.340353 0.575600 0.425371
v -0.296810 0.573882 0.453309
v -0.246935 0.560784 0.457830
v -0.204092 0.539817 0.437722
v -0.179761 0.516598 0.398373
v -0.180461 0.497350 0.350326
v -0.206004 0.487229 0.306456
v -0.249547 0.488947 0.278517
v -0.299422 0.502045 0.273996
v -0.342265 0.523012 0.294105
v -0.366596 0.546231 0.333454
v -0.365897 0.565479 0.381501
v -0.326218 0.620514 0.406245
v -0.282706 0.618698 0.434225
v -0.233185 0.604480 0.439226
v -0.190924 0.581670 0.419907
v -0.167247 0.556380 0.381446
v -0.168498 0.535386 0.334147
v -0.194341 0.524314 0.290684
v -0.237854 0.526130 0.262704
v -0.287375 0.540348 0.257703
v -0.329636 0.563157 0.277022
v -0.353313 0.588448 0.315483
v -0.352062 0.609441 0.362782
v -0.310752 0.664488 0.385097
v -0.267239 0.662675 0.413076
v -0.218158 0.647210 0.418681
v -0.176661 0.622236 0.400410
v -0.153867 0.594445 0.363160
v -0.155884 0.571284 0.316911
v -0.182170 0.558959 0.274055
v -0.225683 0.560772 0.246076
v -0.274764 0.576237 0.240471
v -0.316261 0.601211 0.258742
v -0.339055 0.629002 0.295992
v -0.337038 0.652163 0.342241
v -0.293790 0.707110 0.361408
v -0.250228 0.705419 0.389318
v -0.201698 0.688578 0.395694
v -0.161203 0.661099 0.378826
v -0.139593 0.630344 0.343236
v -0.142660 0.604556 0.298458
v -0.169581 0.590643 0.256492
v -0.213143 0.592333 0.228581
v -0.261673 0.609175 0.222206
v -0.302169 0.636654 0.239073
v -0.323778 0.667408 0.274664
v -0.320711 0.693197 0.319441
v -0.275184 0.747790 0.334605
v -0.231510 0.746343 0.362354
v -0.183658 0.728023 0.369711
v -0.144451 0.697740 0.354704
v -0.124394 0.663607 0.321355
v -0.128860 0.634771 0.278600
v -0.156654 0.618957 0.237895
v -0.200328 0.620404 0.210146
v -0.248180 0.638724 0.202790
v -0.287387 0.669007 0.217796
v -0.307445 0.703140 0.251145
v -0.302978 0.731976 0.293900
v -0.254863 0.785742 0.304210
v -0.211005 0.784637 0.331683
v -0.163969 0.764802 0.340261
v -0.126357 0.731549 0.327646
v -0.108248 0.693791 0.297219
v -0.114494 0.661643 0.257131
v -0.143421 0.643721 0.218125
v -0.187279 0.644825 0.190652
v -0.234316 0.664661 0.182074
v -0.271928 0.697913 0.194689
v -0.290037 0.735672 0.225117
v -0.283791 0.767819 0.265204
v -0.232868 0.820090 0.269926
v -0.188753 0.819386 0.296997
v -0.142657 0.798085 0.307044
v -0.106931 0.761895 0.297375
v -0.091149 0.720513 0.270581
v -0.099539 0.685027 0.233841
v -0.129853 0.664946 0.196999
v -0.173969 0.665649 0.169928
v -0.220065 0.686950 0.159881
v -0.255790 0.723140 0.169550
v -0.271572 0.764522 0.196345
v -0.263182 0.800008 0.233085
v -0.209352 0.849962 0.231681
v -0.164912 0.849670 0.258224
v -0.119854 0.827053 0.269960
v -0.086250 0.788173 0.263746
v -0.073106 0.743446 0.241247
v -0.083943 0.704857 0.208491
v -0.115857 0.682747 0.174255
v -0.160297 0.683039 0.147712
v -0.205355 0.705655 0.135976
v -0.238958 0.744536 0.142189
v -0.252103 0.789263 0.164689
v -0.241266 0.827851 0.197445
v -0.184578 0.874590 0.189645
v -0.139760 0.874673 0.215546
v -0.095792 0.850974 0.229133
v -0.064454 0.809842 0.226765
v -0.054143 0.762299 0.209077
v -0.067623 0.721085 0.180808
v -0.101280 0.697242 0.149532
v -0.146098 0.697159 0.123631
v -0.190066 0.720858 0.110044
v -0.221404 0.761990 0.112412
v -0.231715 0.809532 0.130100
v -0.218236 0.850747 0.158369
v -0.158881 0.893406 0.144187
v -0.113654 0.893789 0.169363
v -0.070774 0.869291 0.184877
v -0.041732 0.826476 0.186571
v -0.034308 0.776816 0.173992
v -0.050493 0.733617 0.150510
v -0.085949 0.708455 0.122417
v -0.131176 0.708071 0.097240
v -0.174056 0.732569 0.081726
v -0.203098 0.775384 0.080032
v -0.210522 0.825045 0.092612
v -0.194337 0.868243 0.116094
v -0.132610 0.906093 0.095788
v -0.086964 0.906680 0.120192
v -0.045123 0.881678 0.137620
v -0.018300 0.837785 0.143402
v -0.013680 0.786764 0.135990
v -0.032504 0.742284 0.117368
v -0.069725 0.716265 0.092528
v -0.115372 0.715677 0.068125
v -0.157212 0.740680 0.050697
v -0.184036 0.784572 0.044914
v -0.188655 0.835594 0.052327
v -0.169832 0.880074 0.070948
v -0.106079 0.912570 0.044940
v -0.060022 0.913258 0.068557
v -0.019136 0.888020 0.087813
v 0.005625 0.843617 0.097548
v 0.007626 0.791947 0.095154
v -0.013670 0.746856 0.081271
v -0.052556 0.720424 0.059620
v -0.098613 0.719736 0.036002
v -0.139500 0.744974 0.016746
v -0.164260 0.789377 0.007011
v -0.166261 0.841047 0.009406
v -0.144965 0.886138 0.023289
v -0.079546 0.912917 -0.007913
v -0.033101 0.913612 0.014933
v 0.006934 0.888359 0.035884
v 0.029833 0.843925 0.049327
v 0.029460 0.792215 0.051659
v 0.005914 0.747085 0.042256
v -0.034494 0.720628 0.023637
v -0.080939 0.719933 0.000791
v -0.120974 0.745186 -0.020160
v -0.143873 0.789620 -0.033602
v -0.143500 0.841330 -0.035935
v -0.119955 0.886460 -0.026532
v -0.053221 0.907305 -0.062382
v -0.006418 0.907925 -0.040277
v 0.032872 0.882828 -0.017784
v 0.054122 0.838739 -0.000930
v 0.051637 0.787470 0.005770
v 0.026084 0.742761 0.000519
v -0.015691 0.716589 -0.015274
v -0.062494 0.715969 -0.037379
v -0.101783 0.741066 -0.059872
v -0.123033 0.785155 -0.076726
v -0.120548 0.836424 -0.083426
v -0.094995 0.881133 -0.078175
v -0.027287 0.895936 -0.118111
v 0.019843 0.896414 -0.096709
v 0.058486 0.871598 -0.072827
v 0.078288 0.828138 -0.052863
v 0.073943 0.777678 -0.042166
v 0.046615 0.733739 -0.043604
v 0.003627 0.708095 -0.056790
v -0.043503 0.707617 -0.078192
v -0.082146 0.732433 -0.102074
v -0.101948 0.775893 -0.122039
v -0.097603 0.826353 -0.132735
v -0.070275 0.870292 -0.131297
v -0.001923 0.879018 -0.174743
v 0.045505 0.879298 -0.154006
v 0.083588 0.854854 -0.128872
v 0.102120 0.812236 -0.106074
v 0.096137 0.762863 -0.091722
v 0.067241 0.719964 -0.089661
v 0.023176 0.695035 -0.100443
v -0.024252 0.694755 -0.121180
v -0.062334 0.719198 -0.146314
v -0.080867 0.761817 -0.169112
v -0.074884 0.811190 -0.183464
v -0.045988 0.854088 -0.185525
v 0.022679 0.856755 -0.231888
v 0.070379 0.856789 -0.211784
v 0.107972 0.832787 -0.185514
v 0.125385 0.791178 -0.160116
v 0.117952 0.743113 -0.142397
v 0.087665 0.701470 -0.137104
v 0.042638 0.677408 -0.145654
v -0.005062 0.677373 -0.165758
v -0.042655 0.701375 -0.192029
v -0.060068 0.742984 -0.217426
v -0.052635 0.791049 -0.235145
v -0.022348 0.832692 -0.240439
v 0.046300 0.829351 -0.289102
v 0.094252 0.829095 -0.269606
v 0.131414 0.805591 -0.242291
v 0.147829 0.765139 -0.214478
v 0.139099 0.718575 -0.193617
v 0.107562 0.678379 -0.185299
v 0.061670 0.655319 -0.191753
v 0.013719 0.655575 -0.211249
v -0.023443 0.679078 -0.238563
v -0.039858 0.719531 -0.266377
v -0.031128 0.766094 -0.287238
v 0.000408 0.806291 -0.295556
v 0.068692 0.797015 -0.345871
v 0.116877 0.796422 -0.326967
v 0.153654 0.773475 -0.298675
v 0.169168 0.734323 -0.268577
v 0.159263 0.689456 -0.244737
v 0.126592 0.650897 -0.233543
v 0.079910 0.628977 -0.237994
v 0.031725 0.629570 -0.256898
v -0.005051 0.652517 -0.285189
v -0.020566 0.691669 -0.315288
v -0.010660 0.736536 -0.339128
v 0.022010 0.775095 -0.350322
v 0.089577 0.759974 -0.401609
v 0.137979 0.758996 -0.383284
v 0.174406 0.736668 -0.354061
v 0.189099 0.698974 -0.321769
v 0.178119 0.656013 -0.295061
v 0.144409 0.619297 -0.281094
v 0.097002 0.598664 -0.283609
v 0.048601 0.599642 -0.301934
v 0.012173 0.621970 -0.331157
v -0.002519 0.659664 -0.363449
v 0.008460 0.702625 -0.390157
v 0.042170 0.739341 -0.404124
v 0.108686 0.718471 -0.455718
v 0.157287 0.717061 -0.437957
v 0.193396 0.695425 -0.407832
v 0.207338 0.659362 -0.373414
v 0.195377 0.618535 -0.343926
v 0.160718 0.583883 -0.327269
v 0.112647 0.564690 -0.327907
v 0.064046 0.566101 -0.345668
v 0.027937 0.587737 -0.375793
v 0.013996 0.623800 -0.410211
v 0.025957 0.664627 -0.439699
v 0.060616 0.699279 -0.456356
v 0.125787 0.672767 -0.507630
v 0.174566 0.670880 -0.490410
v 0.210385 0.650020 -0.459404
v 0.223646 0.615777 -0.422921
v 0.210796 0.577326 -0.390735
v 0.175279 0.544971 -0.371471
v 0.126610 0.527380 -0.370291
v 0.077830 0.529267 -0.387511
v 0.042011 0.550127 -0.418516
v 0.028750 0.584370 -0.455000
v 0.041600 0.622821 -0.487186
v 0.077118 0.655177 -0.506449
v 0.140683 0.623142 -0.556809
v 0.189616 0.620739 -0.540100
v 0.225175 0.600749 -0.508233
v 0.237830 0.568528 -0.469747
v 0.224190 0.532709 -0.434955
v 0.187911 0.502891 -0.413179
v 0.138714 0.487063 -0.410254
v 0.089780 0.489465 -0.426963
v 0.054222 0.509456 -0.458830
v 0.041567 0.541677 -0.497316
v 0.055206 0.577496 -0.532108
v 0.091485 0.607314 -0.553884
v 0.153222 0.569904 -0.602763
v 0.202284 0.566957 -0.586524
v 0.237613 0.547940 -0.553817
v 0.249742 0.517951 -0.513407
v 0.235422 0.485023 -0.476121
v 0.198490 0.457981 -0.451951
v 0.148841 0.444070 -0.447372
v 0.099779 0.447018 -0.463612
v 0.064450 0.466034 -0.496318
v 0.052321 0.496024 -0.536728
v 0.066640 0.528951 -0.574014
v 0.103573 0.555993 -0.598184
v 0.163298 0.513392 -0.645045
v 0.212460 0.509883 -0.629225
v 0.247595 0.491953 -0.595706
v 0.259289 0.464406 -0.553470
v 0.244409 0.434623 -0.513834
v 0.206941 0.410584 -0.487418
v 0.156925 0.398732 -0.481300
v 0.107763 0.402240 -0.497120
v 0.072628 0.420171 -0.530639
v 0.060934 0.447718 -0.572875
v 0.075814 0.477501 -0.612511
v 0.113282 0.501539 -0.638927
v 0.170855 0.453978 -0.683257
v 0.220088 0.449908 -0.667798
v 0.255070 0.433183 -0.633505
v 0.266427 0.408282 -0.589568
v 0.251117 0.381879 -0.547759
v 0.213241 0.361048 -0.519282
v 0.162948 0.351370 -0.511766
v 0.113715 0.355439 -0.527226
v 0.078733 0.372165 -0.561519
v 0.067375 0.397066 -0.605456
v 0.082686 0.423469 -0.647264
v 0.120562 0.444300 -0.675742
v 0.175890 0.392071 -0.717063
v 0.225168 0.387463 -0.701897
v 0.260042 0.372062 -0.666881
v 0.271168 0.349997 -0.621397
v 0.255565 0.327177 -0.577632
v 0.217413 0.309720 -0.547314
v 0.166937 0.302301 -0.538566
v 0.117659 0.306909 -0.553731
v 0.082785 0.322309 -0.588748
v 0.071659 0.344375 -0.634232
v 0.087262 0.367194 -0.677996
v 0.125413 0.384652 -0.708314
v 0.178460 0.328114 -0.746188
v 0.227758 0.323014 -0.731246
v 0.262573 0.309060 -0.695572
v 0.273577 0.289993 -0.648723
v 0.257822 0.270920 -0.603253
v 0.219530 0.256952 -0.571346
v 0.168959 0.251833 -0.561551
v 0.119662 0.256933 -0.576492
v 0.084847 0.270887 -0.612167
v 0.073842 0.289954 -0.659016
v 0.089597 0.309027 -0.704486
v 0.127890 0.322995 -0.736393
v 0.178679 0.262582 -0.770433
v 0.227978 0.257063 -0.755646
v 0.262787 0.244675 -0.719392
v 0.273780 0.228738 -0.671386
v 0.258010 0.213521 -0.624489
v 0.219704 0.203102 -0.591269
v 0.169125 0.200273 -0.580627
v 0.119826 0.205792 -0.595414
v 0.085016 0.218180 -0.631668
v 0.074024 0.234117 -0.679675
v 0.089794 0.249334 -0.726571
v 0.128100 0.259753 -0.759791
v 0.176722 0.195971 -0.789676
v 0.226012 0.190137 -0.774980
v 0.260870 0.179430 -0.738241
v 0.271955 0.166719 -0.689301
v 0.256297 0.155410 -0.641276
v 0.218093 0.148534 -0.607032
v 0.167578 0.147932 -0.595746
v 0.118288 0.153767 -0.610442
v 0.083431 0.164474 -0.647182
v 0.072345 0.177185 -0.696121
v 0.088003 0.188493 -0.744147
v 0.126207 0.195370 -0.778390
v 0.172825 0.128794 -0.803875
v 0.222105 0.122777 -0.789218
v 0.257065 0.113863 -0.752099
v 0.268338 0.104440 -0.702465
v 0.252904 0.097034 -0.653613
v 0.214898 0.093628 -0.618636
v 0.164504 0.095136 -0.606903
v 0.115225 0.101153 -0.621560
v 0.080265 0.110068 -0.658679
v 0.068991 0.119490 -0.708314
v 0.084425 0.126897 -0.757165
v 0.122431 0.130302 -0.792143
v 0.167282 0.061570 -0.813071
v 0.216560 0.055533 -0.798416
v 0.251676 0.048523 -0.761037
v 0.263220 0.042418 -0.710947
v 0.248099 0.038853 -0.661570
v 0.210365 0.038785 -0.626135
v 0.160129 0.042230 -0.614137
v 0.110851 0.048267 -0.628791
v 0.075736 0.055277 -0.666171
v 0.064192 0.061382 -0.716260
v 0.079312 0.064947 -0.765638
v 0.117046 0.065016 -0.801073
v 0.160443 -0.005184 -0.817381
v 0.209738 -0.011045 -0.802715
v 0.245059 -0.016035 -0.765204
v 0.256940 -0.018818 -0.714899
v 0.242198 -0.018648 -0.665279
v 0.204783 -0.015570 -0.629640
v 0.154720 -0.010409 -0.617531
v 0.105425 -0.004549 -0.632197
v 0.070105 0.000441 -0.669708
v 0.058224 0.003224 -0.720013
v 0.072966 0.003054 -0.769632
v 0.110380 -0.000024 -0.805272
v 0.152705 -0.070974 -0.816994
v 0.202047 -0.076438 -0.802330
v 0.237617 -0.079284 -0.764831
v 0.249884 -0.078749 -0.714545
v 0.235562 -0.074975 -0.664945
v 0.198487 -0.068976 -0.629323
v 0.148595 -0.062357 -0.617222
v 0.099253 -0.056893 -0.631885
v 0.063683 -0.054047 -0.669384
v 0.051416 -0.054583 -0.719670
v 0.065738 -0.058356 -0.769270
v 0.102812 -0.064355 -0.804893
v 0.144477 -0.135373 -0.812136
v 0.193897 -0.140217 -0.797519
v 0.229756 -0.140784 -0.760192
v 0.242445 -0.136921 -0.710156
v 0.228564 -0.129665 -0.660819
v 0.191832 -0.120958 -0.625400
v 0.142093 -0.113135 -0.613390
v 0.092672 -0.108291 -0.628007
v 0.056813 -0.107725 -0.665334
v 0.044124 -0.111587 -0.715370
v 0.058005 -0.118844 -0.764707
v 0.094737 -0.127550 -0.800126
v 0.136125 -0.198029 -0.803019
v 0.185655 -0.202041 -0.788523
v 0.221834 -0.200187 -0.751548
v 0.234968 -0.192966 -0.702002
v 0.221536 -0.182312 -0.653159
v 0.185139 -0.171080 -0.618109
v 0.135529 -0.162279 -0.606241
v 0.085998 -0.158267 -0.620736
v 0.049819 -0.160121 -0.657711
v 0.036686 -0.167342 -0.707258
v 0.050117 -0.177996 -0.756100
v 0.086514 -0.189228 -0.791151
v 0.127970 -0.258630 -0.789836
v 0.177639 -0.261612 -0.775564
v 0.214160 -0.257197 -0.739147
v 0.227749 -0.246567 -0.690343
v 0.214764 -0.232572 -0.642229
v 0.178685 -0.218960 -0.607696
v 0.129179 -0.209380 -0.595998
v 0.079511 -0.206398 -0.610269
v 0.042989 -0.210813 -0.646686
v 0.029400 -0.221442 -0.695490
v 0.042385 -0.235438 -0.743605
v 0.078464 -0.249049 -0.778138
v 0.120294 -0.316891 -0.772764
v 0.170120 -0.318665 -0.758847
v 0.206995 -0.311551 -0.723222
v 0.221038 -0.297456 -0.675435
v 0.208485 -0.280156 -0.628290
v 0.172702 -0.264287 -0.594420
v 0.123275 -0.254101 -0.582900
v 0.073449 -0.252326 -0.596817
v 0.036574 -0.259440 -0.632441
v 0.022531 -0.273535 -0.680229
v 0.035083 -0.290835 -0.727374
v 0.070867 -0.306704 -0.761244
v 0.113334 -0.372554 -0.751974
v 0.163330 -0.372965 -0.738567
v 0.200555 -0.363032 -0.703997
v 0.215035 -0.345418 -0.657526
v 0.202890 -0.324842 -0.611606
v 0.167374 -0.306818 -0.578542
v 0.118004 -0.296174 -0.567192
v 0.068009 -0.295764 -0.580599
v 0.030783 -0.305696 -0.615170
v 0.016303 -0.323310 -0.661641
v 0.028448 -0.343886 -0.707561
v 0.063964 -0.361911 -0.740625
v 0.107293 -0.425383 -0.727635
v 0.157458 -0.424304 -0.714915
v 0.195014 -0.411461 -0.681687
v 0.209898 -0.390295 -0.636855
v 0.198122 -0.366477 -0.592431
v 0.162841 -0.346389 -0.560318
v 0.113508 -0.335414 -0.549122
v 0.063343 -0.336492 -0.561842
v 0.025787 -0.349335 -0.595070
v 0.010903 -0.370502 -0.639903
v 0.022680 -0.394320 -0.684327
v 0.057961 -0.414408 -0.716439
v 0.102333 -0.475154 -0.699928
v 0.152654 -0.472501 -0.688086
v 0.190503 -0.456700 -0.656506
v 0.205738 -0.431985 -0.613651
v 0.194278 -0.404978 -0.571004
v 0.159192 -0.382917 -0.539991
v 0.109882 -0.371712 -0.528923
v 0.059561 -0.374365 -0.540766
v 0.021712 -0.390166 -0.572345
v 0.006477 -0.414881 -0.615200
v 0.017938 -0.441887 -0.657848
v 0.053023 -0.463949 -0.688860
v 0.098572 -0.521664 -0.669057
v 0.149022 -0.517399 -0.658285
v 0.187108 -0.498653 -0.628662
v 0.202624 -0.470448 -0.588125
v 0.191413 -0.440342 -0.547536
v 0.156478 -0.416402 -0.517771
v 0.107181 -0.405043 -0.506806
v 0.056730 -0.409308 -0.517578
v 0.018644 -0.428054 -0.547201
v 0.003128 -0.456259 -0.587738
v 0.014340 -0.486365 -0.628326
v 0.049274 -0.510305 -0.658091
v 0.096082 -0.564731 -0.635262
v 0.146624 -0.558875 -0.625739
v 0.184875 -0.537269 -0.598361
v 0.200584 -0.505701 -0.560463
v 0.189543 -0.472631 -0.522201
v 0.154711 -0.446920 -0.493827
v 0.105419 -0.435456 -0.482943
v 0.054877 -0.441312 -0.492466
v 0.016627 -0.462919 -0.519845
v 0.000917 -0.494486 -0.557742
v 0.011958 -0.527556 -0.596004
v 0.046791 -0.553267 -0.624378
v 0.094884 -0.604208 -0.598830
v 0.145472 -0.596842 -0.590701
v 0.183804 -0.572540 -0.565809
v 0.199609 -0.537814 -0.530827
v 0.188653 -0.501969 -0.495125
v 0.153870 -0.474609 -0.468272
v 0.104581 -0.463066 -0.457462
v 0.053993 -0.470431 -0.465592
v 0.015661 -0.494733 -0.490483
v -0.000144 -0.529459 -0.525466
v 0.010812 -0.565304 -0.561167
v 0.045595 -0.592664 -0.588020
v 0.094939 -0.639998 -0.560099
v 0.145525 -0.631261 -0.553452
v 0.183855 -0.604505 -0.531215
v 0.199656 -0.566900 -0.499346
v 0.188697 -0.528521 -0.466385
v 0.153912 -0.499653 -0.441163
v 0.104623 -0.488030 -0.430439
v 0.054037 -0.496766 -0.437086
v 0.015708 -0.523522 -0.459324
v -0.000094 -0.561127 -0.491193
v 0.010866 -0.599506 -0.524154
v 0.045650 -0.628375 -0.549376
v 0.096148 -0.672078 -0.519450
v 0.146691 -0.662157 -0.514300
v 0.184941 -0.633252 -0.494783
v 0.200649 -0.593108 -0.466127
v 0.189606 -0.552481 -0.436010
v 0.154771 -0.522257 -0.412504
v 0.105479 -0.510534 -0.401905
v 0.054936 -0.520455 -0.407055
v 0.016686 -0.549360 -0.426572
v 0.000978 -0.589504 -0.455228
v 0.012021 -0.630132 -0.485345
v 0.046855 -0.660356 -0.508851
v 0.098349 -0.700510 -0.477291
v 0.148819 -0.689626 -0.473568
v 0.186932 -0.658918 -0.456717
v 0.202476 -0.616615 -0.431255
v 0.191286 -0.574051 -0.404004
v 0.156361 -0.542633 -0.382265
v 0.107058 -0.530777 -0.371864
v 0.056589 -0.541662 -0.375587
v 0.018476 -0.572369 -0.392437
v 0.002932 -0.614672 -0.417899
v 0.014121 -0.657236 -0.445151
v 0.049047 -0.688654 -0.466890
v 0.101326 -0.725455 -0.434039
v 0.151710 -0.713839 -0.431579
v 0.189654 -0.681690 -0.417221
v 0.204991 -0.637621 -0.394812
v 0.193612 -0.593440 -0.370357
v 0.158566 -0.560986 -0.350407
v 0.109242 -0.548955 -0.340310
v 0.058859 -0.560570 -0.342769
v 0.020915 -0.592720 -0.357127
v 0.005577 -0.636789 -0.379536
v 0.016956 -0.680970 -0.403992
v 0.052003 -0.713423 -0.423941
v 0.104820 -0.747182 -0.390050
v 0.155123 -0.735054 -0.388626
v 0.192892 -0.701800 -0.376497
v 0.208008 -0.656331 -0.356912
v 0.196420 -0.610830 -0.335120
v 0.161234 -0.577490 -0.316959
v 0.111877 -0.565243 -0.307296
v 0.061574 -0.577372 -0.308720
v 0.023804 -0.610626 -0.320849
v 0.008688 -0.656095 -0.340434
v 0.020276 -0.701595 -0.362227
v 0.055463 -0.734936 -0.380387
v 0.108579 -0.766023 -0.345559
v 0.158815 -0.753558 -0.344927
v 0.196423 -0.719479 -0.334740
v 0.211324 -0.672917 -0.317728
v 0.199526 -0.626348 -0.298449
v 0.164191 -0.592251 -0.282069
v 0.114786 -0.579761 -0.272978
v 0.064549 -0.592226 -0.273610
v 0.026942 -0.626306 -0.283797
v 0.012041 -0.672868 -0.300809
v 0.023838 -0.719437 -0.320088
v 0.059174 -0.753534 -0.336468
v 0.112386 -0.782281 -0.300706
v 0.162575 -0.769612 -0.300636
v 0.200042 -0.734923 -0.292125
v 0.214747 -0.687510 -0.277454
v 0.202749 -0.640076 -0.260555
v 0.167264 -0.605332 -0.245955
v 0.117800 -0.592587 -0.237566
v 0.067611 -0.605256 -0.237636
v 0.030144 -0.639945 -0.246146
v 0.015440 -0.687359 -0.260817
v 0.027437 -0.734792 -0.277717
v 0.062922 -0.769537 -0.292317
v 0.116059 -0.796208 -0.255583
v 0.166220 -0.783428 -0.255869
v 0.203570 -0.748292 -0.248804
v 0.218101 -0.700215 -0.236279
v 0.205920 -0.652077 -0.221653
v 0.170291 -0.616779 -0.208843
v 0.120761 -0.603778 -0.201282
v 0.070600 -0.616558 -0.200996
v 0.033250 -0.651694 -0.208062
v 0.018718 -0.699771 -0.220586
v 0.030899 -0.747909 -0.235213
v 0.066528 -0.783207 -0.248023
v 0.119443 -0.807995 -0.210251
v 0.169591 -0.795169 -0.210715
v 0.206848 -0.759706 -0.204904
v 0.221232 -0.711109 -0.194376
v 0.208888 -0.662398 -0.181951
v 0.173124 -0.626626 -0.170959
v 0.123524 -0.613378 -0.164344
v 0.073376 -0.626204 -0.163881
v 0.036119 -0.661667 -0.169692
v 0.021735 -0.710265 -0.180220
v 0.034079 -0.758976 -0.192645
v 0.069842 -0.794747 -0.203637
v 0.122410 -0.817780 -0.164741
v 0.172555 -0.804948 -0.165235
v 0.209741 -0.769245 -0.160535
v 0.224002 -0.720240 -0.151901
v 0.211518 -0.671062 -0.141646
v 0.175634 -0.634889 -0.132517
v 0.125965 -0.621413 -0.126962
v 0.075819 -0.634245 -0.126468
v 0.038634 -0.669948 -0.131168
v 0.024372 -0.718953 -0.139803
v 0.036856 -0.768131 -0.150058
v 0.072740 -0.804304 -0.159186
v 0.124853 -0.825644 -0.119063
v 0.175003 -0.812826 -0.119471
v 0.212134 -0.776949 -0.115786
v 0.226298 -0.727626 -0.108996
v 0.213698 -0.678073 -0.100919
v 0.177712 -0.641567 -0.093720
v 0.127981 -0.627891 -0.089328
v 0.077831 -0.640709 -0.088920
v 0.040699 -0.676586 -0.092604
v 0.026536 -0.725909 -0.099395
v 0.039135 -0.775462 -0.107472
v 0.075122 -0.811968 -0.114671
v 0.126687 -0.831614 -0.073205
v 0.176844 -0.818818 -0.073447
v 0.213937 -0.782815 -0.070731
v 0.228028 -0.733251 -0.065787
v 0.215340 -0.683409 -0.059938
v 0.179274 -0.646642 -0.054752
v 0.129493 -0.632802 -0.051618
v 0.079336 -0.645598 -0.051377
v 0.042243 -0.681601 -0.054092
v 0.028153 -0.731164 -0.059037
v 0.040840 -0.781007 -0.064885
v 0.076907 -0.817774 -0.070071
v 0.127850 -0.835665 -0.027143
v 0.178012 -0.822887 -0.027171
v 0.215080 -0.786799 -0.025430
v 0.229123 -0.737070 -0.022384
v 0.216378 -0.687024 -0.018851
v 0.180259 -0.650072 -0.015778
v 0.130444 -0.636115 -0.013986
v 0.080282 -0.648892 -0.013958
v 0.043213 -0.684980 -0.015699
v 0.029170 -0.734710 -0.018745
v 0.041916 -0.784755 -0.022277
v 0.078035 -0.821707 -0.025351
v 0.128294 -0.837718 0.019163
v 0.178459 -0.824950 0.019355
v 0.215518 -0.788817 0.020069
v 0.229541 -0.739000 0.021113
v 0.216773 -0.688847 0.022207
v 0.180632 -0.651798 0.023058
v 0.130805 -0.637779 0.023438
v 0.080640 -0.650547 0.023246
v 0.043581 -0.686680 0.022532
v 0.029557 -0.736497 0.021488
v 0.042326 -0.786649 0.020394
v 0.078467 -0.823699 0.019543
v 0.127997 -0.837641 0.065756
v 0.178160 -0.824873 0.066140
v 0.215226 -0.788742 0.065724
v 0.229264 -0.738930 0.064620
v 0.216511 -0.688784 0.063124
v 0.180386 -0.651740 0.061637
v 0.130567 -0.637725 0.060557
v 0.080404 -0.650493 0.060174
v 0.043338 -0.686624 0.060589
v 0.029300 -0.736435 0.061693
v 0.042053 -0.786582 0.063189
v 0.078178 -0.823625 0.064676
v 0.126954 -0.835250 0.112682
v 0.177114 -0.822475 0.113188
v 0.214208 -0.786411 0.111498
v 0.228297 -0.736719 0.108066
v 0.215606 -0.686716 0.103812
v 0.179534 -0.649799 0.099874
v 0.129748 -0.635861 0.097309
v 0.079588 -0.648635 0.096804
v 0.042494 -0.684700 0.098494
v 0.028405 -0.734391 0.101925
v 0.041097 -0.784394 0.106180
v 0.077168 -0.821311 0.110117
v 0.125186 -0.830310 0.159979
v 0.175345 -0.817534 0.160500
v 0.212494 -0.781623 0.157358
v 0.226676 -0.732198 0.151394
v 0.214093 -0.682504 0.144207
v 0.178116 -0.645856 0.137723
v 0.128385 -0.632073 0.133679
v 0.078226 -0.644849 0.133158
v 0.041078 -0.680761 0.136300
v 0.026895 -0.730185 0.142264
v 0.039478 -0.779879 0.149450
v 0.075455 -0.816528 0.155935
v 0.122740 -0.822545 0.207668
v 0.172906 -0.809789 0.208064
v 0.210138 -0.774148 0.203268
v 0.224460 -0.725173 0.194565
v 0.212034 -0.675985 0.184285
v 0.176190 -0.639765 0.175185
v 0.126533 -0.626218 0.169702
v 0.076367 -0.638974 0.169305
v 0.039134 -0.674614 0.174101
v 0.024812 -0.723590 0.182805
v 0.037238 -0.772778 0.193084
v 0.073082 -0.808998 0.202185
v 0.119694 -0.811642 0.255742
v 0.169877 -0.798950 0.255856
v 0.207226 -0.763732 0.249206
v 0.221732 -0.715423 0.237574
v 0.209509 -0.666968 0.224076
v 0.173831 -0.631350 0.212329
v 0.124259 -0.618114 0.205482
v 0.074075 -0.630805 0.205367
v 0.036726 -0.666024 0.212017
v 0.022220 -0.714333 0.223649
v 0.034444 -0.762788 0.237147
v 0.070122 -0.798405 0.248894
v 0.116146 -0.797285 0.304134
v 0.166360 -0.784718 0.303831
v 0.203855 -0.750095 0.295177
v 0.218584 -0.702694 0.280490
v 0.206600 -0.655216 0.263705
v 0.171114 -0.620383 0.249321
v 0.121636 -0.607527 0.241191
v 0.071422 -0.620095 0.241494
v 0.033927 -0.654718 0.250149
v 0.019198 -0.702119 0.264836
v 0.031182 -0.749597 0.281620
v 0.066667 -0.784430 0.296004
v 0.112173 -0.779207 0.352701
v 0.162427 -0.766821 0.351909
v 0.200091 -0.732969 0.341186
v 0.215072 -0.686721 0.323406
v 0.203357 -0.640468 0.303333
v 0.168084 -0.606605 0.286345
v 0.118705 -0.594204 0.276994
v 0.068451 -0.606589 0.277786
v 0.030787 -0.640442 0.288509
v 0.015806 -0.686690 0.306289
v 0.027521 -0.732943 0.326362
v 0.062794 -0.766806 0.343350
v 0.107804 -0.757188 0.401251
v 0.158103 -0.745028 0.399964
v 0.195951 -0.712105 0.387194
v 0.211207 -0.667240 0.366362
v 0.199783 -0.622457 0.343051
v 0.164741 -0.589753 0.323507
v 0.115469 -0.577893 0.312966
v 0.065170 -0.590053 0.314253
v 0.027322 -0.622976 0.327024
v 0.012066 -0.667841 0.347855
v 0.023490 -0.712624 0.371166
v 0.058533 -0.745328 0.390711
v 0.103016 -0.731052 0.449568
v 0.153360 -0.719134 0.447833
v 0.191403 -0.687273 0.433100
v 0.206952 -0.644006 0.409315
v 0.195842 -0.600927 0.382853
v 0.161048 -0.569579 0.360804
v 0.111895 -0.558361 0.349075
v 0.061551 -0.570279 0.350810
v 0.023508 -0.602140 0.365543
v 0.007959 -0.645407 0.389328
v 0.019069 -0.688486 0.415790
v 0.053863 -0.719834 0.437839
v 0.097735 -0.700646 0.497402
v 0.148118 -0.688957 0.495306
v 0.186365 -0.658262 0.478739
v 0.202227 -0.616786 0.452138
v 0.191454 -0.575642 0.422631
v 0.156933 -0.545855 0.398126
v 0.107913 -0.535406 0.385187
v 0.057530 -0.547095 0.387283
v 0.019283 -0.577790 0.403851
v 0.003421 -0.619266 0.430452
v 0.014194 -0.660410 0.459958
v 0.048715 -0.690197 0.484464
v 0.091832 -0.665838 0.544464
v 0.142247 -0.654332 0.542121
v 0.180705 -0.624879 0.523875
v 0.196903 -0.585370 0.494615
v 0.186500 -0.546392 0.462181
v 0.152283 -0.518389 0.435263
v 0.103421 -0.508864 0.421076
v 0.053007 -0.520370 0.423419
v 0.014548 -0.549823 0.441665
v -0.001650 -0.589332 0.470925
v 0.008754 -0.628311 0.503359
v 0.042970 -0.656314 0.530276
v 0.085133 -0.626512 0.590415
v 0.135565 -0.615109 0.587952
v 0.174244 -0.586946 0.568198
v 0.190808 -0.549570 0.536447
v 0.180817 -0.512995 0.501205
v 0.146948 -0.487022 0.471917
v 0.098277 -0.478610 0.456429
v 0.047845 -0.490014 0.458892
v 0.009165 -0.518176 0.478646
v -0.007398 -0.555553 0.510397
v 0.002593 -0.592128 0.545639
v 0.036461 -0.618101 0.574927
v 0.077408 -0.582568 0.634853
v 0.127837 -0.571152 0.632403
v 0.166750 -0.544307 0.611318
v 0.183720 -0.509224 0.577248
v 0.174199 -0.475304 0.539323
v 0.140738 -0.451637 0.507704
v 0.092304 -0.444563 0.490864
v 0.041874 -0.455979 0.493315
v 0.002961 -0.482825 0.514400
v -0.014008 -0.517907 0.548469
v -0.004487 -0.551827 0.586394
v 0.028973 -0.575494 0.618013
v 0.068380 -0.533921 0.677308
v 0.118780 -0.522345 0.674997
v 0.157940 -0.496824 0.652757
v 0.175368 -0.464196 0.616547
v 0.166394 -0.433204 0.576070
v 0.133422 -0.412151 0.542171
v 0.085287 -0.406680 0.523933
v 0.034887 -0.418256 0.526244
v -0.004273 -0.443778 0.548484
v -0.021701 -0.476406 0.584694
v -0.012727 -0.507398 0.625171
v 0.020245 -0.528450 0.659070
v 0.057721 -0.480515 0.717229
v 0.108053 -0.468597 0.715173
v 0.147477 -0.444390 0.691951
v 0.165431 -0.414381 0.653786
v 0.157104 -0.386609 0.610904
v 0.124727 -0.368516 0.574795
v 0.076975 -0.364951 0.555135
v 0.026643 -0.376869 0.557190
v -0.012781 -0.401075 0.580412
v -0.030735 -0.431085 0.618577
v -0.022408 -0.458857 0.661459
v 0.009970 -0.476949 0.697568
v 0.045056 -0.422320 0.753979
v 0.095267 -0.409851 0.752272
v 0.134973 -0.386933 0.728237
v 0.153537 -0.359707 0.688317
v 0.145983 -0.335468 0.643207
v 0.114336 -0.320712 0.604994
v 0.067076 -0.319391 0.583918
v 0.016865 -0.331861 0.585626
v -0.022842 -0.354779 0.609660
v -0.041405 -0.382005 0.649580
v -0.033851 -0.406243 0.694690
v -0.002204 -0.421000 0.732903
v 0.029960 -0.359355 0.786835
v 0.079981 -0.346098 0.785538
v 0.119988 -0.324426 0.760854
v 0.139262 -0.300146 0.719400
v 0.132638 -0.279764 0.672281
v 0.101890 -0.268740 0.632124
v 0.055259 -0.270030 0.609688
v 0.005239 -0.283287 0.610986
v -0.034768 -0.304959 0.635669
v -0.054042 -0.329239 0.677124
v -0.047418 -0.349621 0.724242
v -0.016671 -0.360645 0.764400
v 0.011969 -0.291692 0.814983
v 0.061712 -0.277396 0.814116
v 0.102036 -0.256910 0.788941
v 0.122136 -0.235723 0.746202
v 0.116626 -0.219512 0.697352
v 0.086983 -0.212621 0.655480
v 0.041150 -0.216896 0.631805
v -0.008593 -0.231192 0.632671
v -0.048917 -0.251678 0.657846
v -0.069017 -0.272865 0.700585
v -0.063508 -0.289076 0.749435
v -0.033865 -0.295967 0.791308
v -0.009419 -0.219476 0.837525
v 0.039939 -0.203886 0.837062
v 0.080591 -0.184505 0.811542
v 0.101646 -0.166528 0.767804
v 0.097461 -0.154770 0.717568
v 0.069157 -0.152382 0.674293
v 0.024319 -0.160005 0.649576
v -0.025039 -0.175595 0.650039
v -0.065692 -0.194975 0.675559
v -0.086747 -0.212953 0.719297
v -0.082561 -0.224711 0.769533
v -0.054257 -0.227099 0.812808
v -0.034718 -0.142978 0.853494
v 0.014129 -0.125847 0.853351
v 0.055110 -0.107456 0.827626
v 0.077245 -0.092733 0.783210
v 0.074602 -0.085623 0.732005
v 0.047890 -0.088031 0.687731
v 0.004266 -0.099312 0.662251
v -0.044580 -0.116443 0.662394
v -0.085561 -0.134834 0.688119
v -0.107696 -0.149557 0.732535
v -0.105053 -0.156667 0.783740
v -0.078341 -0.154259 0.828014
v -0.064396 -0.062779 0.861930
v -0.016214 -0.043859 0.861976
v 0.025065 -0.026270 0.836165
v 0.048381 -0.014725 0.791415
v 0.047485 -0.012318 0.739715
v 0.022618 -0.019692 0.694918
v -0.019557 -0.034874 0.669029
v -0.067740 -0.053794 0.668982
v -0.109019 -0.071383 0.694793
v -0.132334 -0.082928 0.739543
v -0.131438 -0.085336 0.791243
v -0.106571 -0.077961 0.836040
v -0.098850 0.020046 0.862013
v -0.051529 0.041028 0.862062
v -0.010026 0.058080 0.836251
v 0.014540 0.066632 0.791497
v 0.015585 0.064394 0.739792
v -0.007170 0.051964 0.694991
v -0.047629 0.032674 0.669096
v -0.094949 0.011693 0.669048
v -0.136453 -0.005359 0.694859
v -0.161019 -0.013911 0.739613
v -0.162064 -0.011673 0.791317
v -0.139308 0.000756 0.836119
v -0.138451 0.103977 0.853038
v -0.092261 0.127341 0.852830
v -0.050651 0.144170 0.827043
v -0.024773 0.149955 0.782587
v -0.021560 0.143146 0.731374
v -0.041872 0.125567 0.687126
v -0.080268 0.101930 0.661699
v -0.126459 0.078566 0.661907
v -0.168068 0.061737 0.687694
v -0.193946 0.055952 0.732150
v -0.197160 0.062761 0.783363
v -0.176847 0.080340 0.827611
v -0.183566 0.186998 0.834331
v -0.138886 0.213124 0.833495
v -0.097344 0.230075 0.807681
v -0.070070 0.233310 0.763804
v -0.064373 0.221961 0.713622
v -0.081778 0.199070 0.670581
v -0.117622 0.170770 0.646214
v -0.162302 0.144644 0.647049
v -0.203844 0.127693 0.672863
v -0.231118 0.124458 0.716740
v -0.236815 0.135807 0.766922
v -0.219410 0.158698 0.809963
v -0.234557 0.266508 0.805198
v -0.191944 0.295825 0.803181
v -0.150715 0.313260 0.777187
v -0.121916 0.314139 0.734183
v -0.113266 0.298228 0.685691
v -0.127081 0.269790 0.644704
v -0.159660 0.236445 0.622205
v -0.202273 0.207127 0.624223
v -0.243503 0.189693 0.650216
v -0.272301 0.188813 0.693220
v -0.280952 0.204724 0.741713
v -0.267137 0.233162 0.782699
v -0.291786 0.339201 0.764894
v -0.252037 0.372114 0.760856
v -0.211469 0.390378 0.734396
v -0.180952 0.389101 0.692604
v -0.168663 0.368624 0.646678
v -0.177895 0.334434 0.608925
v -0.206173 0.295693 0.589459
v -0.245922 0.262780 0.593498
v -0.286490 0.244516 0.619958
v -0.317007 0.245793 0.661750
v -0.329296 0.266270 0.707675
v -0.320065 0.300460 0.745429
v -0.355543 0.400891 0.712650
v -0.319747 0.437567 0.705369
v -0.280320 0.456918 0.677974
v -0.247825 0.453757 0.637805
v -0.230970 0.428933 0.595625
v -0.234271 0.389097 0.562736
v -0.256843 0.344922 0.547951
v -0.292639 0.308246 0.555232
v -0.332067 0.288896 0.582628
v -0.364562 0.292056 0.622797
v -0.381417 0.316881 0.664977
v -0.378116 0.356717 0.697866
v -0.425847 0.446311 0.647876
v -0.395277 0.486294 0.635778
v -0.357572 0.506734 0.606796
v -0.322834 0.502154 0.568693
v -0.300371 0.473782 0.531681
v -0.296203 0.429219 0.505676
v -0.311446 0.380406 0.497646
v -0.342016 0.340423 0.509743
v -0.379721 0.319983 0.538726
v -0.414459 0.324563 0.576828
v -0.436921 0.352935 0.613841
v -0.441090 0.397498 0.639846
v -0.502076 0.469205 0.570603
v -0.477783 0.511024 0.552151
v -0.442332 0.532124 0.520885
v -0.405224 0.526851 0.485183
v -0.376401 0.496617 0.454610
v -0.363586 0.449525 0.437359
v -0.370214 0.398192 0.438053
v -0.394507 0.356373 0.456504
v -0.429958 0.335273 0.487770
v -0.467066 0.340546 0.523473
v -0.495889 0.370779 0.554045
v -0.508704 0.417872 0.571296
v -0.582838 0.463089 0.481809
v -0.565044 0.504424 0.456230
v -0.532074 0.525339 0.422245
v -0.492762 0.520230 0.388959
v -0.457642 0.490466 0.365291
v -0.436124 0.444022 0.357584
v -0.433973 0.393343 0.367903
v -0.451767 0.352007 0.393482
v -0.484737 0.331092 0.427467
v -0.524049 0.336201 0.460753
v -0.559170 0.365966 0.484421
v -0.580688 0.412410 0.492128
v -0.666551 0.422095 0.382927
v -0.654446 0.460714 0.350654
v -0.623748 0.480545 0.313995
v -0.582682 0.476273 0.282773
v -0.542253 0.449043 0.265353
v -0.513292 0.406152 0.266403
v -0.503560 0.359092 0.285641
v -0.515664 0.320473 0.317914
v -0.546362 0.300642 0.354573
v -0.587428 0.304914 0.385796
v -0.627858 0.332144 0.403216
v -0.656819 0.375035 0.402166
v -0.752235 0.340670 0.274863
v -0.744440 0.375293 0.237180
v -0.715528 0.393467 0.198279
v -0.673246 0.390323 0.168583
v -0.628923 0.366703 0.156050
v -0.594436 0.328937 0.164037
v -0.579025 0.287143 0.190405
v -0.586820 0.252520 0.228088
v -0.615731 0.234345 0.266989
v -0.658014 0.237489 0.296685
v -0.702336 0.261109 0.309218
v -0.736824 0.298876 0.301231
v -0.839562 0.212533 0.157728
v -0.834742 0.242883 0.116073
v -0.807103 0.259231 0.075474
v -0.764049 0.257195 0.046808
v -0.717117 0.237321 0.037757
v -0.678883 0.204934 0.050746
v -0.659591 0.168713 0.082295
v -0.664410 0.138362 0.123949
v -0.692049 0.122014 0.164549
v -0.735103 0.124050 0.193214
v -0.782035 0.143924 0.202265
v -0.820269 0.176311 0.189276
v -0.928431 0.030080 0.031211
v -0.925611 0.056388 -0.013279
v -0.898848 0.070965 -0.055121
v -0.855312 0.069904 -0.083103
v -0.806668 0.053490 -0.089726
v -0.765952 0.026120 -0.073218
v -0.744072 -0.004871 -0.038000
v -0.746891 -0.031180 0.006491
v -0.773655 -0.045757 0.048332
v -0.817191 -0.044696 0.076314
v -0.865834 -0.028281 0.082938
v -0.906551 -0.000912 0.066429
v 0.532717 0.707107 0.707107
v 0.532717 -0.000000 1.000000
v 0.532717 1.000000 0.000000
v 0.532716 0.707107 -0.707107
v 0.532716 -0.000000 -1.000000
v 0.532716 -0.707107 -0.707107
v 0.532717 -1.000000 0.000000
v 0.532717 -0.707107 0.707107
v 0.231153 0.207628 0.207628
v 0.231153 -0.000000 0.293631
v 0.231153 0.293631 -0.000000
v 0.231153 0.207628 -0.207628
v 0.231153 -0.000000 -0.293631
v 0.231153 -0.207628 -0.207628
v 0.231153 -0.293631 -0.000000
v 0.231153 -0.207628 0.207628
v -0.237804 0.172294 0.172294
v -0.237804 -0.000000 0.243661
v -0.237804 0.243661 0.000000
v -0.237804 0.172294 -0.172295
v -0.237804 -0.000000 -0.243661
v -0.237804 -0.172294 -0.172295
v -0.237804 -0.243661 0.000000
v -0.237804 -0.172294 0.172294
v -0.630482 0.076449 0.076449
v -0.630482 0.000000 0.108116
v -0.630482 0.108116 0.000000
v -0.630482 0.076449 -0.076449
v -0.630482 0.000000 -0.108116
v -0.630482 -0.076449 -0.076449
v -0.630482 -0.108116 0.000000
v -0.630482 -0.076449 0.076449
v -1.116802 0.076449 0.076450
v -1.116802 0.000000 0.108116
v -1.116802 0.108116 0.000000
v -1.116802 0.076449 -0.076449
v -1.116802 0.000000 -0.108115
v -1.116802 -0.076449 -0.076449
v -1.116802 -0.108116 0.000000
v -1.116802 -0.076449 0.076450
v -0.834029 -0.155660 0.132894
v -0.834029 -0.119370 0.102929
v -0.834029 -0.083080 0.072964
v -0.834029 -0.191950 0.162858
v -0.813353 -0.051298 0.111455
v -0.813353 -0.160167 0.201349
v -0.763436 -0.038133 0.127399
v -0.763436 -0.147002 0.217293
v -0.713519 -0.051298 0.111455
v -0.713519 -0.160167 0.201349
v -0.692843 -0.083080 0.072964
v -0.692843 -0.191950 0.162858
v -0.713519 -0.114863 0.034473
v -0.713519 -0.223732 0.124367
v -0.763436 -0.128027 0.018529
v -0.763436 -0.236897 0.108424
v -0.813353 -0.114863 0.034473
v -0.813353 -0.223732 0.124367
v -0.813353 -0.123877 0.171385
v -0.813353 -0.087588 0.141420
v -0.763436 -0.110713 0.187328
v -0.763436 -0.074423 0.157363
v -0.713519 -0.123877 0.171385
v -0.713519 -0.087588 0.141420
v -0.692843 -0.155660 0.132894
v -0.692843 -0.119370 0.102929
v -0.713519 -0.187442 0.094402
v -0.713519 -0.151152 0.064438
v -0.763436 -0.200607 0.078459
v -0.763436 -0.164317 0.048494
v -0.813353 -0.187442 0.094402
v -0.813353 -0.151152 0.064438
v -0.799352 -0.146746 0.125534
v -0.799352 -0.128283 0.110289
v -0.788832 -0.130577 0.145117
v -0.788832 -0.112114 0.129872
v -0.763436 -0.123879 0.153228
v -0.763436 -0.105416 0.137983
v -0.738040 -0.130577 0.145117
v -0.738040 -0.112114 0.129872
v -0.727521 -0.146746 0.125534
v -0.727521 -0.128283 0.110289
v -0.738040 -0.162916 0.105951
v -0.738040 -0.144453 0.090706
v -0.763436 -0.169614 0.097839
v -0.763436 -0.151151 0.082594
v -0.788832 -0.162916 0.105951
v -0.788832 -0.144453 0.090706
v -0.629679 -0.188753 0.167704
v -0.621821 -0.152017 0.139356
v -0.613964 -0.115281 0.111009
v -0.637536 -0.225488 0.196052
v -0.590730 -0.088693 0.151904
v -0.614302 -0.198900 0.236947
v -0.540404 -0.084616 0.171137
v -0.563976 -0.194823 0.256180
v -0.492467 -0.105439 0.157440
v -0.516039 -0.215646 0.242483
v -0.474999 -0.138963 0.118837
v -0.498571 -0.249170 0.203880
v -0.498233 -0.165552 0.077942
v -0.521804 -0.275758 0.162985
v -0.548558 -0.169629 0.058709
v -0.572130 -0.279835 0.143752
v -0.596496 -0.148806 0.072406
v -0.620068 -0.259013 0.157449
v -0.606445 -0.162164 0.208599
v -0.598587 -0.125429 0.180252
v -0.556119 -0.158087 0.227832
v -0.548262 -0.121352 0.199484
v -0.508181 -0.178910 0.214135
v -0.500324 -0.142174 0.185787
v -0.490713 -0.212435 0.175532
v -0.482856 -0.175699 0.147185
v -0.513947 -0.239023 0.134637
v -0.506090 -0.202287 0.106289
v -0.564273 -0.243100 0.115405
v -0.556416 -0.206364 0.087057
v -0.612210 -0.222277 0.129101
v -0.604353 -0.185541 0.100754
v -0.593617 -0.185546 0.162664
v -0.589619 -0.166856 0.148242
v -0.581796 -0.172019 0.183470
v -0.577798 -0.153329 0.169048
v -0.556192 -0.169945 0.193255
v -0.552194 -0.151255 0.178833
v -0.531803 -0.180539 0.186287
v -0.527805 -0.161849 0.171864
v -0.522915 -0.197595 0.166647
v -0.518918 -0.178905 0.152225
v -0.534736 -0.211122 0.145841
v -0.530739 -0.192432 0.131418
v -0.560340 -0.213196 0.136056
v -0.556343 -0.194507 0.121633
v -0.584729 -0.202603 0.143024
v -0.580732 -0.183913 0.128602
v -0.416294 -0.231571 0.214484
v -0.402230 -0.194388 0.189295
v -0.388166 -0.157204 0.164107
v -0.430357 -0.268754 0.239672
v -0.361404 -0.138242 0.207041
v -0.403595 -0.249792 0.282607
v -0.311317 -0.144034 0.226456
v -0.353508 -0.255584 0.302022
v -0.267246 -0.171188 0.210978
v -0.309437 -0.282738 0.286543
v -0.255006 -0.203798 0.169674
v -0.297197 -0.315347 0.245239
v -0.281769 -0.222760 0.126739
v -0.323960 -0.334310 0.202305
v -0.331856 -0.216968 0.107324
v -0.374047 -0.328517 0.182890
v -0.375927 -0.189814 0.122803
v -0.418118 -0.301363 0.198368
v -0.389531 -0.212608 0.257418
v -0.375468 -0.175425 0.232230
v -0.339444 -0.218401 0.276833
v -0.325381 -0.181218 0.251645
v -0.295373 -0.245555 0.261355
v -0.281309 -0.208372 0.236166
v -0.283134 -0.278164 0.220051
v -0.269070 -0.240981 0.194862
v -0.309896 -0.297126 0.177116
v -0.295833 -0.259943 0.151928
v -0.359983 -0.291334 0.157701
v -0.345920 -0.254151 0.132513
v -0.404054 -0.264180 0.173179
v -0.389991 -0.226997 0.147991
v -0.380133 -0.233882 0.209664
v -0.372978 -0.214964 0.196849
v -0.366517 -0.224235 0.231508
v -0.359362 -0.205317 0.218693
v -0.341035 -0.227182 0.241386
v -0.333880 -0.208264 0.228571
v -0.318613 -0.240997 0.233511
v -0.311458 -0.222079 0.220696
v -0.312386 -0.257587 0.212497
v -0.305231 -0.238670 0.199682
v -0.326002 -0.267235 0.190653
v -0.318846 -0.248317 0.177838
v -0.351484 -0.264288 0.180775
v -0.344329 -0.245370 0.167960
v -0.373906 -0.250473 0.188650
v -0.366751 -0.231555 0.175835
vn -0.8199 -0.0000 0.5725
vn 0.2088 -0.0000 0.9780
vn 0.2088 0.6915 0.6915
vn -0.8199 0.4048 0.4048
vn 0.2088 0.9780 -0.0000
vn -0.8199 0.5725 -0.0000
vn 0.2088 0.6915 -0.6915
vn -0.8199 0.4048 -0.4048
vn 0.2088 -0.0000 -0.9780
vn -0.8199 -0.0000 -0.5725
vn 0.2088 -0.6915 -0.6915
vn -0.8199 -0.4048 -0.4048
vn 0.2088 -0.9780 -0.0000
vn -0.8199 -0.5725 -0.0000
vn 0.9849 -0.0000 -0.1731
vn 0.9849 0.1224 -0.1224
vn 0.6338 0.5469 -0.5469
vn 0.6338 -0.0000 -0.7735
vn 0.2088 -0.6915 0.6915
vn -0.8199 -0.4048 0.4048
vn 0.5008 0.6121 0.6121
vn 0.5008 0.8656 -0.0000
vn 0.4197 0.9077 -0.0000
vn 0.4197 0.6418 0.6418
vn -0.6068 -0.5620 0.5620
vn -0.6068 -0.0000 0.7948
vn -0.6068 -0.7948 -0.0000
vn -0.6068 -0.5620 -0.5620
vn -0.6068 -0.0000 -0.7948
vn -0.6068 0.5620 -0.5620
vn -0.6068 0.7948 -0.0000
vn -0.6068 0.5620 0.5620
vn -0.3851 -0.0000 0.9229
vn -0.3851 0.6526 0.6526
vn -0.3851 0.9229 -0.0000
vn -0.3851 0.6526 -0.6526
vn -0.3851 -0.0000 -0.9229
vn -0.3851 -0.6526 -0.6526
vn -0.3851 -0.9229 -0.0000
vn -0.3851 -0.6526 0.6526
vn -0.3175 -0.6705 0.6705
vn -0.3175 -0.0000 0.9483
vn -0.3175 -0.9483 -0.0000
vn -0.3175 -0.6705 -0.6705
vn -0.3175 -0.0000 -0.9483
vn -0.3175 0.6705 -0.6705
vn -0.3175 0.9483 -0.0000
vn -0.3175 0.6705 0.6705
vn -0.2799 -0.0000 0.9600
vn -0.2799 0.6788 0.6788
vn -0.2799 0.9600 -0.0000
vn -0.2799 0.6788 -0.6788
vn -0.2799 -0.0000 -0.9600
vn -0.2799 -0.6788 -0.6788
vn -0.2799 -0.9600 -0.0000
vn -0.2799 -0.6788 0.6788
vn -0.2247 -0.6890 0.6890
vn -0.2247 -0.0000 0.9744
vn -0.2247 -0.9744 -0.0000
vn -0.2247 -0.6890 -0.6890
vn -0.2247 -0.0000 -0.9744
vn -0.2247 0.6890 -0.6890
vn -0.2247 0.9744 -0.0000
vn -0.2247 0.6890 0.6890
vn -0.1070 -0.0000 0.9943
vn -0.1070 0.7030 0.7030
vn -0.1070 0.9943 -0.0000
vn -0.1070 0.7030 -0.7030
vn -0.1070 -0.0000 -0.9943
vn -0.1070 -0.7030 -0.7030
vn -0.1070 -0.9943 -0.0000
vn -0.1070 -0.7030 0.7030
vn 0.5008 -0.6121 0.6121
vn 0.5008 -0.0000 0.8656
vn 0.5008 -0.8656 -0.0000
vn 0.5008 -0.6121 -0.6121
vn 0.5008 -0.0000 -0.8656
vn 0.5008 0.6121 -0.6121
vn 0.4197 0.6418 -0.6418
vn -0.6201 0.5547 -0.5547
vn -0.6201 0.7845 -0.0000
vn 0.4197 -0.6418 -0.6418
vn 0.4197 -0.0000 -0.9077
vn 0.4197 -0.0000 0.9077
vn 0.4197 -0.6418 0.6418
vn 0.4197 -0.9077 -0.0000
vn -0.6201 -0.5547 0.5547
vn -0.6201 -0.0000 0.7845
vn -0.8165 -0.0000 -0.5773
vn -0.8165 0.4082 -0.4082
vn -0.6201 0.5547 0.5547
vn -0.6201 -0.7845 -0.0000
vn -0.6201 -0.5547 -0.5547
vn -0.6201 -0.0000 -0.7845
vn -0.8106 -0.2985 0.5038
vn -0.8228 -0.2603 0.5052
vn -0.9541 -0.2995 0.0087
vn -0.9473 -0.3202 0.0072
vn -0.4596 -0.1978 0.8658
vn -0.4743 -0.1524 0.8671
vn 0.0128 -0.0449 0.9989
vn -0.0006 -0.0043 1.0000
vn 0.4829 0.1202 0.8674
vn 0.4741 0.1451 0.8684
vn 0.8255 0.2538 0.5040
vn 0.8240 0.2564 0.5053
vn 0.9475 0.3198 0.0041
vn 0.9540 0.2996 0.0053
vn 0.8138 0.2997 -0.4979
vn 0.8267 0.2622 -0.4978
vn 0.4599 0.1984 -0.8655
vn 0.4747 0.1535 -0.8667
vn -0.0186 0.0434 -0.9989
vn -0.0064 0.0030 -1.0000
vn -0.4917 -0.1233 -0.8620
vn -0.4850 -0.1481 -0.8619
vn -0.8314 -0.2563 -0.4929
vn -0.8314 -0.2587 -0.4917
vn -0.8473 -0.1728 0.5023
vn -0.9675 -0.2526 0.0086
vn -0.5041 -0.0476 0.8623
vn -0.0285 0.0899 0.9955
vn 0.4556 0.2039 0.8665
vn 0.8205 0.2644 0.5068
vn 0.9670 0.2546 0.0095
vn 0.8522 0.1764 -0.4926
vn 0.5049 0.0499 -0.8617
vn 0.0197 -0.0904 -0.9957
vn -0.4699 -0.2060 -0.8583
vn -0.8307 -0.2652 -0.4895
vn -0.8718 -0.0622 0.4858
vn -0.9808 -0.1950 0.0018
vn -0.5345 0.0865 0.8407
vn -0.0576 0.2123 0.9755
vn 0.4356 0.2826 0.8546
vn 0.8158 0.2786 0.5068
vn 0.9795 0.2006 0.0209
vn 0.8781 0.0686 -0.4735
vn 0.5360 -0.0824 -0.8402
vn 0.0468 -0.2113 -0.9763
vn -0.4541 -0.2824 -0.8450
vn -0.8295 -0.2761 -0.4854
vn -0.8923 0.0703 0.4460
vn -0.9917 -0.1278 -0.0164
vn -0.5602 0.2494 0.7899
vn -0.0826 0.3632 0.9280
vn 0.4178 0.3823 0.8242
vn 0.8107 0.3008 0.5023
vn 0.9894 0.1390 0.0432
vn 0.9001 -0.0606 -0.4314
vn 0.5630 -0.2439 -0.7897
vn 0.0702 -0.3608 -0.9300
vn -0.4404 -0.3786 -0.8141
vn -0.8283 -0.2926 -0.4778
vn -0.9024 0.2142 0.3738
vn -0.9971 -0.0574 -0.0501
vn -0.5732 0.4288 0.6983
vn -0.0956 0.5318 0.8414
vn 0.4080 0.4967 0.7660
vn 0.8073 0.3307 0.4888
vn 0.9941 0.0754 0.0784
vn 0.9120 -0.2017 -0.3573
vn 0.5777 -0.4243 -0.6973
vn 0.0827 -0.5298 -0.8441
vn -0.4334 -0.4892 -0.7569
vn -0.8278 -0.3152 -0.4642
vn -0.8978 0.3482 0.2695
vn -0.9952 0.0051 -0.0982
vn -0.5672 0.5990 0.5652
vn -0.0900 0.6944 0.7139
vn 0.4117 0.6095 0.6775
vn 0.8082 0.3638 0.4631
vn 0.9921 0.0187 0.1237
vn 0.9080 -0.3347 -0.2519
vn 0.5728 -0.5981 -0.5606
vn 0.0777 -0.6953 -0.7145
vn -0.4371 -0.5998 -0.6702
vn -0.8289 -0.3420 -0.4427
vn -0.8798 0.4517 0.1478
vn -0.9872 0.0495 -0.1519
vn -0.5432 0.7341 0.4074
vn -0.0660 0.8255 0.5605
vn 0.4294 0.7022 0.5679
vn 0.8145 0.3934 0.4264
vn 0.9850 -0.0234 0.1711
vn 0.8893 -0.4381 -0.1310
vn 0.5485 -0.7351 -0.3985
vn 0.0553 -0.8284 -0.5574
vn -0.4518 -0.6924 -0.5626
vn -0.8326 -0.3693 -0.4127
vn -0.8552 0.5174 0.0300
vn -0.9771 0.0739 -0.1995
vn -0.5095 0.8232 0.2505
vn -0.0313 0.9138 0.4050
vn 0.4559 0.7657 0.4538
vn 0.8250 0.4150 0.3835
vn 0.9761 -0.0491 0.2117
vn 0.8637 -0.5038 -0.0166
vn 0.5143 -0.8232 -0.2408
vn 0.0230 -0.9161 -0.4004
vn -0.4736 -0.7568 -0.4505
vn -0.8392 -0.3926 -0.3763
vn -0.8312 0.5517 -0.0687
vn -0.9687 0.0835 -0.2338
vn -0.4751 0.8725 0.1139
vn 0.0051 0.9639 0.2661
vn 0.4845 0.8024 0.3484
vn 0.8375 0.4283 0.3392
vn 0.9687 -0.0622 0.2405
vn 0.8388 -0.5388 0.0778
vn 0.4800 -0.8708 -0.1061
vn -0.0105 -0.9650 -0.2622
vn -0.4975 -0.7950 -0.3470
vn -0.8479 -0.4097 -0.3364
vn -0.8117 0.5661 -0.1437
vn -0.9635 0.0853 -0.2537
vn -0.4456 0.8952 0.0041
vn 0.0376 0.9879 0.1504
vn 0.5111 0.8202 0.2569
vn 0.8504 0.4350 0.2959
vn 0.9641 -0.0678 0.2568
vn 0.8187 -0.5546 0.1492
vn 0.4508 -0.8926 0.0013
vn -0.0403 -0.9882 -0.1477
vn -0.5202 -0.8145 -0.2568
vn -0.8579 -0.4204 -0.2956
vn -0.7976 0.5700 -0.1973
vn -0.9616 0.0843 -0.2613
vn -0.4222 0.9029 -0.0811
vn 0.0644 0.9963 0.0563
vn 0.5340 0.8264 0.1787
vn 0.8628 0.4370 0.2540
vn 0.9625 -0.0700 0.2622
vn 0.8039 -0.5599 0.2005
vn 0.4277 -0.9000 0.0847
vn -0.0651 -0.9964 -0.0545
vn -0.5402 -0.8223 -0.1792
vn -0.8682 -0.4257 -0.2549
vn -0.7879 0.5693 -0.2347
vn -0.9621 0.0831 -0.2596
vn -0.4043 0.9027 -0.1474
vn 0.0860 0.9961 -0.0211
vn 0.5534 0.8255 0.1106
vn 0.8745 0.4357 0.2132
vn 0.9632 -0.0712 0.2594
vn 0.7938 -0.5603 0.2364
vn 0.4100 -0.8997 0.1498
vn -0.0853 -0.9961 0.0224
vn -0.5576 -0.8226 -0.1113
vn -0.8785 -0.4268 -0.2146
vn -0.7813 0.5669 -0.2612
vn -0.9642 0.0830 -0.2517
vn -0.3904 0.8984 -0.2009
vn 0.1036 0.9908 -0.0874
vn 0.5699 0.8203 0.0492
vn 0.8853 0.4317 0.1728
vn 0.9653 -0.0725 0.2508
vn 0.7870 -0.5586 0.2619
vn 0.3964 -0.8955 0.2025
vn -0.1019 -0.9909 0.0884
vn -0.5729 -0.8181 -0.0499
vn -0.8885 -0.4243 -0.1745
vn -0.7764 0.5637 -0.2819
vn -0.9669 0.0844 -0.2406
vn -0.3791 0.8916 -0.2478
vn 0.1184 0.9819 -0.1479
vn 0.5842 0.8116 -0.0088
vn 0.8951 0.4256 0.1327
vn 0.9681 -0.0745 0.2391
vn 0.7821 -0.5558 0.2818
vn 0.3852 -0.8887 0.2488
vn -0.1164 -0.9820 0.1485
vn -0.5867 -0.8098 0.0080
vn -0.8981 -0.4188 -0.1346
vn -0.7720 0.5596 -0.3015
vn -0.9695 0.0869 -0.2293
vn -0.3690 0.8820 -0.2931
vn 0.1315 0.9695 -0.2068
vn 0.5968 0.7997 -0.0657
vn 0.9040 0.4173 0.0930
vn 0.9708 -0.0770 0.2272
vn 0.7778 -0.5518 0.3008
vn 0.3751 -0.8793 0.2936
vn -0.1296 -0.9697 0.2071
vn -0.5995 -0.7978 0.0646
vn -0.9069 -0.4104 -0.0953
vn -0.7675 0.5537 -0.3230
vn -0.9714 0.0897 -0.2196
vn -0.3593 0.8690 -0.3401
vn 0.1437 0.9530 -0.2668
vn 0.6084 0.7841 -0.1227
vn 0.9119 0.4069 0.0541
vn 0.9730 -0.0796 0.2168
vn 0.7736 -0.5460 0.3217
vn 0.3655 -0.8664 0.3403
vn -0.1421 -0.9532 0.2669
vn -0.6114 -0.7820 0.1213
vn -0.9149 -0.3995 -0.0570
vn -0.7628 0.5455 -0.3472
vn -0.9729 0.0926 -0.2121
vn -0.3500 0.8520 -0.3895
vn 0.1552 0.9318 -0.3283
vn 0.6190 0.7645 -0.1800
vn 0.9190 0.3940 0.0162
vn 0.9746 -0.0822 0.2084
vn 0.7692 -0.5377 0.3452
vn 0.3561 -0.8495 0.3894
vn -0.1539 -0.9320 0.3283
vn -0.6224 -0.7621 0.1783
vn -0.9221 -0.3864 -0.0197
vn -0.7581 0.5344 -0.3738
vn -0.9738 0.0952 -0.2066
vn -0.3410 0.8302 -0.4410
vn 0.1660 0.9053 -0.3911
vn 0.6288 0.7404 -0.2375
vn 0.9253 0.3787 -0.0207
vn 0.9757 -0.0847 0.2020
vn 0.7648 -0.5267 0.3711
vn 0.3472 -0.8278 0.4406
vn -0.1650 -0.9055 0.3910
vn -0.6326 -0.7378 0.2355
vn -0.9286 -0.3708 0.0165
vn -0.7534 0.5200 -0.4024
vn -0.9743 0.0973 -0.2029
vn -0.3325 0.8032 -0.4943
vn 0.1760 0.8730 -0.4549
vn 0.6378 0.7115 -0.2950
vn 0.9309 0.3609 -0.0566
vn 0.9765 -0.0867 0.1974
vn 0.7604 -0.5124 0.3991
vn 0.3387 -0.8010 0.4936
vn -0.1754 -0.8732 0.4547
vn -0.6420 -0.7087 0.2926
vn -0.9343 -0.3527 0.0515
vn -0.7489 0.5019 -0.4327
vn -0.9746 0.0987 -0.2010
vn -0.3245 0.7705 -0.5486
vn 0.1853 0.8345 -0.5189
vn 0.6459 0.6775 -0.3518
vn 0.9358 0.3405 -0.0911
vn 0.9769 -0.0882 0.1945
vn 0.7561 -0.4945 0.4286
vn 0.3307 -0.7685 0.5477
vn -0.1849 -0.8347 0.5187
vn -0.6505 -0.6746 0.3490
vn -0.9394 -0.3322 0.0852
vn -0.7446 0.4799 -0.4639
vn -0.9746 0.0993 -0.2006
vn -0.3172 0.7319 -0.6031
vn 0.1936 0.7896 -0.5823
vn 0.6532 0.6383 -0.4074
vn 0.9401 0.3174 -0.1241
vn 0.9772 -0.0890 0.1930
vn 0.7521 -0.4727 0.4592
vn 0.3235 -0.7300 0.6021
vn -0.1935 -0.7898 0.5821
vn -0.6581 -0.6353 0.4042
vn -0.9438 -0.3091 0.1172
vn -0.7407 0.4537 -0.4954
vn -0.9745 0.0989 -0.2015
vn -0.3107 0.6870 -0.6569
vn 0.2010 0.7380 -0.6441
vn 0.6595 0.5938 -0.4609
vn 0.9438 0.2918 -0.1551
vn 0.9772 -0.0889 0.1928
vn 0.7484 -0.4470 0.4900
vn 0.3169 -0.6853 0.6557
vn -0.2012 -0.7382 0.6439
vn -0.6647 -0.5908 0.4574
vn -0.9475 -0.2837 0.1474
vn -0.7373 0.4235 -0.5263
vn -0.9743 0.0974 -0.2032
vn -0.3051 0.6362 -0.7086
vn 0.2073 0.6802 -0.7031
vn 0.6649 0.5443 -0.5115
vn 0.9469 0.2637 -0.1840
vn 0.9771 -0.0880 0.1935
vn 0.7452 -0.4172 0.5202
vn 0.3113 -0.6347 0.7073
vn -0.2077 -0.6803 0.7029
vn -0.6703 -0.5413 0.5077
vn -0.9506 -0.2560 0.1754
vn -0.7345 0.3896 -0.5556
vn -0.9741 0.0948 -0.2055
vn -0.3005 0.5800 -0.7571
vn 0.2125 0.6167 -0.7580
vn 0.6693 0.4903 -0.5583
vn 0.9494 0.2335 -0.2102
vn 0.9770 -0.0862 0.1949
vn 0.7425 -0.3839 0.5490
vn 0.3066 -0.5786 0.7558
vn -0.2130 -0.6167 0.7578
vn -0.6748 -0.4874 0.5542
vn -0.9531 -0.2264 0.2009
vn -0.7324 0.3525 -0.5826
vn -0.9739 0.0913 -0.2080
vn -0.2969 0.5193 -0.8013
vn 0.2165 0.5485 -0.8077
vn 0.6727 0.4325 -0.6003
vn 0.9512 0.2016 -0.2334
vn 0.9769 -0.0837 0.1968
vn 0.7403 -0.3475 0.5756
vn 0.3030 -0.5180 0.7999
vn -0.2171 -0.5484 0.8076
vn -0.6782 -0.4298 0.5960
vn -0.9550 -0.1952 0.2235
vn -0.7309 0.3131 -0.6064
vn -0.9737 0.0871 -0.2105
vn -0.2945 0.4554 -0.8402
vn 0.2192 0.4768 -0.8512
vn 0.6751 0.3722 -0.6370
vn 0.9525 0.1685 -0.2535
vn 0.9767 -0.0806 0.1988
vn 0.7387 -0.3088 0.5991
vn 0.3004 -0.4542 0.8387
vn -0.2200 -0.4766 0.8512
vn -0.6806 -0.3697 0.6326
vn -0.9562 -0.1629 0.2432
vn -0.7301 0.2725 -0.6266
vn -0.9737 0.0825 -0.2126
vn -0.2932 0.3896 -0.8731
vn 0.2208 0.4033 -0.8880
vn 0.6765 0.3103 -0.6679
vn 0.9533 0.1348 -0.2702
vn 0.9766 -0.0771 0.2007
vn 0.7377 -0.2689 0.6192
vn 0.2989 -0.3885 0.8716
vn -0.2216 -0.4029 0.8880
vn -0.6818 -0.3081 0.6635
vn -0.9569 -0.1300 0.2598
vn -0.7300 0.2317 -0.6430
vn -0.9737 0.0779 -0.2142
vn -0.2929 0.3235 -0.8998
vn 0.2213 0.3295 -0.9179
vn 0.6769 0.2482 -0.6929
vn 0.9536 0.1009 -0.2837
vn 0.9765 -0.0736 0.2024
vn 0.7373 -0.2288 0.6356
vn 0.2984 -0.3226 0.8983
vn -0.2220 -0.3290 0.9179
vn -0.6821 -0.2463 0.6885
vn -0.9570 -0.0971 0.2734
vn -0.7305 0.1918 -0.6554
vn -0.9738 0.0736 -0.2152
vn -0.2935 0.2587 -0.9203
vn 0.2208 0.2570 -0.9409
vn 0.6766 0.1871 -0.7122
vn 0.9534 0.0674 -0.2940
vn 0.9765 -0.0704 0.2037
vn 0.7375 -0.1897 0.6482
vn 0.2988 -0.2579 0.9188
vn -0.2214 -0.2564 0.9409
vn -0.6815 -0.1855 0.7079
vn -0.9566 -0.0645 0.2840
vn -0.7315 0.1537 -0.6643
vn -0.9739 0.0699 -0.2157
vn -0.2949 0.1964 -0.9351
vn 0.2194 0.1869 -0.9576
vn 0.6755 0.1279 -0.7261
vn 0.9528 0.0348 -0.3014
vn 0.9765 -0.0677 0.2047
vn 0.7381 -0.1522 0.6573
vn 0.3000 -0.1958 0.9336
vn -0.2198 -0.1864 0.9576
vn -0.6801 -0.1266 0.7221
vn -0.9559 -0.0327 0.2919
vn -0.7329 0.1178 -0.6701
vn -0.9741 0.0670 -0.2159
vn -0.2970 0.1372 -0.9450
vn 0.2172 0.1201 -0.9687
vn 0.6738 0.0712 -0.7355
vn 0.9519 0.0032 -0.3064
vn 0.9765 -0.0657 0.2054
vn 0.7391 -0.1170 0.6634
vn 0.3018 -0.1368 0.9435
vn -0.2175 -0.1197 0.9687
vn -0.6780 -0.0702 0.7317
vn -0.9548 -0.0018 0.2974
vn -0.7345 0.0841 -0.6733
vn -0.9743 0.0646 -0.2158
vn -0.2996 0.0812 -0.9506
vn 0.2144 0.0568 -0.9751
vn 0.6715 0.0172 -0.7408
vn 0.9506 -0.0270 -0.3092
vn 0.9765 -0.0640 0.2059
vn 0.7404 -0.0838 0.6669
vn 0.3042 -0.0811 0.9491
vn -0.2147 -0.0564 0.9751
vn -0.6754 -0.0165 0.7372
vn -0.9533 0.0278 0.3007
vn -0.7365 0.0525 -0.6744
vn -0.9745 0.0626 -0.2156
vn -0.3027 0.0284 -0.9527
vn 0.2110 -0.0032 -0.9775
vn 0.6687 -0.0339 -0.7427
vn 0.9491 -0.0557 -0.3101
vn 0.9765 -0.0626 0.2062
vn 0.7420 -0.0527 0.6683
vn 0.3071 -0.0284 0.9513
vn -0.2112 0.0035 0.9774
vn -0.6725 0.0344 0.7393
vn -0.9517 0.0560 0.3020
vn -0.7386 0.0226 -0.6737
vn -0.9746 0.0608 -0.2153
vn -0.3062 -0.0216 -0.9517
vn 0.2072 -0.0599 -0.9765
vn 0.6656 -0.0824 -0.7418
vn 0.9473 -0.0829 -0.3094
vn 0.9765 -0.0613 0.2064
vn 0.7438 -0.0231 0.6680
vn 0.3103 0.0214 0.9504
vn -0.2074 0.0602 0.9764
vn -0.6691 0.0827 0.7386
vn -0.9498 0.0828 0.3017
vn -0.7410 -0.0059 -0.6715
vn -0.9748 0.0590 -0.2150
vn -0.3100 -0.0690 -0.9482
vn 0.2030 -0.1137 -0.9725
vn 0.6621 -0.1282 -0.7384
vn 0.9454 -0.1086 -0.3073
vn 0.9766 -0.0599 0.2065
vn 0.7459 0.0050 0.6661
vn 0.3139 0.0687 0.9470
vn -0.2033 0.1139 0.9725
vn -0.6655 0.1283 0.7353
vn -0.9478 0.1081 0.3001
vn -0.7435 -0.0332 -0.6680
vn -0.9750 0.0569 -0.2146
vn -0.3140 -0.1143 -0.9425
vn 0.1985 -0.1649 -0.9661
vn 0.6584 -0.1717 -0.7329
vn 0.9433 -0.1328 -0.3042
vn 0.9767 -0.0583 0.2065
vn 0.7481 0.0320 0.6628
vn 0.3177 0.1139 0.9413
vn -0.1988 0.1651 0.9660
vn -0.6617 0.1717 0.7299
vn -0.9456 0.1320 0.2972
vn -0.7461 -0.0596 -0.6632
vn -0.9753 0.0546 -0.2140
vn -0.3183 -0.1578 -0.9348
vn 0.1938 -0.2138 -0.9575
vn 0.6544 -0.2130 -0.7255
vn 0.9412 -0.1555 -0.3001
vn 0.9769 -0.0563 0.2063
vn 0.7506 0.0582 0.6582
vn 0.3218 0.1572 0.9337
vn -0.1942 0.2139 0.9574
vn -0.6577 0.2128 0.7226
vn -0.9435 0.1544 0.2933
vn -0.7489 -0.0856 -0.6571
vn -0.9756 0.0517 -0.2133
vn -0.3228 -0.1998 -0.9251
vn 0.1888 -0.2607 -0.9468
vn 0.6503 -0.2524 -0.7165
vn 0.9390 -0.1767 -0.2951
vn 0.9771 -0.0537 0.2058
vn 0.7532 0.0839 0.6525
vn 0.3261 0.1992 0.9241
vn -0.1893 0.2609 0.9466
vn -0.6536 0.2521 0.7136
vn -0.9413 0.1753 0.2886
vn -0.7518 -0.1112 -0.6499
vn -0.9760 0.0481 -0.2122
vn -0.3275 -0.2407 -0.9137
vn 0.1837 -0.3060 -0.9341
vn 0.6461 -0.2899 -0.7061
vn 0.9368 -0.1966 -0.2896
vn 0.9775 -0.0505 0.2050
vn 0.7559 0.1094 0.6454
vn 0.3306 0.2401 0.9127
vn -0.1843 0.3061 0.9340
vn -0.6494 0.2895 0.7032
vn -0.9391 0.1949 0.2832
vn -0.7549 -0.1369 -0.6414
vn -0.9766 0.0438 -0.2107
vn -0.3323 -0.2808 -0.9004
vn 0.1784 -0.3499 -0.9196
vn 0.6418 -0.3259 -0.6942
vn 0.9346 -0.2150 -0.2835
vn 0.9779 -0.0465 0.2037
vn 0.7589 0.1348 0.6371
vn 0.3352 0.2801 0.8995
vn -0.1792 0.3499 0.9195
vn -0.6452 0.3253 0.6913
vn -0.9369 0.2131 0.2772
vn -0.7582 -0.1626 -0.6314
vn -0.9772 0.0386 -0.2087
vn -0.3373 -0.3203 -0.8852
vn 0.1730 -0.3925 -0.9033
vn 0.6375 -0.3604 -0.6810
vn 0.9324 -0.2321 -0.2769
vn 0.9785 -0.0416 0.2019
vn 0.7620 0.1604 0.6273
vn 0.3400 0.3196 0.8844
vn -0.1740 0.3926 0.9031
vn -0.6410 0.3597 0.6781
vn -0.9348 0.2299 0.2707
vn -0.7616 -0.1887 -0.6200
vn -0.9780 0.0325 -0.2060
vn -0.3425 -0.3593 -0.8681
vn 0.1676 -0.4342 -0.8851
vn 0.6331 -0.3935 -0.6666
vn 0.9304 -0.2479 -0.2701
vn 0.9793 -0.0357 0.1993
vn 0.7654 0.1864 0.6160
vn 0.3450 0.3586 0.8674
vn -0.1687 0.4342 0.8849
vn -0.6368 0.3926 0.6636
vn -0.9328 0.2454 0.2639
vn -0.7652 -0.2152 -0.6068
vn -0.9790 0.0253 -0.2024
vn -0.3477 -0.3981 -0.8489
vn 0.1620 -0.4749 -0.8650
vn 0.6288 -0.4253 -0.6509
vn 0.9284 -0.2623 -0.2630
vn 0.9802 -0.0289 0.1959
vn 0.7688 0.2127 0.6031
vn 0.3501 0.3973 0.8483
vn -0.1634 0.4749 0.8647
vn -0.6326 0.4243 0.6479
vn -0.9310 0.2595 0.2569
vn -0.7688 -0.2422 -0.5918
vn -0.9801 0.0171 -0.1979
vn -0.3530 -0.4366 -0.8275
vn 0.1566 -0.5147 -0.8430
vn 0.6246 -0.4559 -0.6341
vn 0.9267 -0.2754 -0.2558
vn 0.9813 -0.0210 0.1915
vn 0.7724 0.2396 0.5882
vn 0.3552 0.4359 0.8270
vn -0.1582 0.5147 0.8427
vn -0.6286 0.4546 0.6310
vn -0.9293 0.2722 0.2497
vn -0.7726 -0.2696 -0.5749
vn -0.9813 0.0078 -0.1922
vn -0.3582 -0.4748 -0.8039
vn 0.1512 -0.5536 -0.8189
vn 0.6206 -0.4851 -0.6161
vn 0.9250 -0.2872 -0.2486
vn 0.9825 -0.0121 0.1860
vn 0.7761 0.2668 0.5714
vn 0.3603 0.4741 0.8034
vn -0.1530 0.5536 0.8186
vn -0.6248 0.4837 0.6130
vn -0.9277 0.2836 0.2426
vn -0.7763 -0.2971 -0.5560
vn -0.9827 -0.0021 -0.1854
vn -0.3634 -0.5125 -0.7780
vn 0.1460 -0.5915 -0.7930
vn 0.6167 -0.5131 -0.5970
vn 0.9236 -0.2978 -0.2414
vn 0.9838 -0.0024 0.1794
vn 0.7797 0.2942 0.5527
vn 0.3653 0.5118 0.7776
vn -0.1480 0.5915 0.7926
vn -0.6211 0.5115 0.5939
vn -0.9264 0.2939 0.2355
vn -0.7799 -0.3243 -0.5353
vn -0.9840 -0.0126 -0.1775
vn -0.3683 -0.5493 -0.7500
vn 0.1411 -0.6281 -0.7652
vn 0.6132 -0.5398 -0.5768
vn 0.9223 -0.3073 -0.2342
vn 0.9851 0.0078 0.1716
vn 0.7833 0.3214 0.5321
vn 0.3701 0.5487 0.7496
vn -0.1432 0.6281 0.7649
vn -0.6176 0.5379 0.5737
vn -0.9252 0.3031 0.2285
vn -0.7834 -0.3511 -0.5128
vn -0.9854 -0.0232 -0.1685
vn -0.3730 -0.5851 -0.7201
vn 0.1365 -0.6634 -0.7357
vn 0.6099 -0.5651 -0.5556
vn 0.9212 -0.3160 -0.2270
vn 0.9865 0.0182 0.1630
vn 0.7867 0.3481 0.5098
vn 0.3746 0.5845 0.7197
vn -0.1387 0.6633 0.7354
vn -0.6144 0.5631 0.5526
vn -0.9241 0.3115 0.2214
vn -0.7867 -0.3772 -0.4888
vn -0.9867 -0.0339 -0.1587
vn -0.3773 -0.6197 -0.6882
vn 0.1322 -0.6972 -0.7045
vn 0.6068 -0.5893 -0.5334
vn 0.9202 -0.3240 -0.2197
vn 0.9878 0.0286 0.1534
vn 0.7899 0.3740 0.4859
vn 0.3789 0.6191 0.6878
vn -0.1346 0.6972 0.7042
vn -0.6115 0.5871 0.5305
vn -0.9232 0.3191 0.2143
vn -0.7896 -0.4024 -0.4632
vn -0.9880 -0.0443 -0.1481
vn -0.3812 -0.6529 -0.6545
vn 0.1284 -0.7296 -0.6717
vn 0.6041 -0.6122 -0.5102
vn 0.9193 -0.3313 -0.2123
vn 0.9890 0.0388 0.1430
vn 0.7929 0.3991 0.4605
vn 0.3828 0.6523 0.6542
vn -0.1308 0.7295 0.6714
vn -0.6088 0.6098 0.5074
vn -0.9223 0.3262 0.2071
vn -0.7923 -0.4265 -0.4363
vn -0.9891 -0.0545 -0.1369
vn -0.3848 -0.6846 -0.6191
vn 0.1249 -0.7605 -0.6373
vn 0.6017 -0.6340 -0.4858
vn 0.9186 -0.3382 -0.2046
vn 0.9901 0.0486 0.1320
vn 0.7956 0.4231 0.4337
vn 0.3863 0.6840 0.6188
vn -0.1274 0.7603 0.6369
vn -0.6064 0.6315 0.4832
vn -0.9216 0.3329 0.1997
vn -0.7947 -0.4495 -0.4080
vn -0.9901 -0.0641 -0.1250
vn -0.3879 -0.7148 -0.5819
vn 0.1219 -0.7898 -0.6011
vn 0.5995 -0.6547 -0.4603
vn 0.9179 -0.3448 -0.1965
vn 0.9910 0.0580 0.1204
vn 0.7979 0.4460 0.4055
vn 0.3894 0.7142 0.5816
vn -0.1244 0.7897 0.6008
vn -0.6043 0.6520 0.4579
vn -0.9210 0.3391 0.1919
vn -0.7967 -0.4713 -0.3784
vn -0.9909 -0.0732 -0.1127
vn -0.3905 -0.7434 -0.5430
vn 0.1193 -0.8177 -0.5632
vn 0.5977 -0.6745 -0.4335
vn 0.9173 -0.3511 -0.1880
vn 0.9919 0.0668 0.1083
vn 0.8000 0.4676 0.3760
vn 0.3921 0.7427 0.5427
vn -0.1218 0.8175 0.5629
vn -0.6025 0.6716 0.4312
vn -0.9204 0.3452 0.1836
vn -0.7984 -0.4917 -0.3476
vn -0.9916 -0.0817 -0.1001
vn -0.3928 -0.7704 -0.5022
vn 0.1171 -0.8441 -0.5233
vn 0.5961 -0.6932 -0.4052
vn 0.9167 -0.3573 -0.1788
vn 0.9926 0.0750 0.0959
vn 0.8017 0.4878 0.3453
vn 0.3944 0.7697 0.5020
vn -0.1195 0.8438 0.5231
vn -0.6009 0.6902 0.4031
vn -0.9199 0.3510 0.1747
vn -0.7997 -0.5109 -0.3155
vn -0.9922 -0.0894 -0.0871
vn -0.3946 -0.7957 -0.4595
vn 0.1153 -0.8689 -0.4813
vn 0.5947 -0.7110 -0.3752
vn 0.9163 -0.3633 -0.1688
vn 0.9931 0.0824 0.0832
vn 0.8032 0.5067 0.3133
vn 0.3964 0.7950 0.4592
vn -0.1177 0.8687 0.4812
vn -0.5997 0.7079 0.3733
vn -0.9195 0.3567 0.1650
vn -0.8007 -0.5286 -0.2820
vn -0.9926 -0.0965 -0.0740
vn -0.3959 -0.8193 -0.4146
vn 0.1139 -0.8922 -0.4370
vn 0.5937 -0.7278 -0.3432
vn 0.9159 -0.3692 -0.1577
vn 0.9935 0.0890 0.0703
vn 0.8043 0.5242 0.2800
vn 0.3979 0.8185 0.4144
vn -0.1163 0.8919 0.4369
vn -0.5987 0.7245 0.3415
vn -0.9192 0.3623 0.1543
vn -0.8014 -0.5448 -0.2471
vn -0.9929 -0.1027 -0.0607
vn -0.3969 -0.8411 -0.3674
vn 0.1129 -0.9138 -0.3900
vn 0.5929 -0.7436 -0.3090
vn 0.9156 -0.3749 -0.1455
vn 0.9938 0.0948 0.0573
vn 0.8051 0.5400 0.2452
vn 0.3990 0.8402 0.3672
vn -0.1152 0.9136 0.3900
vn -0.5980 0.7401 0.3075
vn -0.9190 0.3676 0.1423
vn -0.8017 -0.5594 -0.2106
vn -0.9930 -0.1082 -0.0474
vn -0.3974 -0.8610 -0.3176
vn 0.1123 -0.9337 -0.3401
vn 0.5924 -0.7583 -0.2722
vn 0.9153 -0.3805 -0.1317
vn 0.9940 0.0998 0.0443
vn 0.8057 0.5543 0.2089
vn 0.3997 0.8600 0.3173
vn -0.1146 0.9334 0.3401
vn -0.5976 0.7546 0.2710
vn -0.9189 0.3728 0.1289
vn -0.8017 -0.5722 -0.1725
vn -0.9930 -0.1129 -0.0341
vn -0.3975 -0.8786 -0.2648
vn 0.1121 -0.9514 -0.2867
vn 0.5922 -0.7715 -0.2325
vn 0.9152 -0.3859 -0.1163
vn 0.9941 0.1039 0.0313
vn 0.8060 0.5668 0.1709
vn 0.4000 0.8775 0.2646
vn -0.1144 0.9511 0.2868
vn -0.5975 0.7677 0.2315
vn -0.9189 0.3776 0.1138
vn -0.8015 -0.5831 -0.1327
vn -0.9930 -0.1167 -0.0207
vn -0.3971 -0.8936 -0.2091
vn 0.1123 -0.9667 -0.2299
vn 0.5922 -0.7831 -0.1898
vn 0.9152 -0.3907 -0.0990
vn 0.9941 0.1071 0.0185
vn 0.8059 0.5773 0.1313
vn 0.3999 0.8924 0.2089
vn -0.1145 0.9664 0.2300
vn -0.5978 0.7791 0.1890
vn -0.9191 0.3820 0.0970
vn -0.8010 -0.5917 -0.0912
vn -0.9928 -0.1196 -0.0075
vn -0.3965 -0.9056 -0.1506
vn 0.1130 -0.9790 -0.1699
vn 0.5927 -0.7925 -0.1441
vn 0.9153 -0.3947 -0.0800
vn 0.9940 0.1095 0.0057
vn 0.8056 0.5855 0.0902
vn 0.3994 0.9043 0.1504
vn -0.1151 0.9787 0.1700
vn -0.5983 0.7883 0.1436
vn -0.9193 0.3857 0.0785
vn -0.8002 -0.5978 -0.0485
vn -0.9926 -0.1216 0.0057
vn -0.3954 -0.9141 -0.0898
vn 0.1140 -0.9877 -0.1072
vn 0.5934 -0.7992 -0.0961
vn 0.9156 -0.3977 -0.0595
vn 0.9938 0.1111 -0.0068
vn 0.8050 0.5913 0.0478
vn 0.3986 0.9127 0.0897
vn -0.1161 0.9874 0.1073
vn -0.5991 0.7949 0.0959
vn -0.9197 0.3883 0.0586
vn -0.7992 -0.6011 -0.0049
vn -0.9923 -0.1227 0.0188
vn -0.3940 -0.9187 -0.0272
vn 0.1154 -0.9924 -0.0423
vn 0.5944 -0.8028 -0.0462
vn 0.9160 -0.3993 -0.0378
vn 0.9935 0.1119 -0.0192
vn 0.8042 0.5944 0.0045
vn 0.3973 0.9173 0.0271
vn -0.1175 0.9922 0.0424
vn -0.6002 0.7985 0.0462
vn -0.9202 0.3898 0.0375
vn -0.7980 -0.6014 0.0394
vn -0.9919 -0.1228 0.0317
vn -0.3923 -0.9191 0.0366
vn 0.1172 -0.9928 0.0241
vn 0.5957 -0.8032 0.0052
vn 0.9166 -0.3995 -0.0151
vn 0.9932 0.1119 -0.0314
vn 0.8031 0.5946 -0.0393
vn 0.3957 0.9177 -0.0366
vn -0.1192 0.9926 -0.0239
vn -0.6016 0.7988 -0.0048
vn -0.9208 0.3898 0.0156
vn -0.7966 -0.5987 0.0838
vn -0.9915 -0.1221 0.0444
vn -0.3902 -0.9152 0.1009
vn 0.1192 -0.9887 0.0912
vn 0.5973 -0.8000 0.0573
vn 0.9173 -0.3981 0.0081
vn 0.9929 0.1111 -0.0434
vn 0.8018 0.5918 -0.0833
vn 0.3938 0.9137 -0.1008
vn -0.1212 0.9884 -0.0910
vn -0.6032 0.7956 -0.0566
vn -0.9215 0.3884 -0.0070
vn -0.7950 -0.5929 0.1281
vn -0.9911 -0.1205 0.0569
vn -0.3880 -0.9068 0.1652
vn 0.1216 -0.9799 0.1584
vn 0.5991 -0.7931 0.1096
vn 0.9181 -0.3951 0.0316
vn 0.9925 0.1095 -0.0551
vn 0.8002 0.5860 -0.1272
vn 0.3915 0.9052 -0.1650
vn -0.1236 0.9796 -0.1583
vn -0.6050 0.7888 -0.1087
vn -0.9223 0.3854 -0.0298
vn -0.7933 -0.5841 0.1719
vn -0.9906 -0.1181 0.0690
vn -0.3855 -0.8939 0.2288
vn 0.1242 -0.9664 0.2251
vn 0.6012 -0.7826 0.1616
vn 0.9190 -0.3903 0.0551
vn 0.9920 0.1072 -0.0665
vn 0.7986 0.5773 -0.1705
vn 0.3891 0.8924 -0.2286
vn -0.1262 0.9662 -0.2249
vn -0.6070 0.7784 -0.1604
vn -0.9232 0.3808 -0.0526
vn -0.7914 -0.5723 0.2148
vn -0.9901 -0.1148 0.0808
vn -0.3827 -0.8767 0.2914
vn 0.1271 -0.9484 0.2906
vn 0.6034 -0.7685 0.2128
vn 0.9200 -0.3839 0.0783
vn 0.9915 0.1042 -0.0776
vn 0.7967 0.5656 -0.2129
vn 0.3864 0.8752 -0.2911
vn -0.1290 0.9481 -0.2905
vn -0.6092 0.7644 -0.2113
vn -0.9241 0.3746 -0.0751
vn -0.7895 -0.5576 0.2566
vn -0.9896 -0.1108 0.0923
vn -0.3799 -0.8553 0.3524
vn 0.1301 -0.9259 0.3546
vn 0.6058 -0.7510 0.2628
vn 0.9211 -0.3760 0.1009
vn 0.9910 0.1004 -0.0883
vn 0.7947 0.5511 -0.2544
vn 0.3835 0.8538 -0.3520
vn -0.1320 0.9257 -0.3545
vn -0.6115 0.7469 -0.2610
vn -0.9252 0.3669 -0.0972
vn -0.7874 -0.5401 0.2972
vn -0.9890 -0.1059 0.1035
vn -0.3768 -0.8298 0.4116
vn 0.1333 -0.8992 0.4167
vn 0.6083 -0.7301 0.3113
vn 0.9223 -0.3665 0.1229
vn 0.9905 0.0959 -0.0988
vn 0.7926 0.5338 -0.2946
vn 0.3804 0.8284 -0.4112
vn -0.1353 0.8990 -0.4165
vn -0.6140 0.7262 -0.3092
vn -0.9263 0.3577 -0.1185
vn -0.7851 -0.5199 0.3365
vn -0.9884 -0.1003 0.1143
vn -0.3736 -0.8004 0.4688
vn 0.1367 -0.8684 0.4767
vn 0.6110 -0.7061 0.3581
vn 0.9235 -0.3556 0.1440
vn 0.9899 0.0907 -0.1090
vn 0.7904 0.5138 -0.3335
vn 0.3771 0.7991 -0.4683
vn -0.1386 0.8682 -0.4764
vn -0.6167 0.7023 -0.3556
vn -0.9274 0.3472 -0.1391
vn -0.7828 -0.4970 0.3745
vn -0.9877 -0.0939 0.1250
vn -0.3702 -0.7671 0.5240
vn 0.1402 -0.8335 0.5344
vn 0.6137 -0.6789 0.4030
vn 0.9247 -0.3435 0.1642
vn 0.9893 0.0847 -0.1190
vn 0.7881 0.4911 -0.3710
vn 0.3737 0.7658 -0.5233
vn -0.1422 0.8334 -0.5341
vn -0.6194 0.6753 -0.4003
vn -0.9287 0.3353 -0.1586
vn -0.7803 -0.4712 0.4112
vn -0.9870 -0.0866 0.1355
vn -0.3666 -0.7298 0.5771
vn 0.1440 -0.7946 0.5898
vn 0.6166 -0.6487 0.4461
vn 0.9260 -0.3300 0.1835
vn 0.9886 0.0777 -0.1288
vn 0.7857 0.4656 -0.4073
vn 0.3701 0.7286 -0.5763
vn -0.1460 0.7945 -0.5895
vn -0.6224 0.6453 -0.4430
vn -0.9299 0.3222 -0.1773
vn -0.7776 -0.4425 0.4467
vn -0.9862 -0.0783 0.1458
vn -0.3628 -0.6883 0.6282
vn 0.1479 -0.7514 0.6430
vn 0.6196 -0.6153 0.4873
vn 0.9273 -0.3153 0.2017
vn 0.9879 0.0698 -0.1385
vn 0.7831 0.4371 -0.4424
vn 0.3663 0.6872 -0.6274
vn -0.1500 0.7514 -0.6426
vn -0.6255 0.6120 -0.4839
vn -0.9313 0.3078 -0.1948
vn -0.7747 -0.4104 0.4810
vn -0.9853 -0.0688 0.1562
vn -0.3587 -0.6422 0.6774
vn 0.1521 -0.7036 0.6941
vn 0.6228 -0.5785 0.5268
vn 0.9287 -0.2993 0.2190
vn 0.9871 0.0606 -0.1480
vn 0.7803 0.4053 -0.4763
vn 0.3622 0.6412 -0.6765
vn -0.1543 0.7036 -0.6936
vn -0.6289 0.5754 -0.5230
vn -0.9327 0.2921 -0.2114
vn -0.7715 -0.3747 0.5142
vn -0.9844 -0.0580 0.1664
vn -0.3542 -0.5911 0.7247
vn 0.1566 -0.6507 0.7430
vn 0.6262 -0.5379 0.5644
vn 0.9301 -0.2819 0.2354
vn 0.9863 0.0502 -0.1574
vn 0.7773 0.3698 -0.5089
vn 0.3578 0.5902 -0.7236
vn -0.1590 0.6508 -0.7424
vn -0.6325 0.5350 -0.5601
vn -0.9343 0.2750 -0.2269
vn -0.7680 -0.3349 0.5458
vn -0.9833 -0.0457 0.1764
vn -0.3493 -0.5346 0.7695
vn 0.1615 -0.5925 0.7892
vn 0.6299 -0.4935 0.5998
vn 0.9317 -0.2631 0.2506
vn 0.9853 0.0383 -0.1666
vn 0.7740 0.3304 -0.5401
vn 0.3530 0.5338 -0.7684
vn -0.1641 0.5926 -0.7886
vn -0.6364 0.4908 -0.5951
vn -0.9359 0.2566 -0.2412
vn -0.7642 -0.2911 0.5755
vn -0.9820 -0.0317 0.1861
vn -0.3441 -0.4727 0.8113
vn 0.1668 -0.5290 0.8321
vn 0.6338 -0.4452 0.6325
vn 0.9333 -0.2429 0.2644
vn 0.9842 0.0250 -0.1754
vn 0.7704 0.2870 -0.5693
vn 0.3478 0.4720 -0.8101
vn -0.1696 0.5291 -0.8315
vn -0.6406 0.4427 -0.6274
vn -0.9376 0.2370 -0.2543
vn -0.7601 -0.2435 0.6025
vn -0.9807 -0.0161 0.1951
vn -0.3384 -0.4058 0.8490
vn 0.1726 -0.4605 0.8707
vn 0.6381 -0.3934 0.6618
vn 0.9351 -0.2216 0.2766
vn 0.9829 0.0100 -0.1836
vn 0.7665 0.2397 -0.5959
vn 0.3421 0.4050 -0.8479
vn -0.1755 0.4606 -0.8701
vn -0.6451 0.3912 -0.6563
vn -0.9395 0.2164 -0.2657
vn -0.7557 -0.1924 0.6260
vn -0.9792 0.0012 0.2031
vn -0.3323 -0.3345 0.8819
vn 0.1787 -0.3880 0.9041
vn 0.6428 -0.3388 0.6871
vn 0.9370 -0.1995 0.2869
vn 0.9815 -0.0063 -0.1911
vn 0.7621 0.1891 -0.6192
vn 0.3359 0.3338 -0.8807
vn -0.1818 0.3881 -0.9035
vn -0.6499 0.3370 -0.6812
vn -0.9413 0.1951 -0.2754
vn -0.7511 -0.1389 0.6455
vn -0.9775 0.0199 0.2099
vn -0.3258 -0.2604 0.9089
vn 0.1853 -0.3129 0.9315
vn 0.6477 -0.2826 0.7076
vn 0.9389 -0.1771 0.2951
vn 0.9800 -0.0240 -0.1976
vn 0.7574 0.1361 -0.6386
vn 0.3294 0.2596 -0.9078
vn -0.1885 0.3129 -0.9309
vn -0.6548 0.2812 -0.7016
vn -0.9432 0.1737 -0.2832
vn -0.7462 -0.0841 0.6604
vn -0.9758 0.0395 0.2151
vn -0.3192 -0.1851 0.9295
vn 0.1921 -0.2370 0.9523
vn 0.6528 -0.2262 0.7230
vn 0.9409 -0.1552 0.3009
vn 0.9783 -0.0426 -0.2028
vn 0.7524 0.0818 -0.6536
vn 0.3225 0.1843 -0.9285
vn -0.1953 0.2369 -0.9517
vn -0.6598 0.2252 -0.7169
vn -0.9450 0.1528 -0.2891
vn -0.7413 -0.0295 0.6705
vn -0.9740 0.0597 0.2186
vn -0.3124 -0.1107 0.9435
vn 0.1990 -0.1625 0.9664
vn 0.6580 -0.1713 0.7333
vn 0.9429 -0.1345 0.3046
vn 0.9764 -0.0617 -0.2068
vn 0.7472 0.0278 -0.6640
vn 0.3154 0.1099 -0.9426
vn -0.2023 0.1623 -0.9658
vn -0.6647 0.1707 -0.7273
vn -0.9468 0.1331 -0.2931
vn -0.7365 0.0233 0.6761
vn -0.9721 0.0799 0.2204
vn -0.3057 -0.0394 0.9513
vn 0.2059 -0.0916 0.9743
vn 0.6632 -0.1195 0.7389
vn 0.9449 -0.1157 0.3063
vn 0.9745 -0.0810 -0.2093
vn 0.7419 -0.0246 -0.6700
vn 0.3083 0.0385 -0.9505
vn -0.2091 0.0913 -0.9736
vn -0.6695 0.1193 -0.7332
vn -0.9484 0.1151 -0.2954
vn -0.7318 0.0729 0.6777
vn -0.9703 0.0996 0.2206
vn -0.2992 0.0269 0.9538
vn 0.2125 -0.0262 0.9768
vn 0.6682 -0.0724 0.7405
vn 0.9467 -0.0993 0.3065
vn 0.9725 -0.0999 -0.2106
vn 0.7366 -0.0738 -0.6723
vn 0.3014 -0.0277 -0.9531
vn -0.2157 0.0259 -0.9761
vn -0.6740 0.0726 -0.7352
vn -0.9498 0.0995 -0.2965
vn -0.7273 0.1181 0.6761
vn -0.9684 0.1183 0.2195
vn -0.2931 0.0865 0.9522
vn 0.2188 0.0319 0.9752
vn 0.6729 -0.0311 0.7391
vn 0.9483 -0.0860 0.3055
vn 0.9704 -0.1181 -0.2107
vn 0.7315 -0.1186 -0.6714
vn 0.2948 -0.0872 -0.9516
vn -0.2217 -0.0321 -0.9746
vn -0.6781 0.0316 -0.7343
vn -0.9510 0.0867 -0.2967
vn -0.7232 0.1580 0.6723
vn -0.9666 0.1357 0.2173
vn -0.2875 0.1381 0.9478
vn 0.2245 0.0816 0.9711
vn 0.6771 0.0033 0.7359
vn 0.9496 -0.0760 0.3041
vn 0.9683 -0.1352 -0.2100
vn 0.7267 -0.1583 -0.6685
vn 0.2888 -0.1387 -0.9473
vn -0.2272 -0.0817 -0.9704
vn -0.6816 -0.0026 -0.7318
vn -0.9519 0.0770 -0.2966
vn -0.7196 0.1920 0.6674
vn -0.9649 0.1516 0.2145
vn -0.2827 0.1811 0.9420
vn 0.2294 0.1220 0.9657
vn 0.6807 0.0304 0.7320
vn 0.9506 -0.0695 0.3025
vn 0.9663 -0.1510 -0.2087
vn 0.7222 -0.1921 -0.6645
vn 0.2834 -0.1815 -0.9417
vn -0.2319 -0.1220 -0.9651
vn -0.6844 -0.0296 -0.7285
vn -0.9524 0.0706 -0.2964
vn -0.7164 0.2200 0.6621
vn -0.9632 0.1660 0.2113
vn -0.2786 0.2153 0.9360
vn 0.2335 0.1532 0.9602
vn 0.6835 0.0502 0.7282
vn 0.9512 -0.0663 0.3013
vn 0.9643 -0.1653 -0.2069
vn 0.7183 -0.2200 -0.6600
vn 0.2788 -0.2156 -0.9358
vn -0.2357 -0.1531 -0.9597
vn -0.6866 -0.0494 -0.7254
vn -0.9526 0.0674 -0.2965
vn -0.7137 0.2429 0.6570
vn -0.9616 0.1790 0.2080
vn -0.2753 0.2420 0.9304
vn 0.2367 0.1764 0.9554
vn 0.6856 0.0637 0.7252
vn 0.9514 -0.0662 0.3007
vn 0.9624 -0.1785 -0.2048
vn 0.7149 -0.2429 -0.6557
vn 0.2750 -0.2421 -0.9304
vn -0.2387 -0.1762 -0.9550
vn -0.6881 -0.0629 -0.7229
vn -0.9525 0.0671 -0.2970
vn -0.7112 0.2620 0.6524
vn -0.9599 0.1913 0.2047
vn -0.2725 0.2627 0.9256
vn 0.2391 0.1933 0.9516
vn 0.6870 0.0721 0.7231
vn 0.9512 -0.0685 0.3008
vn 0.9605 -0.1908 -0.2024
vn 0.7119 -0.2620 -0.6516
vn 0.2719 -0.2628 -0.9258
vn -0.2411 -0.1929 -0.9511
vn -0.6891 -0.0713 -0.7211
vn -0.9521 0.0693 -0.2979
vn -0.7088 0.2785 0.6481
vn -0.9582 0.2032 0.2014
vn -0.2701 0.2793 0.9214
vn 0.2410 0.2055 0.9485
vn 0.6878 0.0766 0.7218
vn 0.9506 -0.0728 0.3016
vn 0.9586 -0.2029 -0.1997
vn 0.7092 -0.2785 -0.6477
vn 0.2692 -0.2793 -0.9217
vn -0.2430 -0.2051 -0.9481
vn -0.6897 -0.0759 -0.7201
vn -0.9513 0.0736 -0.2993
vn -0.7065 0.2936 0.6439
vn -0.9562 0.2153 0.1980
vn -0.2679 0.2933 0.9177
vn 0.2424 0.2146 0.9461
vn 0.6882 0.0785 0.7213
vn 0.9497 -0.0788 0.3030
vn 0.9566 -0.2150 -0.1967
vn 0.7066 -0.2936 -0.6439
vn 0.2668 -0.2932 -0.9181
vn -0.2445 -0.2142 -0.9457
vn -0.6899 -0.0777 -0.7197
vn -0.9503 0.0795 -0.3010
vn -0.7040 0.3082 0.6398
vn -0.9540 0.2280 0.1944
vn -0.2658 0.3060 0.9142
vn 0.2437 0.2220 0.9441
vn 0.9484 -0.0861 0.3050
vn 0.9543 -0.2277 -0.1933
vn 0.7039 -0.3082 -0.6399
vn 0.2645 -0.3059 -0.9146
vn -0.2458 -0.2215 -0.9437
vn -0.6900 -0.0777 -0.7197
vn -0.9490 0.0868 -0.3030
vn -0.7012 0.3235 0.6354
vn -0.9515 0.2417 0.1905
vn -0.2635 0.3188 0.9105
vn 0.2449 0.2289 0.9422
vn 0.6879 0.0776 0.7216
vn 0.9468 -0.0945 0.3075
vn 0.9518 -0.2414 -0.1894
vn 0.7010 -0.3234 -0.6355
vn 0.2620 -0.3186 -0.9109
vn -0.2472 -0.2283 -0.9417
vn -0.6898 -0.0767 -0.7199
vn -0.9474 0.0952 -0.3054
vn -0.6978 0.3402 0.6304
vn -0.9484 0.2568 0.1861
vn -0.2607 0.3328 0.9062
vn 0.2462 0.2364 0.9399
vn 0.6876 0.0766 0.7221
vn 0.9449 -0.1038 0.3104
vn 0.9487 -0.2564 -0.1848
vn 0.6977 -0.3402 -0.6305
vn 0.2591 -0.3326 -0.9068
vn -0.2489 -0.2356 -0.9394
vn -0.6897 -0.0756 -0.7201
vn -0.9456 0.1047 -0.3081
vn -0.6935 0.3595 0.6244
vn -0.9446 0.2738 0.1809
vn -0.2572 0.3492 0.9011
vn 0.2480 0.2456 0.9371
vn 0.6873 0.0762 0.7224
vn 0.9426 -0.1138 0.3139
vn 0.9451 -0.2733 -0.1793
vn 0.6935 -0.3594 -0.6244
vn 0.2554 -0.3489 -0.9017
vn -0.2510 -0.2447 -0.9365
vn -0.6898 -0.0749 -0.7201
vn -0.9434 0.1149 -0.3110
vn -0.6880 0.3822 0.6169
vn -0.9399 0.2932 0.1748
vn -0.2525 0.3692 0.8944
vn 0.2507 0.2576 0.9332
vn 0.6872 0.0771 0.7224
vn 0.9400 -0.1243 0.3178
vn 0.9406 -0.2925 -0.1726
vn 0.6882 -0.3821 -0.6168
vn 0.2506 -0.3689 -0.8951
vn -0.2541 -0.2565 -0.9325
vn -0.6902 -0.0754 -0.7197
vn -0.9410 0.1258 -0.3142
vn -0.6808 0.4094 0.6074
vn -0.9341 0.3155 0.1673
vn -0.2461 0.3941 0.8855
vn 0.2545 0.2736 0.9276
vn 0.6876 0.0799 0.7217
vn 0.9369 -0.1354 0.3222
vn 0.9349 -0.3145 -0.1643
vn 0.6813 -0.4091 -0.6070
vn 0.2442 -0.3936 -0.8863
vn -0.2585 -0.2721 -0.9269
vn -0.6912 -0.0777 -0.7185
vn -0.9381 0.1374 -0.3178
vn -0.6713 0.4420 0.5950
vn -0.9266 0.3414 0.1578
vn -0.2373 0.4250 0.8735
vn 0.2601 0.2946 0.9195
vn 0.6887 0.0855 0.7200
vn 0.9334 -0.1468 0.3273
vn 0.9278 -0.3399 -0.1539
vn 0.6722 -0.4416 -0.5942
vn 0.2353 -0.4243 -0.8744
vn -0.2647 -0.2927 -0.9188
vn -0.6931 -0.0826 -0.7161
vn -0.9349 0.1495 -0.3219
vn -0.6586 0.4813 0.5784
vn -0.9170 0.3713 0.1457
vn -0.2253 0.4632 0.8571
vn 0.2683 0.3219 0.9080
vn 0.6909 0.0945 0.7167
vn 0.9294 -0.1585 0.3332
vn 0.9186 -0.3692 -0.1406
vn 0.6601 -0.4807 -0.5772
vn 0.2233 -0.4624 -0.8581
vn -0.2736 -0.3194 -0.9073
vn -0.6962 -0.0906 -0.7121
vn -0.9312 0.1622 -0.3264
vn -0.6418 0.5281 0.5561
vn -0.9047 0.4058 0.1299
vn -0.2088 0.5100 0.8344
vn 0.2799 0.3565 0.8914
vn 0.6948 0.1078 0.7110
vn 0.9249 -0.1702 0.3400
vn 0.9069 -0.4029 -0.1234
vn 0.6440 -0.5271 -0.5544
vn 0.2068 -0.5089 -0.8356
vn -0.2861 -0.3532 -0.8907
vn -0.7011 -0.1025 -0.7056
vn -0.9269 0.1753 -0.3317
vn -0.6195 0.5829 0.5257
vn -0.8888 0.4452 0.1089
vn -0.1864 0.5661 0.8030
vn 0.2963 0.3991 0.8677
vn 0.7011 0.1258 0.7018
vn 0.9198 -0.1818 0.3478
vn 0.8918 -0.4411 -0.1009
vn 0.6227 -0.5816 -0.5235
vn 0.1845 -0.5646 -0.8045
vn -0.3035 -0.3948 -0.8672
vn -0.7085 -0.1186 -0.6957
vn -0.9220 0.1888 -0.3379
vn -0.5907 0.6449 0.4850
vn -0.8686 0.4887 0.0811
vn -0.1569 0.6304 0.7603
vn 0.3186 0.4491 0.8347
vn 0.7105 0.1483 0.6879
vn 0.9141 -0.1929 0.3567
vn 0.8726 -0.4832 -0.0718
vn 0.5947 -0.6433 -0.4822
vn 0.1550 -0.6288 -0.7620
vn -0.3267 -0.4437 -0.8345
vn -0.7188 -0.1390 -0.6812
vn -0.9164 0.2024 -0.3454
vn -0.5548 0.7109 0.4322
vn -0.8441 0.5343 0.0455
vn -0.1196 0.6997 0.7043
vn 0.3473 0.5038 0.7909
vn 0.7234 0.1739 0.6681
vn 0.9079 -0.2034 0.3665
vn 0.8489 -0.5273 -0.0352
vn 0.5597 -0.7091 -0.4288
vn 0.1177 -0.6982 -0.7062
vn -0.3562 -0.4974 -0.7910
vn -0.7323 -0.1623 -0.6614
vn -0.9099 0.2153 -0.3546
vn -0.5124 0.7766 0.3666
vn -0.8153 0.5791 0.0015
vn -0.0750 0.7692 0.6346
vn 0.3824 0.5592 0.7356
vn 0.7398 0.2006 0.6422
vn 0.9014 -0.2128 0.3771
vn 0.8212 -0.5706 0.0091
vn 0.5179 -0.7747 -0.3627
vn 0.0730 -0.7680 -0.6363
vn -0.3917 -0.5520 -0.7361
vn -0.7488 -0.1868 -0.6360
vn -0.9027 0.2272 -0.3653
vn -0.4646 0.8370 0.2893
vn -0.7832 0.6197 -0.0501
vn -0.0241 0.8336 0.5519
vn 0.4229 0.6108 0.6695
vn 0.7593 0.2259 0.6103
vn 0.8947 -0.2208 0.3882
vn 0.7900 -0.6101 0.0605
vn 0.4705 -0.8351 -0.2850
vn 0.0220 -0.8327 -0.5533
vn -0.4323 -0.6030 -0.6704
vn -0.7678 -0.2104 -0.6052
vn -0.8952 0.2373 -0.3773
vn -0.4135 0.8877 0.2028
vn -0.7493 0.6535 -0.1074
vn 0.0306 0.8879 0.4591
vn 0.4668 0.6545 0.5947
vn 0.7809 0.2475 0.5736
vn 0.8881 -0.2272 0.3995
vn 0.7569 -0.6430 0.1171
vn 0.4196 -0.8858 -0.1982
vn -0.0328 -0.8873 -0.4601
vn -0.4760 -0.6465 -0.5962
vn -0.7886 -0.2309 -0.5699
vn -0.8875 0.2450 -0.3903
vn -0.3616 0.9257 0.1111
vn -0.7152 0.6785 -0.1679
vn 0.0865 0.9288 0.3603
vn 0.5121 0.6875 0.5148
vn 0.8035 0.2638 0.5337
vn 0.8819 -0.2320 0.4105
vn 0.7233 -0.6676 0.1763
vn 0.3678 -0.9238 -0.1065
vn -0.0888 -0.9284 -0.3608
vn -0.5208 -0.6796 -0.5166
vn -0.8102 -0.2470 -0.5316
vn -0.8802 0.2503 -0.4033
vn -0.3114 0.9501 0.0184
vn -0.6824 0.6942 -0.2287
vn 0.1410 0.9552 0.2602
vn 0.5565 0.7088 0.4335
vn 0.8259 0.2742 0.4926
vn 0.8762 -0.2351 0.4208
vn 0.6909 -0.6835 0.2356
vn 0.3174 -0.9482 -0.0140
vn -0.1432 -0.9548 -0.2604
vn -0.5645 -0.7011 -0.4357
vn -0.8314 -0.2578 -0.4922
vn -0.8735 0.2531 -0.4158
vn -0.2647 0.9617 -0.0715
vn -0.6522 0.7015 -0.2872
vn 0.1920 0.9678 0.1627
vn 0.5983 0.7188 0.3540
vn 0.8472 0.2789 0.4521
vn 0.8711 -0.2369 0.4302
vn 0.6607 -0.6912 0.2926
vn 0.2705 -0.9598 0.0755
vn -0.1940 -0.9674 -0.1627
vn -0.6054 -0.7116 -0.3566
vn -0.8516 -0.2634 -0.4532
vn -0.8677 0.2540 -0.4273
vn -0.2225 0.9624 -0.1561
vn -0.6252 0.7016 -0.3419
vn 0.2384 0.9686 0.0706
vn 0.6365 0.7192 0.2788
vn 0.8668 0.2786 0.4135
vn 0.8667 -0.2377 0.4386
vn 0.6335 -0.6921 0.3460
vn 0.2281 -0.9605 0.1595
vn -0.2401 -0.9682 -0.0707
vn -0.6427 -0.7125 -0.2816
vn -0.8702 -0.2643 -0.4157
vn -0.8628 0.2535 -0.4373
vn -0.1850 0.9544 -0.2341
vn -0.6013 0.6962 -0.3921
vn 0.2797 0.9600 -0.0146
vn 0.6706 0.7118 0.2089
vn 0.8844 0.2744 0.3774
vn 0.8630 -0.2376 0.4459
vn 0.6095 -0.6874 0.3949
vn 0.1903 -0.9527 0.2370
vn -0.2811 -0.9596 0.0145
vn -0.6760 -0.7058 -0.2119
vn -0.8871 -0.2614 -0.3805
vn -0.8588 0.2520 -0.4460
vn -0.1520 0.9400 -0.3054
vn -0.5805 0.6867 -0.4376
vn 0.3162 0.9442 -0.0927
vn 0.7008 0.6985 0.1446
vn 0.9002 0.2671 0.3440
vn 0.8599 -0.2368 0.4522
vn 0.5884 -0.6787 0.4394
vn 0.1572 -0.9384 0.3078
vn -0.3173 -0.9438 0.0926
vn -0.7056 -0.6931 -0.1478
vn -0.9022 -0.2553 -0.3478
vn -0.8555 0.2499 -0.4535
vn -0.1230 0.9206 -0.3705
vn -0.5623 0.6742 -0.4788
vn 0.3483 0.9229 -0.1642
vn 0.7275 0.6807 0.0855
vn 0.9142 0.2575 0.3130
vn 0.8573 -0.2357 0.4577
vn 0.5700 -0.6670 0.4798
vn 0.1280 -0.9192 0.3725
vn -0.3493 -0.9225 0.1641
vn -0.7317 -0.6758 -0.0889
vn -0.9157 -0.2467 -0.3173
vn -0.8528 0.2476 -0.4597
vn -0.0974 0.8974 -0.4303
vn -0.5463 0.6594 -0.5165
vn 0.3768 0.8972 -0.2303
vn 0.7512 0.6593 0.0309
vn 0.9267 0.2459 0.2842
vn 0.8552 -0.2342 0.4623
vn 0.5539 -0.6527 0.5169
vn 0.1022 -0.8961 0.4320
vn -0.3776 -0.8969 0.2300
vn -0.7551 -0.6548 -0.0343
vn -0.9278 -0.2360 -0.2889
vn -0.8506 0.2452 -0.4651
vn -0.0744 0.8708 -0.4860
vn -0.5320 0.6427 -0.5513
vn 0.4023 0.8677 -0.2919
vn 0.7725 0.6347 -0.0204
vn 0.9380 0.2326 0.2569
vn 0.8535 -0.2325 0.4664
vn 0.5396 -0.6364 0.5512
vn 0.0793 -0.8695 0.4875
vn -0.4030 -0.8675 0.2916
vn -0.7761 -0.6304 0.0168
vn -0.9388 -0.2234 -0.2621
vn -0.8487 0.2427 -0.4698
vn -0.0536 0.8407 -0.5388
vn -0.5191 0.6239 -0.5842
vn 0.4254 0.8343 -0.3505
vn 0.7918 0.6068 -0.0693
vn 0.9484 0.2176 0.2307
vn 0.8521 -0.2305 0.4699
vn 0.5268 -0.6180 0.5836
vn 0.0586 -0.8396 0.5400
vn -0.4261 -0.8342 0.3502
vn -0.7952 -0.6028 0.0655
vn -0.9489 -0.2089 -0.2364
vn -0.8471 0.2403 -0.4740
vn -0.0346 0.8071 -0.5895
vn -0.5072 0.6030 -0.6157
vn 0.4466 0.7968 -0.4069
vn 0.8095 0.5754 -0.1165
vn 0.9579 0.2008 0.2053
vn 0.8509 -0.2284 0.4731
vn 0.5152 -0.5974 0.6146
vn 0.0397 -0.8060 0.5905
vn -0.4472 -0.7967 0.4066
vn -0.8128 -0.5715 0.1125
vn -0.9583 -0.1923 -0.2115
vn -0.8457 0.2377 -0.4779
vn -0.0173 0.7694 -0.6386
vn -0.4964 0.5796 -0.6462
vn 0.4659 0.7549 -0.4616
vn 0.8257 0.5403 -0.1623
vn 0.9666 0.1819 0.1806
vn 0.8499 -0.2260 0.4761
vn 0.5046 -0.5743 0.6446
vn 0.0224 -0.7684 0.6395
vn -0.4665 -0.7547 0.4612
vn -0.8289 -0.5365 0.1580
vn -0.9668 -0.1737 -0.1874
vn -0.8443 0.2349 -0.4816
vn -0.0015 0.7273 -0.6863
vn -0.4866 0.5535 -0.6759
vn 0.4834 0.7081 -0.5147
vn 0.8402 0.5013 -0.2067
vn 0.9744 0.1610 0.1567
vn 0.8489 -0.2232 0.4791
vn 0.4951 -0.5485 0.6738
vn 0.0068 -0.7265 0.6871
vn -0.4840 -0.7080 0.5143
vn -0.8435 -0.4976 0.2021
vn -0.9745 -0.1531 -0.1641
vn -0.8430 0.2318 -0.4854
vn 0.0125 0.6807 -0.7324
vn -0.4777 0.5244 -0.7048
vn 0.4988 0.6564 -0.5659
vn 0.8531 0.4582 -0.2495
vn 0.9814 0.1380 0.1338
vn 0.8480 -0.2199 0.4822
vn 0.4865 -0.5198 0.7022
vn -0.0072 -0.6801 0.7331
vn -0.4995 -0.6563 0.5654
vn -0.8564 -0.4547 0.2445
vn -0.9812 -0.1304 -0.1420
vn -0.8418 0.2280 -0.4893
vn 0.0246 0.6294 -0.7767
vn -0.4701 0.4922 -0.7327
vn 0.5121 0.5998 -0.6148
vn 0.8641 0.4113 -0.2901
vn 0.9872 0.1132 0.1122
vn 0.8471 -0.2158 0.4856
vn 0.4791 -0.4879 0.7296
vn -0.0192 -0.6289 0.7772
vn -0.5129 -0.5996 0.6143
vn -0.8675 -0.4078 0.2848
vn -0.9870 -0.1060 -0.1211
vn -0.8407 0.2234 -0.4933
vn 0.0345 0.5735 -0.8185
vn -0.4637 0.4566 -0.7593
vn 0.5230 0.5383 -0.6608
vn 0.8731 0.3606 -0.3281
vn 0.9919 0.0868 0.0922
vn 0.8463 -0.2109 0.4891
vn 0.4729 -0.4529 0.7558
vn -0.0291 -0.5731 0.8190
vn -0.5240 -0.5381 0.6602
vn -0.8766 -0.3572 0.3225
vn -0.9916 -0.0801 -0.1018
vn -0.8396 0.2178 -0.4976
vn 0.0422 0.5132 -0.8573
vn -0.4587 0.4178 -0.7842
vn 0.5313 0.4725 -0.7032
vn 0.8799 0.3067 -0.3629
vn 0.9955 0.0591 0.0743
vn 0.8456 -0.2049 0.4929
vn 0.4681 -0.4147 0.7804
vn -0.0368 -0.5129 0.8576
vn -0.5324 -0.4722 0.7025
vn -0.8835 -0.3035 0.3569
vn -0.9950 -0.0530 -0.0846
vn -0.8387 0.2110 -0.5021
vn 0.0473 0.4489 -0.8923
vn -0.4553 0.3759 -0.8071
vn 0.5369 0.4029 -0.7412
vn 0.8845 0.2502 -0.3938
vn 0.9978 0.0308 0.0588
vn 0.8450 -0.1974 0.4969
vn 0.4647 -0.3734 0.8029
vn -0.0422 -0.4488 0.8926
vn -0.5382 -0.4026 0.7404
vn -0.8881 -0.2472 0.3874
vn -0.9973 -0.0254 -0.0696
vn -0.8380 0.2027 -0.5067
vn 0.0499 0.3814 -0.9231
vn -0.4536 0.3312 -0.8274
vn 0.5397 0.3306 -0.7742
vn 0.8868 0.1922 -0.4203
vn 0.9989 0.0025 0.0458
vn 0.8446 -0.1884 0.5011
vn 0.4628 -0.3292 0.8230
vn -0.0450 -0.3814 0.9233
vn -0.5413 -0.3302 0.7733
vn -0.8905 -0.1895 0.4136
vn -0.9984 0.0022 -0.0571
vn -0.8376 0.1927 -0.5112
vn 0.0500 0.3115 -0.9489
vn -0.4536 0.2839 -0.8448
vn 0.5399 0.2566 -0.8017
vn 0.8870 0.1337 -0.4421
vn 0.9991 -0.0250 0.0357
vn 0.8446 -0.1774 0.5052
vn 0.4625 -0.2826 0.8404
vn -0.0455 -0.3116 0.9491
vn -0.5417 -0.2561 0.8006
vn -0.8908 -0.1312 0.4351
vn -0.9985 0.0288 -0.0473
vn -0.8376 0.1807 -0.5156
vn 0.0478 0.2401 -0.9696
vn -0.4552 0.2345 -0.8590
vn 0.5376 0.1821 -0.8233
vn 0.8853 0.0758 -0.4589
vn 0.9983 -0.0508 0.0282
vn 0.8449 -0.1643 0.5091
vn 0.4637 -0.2338 0.8546
vn -0.0436 -0.2403 0.9697
vn -0.5397 -0.1816 0.8221
vn -0.8891 -0.0737 0.4516
vn -0.9977 0.0538 -0.0400
vn -0.8381 0.1665 -0.5195
vn 0.0434 0.1682 -0.9848
vn -0.4583 0.1834 -0.8696
vn 0.5332 0.1084 -0.8390
vn 0.8820 0.0198 -0.4708
vn 0.9970 -0.0742 0.0233
vn 0.8457 -0.1487 0.5126
vn 0.4664 -0.1833 0.8654
vn -0.0398 -0.1684 0.9849
vn -0.5356 -0.1078 0.8375
vn -0.8860 -0.0181 0.4633
vn -0.9965 0.0763 -0.0352
vn -0.8391 0.1500 -0.5229
vn 0.0372 0.0966 -0.9946
vn -0.4629 0.1310 -0.8767
vn 0.5271 0.0366 -0.8490
vn 0.8777 -0.0331 -0.4781
vn 0.9953 -0.0942 0.0207
vn 0.8470 -0.1303 0.5154
vn 0.4703 -0.1313 0.8727
vn -0.0343 -0.0968 0.9947
vn -0.5300 -0.0360 0.8473
vn -0.8817 0.0344 0.4705
vn -0.9949 0.0954 -0.0325
vn -0.8408 0.1307 -0.5253
vn 0.0297 0.0260 -0.9992
vn -0.4687 0.0774 -0.8800
vn 0.5199 -0.0322 -0.8536
vn 0.8727 -0.0820 -0.4814
vn 0.9937 -0.1100 0.0198
vn 0.8490 -0.1087 0.5170
vn 0.4754 -0.0781 0.8763
vn -0.0275 -0.0262 0.9993
vn -0.5232 0.0328 0.8516
vn -0.8769 0.0828 0.4735
vn -0.9934 0.1104 -0.0314
vn -0.8433 0.1083 -0.5265
vn 0.0212 -0.0431 -0.9988
vn -0.4754 0.0226 -0.8795
vn 0.5121 -0.0975 -0.8534
vn 0.8675 -0.1260 -0.4812
vn 0.9924 -0.1211 0.0200
vn 0.8518 -0.0836 0.5171
vn 0.4814 -0.0236 0.8762
vn -0.0199 0.0430 0.9989
vn -0.5159 0.0980 0.8510
vn -0.8719 0.1264 0.4732
vn -0.9922 0.1206 -0.0313
vn -0.8464 0.0826 -0.5261
vn 0.0122 -0.1112 -0.9937
vn -0.4828 -0.0335 -0.8751
vn 0.5040 -0.1594 -0.8489
vn 0.8624 -0.1654 -0.4784
vn 0.9917 -0.1273 0.0205
vn 0.8553 -0.0550 0.5151
vn 0.4882 0.0324 0.8722
vn -0.0116 0.1112 0.9937
vn -0.5083 0.1598 0.8462
vn -0.8670 0.1652 0.4701
vn -0.9915 0.1260 -0.0317
vn -0.8502 0.0533 -0.5237
vn 0.0029 -0.1788 -0.9839
vn -0.4907 -0.0914 -0.8665
vn 0.4958 -0.2188 -0.8404
vn 0.8576 -0.2007 -0.4735
vn 0.9914 -0.1291 0.0207
vn 0.8595 -0.0227 0.5106
vn 0.4955 0.0901 0.8639
vn -0.0030 0.1787 0.9839
vn -0.5008 0.2190 0.8374
vn -0.8625 0.1999 0.4649
vn -0.9914 0.1271 -0.0319
vn -0.8547 0.0205 -0.5188
vn -0.0064 -0.2462 -0.9692
vn -0.4989 -0.1511 -0.8534
vn 0.4879 -0.2761 -0.8281
vn 0.8533 -0.2327 -0.4667
vn 0.9917 -0.1271 0.0201
vn 0.8643 0.0129 0.5029
vn 0.5033 0.1498 0.8510
vn 0.0057 0.2462 0.9692
vn -0.4934 0.2760 0.8248
vn -0.8585 0.2312 0.4579
vn -0.9918 0.1242 -0.0313
vn -0.8595 -0.0157 -0.5108
vn -0.0156 -0.3139 -0.9493
vn -0.5072 -0.2128 -0.8352
vn 0.4803 -0.3319 -0.8119
vn 0.8493 -0.2617 -0.4584
vn 0.9924 -0.1215 0.0183
vn 0.8693 0.0517 0.4915
vn 0.5112 0.2114 0.8331
vn 0.0142 0.3140 0.9493
vn -0.4864 0.3315 0.8084
vn -0.8549 0.2594 0.4493
vn -0.9926 0.1177 -0.0296
vn -0.8647 -0.0550 -0.4993
vn -0.0243 -0.3819 -0.9239
vn -0.5152 -0.2762 -0.8114
vn 0.4733 -0.3864 -0.7917
vn 0.8459 -0.2882 -0.4488
vn 0.9935 -0.1129 0.0149
vn 0.8745 0.0933 0.4760
vn 0.5190 0.2747 0.8095
vn 0.0224 0.3819 0.9239
vn -0.4800 0.3856 0.7880
vn -0.8518 0.2851 0.4394
vn -0.9938 0.1082 -0.0262
vn -0.8699 -0.0971 -0.4835
vn -0.0322 -0.4498 -0.8926
vn -0.5226 -0.3408 -0.7815
vn 0.4669 -0.4396 -0.7672
vn 0.8430 -0.3127 -0.4378
vn 0.9948 -0.1018 0.0096
vn 0.8795 0.1370 0.4558
vn 0.5262 0.3393 0.7797
vn 0.0299 0.4499 0.8926
vn -0.4742 0.4385 0.7634
vn -0.8493 0.3086 0.4284
vn -0.9952 0.0961 -0.0208
vn -0.8749 -0.1414 -0.4631
vn -0.0391 -0.5171 -0.8550
vn -0.5291 -0.4059 -0.7452
vn 0.4616 -0.4915 -0.7385
vn 0.8406 -0.3352 -0.4255
vn 0.9960 -0.0889 0.0022
vn 0.8840 0.1820 0.4306
vn 0.5326 0.4044 0.7435
vn 0.0364 0.5173 0.8551
vn -0.4694 0.4898 0.7347
vn -0.8473 0.3301 0.4161
vn -0.9965 0.0822 -0.0132
vn -0.8794 -0.1870 -0.4378
vn -0.0445 -0.5830 -0.8112
vn -0.5344 -0.4703 -0.7024
vn 0.4574 -0.5415 -0.7054
vn 0.8388 -0.3560 -0.4118
vn 0.9972 -0.0748 -0.0073
vn 0.8877 0.2274 0.4005
vn 0.5377 0.4687 0.7008
vn 0.0415 0.5832 0.8113
vn -0.4656 0.5394 0.7017
vn -0.8458 0.3499 0.4027
vn -0.9977 0.0671 -0.0034
vn -0.8831 -0.2328 -0.4074
vn -0.0483 -0.6463 -0.7616
vn -0.5380 -0.5325 -0.6535
vn 0.4546 -0.5891 -0.6681
vn 0.8377 -0.3752 -0.3968
vn 0.9980 -0.0604 -0.0187
vn 0.8902 0.2717 0.3657
vn 0.5413 0.5310 0.6520
vn 0.0451 0.6465 0.7616
vn -0.4630 0.5865 0.6646
vn -0.8448 0.3682 0.3883
vn -0.9986 0.0518 0.0086
vn -0.8857 -0.2775 -0.3723
vn -0.0501 -0.7056 -0.7068
vn -0.5398 -0.5910 -0.5995
vn 0.4532 -0.6335 -0.6271
vn 0.8372 -0.3929 -0.3805
vn 0.9984 -0.0465 -0.0315
vn 0.8915 0.3135 0.3271
vn 0.5430 0.5896 0.5980
vn 0.0469 0.7058 0.7068
vn -0.4616 0.6306 0.6239
vn -0.8443 0.3852 0.3727
vn -0.9991 0.0371 0.0221
vn -0.8869 -0.3198 -0.3333
vn -0.0499 -0.7597 -0.6483
vn -0.5397 -0.6443 -0.5418
vn 0.4534 -0.6740 -0.5832
vn 0.8373 -0.4090 -0.3629
vn 0.9984 -0.0338 -0.0450
vn 0.8914 0.3517 0.2859
vn 0.5429 0.6429 0.5403
vn 0.0469 0.7600 0.6483
vn -0.4615 0.6709 0.5805
vn -0.8442 0.4008 0.3560
vn -0.9990 0.0240 0.0366
vn -0.8869 -0.3581 -0.2917
vn -0.0480 -0.8076 -0.5878
vn -0.5380 -0.6912 -0.4825
vn 0.4550 -0.7101 -0.5373
vn 0.8380 -0.4236 -0.3440
vn 0.9980 -0.0230 -0.0582
vn 0.8901 0.3850 0.2440
vn 0.5412 0.6898 0.4809
vn 0.0453 0.8079 0.5876
vn -0.4626 0.7069 0.5351
vn -0.8445 0.4153 0.3381
vn -0.9986 0.0130 0.0508
vn -0.8858 -0.3915 -0.2493
vn -0.0446 -0.8486 -0.5272
vn -0.5349 -0.7308 -0.4239
vn 0.4578 -0.7414 -0.4908
vn 0.8393 -0.4368 -0.3238
vn 0.9974 -0.0146 -0.0699
vn 0.8879 0.4127 0.2034
vn 0.5382 0.7294 0.4222
vn 0.0424 0.8488 0.5270
vn -0.4646 0.7383 0.4890
vn -0.8453 0.4286 0.3190
vn -0.9980 0.0048 0.0637
vn -0.8838 -0.4192 -0.2080
vn -0.0403 -0.8824 -0.4688
vn -0.5311 -0.7630 -0.3685
vn 0.4614 -0.7677 -0.4447
vn 0.8410 -0.4486 -0.3023
vn 0.9968 -0.0088 -0.0789
vn 0.8852 0.4345 0.1661
vn 0.5345 0.7614 0.3668
vn 0.0388 0.8826 0.4685
vn -0.4672 0.7649 0.4434
vn -0.8463 0.4410 0.2986
vn -0.9973 -0.0005 0.0739
vn -0.8813 -0.4408 -0.1702
vn -0.0357 -0.9096 -0.4139
vn -0.5271 -0.7881 -0.3179
vn 0.4654 -0.7896 -0.4000
vn 0.8431 -0.4593 -0.2796
vn 0.9964 -0.0055 -0.0844
vn 0.8826 0.4507 0.1338
vn 0.5306 0.7864 0.3163
vn 0.0349 0.9098 0.4136
vn -0.4701 0.7872 0.3991
vn -0.8477 0.4524 0.2769
vn -0.9968 -0.0032 0.0804
vn -0.8789 -0.4569 -0.1372
vn -0.0311 -0.9313 -0.3630
vn -0.5233 -0.8074 -0.2727
vn 0.4694 -0.8077 -0.3569
vn 0.8454 -0.4689 -0.2557
vn 0.9963 -0.0043 -0.0862
vn 0.8802 0.4625 0.1068
vn 0.5269 0.8055 0.2713
vn 0.0310 0.9314 0.3628
vn -0.4733 0.8057 0.3563
vn -0.8494 0.4628 0.2537
vn -0.9965 -0.0038 0.0830
vn -0.8767 -0.4684 -0.1096
vn -0.0268 -0.9484 -0.3158
vn -0.5198 -0.8220 -0.2324
vn 0.4733 -0.8226 -0.3152
vn 0.8478 -0.4776 -0.2306
vn 0.9964 -0.0045 -0.0844
vn 0.8782 0.4707 0.0846
vn 0.5236 0.8200 0.2312
vn 0.0273 0.9485 0.3156
vn -0.4764 0.8210 0.3148
vn -0.8512 0.4722 0.2291
vn -0.9966 -0.0030 0.0819
vn -0.8749 -0.4765 -0.0870
vn -0.0230 -0.9621 -0.2716
vn -0.5169 -0.8332 -0.1964
vn 0.4769 -0.8350 -0.2745
vn 0.8501 -0.4854 -0.2043
vn 0.9968 -0.0057 -0.0795
vn 0.8768 0.4763 0.0668
vn 0.5208 0.8310 0.1953
vn 0.0240 0.9622 0.2714
vn -0.4793 0.8337 0.2742
vn -0.8531 0.4806 0.2031
vn -0.9970 -0.0013 0.0775
vn -0.8735 -0.4820 -0.0688
vn -0.0196 -0.9731 -0.2296
vn -0.5144 -0.8418 -0.1639
vn 0.4801 -0.8453 -0.2342
vn 0.8523 -0.4924 -0.1765
vn 0.9974 -0.0076 -0.0716
vn 0.8757 0.4800 0.0527
vn 0.5185 0.8394 0.1629
vn 0.0212 0.9731 0.2294
vn -0.4820 0.8443 0.2341
vn -0.8550 0.4880 0.1756
vn -0.9975 0.0008 0.0700
vn -0.8724 -0.4858 -0.0543
vn -0.0168 -0.9818 -0.1890
vn -0.5123 -0.8483 -0.1337
vn 0.4829 -0.8539 -0.1939
vn 0.8543 -0.4986 -0.1471
vn 0.9981 -0.0097 -0.0611
vn 0.8750 0.4824 0.0414
vn 0.5166 0.8458 0.1329
vn 0.0187 0.9818 0.1888
vn -0.4844 0.8531 0.1938
vn -0.8568 0.4944 0.1465
vn -0.9982 0.0031 0.0599
vn -0.8717 -0.4882 -0.0427
vn -0.0145 -0.9888 -0.1487
vn -0.5107 -0.8533 -0.1051
vn 0.4852 -0.8609 -0.1528
vn 0.8560 -0.5038 -0.1161
vn 0.9988 -0.0119 -0.0485
vn 0.8745 0.4840 0.0322
vn 0.5152 0.8507 0.1044
vn 0.0168 0.9888 0.1486
vn -0.4865 0.8602 0.1528
vn -0.8584 0.4998 0.1157
vn -0.9989 0.0053 0.0475
vn -0.8711 -0.4899 -0.0333
vn -0.0128 -0.9941 -0.1080
vn -0.5094 -0.8571 -0.0768
vn 0.4870 -0.8664 -0.1103
vn 0.8573 -0.5081 -0.0833
vn 0.9993 -0.0138 -0.0341
vn 0.8742 0.4849 0.0243
vn 0.5142 0.8542 0.0764
vn 0.0153 0.9940 0.1079
vn -0.4881 0.8658 0.1104
vn -0.8597 0.5041 0.0831
vn -0.9994 0.0070 0.0334
vn -0.8707 -0.4911 -0.0251
vn -0.0117 -0.9978 -0.0658
vn -0.5086 -0.8597 -0.0480
vn 0.4881 -0.8703 -0.0660
vn 0.8581 -0.5112 -0.0487
vn 0.9997 -0.0153 -0.0184
vn 0.8741 0.4854 0.0169
vn 0.5136 0.8567 0.0478
vn 0.0143 0.9977 0.0658
vn -0.4892 0.8697 0.0661
vn -0.8606 0.5070 0.0486
vn -0.9998 0.0082 0.0180
vn -0.8705 -0.4919 -0.0174
vn -0.0112 -0.9997 -0.0213
vn -0.5082 -0.8611 -0.0176
vn 0.4885 -0.8724 -0.0194
vn 0.8584 -0.5129 -0.0123
vn 0.9999 -0.0163 -0.0019
vn 0.8742 0.4856 0.0090
vn 0.5135 0.8579 0.0176
vn 0.0139 0.9997 0.0215
vn -0.4897 0.8717 0.0195
vn -0.8610 0.5085 0.0123
vn -1.0000 0.0087 0.0018
vn -0.8703 -0.4924 -0.0091
vn -0.0115 -0.9996 0.0261
vn -0.5083 -0.8610 0.0153
vn 0.4880 -0.8723 0.0299
vn 0.8580 -0.5130 0.0257
vn 0.9998 -0.0165 0.0147
vn 0.8743 0.4853 -0.0002
vn 0.5138 0.8578 -0.0150
vn 0.0142 0.9996 -0.0259
vn -0.4895 0.8715 -0.0297
vn -0.8609 0.5082 -0.0256
vn -0.9999 0.0084 -0.0145
vn -0.8702 -0.4926 0.0005
vn -0.0127 -0.9969 0.0770
vn -0.5090 -0.8592 0.0515
vn 0.4867 -0.8697 0.0820
vn 0.8570 -0.5112 0.0652
vn 0.9994 -0.0160 0.0310
vn 0.8747 0.4845 -0.0114
vn 0.5147 0.8559 -0.0509
vn 0.0153 0.9969 -0.0767
vn -0.4886 0.8687 -0.0818
vn -0.8602 0.5059 -0.0648
vn -0.9995 0.0073 -0.0304
vn -0.8704 -0.4922 0.0122
vn -0.0148 -0.9912 0.1317
vn -0.5104 -0.8550 0.0915
vn 0.4844 -0.8641 0.1368
vn 0.8553 -0.5073 0.1056
vn 0.9988 -0.0147 0.0463
vn 0.8753 0.4828 -0.0255
vn 0.5162 0.8517 -0.0906
vn 0.0172 0.9912 -0.1313
vn -0.4868 0.8628 -0.1366
vn -0.8589 0.5013 -0.1049
vn -0.9990 0.0054 -0.0450
vn -0.8708 -0.4909 0.0269
vn -0.0180 -0.9816 0.1900
vn -0.5127 -0.8478 0.1356
vn 0.4813 -0.8549 0.1939
vn 0.8530 -0.5009 0.1464
vn 0.9981 -0.0129 0.0597
vn 0.8763 0.4798 -0.0430
vn 0.5185 0.8445 -0.1344
vn 0.0200 0.9817 -0.1896
vn -0.4841 0.8533 -0.1936
vn -0.8570 0.4944 -0.1453
vn -0.9983 0.0030 -0.0578
vn -0.8716 -0.4881 0.0450
vn -0.0220 -0.9676 0.2514
vn -0.5157 -0.8369 0.1835
vn 0.4773 -0.8416 0.2526
vn 0.8503 -0.4920 0.1867
vn 0.9974 -0.0106 0.0710
vn 0.8777 0.4749 -0.0640
vn 0.5214 0.8336 -0.1821
vn 0.0236 0.9677 -0.2511
vn -0.4808 0.8398 -0.2522
vn -0.8547 0.4850 -0.1852
vn -0.9977 0.0003 -0.0683
vn -0.8729 -0.4833 0.0667
vn -0.0268 -0.9488 0.3148
vn -0.5194 -0.8218 0.2342
vn 0.4728 -0.8241 0.3119
vn 0.8473 -0.4805 0.2262
vn 0.9968 -0.0082 0.0800
vn 0.8795 0.4676 -0.0879
vn 0.5251 0.8186 -0.2326
vn 0.0281 0.9488 -0.3146
vn -0.4766 0.8221 -0.3114
vn -0.8520 0.4732 -0.2241
vn -0.9971 -0.0024 -0.0765
vn -0.8746 -0.4761 0.0912
vn -0.0320 -0.9250 0.3786
vn -0.5236 -0.8025 0.2859
vn 0.4679 -0.8022 0.3709
vn 0.8441 -0.4663 0.2647
vn 0.9961 -0.0054 0.0877
vn 0.8816 0.4582 -0.1132
vn 0.5293 0.7994 -0.2841
vn 0.0333 0.9250 -0.3784
vn -0.4719 0.8001 -0.3703
vn -0.8489 0.4589 -0.2621
vn -0.9965 -0.0051 -0.0834
vn -0.8767 -0.4665 0.1171
vn -0.0377 -0.8965 0.4415
vn -0.5282 -0.7794 0.3370
vn 0.4626 -0.7759 0.4289
vn 0.8407 -0.4492 0.3024
vn 0.9955 -0.0021 0.0951
vn 0.8839 0.4467 -0.1383
vn 0.5339 0.7763 -0.3350
vn 0.0390 0.8965 -0.4414
vn -0.4667 0.7738 -0.4282
vn -0.8456 0.4420 -0.2993
vn -0.9959 -0.0081 -0.0900
vn -0.8790 -0.4549 0.1428
vn -0.0437 -0.8635 0.5025
vn -0.5330 -0.7528 0.3863
vn 0.4571 -0.7452 0.4855
vn 0.8370 -0.4291 0.3396
vn 0.9947 0.0021 0.1028
vn 0.8863 0.4338 -0.1621
vn 0.5389 0.7498 -0.3840
vn 0.0451 0.8635 -0.5024
vn -0.4610 0.7433 -0.4847
vn -0.8419 0.4222 -0.3360
vn -0.9952 -0.0120 -0.0970
vn -0.8814 -0.4418 0.1672
vn -0.0500 -0.8262 0.5612
vn -0.5380 -0.7232 0.4330
vn 0.4511 -0.7102 0.5405
vn 0.8330 -0.4056 0.3764
vn 0.9937 0.0077 0.1117
vn 0.8888 0.4200 -0.1837
vn 0.5442 0.7202 -0.4303
vn 0.0518 0.8262 -0.5610
vn -0.4548 0.7084 -0.5397
vn -0.8379 0.3991 -0.3724
vn -0.9943 -0.0171 -0.1052
vn -0.8838 -0.4277 0.1895
vn -0.0568 -0.7848 0.6171
vn -0.5434 -0.6911 0.4766
vn 0.4445 -0.6705 0.5939
vn 0.8284 -0.3783 0.4132
vn 0.9924 0.0153 0.1220
vn 0.8912 0.4058 -0.2026
vn 0.5498 0.6881 -0.4735
vn 0.0591 0.7849 -0.6168
vn -0.4479 0.6691 -0.5931
vn -0.8332 0.3723 -0.4089
vn -0.9931 -0.0243 -0.1149
vn -0.8862 -0.4133 0.2092
vn -0.0643 -0.7395 0.6701
vn -0.5490 -0.6568 0.5169
vn 0.4371 -0.6261 0.6457
vn 0.8230 -0.3466 0.4500
vn 0.9906 0.0257 0.1341
vn 0.8936 0.3920 -0.2185
vn 0.5559 0.6539 -0.5132
vn 0.0671 0.7396 -0.6697
vn -0.4401 0.6249 -0.6449
vn -0.8278 0.3411 -0.4455
vn -0.9914 -0.0342 -0.1263
vn -0.8886 -0.3992 0.2258
vn -0.0728 -0.6899 0.7202
vn -0.5552 -0.6207 0.5537
vn 0.4286 -0.5763 0.6958
vn 0.8166 -0.3099 0.4870
vn 0.9882 0.0394 0.1481
vn 0.8960 0.3791 -0.2312
vn 0.5625 0.6179 -0.5494
vn 0.0762 0.6901 -0.7197
vn -0.4311 0.5754 -0.6950
vn -0.8213 0.3049 -0.4822
vn -0.9891 -0.0474 -0.1396
vn -0.8909 -0.3860 0.2395
vn -0.0825 -0.6360 0.7672
vn -0.5620 -0.5828 0.5870
vn 0.4184 -0.5208 0.7441
vn 0.8087 -0.2675 0.5238
vn 0.9848 0.0573 0.1639
vn 0.8982 0.3677 -0.2408
vn 0.5698 0.5802 -0.5820
vn 0.0866 0.6364 -0.7665
vn -0.4205 0.5201 -0.7434
vn -0.8134 0.2629 -0.5189
vn -0.9858 -0.0648 -0.1546
vn -0.8930 -0.3742 0.2501
vn -0.0938 -0.5776 0.8109
vn -0.5696 -0.5433 0.6168
vn 0.4063 -0.4589 0.7902
vn 0.7990 -0.2187 0.5602
vn 0.9802 0.0800 0.1811
vn 0.9002 0.3582 -0.2475
vn 0.5780 0.5410 -0.6109
vn 0.0988 0.5781 -0.8100
vn -0.4079 0.4584 -0.7896
vn -0.8037 0.2145 -0.5551
vn -0.9814 -0.0870 -0.1710
vn -0.8949 -0.3643 0.2580
vn -0.1072 -0.5143 0.8509
vn -0.5782 -0.5024 0.6429
vn 0.3915 -0.3900 0.8334
vn 0.7867 -0.1626 0.5955
vn 0.9740 0.1083 0.1991
vn 0.9019 0.3511 -0.2516
vn 0.5873 0.5005 -0.6361
vn 0.1130 0.5151 -0.8497
vn -0.3926 0.3899 -0.8330
vn -0.7915 0.1589 -0.5902
vn -0.9754 -0.1147 -0.1882
vn -0.8964 -0.3566 0.2632
vn -0.1232 -0.4461 0.8865
vn -0.5880 -0.4601 0.6653
vn 0.3734 -0.3140 0.8729
vn 0.7714 -0.0990 0.6286
vn 0.9657 0.1426 0.2172
vn 0.9030 0.3470 -0.2533
vn 0.5977 0.4589 -0.6574
vn 0.1298 0.4472 -0.8850
vn -0.3740 0.3141 -0.8726
vn -0.7762 0.0957 -0.6232
vn -0.9674 -0.1483 -0.2055
vn -0.8975 -0.3516 0.2663
vn -0.1422 -0.3732 0.9168
vn -0.5991 -0.4169 0.6836
vn 0.3515 -0.2309 0.9073
vn 0.7524 -0.0276 0.6581
vn 0.9547 0.1833 0.2343
vn 0.9034 0.3460 -0.2533
vn 0.6094 0.4165 -0.6746
vn 0.1497 0.3748 -0.9149
vn -0.3516 0.2312 -0.9072
vn -0.7572 0.0247 -0.6527
vn -0.9568 -0.1882 -0.2218
vn -0.8979 -0.3496 0.2675
vn -0.1646 -0.2963 0.9408
vn -0.6118 -0.3732 0.6975
vn 0.3251 -0.1412 0.9351
vn 0.7290 0.0511 0.6826
vn 0.9407 0.2301 0.2490
vn 0.9027 0.3485 -0.2521
vn 0.6224 0.3739 -0.6876
vn 0.1729 0.2984 -0.9386
vn -0.3246 0.1417 -0.9352
vn -0.7339 -0.0536 -0.6772
vn -0.9432 -0.2341 -0.2359
vn -0.8974 -0.3508 0.2675
vn -0.1905 -0.2170 0.9574
vn -0.6258 -0.3301 0.7067
vn 0.2941 -0.0467 0.9546
vn 0.7010 0.1358 0.7001
vn 0.9233 0.2827 0.2600
vn 0.9007 0.3548 -0.2506
vn 0.6366 0.3322 -0.6960
vn 0.1994 0.2197 -0.9550
vn -0.2930 0.0473 -0.9549
vn -0.7057 -0.1380 -0.6949
vn -0.9261 -0.2856 -0.2466
vn -0.8958 -0.3556 0.2668
vn -0.2195 -0.1378 0.9658
vn -0.6406 -0.2896 0.7112
vn 0.2586 0.0501 0.9647
vn 0.6682 0.2247 0.7092
vn 0.9020 0.3401 0.2660
vn 0.8968 0.3655 -0.2493
vn 0.6513 0.2931 -0.6999
vn 0.2290 0.1413 -0.9631
vn -0.2567 -0.0492 -0.9652
vn -0.6727 -0.2264 -0.7045
vn -0.9051 -0.3419 -0.2527
vn -0.8924 -0.3646 0.2659
vn -0.2511 -0.0608 0.9661
vn -0.6554 -0.2534 0.7115
vn 0.2185 0.1474 0.9646
vn 0.6301 0.3166 0.7090
vn 0.8760 0.4024 0.2659
vn 0.8901 0.3816 -0.2492
vn 0.6660 0.2587 -0.6997
vn 0.2612 0.0655 -0.9631
vn -0.2157 -0.1460 -0.9655
vn -0.6342 -0.3178 -0.7049
vn -0.8796 -0.4030 -0.2529
vn -0.8863 -0.3790 0.2660
vn -0.2854 0.0133 0.9583
vn -0.6696 -0.2224 0.7087
vn 0.1729 0.2450 0.9540
vn 0.5853 0.4118 0.6985
vn 0.8438 0.4703 0.2585
vn 0.8795 0.4042 -0.2513
vn 0.6802 0.2298 -0.6961
vn 0.2965 -0.0071 -0.9550
vn -0.1690 -0.2427 -0.9553
vn -0.5890 -0.4124 -0.6950
vn -0.8479 -0.4697 -0.2458
vn -0.8764 -0.3996 0.2686
vn -0.3236 0.0854 0.9423
vn -0.6828 -0.1967 0.7036
vn 0.1197 0.3440 0.9313
vn 0.5308 0.5119 0.6754
vn 0.8028 0.5451 0.2416
vn 0.8632 0.4342 -0.2574
vn 0.6935 0.2070 -0.6901
vn 0.3359 -0.0768 -0.9388
vn -0.1145 -0.3406 -0.9332
vn -0.5343 -0.5118 -0.6727
vn -0.8077 -0.5433 -0.2289
vn -0.8611 -0.4273 0.2756
vn -0.3677 0.1562 0.9167
vn -0.6948 -0.1759 0.6973
vn 0.0550 0.4459 0.8934
vn 0.4623 0.6181 0.6358
vn 0.7488 0.6282 0.2113
vn 0.8388 0.4726 -0.2704
vn 0.7056 0.1904 -0.6825
vn 0.3813 -0.1443 -0.9131
vn -0.0484 -0.4409 -0.8963
vn -0.4657 -0.6174 -0.6340
vn -0.7551 -0.6249 -0.1983
vn -0.8380 -0.4624 0.2898
vn -0.4205 0.2259 0.8787
vn -0.7056 -0.1597 0.6904
vn -0.0265 0.5502 0.8346
vn 0.3735 0.7299 0.5725
vn 0.6762 0.7189 0.1609
vn 0.8024 0.5190 -0.2945
vn 0.7160 0.1801 -0.6745
vn 0.4356 -0.2090 -0.8755
vn 0.0346 -0.5429 -0.8391
vn -0.3771 -0.7284 -0.5720
vn -0.6845 -0.7139 -0.1477
vn -0.8038 -0.5045 0.3154
vn -0.4856 0.2913 0.8242
vn -0.7148 -0.1477 0.6835
vn -0.1306 0.6514 0.7474
vn 0.2572 0.8407 0.4765
vn 0.5784 0.8116 0.0818
vn 0.7497 0.5702 -0.3359
vn 0.7234 0.1761 -0.6676
vn 0.5015 -0.2680 -0.8226
vn 0.1403 -0.6414 -0.7542
vn -0.2609 -0.8391 -0.4774
vn -0.5894 -0.8049 -0.0683
vn -0.7546 -0.5501 0.3577
vn -0.5646 0.3443 0.7501
vn -0.7222 -0.1401 0.6774
vn -0.2606 0.7352 0.6257
vn 0.1096 0.9341 0.3397
vn 0.4516 0.8916 -0.0340
vn 0.6777 0.6168 -0.4004
vn 0.7264 0.1771 -0.6641
vn 0.5796 -0.3140 -0.7520
vn 0.2721 -0.7229 -0.6351
vn -0.1125 -0.9331 -0.3415
vn -0.4653 -0.8839 0.0475
vn -0.6878 -0.5911 0.4214
vn -0.6536 0.3720 0.6591
vn -0.7268 -0.1369 0.6731
vn -0.4103 0.7798 0.4728
vn -0.0621 0.9843 0.1652
vn 0.3021 0.9351 -0.1850
vn 0.5896 0.6431 -0.4886
vn 0.7240 0.1795 -0.6660
vn 0.6651 -0.3370 -0.6664
vn 0.4230 -0.7659 -0.4842
vn 0.0615 -0.9842 -0.1662
vn -0.3171 -0.9274 0.1984
vn -0.6055 -0.6142 0.5061
vn -0.7411 0.3655 0.5631
vn -0.7277 -0.1373 0.6721
vn -0.5606 0.7688 0.3078
vn -0.2359 0.9714 -0.0260
vn 0.1495 0.9236 -0.3531
vn 0.4977 0.6359 -0.5899
vn 0.7177 0.1786 -0.6731
vn 0.7474 -0.3310 -0.5761
vn 0.5728 -0.7546 -0.3200
vn 0.2378 -0.9710 0.0264
vn -0.1639 -0.9163 0.3655
vn -0.5180 -0.6081 0.6015
vn -0.8142 0.3293 0.4782
vn -0.7247 -0.1385 0.6749
vn -0.6891 0.7073 0.1576
vn -0.3857 0.9001 -0.2026
vn 0.0174 0.8598 -0.5104
vn 0.4174 0.5955 -0.6864
vn 0.7103 0.1725 -0.6824
vn 0.8155 -0.3003 -0.4948
vn 0.6990 -0.6946 -0.1700
vn 0.3885 -0.8987 0.2034
vn -0.0303 -0.8535 0.5202
vn -0.4390 -0.5729 0.6921
vn -0.8669 0.2783 0.4137
vn -0.7195 -0.1379 0.6806
vn -0.7846 0.6187 0.0395
vn -0.4979 0.7963 -0.3436
vn -0.0817 0.7664 -0.6371
vn 0.3571 0.5360 -0.7650
vn 0.7042 0.1626 -0.6911
vn 0.8650 -0.2568 -0.4310
vn 0.7917 -0.6088 -0.0515
vn 0.5003 -0.7948 0.3437
vn 0.0706 -0.7617 0.6440
vn -0.3771 -0.5197 0.7666
vn -0.9013 0.2266 0.3692
vn -0.7139 -0.1347 0.6872
vn -0.8492 0.5261 -0.0448
vn -0.5744 0.6866 -0.4457
vn -0.1493 0.6672 -0.7298
vn 0.3160 0.4724 -0.8228
vn 0.6999 0.1515 -0.6980
vn 0.8983 -0.2116 -0.3851
vn 0.8541 -0.5191 0.0340
vn 0.5762 -0.6855 0.4451
vn 0.1401 -0.6642 0.7343
vn -0.3331 -0.4615 0.8222
vn -0.9142 0.2014 0.3518
vn -0.7107 -0.1328 0.6908
vn -0.8736 0.4802 -0.0787
vn -0.6035 0.6316 -0.4866
vn -0.1756 0.6174 -0.7668
vn 0.3001 0.4406 -0.8461
vn 0.6986 0.1455 -0.7006
vn 0.9111 -0.1900 -0.3657
vn 0.8773 -0.4749 0.0693
vn 0.6050 -0.6308 0.4858
vn 0.1680 -0.6153 0.7702
vn -0.3145 -0.4325 0.8450
vn 0.9849 -0.1224 -0.1224
vn 0.9849 -0.1731 -0.0000
vn 0.9849 -0.1224 0.1224
vn 0.9849 -0.0000 0.1731
vn 0.9849 0.1224 0.1224
vn 0.9849 0.1731 -0.0000
vn 0.6338 0.5469 0.5469
vn 0.6338 -0.0000 0.7735
vn 0.2119 -0.0000 0.9773
vn 0.2119 0.6911 0.6911
vn 0.6338 0.7735 -0.0000
vn 0.6338 -0.5469 0.5469
vn 0.6338 -0.5469 -0.5469
vn 0.6338 -0.7735 -0.0000
vn 0.2119 0.6911 -0.6911
vn 0.2119 0.9773 -0.0000
vn 0.1724 0.9850 -0.0000
vn 0.1724 0.6965 -0.6965
vn 0.2119 -0.9773 -0.0000
vn 0.2119 -0.6911 0.6911
vn 0.2119 -0.0000 -0.9773
vn 0.2119 -0.6911 -0.6911
vn 0.1724 0.6965 0.6965
vn -0.8165 0.4082 0.4082
vn -0.8165 0.5773 -0.0000
vn 0.1724 -0.0000 0.9850
vn 0.1724 -0.9850 -0.0000
vn 0.1724 -0.6965 0.6965
vn 0.1724 -0.0000 -0.9850
vn 0.1724 -0.6965 -0.6965
vn -0.8165 -0.4082 -0.4082
vn -0.8165 -0.4082 0.4082
vn -0.8165 -0.0000 0.5773
vn -0.8165 -0.5773 -0.0000
vn 0.1299 0.5257 -0.8407
vn 0.9239 -0.2437 -0.2951
vn -0.9239 0.2437 0.2951
vn -0.1299 -0.5257 0.8407
vn -0.3827 0.5882 0.7124
vn 0.1299 -0.9250 0.3571
vn 0.3827 -0.5882 -0.7124
vn 0.3827 0.5882 0.7124
vn 0.1299 0.9250 -0.3571
vn 0.9239 0.2437 0.2951
vn -0.1299 0.5257 -0.8407
vn -0.3827 -0.5882 -0.7124
vn 0.1299 -0.5257 0.8407
vn -0.0000 -0.7711 0.6367
vn -0.9239 -0.2437 -0.2951
vn -0.1299 -0.9250 0.3571
vn -0.0000 0.7711 -0.6367
vn 0.3135 0.8080 -0.4988
vn -0.1299 0.9250 -0.3571
vn 0.3135 -0.8080 0.4988
vn -0.3135 -0.6426 0.6991
vn 0.3135 0.6426 -0.6991
vn -0.3135 -0.8080 0.4988
vn -0.3135 0.8080 -0.4988
vn 0.3135 -0.6426 0.6991
vn -0.3135 0.6426 -0.6991
vn 0.2668 0.5237 -0.8091
vn 0.8872 -0.3854 -0.2535
vn -0.8872 0.3854 0.2535
vn -0.2668 -0.5237 0.8091
vn -0.3233 0.6205 0.7145
vn -0.0473 -0.9448 0.3241
vn 0.3233 -0.6205 -0.7145
vn 0.4300 0.4921 0.7569
vn 0.3030 0.9013 -0.3097
vn 0.9314 0.0755 0.3560
vn 0.0111 0.5672 -0.8235
vn -0.4300 -0.4921 -0.7569
vn -0.0111 -0.5672 0.8235
vn -0.1670 -0.7806 0.6023
vn -0.9314 -0.0755 -0.3560
vn -0.3030 -0.9013 0.3097
vn 0.4732 0.7599 -0.4458
vn 0.9315 0.0755 0.3560
vn 0.0473 0.9448 -0.3241
vn 0.1441 -0.8650 0.4806
vn -0.4582 -0.6035 0.6526
vn 0.4582 0.6035 -0.6526
vn -0.4732 -0.7599 0.4458
vn -0.1441 0.8650 -0.4806
vn 0.1591 -0.7086 0.6874
vn -0.1591 0.7086 -0.6874
vn 0.3580 0.5384 -0.7629
vn 0.8157 -0.5026 -0.2865
vn -0.8157 0.5026 0.2865
vn -0.3580 -0.5384 0.7629
vn -0.2265 0.6035 0.7645
vn -0.2042 -0.9480 0.2440
vn 0.2265 -0.6035 -0.7645
vn 0.4953 0.3510 0.7947
vn 0.4492 0.8623 -0.2338
vn 0.9270 -0.1072 0.3593
vn 0.1130 0.6241 -0.7731
vn -0.4953 -0.3510 -0.7947
vn -0.1130 -0.6241 0.7731
vn -0.2988 -0.7901 0.5352
vn -0.9270 0.1072 -0.3593
vn -0.4492 -0.8623 0.2338
vn 0.5957 0.7068 -0.3815
vn 0.2042 0.9480 -0.2440
vn -0.0043 -0.9138 0.4062
vn -0.5579 -0.5726 0.6007
vn 0.5579 0.5726 -0.6007
vn -0.5957 -0.7068 0.3815
vn 0.0043 0.9138 -0.4062
vn 0.0335 -0.7796 0.6254
vn -0.0335 0.7796 -0.6254
vt 0.652457 0.913149
vt 0.652457 0.943774
vt 0.583825 0.943774
vt 0.583825 0.913149
vt 0.515193 0.943774
vt 0.515193 0.913149
vt 0.446561 0.943774
vt 0.446561 0.913149
vt 0.377930 0.943774
vt 0.377930 0.913149
vt 0.309298 0.943774
vt 0.309298 0.913149
vt 0.240666 0.943774
vt 0.240666 0.913149
vt 0.240666 0.650669
vt 0.156743 0.615907
vt 0.172035 0.943774
vt 0.172035 0.913149
vt 0.103403 0.943774
vt 0.103403 0.913149
vt 0.583825 0.669247
vt 0.515193 0.669247
vt 0.172035 0.867120
vt 0.103403 0.867120
vt 0.240666 0.867120
vt 0.309298 0.867120
vt 0.377930 0.867120
vt 0.446561 0.867120
vt 0.515193 0.867120
vt 0.583825 0.867120
vt 0.652457 0.867120
vt 0.646082 0.841988
vt 0.583825 0.841988
vt 0.515193 0.841989
vt 0.446561 0.841988
vt 0.377930 0.841988
vt 0.309298 0.841989
vt 0.240666 0.841989
vt 0.172035 0.841988
vt 0.109777 0.841988
vt 0.172035 0.794046
vt 0.108008 0.794046
vt 0.240666 0.794046
vt 0.309298 0.794046
vt 0.377930 0.794046
vt 0.446561 0.794046
vt 0.515193 0.794046
vt 0.583825 0.794046
vt 0.647852 0.794046
vt 0.649346 0.753549
vt 0.583825 0.753549
vt 0.515193 0.753549
vt 0.446561 0.753549
vt 0.377930 0.753549
vt 0.309298 0.753549
vt 0.240666 0.753549
vt 0.172035 0.753549
vt 0.106514 0.753549
vt 0.172035 0.722379
vt 0.105363 0.722379
vt 0.240666 0.722379
vt 0.309298 0.722379
vt 0.377930 0.722379
vt 0.446561 0.722379
vt 0.515193 0.722379
vt 0.583825 0.722379
vt 0.650496 0.722379
vt 0.651476 0.695813
vt 0.583825 0.695813
vt 0.515193 0.695813
vt 0.446561 0.695813
vt 0.377930 0.695813
vt 0.309298 0.695813
vt 0.240666 0.695813
vt 0.172035 0.695813
vt 0.104383 0.695813
vt 0.172035 0.669247
vt 0.103403 0.669247
vt 0.240666 0.669247
vt 0.309298 0.669247
vt 0.377930 0.669247
vt 0.446561 0.669247
vt 0.652457 0.669247
vt 0.302292 0.808678
vt 0.164947 0.671341
vt 0.268669 0.628368
vt 0.345243 0.704949
vt 0.003847 0.981505
vt 0.007682 0.981505
vt 0.007682 0.920460
vt 0.003847 0.920460
vt 0.003847 0.310009
vt 0.007682 0.310009
vt 0.007682 0.248964
vt 0.003847 0.248964
vt 0.003847 0.371054
vt 0.007682 0.371054
vt 0.003847 0.432099
vt 0.007682 0.432099
vt 0.003847 0.493144
vt 0.007682 0.493144
vt 0.003847 0.554189
vt 0.007682 0.554189
vt 0.003847 0.615234
vt 0.007682 0.615234
vt 0.003847 0.676279
vt 0.007682 0.676279
vt 0.003847 0.737325
vt 0.007682 0.737325
vt 0.003847 0.798370
vt 0.007682 0.798370
vt 0.003847 0.859415
vt 0.007682 0.859415
vt 0.011517 0.981505
vt 0.011517 0.920460
vt 0.011517 0.310009
vt 0.011517 0.248964
vt 0.011517 0.371054
vt 0.011517 0.432099
vt 0.011517 0.493144
vt 0.011517 0.554189
vt 0.011517 0.615234
vt 0.011517 0.676279
vt 0.011517 0.737325
vt 0.011517 0.798370
vt 0.011517 0.859415
vt 0.015353 0.981505
vt 0.015353 0.920460
vt 0.015353 0.310009
vt 0.015353 0.248964
vt 0.015353 0.371054
vt 0.015353 0.432099
vt 0.015353 0.493144
vt 0.015353 0.554189
vt 0.015353 0.615234
vt 0.015353 0.676279
vt 0.015353 0.737325
vt 0.015353 0.798370
vt 0.015353 0.859415
vt 0.019188 0.981505
vt 0.019188 0.920460
vt 0.019188 0.310009
vt 0.019188 0.248964
vt 0.019188 0.371054
vt 0.019188 0.432099
vt 0.019188 0.493144
vt 0.019188 0.554189
vt 0.019188 0.615234
vt 0.019188 0.676279
vt 0.019188 0.737325
vt 0.019188 0.798370
vt 0.019188 0.859415
vt 0.023023 0.981505
vt 0.023023 0.920460
vt 0.023023 0.310009
vt 0.023023 0.248964
vt 0.023023 0.371054
vt 0.023023 0.432099
vt 0.023023 0.493144
vt 0.023023 0.554189
vt 0.023023 0.615234
vt 0.023023 0.676279
vt 0.023023 0.737325
vt 0.023023 0.798370
vt 0.023023 0.859415
vt 0.026859 0.981505
vt 0.026859 0.920460
vt 0.026859 0.310009
vt 0.026859 0.248964
vt 0.026859 0.371054
vt 0.026859 0.432099
vt 0.026859 0.493144
vt 0.026859 0.554189
vt 0.026859 0.615234
vt 0.026859 0.676279
vt 0.026859 0.737325
vt 0.026859 0.798370
vt 0.026859 0.859415
vt 0.030694 0.981505
vt 0.030694 0.920460
vt 0.030694 0.310009
vt 0.030694 0.248964
vt 0.030694 0.371054
vt 0.030694 0.432099
vt 0.030694 0.493144
vt 0.030694 0.554189
vt 0.030694 0.615234
vt 0.030694 0.676279
vt 0.030694 0.737325
vt 0.030694 0.798370
vt 0.030694 0.859415
vt 0.034529 0.981505
vt 0.034529 0.920460
vt 0.034529 0.310009
vt 0.034529 0.248964
vt 0.034529 0.371054
vt 0.034529 0.432099
vt 0.034529 0.493144
vt 0.034529 0.554189
vt 0.034529 0.615234
vt 0.034529 0.676279
vt 0.034529 0.737325
vt 0.034529 0.798370
vt 0.034529 0.859415
vt 0.038364 0.981505
vt 0.038364 0.920460
vt 0.038364 0.310009
vt 0.038364 0.248964
vt 0.038364 0.371054
vt 0.038364 0.432099
vt 0.038364 0.493144
vt 0.038364 0.554189
vt 0.038364 0.615234
vt 0.038364 0.676279
vt 0.038364 0.737325
vt 0.038364 0.798370
vt 0.038364 0.859415
vt 0.042200 0.981505
vt 0.042200 0.920460
vt 0.042200 0.310009
vt 0.042200 0.248964
vt 0.042200 0.371054
vt 0.042200 0.432099
vt 0.042200 0.493144
vt 0.042200 0.554189
vt 0.042200 0.615234
vt 0.042200 0.676279
vt 0.042200 0.737325
vt 0.042200 0.798370
vt 0.042200 0.859415
vt 0.046035 0.981505
vt 0.046035 0.920460
vt 0.046035 0.310009
vt 0.046035 0.248964
vt 0.046035 0.371054
vt 0.046035 0.432099
vt 0.046035 0.493144
vt 0.046035 0.554189
vt 0.046035 0.615234
vt 0.046035 0.676279
vt 0.046035 0.737325
vt 0.046035 0.798370
vt 0.046035 0.859415
vt 0.049870 0.981505
vt 0.049870 0.920460
vt 0.049870 0.310009
vt 0.049870 0.248964
vt 0.049870 0.371054
vt 0.049870 0.432099
vt 0.049870 0.493144
vt 0.049870 0.554189
vt 0.049870 0.615234
vt 0.049870 0.676279
vt 0.049870 0.737325
vt 0.049870 0.798370
vt 0.049870 0.859415
vt 0.053706 0.981505
vt 0.053706 0.920460
vt 0.053706 0.310009
vt 0.053706 0.248964
vt 0.053706 0.371054
vt 0.053706 0.432099
vt 0.053706 0.493144
vt 0.053706 0.554189
vt 0.053706 0.615234
vt 0.053706 0.676279
vt 0.053706 0.737325
vt 0.053706 0.798370
vt 0.053706 0.859415
vt 0.057541 0.981505
vt 0.057541 0.920460
vt 0.057541 0.310009
vt 0.057541 0.248964
vt 0.057541 0.371054
vt 0.057541 0.432099
vt 0.057541 0.493144
vt 0.057541 0.554189
vt 0.057541 0.615234
vt 0.057541 0.676279
vt 0.057541 0.737325
vt 0.057541 0.798370
vt 0.057541 0.859415
vt 0.061376 0.981505
vt 0.061376 0.920460
vt 0.061376 0.310009
vt 0.061376 0.248964
vt 0.061376 0.371054
vt 0.061376 0.432099
vt 0.061376 0.493144
vt 0.061376 0.554189
vt 0.061376 0.615234
vt 0.061376 0.676279
vt 0.061376 0.737325
vt 0.061376 0.798370
vt 0.061376 0.859415
vt 0.065211 0.981505
vt 0.065211 0.920460
vt 0.065211 0.310009
vt 0.065211 0.248964
vt 0.065211 0.371054
vt 0.065211 0.432099
vt 0.065211 0.493144
vt 0.065211 0.554189
vt 0.065211 0.615234
vt 0.065211 0.676279
vt 0.065211 0.737325
vt 0.065211 0.798370
vt 0.065211 0.859415
vt 0.069047 0.981505
vt 0.069047 0.920460
vt 0.069047 0.310009
vt 0.069047 0.248964
vt 0.069047 0.371054
vt 0.069047 0.432099
vt 0.069047 0.493144
vt 0.069047 0.554189
vt 0.069047 0.615234
vt 0.069047 0.676279
vt 0.069047 0.737325
vt 0.069047 0.798370
vt 0.069047 0.859415
vt 0.072882 0.981505
vt 0.072882 0.920460
vt 0.072882 0.310009
vt 0.072882 0.248964
vt 0.072882 0.371054
vt 0.072882 0.432099
vt 0.072882 0.493144
vt 0.072882 0.554189
vt 0.072882 0.615234
vt 0.072882 0.676279
vt 0.072882 0.737325
vt 0.072882 0.798370
vt 0.072882 0.859415
vt 0.076717 0.981505
vt 0.076717 0.920460
vt 0.076717 0.310009
vt 0.076717 0.248964
vt 0.076717 0.371054
vt 0.076717 0.432099
vt 0.076717 0.493144
vt 0.076717 0.554189
vt 0.076717 0.615234
vt 0.076717 0.676279
vt 0.076717 0.737325
vt 0.076717 0.798370
vt 0.076717 0.859415
vt 0.080553 0.981505
vt 0.080553 0.920460
vt 0.080553 0.310009
vt 0.080553 0.248964
vt 0.080553 0.371054
vt 0.080553 0.432099
vt 0.080553 0.493144
vt 0.080553 0.554189
vt 0.080553 0.615234
vt 0.080553 0.676279
vt 0.080553 0.737325
vt 0.080553 0.798370
vt 0.080553 0.859415
vt 0.084388 0.981505
vt 0.084388 0.920460
vt 0.084388 0.310009
vt 0.084388 0.248964
vt 0.084388 0.371054
vt 0.084388 0.432099
vt 0.084388 0.493144
vt 0.084388 0.554189
vt 0.084388 0.615234
vt 0.084388 0.676279
vt 0.084388 0.737325
vt 0.084388 0.798370
vt 0.084388 0.859415
vt 0.088223 0.981505
vt 0.088223 0.920460
vt 0.088223 0.310009
vt 0.088223 0.248964
vt 0.088223 0.371054
vt 0.088223 0.432099
vt 0.088223 0.493144
vt 0.088223 0.554189
vt 0.088223 0.615234
vt 0.088223 0.676279
vt 0.088223 0.737325
vt 0.088223 0.798370
vt 0.088223 0.859415
vt 0.092058 0.981505
vt 0.092058 0.920460
vt 0.092058 0.310009
vt 0.092058 0.248964
vt 0.092058 0.371054
vt 0.092058 0.432099
vt 0.092058 0.493144
vt 0.092058 0.554189
vt 0.092058 0.615234
vt 0.092058 0.676279
vt 0.092058 0.737325
vt 0.092058 0.798370
vt 0.092058 0.859415
vt 0.095894 0.981505
vt 0.095894 0.920460
vt 0.095894 0.310009
vt 0.095894 0.248964
vt 0.095894 0.371054
vt 0.095894 0.432099
vt 0.095894 0.493144
vt 0.095894 0.554189
vt 0.095894 0.615234
vt 0.095894 0.676279
vt 0.095894 0.737325
vt 0.095894 0.798370
vt 0.095894 0.859415
vt 0.099729 0.981505
vt 0.099729 0.920460
vt 0.099729 0.310009
vt 0.099729 0.248964
vt 0.099729 0.371054
vt 0.099729 0.432099
vt 0.099729 0.493144
vt 0.099729 0.554189
vt 0.099729 0.615234
vt 0.099729 0.676279
vt 0.099729 0.737325
vt 0.099729 0.798370
vt 0.099729 0.859415
vt 0.103564 0.981505
vt 0.103564 0.920460
vt 0.103564 0.310009
vt 0.103564 0.248964
vt 0.103564 0.371054
vt 0.103564 0.432099
vt 0.103564 0.493144
vt 0.103564 0.554189
vt 0.103564 0.615234
vt 0.103564 0.676279
vt 0.103564 0.737325
vt 0.103564 0.798370
vt 0.103564 0.859415
vt 0.107400 0.981505
vt 0.107400 0.920460
vt 0.107400 0.310009
vt 0.107400 0.248964
vt 0.107400 0.371054
vt 0.107400 0.432099
vt 0.107400 0.493144
vt 0.107400 0.554189
vt 0.107400 0.615234
vt 0.107400 0.676279
vt 0.107400 0.737325
vt 0.107400 0.798370
vt 0.107400 0.859415
vt 0.111235 0.981505
vt 0.111235 0.920460
vt 0.111235 0.310009
vt 0.111235 0.248964
vt 0.111235 0.371054
vt 0.111235 0.432099
vt 0.111235 0.493144
vt 0.111235 0.554189
vt 0.111235 0.615234
vt 0.111235 0.676279
vt 0.111235 0.737325
vt 0.111235 0.798370
vt 0.111235 0.859415
vt 0.115070 0.981505
vt 0.115070 0.920460
vt 0.115070 0.310009
vt 0.115070 0.248964
vt 0.115070 0.371054
vt 0.115070 0.432099
vt 0.115070 0.493144
vt 0.115070 0.554189
vt 0.115070 0.615234
vt 0.115070 0.676279
vt 0.115070 0.737325
vt 0.115070 0.798370
vt 0.115070 0.859415
vt 0.118906 0.981505
vt 0.118906 0.920460
vt 0.118906 0.310009
vt 0.118906 0.248964
vt 0.118906 0.371054
vt 0.118906 0.432099
vt 0.118906 0.493144
vt 0.118906 0.554189
vt 0.118906 0.615234
vt 0.118906 0.676279
vt 0.118906 0.737325
vt 0.118906 0.798370
vt 0.118906 0.859415
vt 0.122741 0.981505
vt 0.122741 0.920460
vt 0.122741 0.310009
vt 0.122741 0.248964
vt 0.122741 0.371054
vt 0.122741 0.432099
vt 0.122741 0.493144
vt 0.122741 0.554189
vt 0.122741 0.615234
vt 0.122741 0.676279
vt 0.122741 0.737325
vt 0.122741 0.798370
vt 0.122741 0.859415
vt 0.126576 0.981505
vt 0.126576 0.920460
vt 0.126576 0.310009
vt 0.126576 0.248964
vt 0.126576 0.371054
vt 0.126576 0.432099
vt 0.126576 0.493144
vt 0.126576 0.554189
vt 0.126576 0.615234
vt 0.126576 0.676279
vt 0.126576 0.737325
vt 0.126576 0.798370
vt 0.126576 0.859415
vt 0.130411 0.981505
vt 0.130411 0.920460
vt 0.130411 0.310009
vt 0.130411 0.248964
vt 0.130411 0.371054
vt 0.130411 0.432099
vt 0.130411 0.493144
vt 0.130411 0.554189
vt 0.130411 0.615234
vt 0.130411 0.676279
vt 0.130411 0.737325
vt 0.130411 0.798370
vt 0.130411 0.859415
vt 0.134247 0.981505
vt 0.134247 0.920460
vt 0.134247 0.310009
vt 0.134247 0.248964
vt 0.134247 0.371054
vt 0.134247 0.432099
vt 0.134247 0.493144
vt 0.134247 0.554189
vt 0.134247 0.615234
vt 0.134247 0.676279
vt 0.134247 0.737325
vt 0.134247 0.798370
vt 0.134247 0.859415
vt 0.138082 0.981505
vt 0.138082 0.920460
vt 0.138082 0.310009
vt 0.138082 0.248964
vt 0.138082 0.371054
vt 0.138082 0.432099
vt 0.138082 0.493144
vt 0.138082 0.554189
vt 0.138082 0.615234
vt 0.138082 0.676279
vt 0.138082 0.737325
vt 0.138082 0.798370
vt 0.138082 0.859415
vt 0.141917 0.981505
vt 0.141917 0.920460
vt 0.141917 0.310009
vt 0.141917 0.248964
vt 0.141917 0.371054
vt 0.141917 0.432099
vt 0.141917 0.493144
vt 0.141917 0.554189
vt 0.141917 0.615234
vt 0.141917 0.676279
vt 0.141917 0.737325
vt 0.141917 0.798370
vt 0.141917 0.859415
vt 0.145753 0.981505
vt 0.145753 0.920460
vt 0.145753 0.310009
vt 0.145753 0.248964
vt 0.145753 0.371054
vt 0.145753 0.432099
vt 0.145753 0.493144
vt 0.145753 0.554189
vt 0.145753 0.615234
vt 0.145753 0.676279
vt 0.145753 0.737325
vt 0.145753 0.798370
vt 0.145753 0.859415
vt 0.149588 0.981505
vt 0.149588 0.920460
vt 0.149588 0.310009
vt 0.149588 0.248964
vt 0.149588 0.371054
vt 0.149588 0.432099
vt 0.149588 0.493144
vt 0.149588 0.554189
vt 0.149588 0.615234
vt 0.149588 0.676279
vt 0.149588 0.737325
vt 0.149588 0.798370
vt 0.149588 0.859415
vt 0.153423 0.981505
vt 0.153423 0.920460
vt 0.153423 0.310009
vt 0.153423 0.248964
vt 0.153423 0.371054
vt 0.153423 0.432099
vt 0.153423 0.493144
vt 0.153423 0.554189
vt 0.153423 0.615234
vt 0.153423 0.676279
vt 0.153423 0.737325
vt 0.153423 0.798370
vt 0.153423 0.859415
vt 0.157258 0.981505
vt 0.157258 0.920460
vt 0.157258 0.310009
vt 0.157258 0.248964
vt 0.157258 0.371054
vt 0.157258 0.432099
vt 0.157258 0.493144
vt 0.157258 0.554189
vt 0.157258 0.615234
vt 0.157258 0.676279
vt 0.157258 0.737325
vt 0.157258 0.798370
vt 0.157258 0.859415
vt 0.161094 0.981505
vt 0.161094 0.920460
vt 0.161094 0.310009
vt 0.161094 0.248964
vt 0.161094 0.371054
vt 0.161094 0.432099
vt 0.161094 0.493144
vt 0.161094 0.554189
vt 0.161094 0.615234
vt 0.161094 0.676279
vt 0.161094 0.737325
vt 0.161094 0.798370
vt 0.161094 0.859415
vt 0.164929 0.981505
vt 0.164929 0.920460
vt 0.164929 0.310009
vt 0.164929 0.248964
vt 0.164929 0.371054
vt 0.164929 0.432099
vt 0.164929 0.493144
vt 0.164929 0.554189
vt 0.164929 0.615234
vt 0.164929 0.676279
vt 0.164929 0.737325
vt 0.164929 0.798370
vt 0.164929 0.859415
vt 0.168764 0.981505
vt 0.168764 0.920460
vt 0.168764 0.310009
vt 0.168764 0.248964
vt 0.168764 0.371054
vt 0.168764 0.432099
vt 0.168764 0.493144
vt 0.168764 0.554189
vt 0.168764 0.615234
vt 0.168764 0.676279
vt 0.168764 0.737325
vt 0.168764 0.798370
vt 0.168764 0.859415
vt 0.172600 0.981505
vt 0.172600 0.920460
vt 0.172600 0.310009
vt 0.172600 0.248964
vt 0.172600 0.371054
vt 0.172600 0.432099
vt 0.172600 0.493144
vt 0.172600 0.554189
vt 0.172600 0.615234
vt 0.172600 0.676279
vt 0.172600 0.737325
vt 0.172600 0.798370
vt 0.172600 0.859415
vt 0.176435 0.981505
vt 0.176435 0.920460
vt 0.176435 0.310009
vt 0.176435 0.248964
vt 0.176435 0.371054
vt 0.176435 0.432099
vt 0.176435 0.493144
vt 0.176435 0.554189
vt 0.176435 0.615234
vt 0.176435 0.676279
vt 0.176435 0.737325
vt 0.176435 0.798370
vt 0.176435 0.859415
vt 0.180270 0.981505
vt 0.180270 0.920460
vt 0.180270 0.310009
vt 0.180270 0.248964
vt 0.180270 0.371054
vt 0.180270 0.432099
vt 0.180270 0.493144
vt 0.180270 0.554189
vt 0.180270 0.615234
vt 0.180270 0.676279
vt 0.180270 0.737325
vt 0.180270 0.798370
vt 0.180270 0.859415
vt 0.184106 0.981505
vt 0.184106 0.920460
vt 0.184106 0.310009
vt 0.184106 0.248964
vt 0.184106 0.371054
vt 0.184106 0.432099
vt 0.184106 0.493144
vt 0.184106 0.554189
vt 0.184106 0.615234
vt 0.184106 0.676279
vt 0.184106 0.737325
vt 0.184106 0.798370
vt 0.184106 0.859415
vt 0.187941 0.981505
vt 0.187941 0.920460
vt 0.187941 0.310009
vt 0.187941 0.248964
vt 0.187941 0.371054
vt 0.187941 0.432099
vt 0.187941 0.493144
vt 0.187941 0.554189
vt 0.187941 0.615234
vt 0.187941 0.676279
vt 0.187941 0.737325
vt 0.187941 0.798370
vt 0.187941 0.859415
vt 0.191776 0.981505
vt 0.191776 0.920460
vt 0.191776 0.310009
vt 0.191776 0.248964
vt 0.191776 0.371054
vt 0.191776 0.432099
vt 0.191776 0.493144
vt 0.191776 0.554189
vt 0.191776 0.615234
vt 0.191776 0.676279
vt 0.191776 0.737325
vt 0.191776 0.798370
vt 0.191776 0.859415
vt 0.195611 0.981505
vt 0.195611 0.920460
vt 0.195611 0.310009
vt 0.195611 0.248964
vt 0.195611 0.371054
vt 0.195611 0.432099
vt 0.195611 0.493144
vt 0.195611 0.554189
vt 0.195611 0.615234
vt 0.195611 0.676279
vt 0.195611 0.737325
vt 0.195611 0.798370
vt 0.195611 0.859415
vt 0.199447 0.981505
vt 0.199447 0.920460
vt 0.199447 0.310009
vt 0.199447 0.248964
vt 0.199447 0.371054
vt 0.199447 0.432099
vt 0.199447 0.493144
vt 0.199447 0.554189
vt 0.199447 0.615234
vt 0.199447 0.676279
vt 0.199447 0.737325
vt 0.199447 0.798370
vt 0.199447 0.859415
vt 0.203282 0.981505
vt 0.203282 0.920460
vt 0.203282 0.310009
vt 0.203282 0.248964
vt 0.203282 0.371054
vt 0.203282 0.432099
vt 0.203282 0.493144
vt 0.203282 0.554189
vt 0.203282 0.615234
vt 0.203282 0.676279
vt 0.203282 0.737325
vt 0.203282 0.798370
vt 0.203282 0.859415
vt 0.207117 0.981505
vt 0.207117 0.920460
vt 0.207117 0.310009
vt 0.207117 0.248964
vt 0.207117 0.371054
vt 0.207117 0.432099
vt 0.207117 0.493144
vt 0.207117 0.554189
vt 0.207117 0.615234
vt 0.207117 0.676279
vt 0.207117 0.737325
vt 0.207117 0.798370
vt 0.207117 0.859415
vt 0.210953 0.981505
vt 0.210953 0.920460
vt 0.210953 0.310009
vt 0.210953 0.248964
vt 0.210953 0.371054
vt 0.210953 0.432099
vt 0.210953 0.493144
vt 0.210953 0.554189
vt 0.210953 0.615234
vt 0.210953 0.676279
vt 0.210953 0.737325
vt 0.210953 0.798370
vt 0.210953 0.859415
vt 0.214788 0.981505
vt 0.214788 0.920460
vt 0.214788 0.310009
vt 0.214788 0.248964
vt 0.214788 0.371054
vt 0.214788 0.432099
vt 0.214788 0.493144
vt 0.214788 0.554189
vt 0.214788 0.615234
vt 0.214788 0.676279
vt 0.214788 0.737325
vt 0.214788 0.798370
vt 0.214788 0.859415
vt 0.218623 0.981505
vt 0.218623 0.920460
vt 0.218623 0.310009
vt 0.218623 0.248964
vt 0.218623 0.371054
vt 0.218623 0.432099
vt 0.218623 0.493144
vt 0.218623 0.554189
vt 0.218623 0.615234
vt 0.218623 0.676279
vt 0.218623 0.737325
vt 0.218623 0.798370
vt 0.218623 0.859415
vt 0.222458 0.981505
vt 0.222458 0.920460
vt 0.222458 0.310009
vt 0.222458 0.248964
vt 0.222458 0.371054
vt 0.222458 0.432099
vt 0.222458 0.493144
vt 0.222458 0.554189
vt 0.222458 0.615234
vt 0.222458 0.676279
vt 0.222458 0.737325
vt 0.222458 0.798370
vt 0.222458 0.859415
vt 0.226294 0.981505
vt 0.226294 0.920460
vt 0.226294 0.310009
vt 0.226294 0.248964
vt 0.226294 0.371054
vt 0.226294 0.432099
vt 0.226294 0.493144
vt 0.226294 0.554189
vt 0.226294 0.615234
vt 0.226294 0.676279
vt 0.226294 0.737325
vt 0.226294 0.798370
vt 0.226294 0.859415
vt 0.230129 0.981505
vt 0.230129 0.920460
vt 0.230129 0.310009
vt 0.230129 0.248964
vt 0.230129 0.371054
vt 0.230129 0.432099
vt 0.230129 0.493144
vt 0.230129 0.554189
vt 0.230129 0.615234
vt 0.230129 0.676279
vt 0.230129 0.737325
vt 0.230129 0.798370
vt 0.230129 0.859415
vt 0.233964 0.981505
vt 0.233964 0.920460
vt 0.233964 0.310009
vt 0.233964 0.248964
vt 0.233964 0.371054
vt 0.233964 0.432099
vt 0.233964 0.493144
vt 0.233964 0.554189
vt 0.233964 0.615234
vt 0.233964 0.676279
vt 0.233964 0.737325
vt 0.233964 0.798370
vt 0.233964 0.859415
vt 0.237800 0.981505
vt 0.237800 0.920460
vt 0.237800 0.310009
vt 0.237800 0.248964
vt 0.237800 0.371054
vt 0.237800 0.432099
vt 0.237800 0.493144
vt 0.237800 0.554189
vt 0.237800 0.615234
vt 0.237800 0.676279
vt 0.237800 0.737325
vt 0.237800 0.798370
vt 0.237800 0.859415
vt 0.241635 0.981505
vt 0.241635 0.920460
vt 0.241635 0.310009
vt 0.241635 0.248964
vt 0.241635 0.371054
vt 0.241635 0.432099
vt 0.241635 0.493144
vt 0.241635 0.554189
vt 0.241635 0.615234
vt 0.241635 0.676279
vt 0.241635 0.737325
vt 0.241635 0.798370
vt 0.241635 0.859415
vt 0.245470 0.981505
vt 0.245470 0.920460
vt 0.245470 0.310009
vt 0.245470 0.248964
vt 0.245470 0.371054
vt 0.245470 0.432099
vt 0.245470 0.493144
vt 0.245470 0.554189
vt 0.245470 0.615234
vt 0.245470 0.676279
vt 0.245470 0.737325
vt 0.245470 0.798370
vt 0.245470 0.859415
vt 0.249306 0.981505
vt 0.249306 0.920460
vt 0.249306 0.310009
vt 0.249306 0.248964
vt 0.249306 0.371054
vt 0.249306 0.432099
vt 0.249306 0.493144
vt 0.249306 0.554189
vt 0.249306 0.615234
vt 0.249306 0.676279
vt 0.249306 0.737325
vt 0.249306 0.798370
vt 0.249306 0.859415
vt 0.253141 0.981505
vt 0.253141 0.920460
vt 0.253141 0.310009
vt 0.253141 0.248964
vt 0.253141 0.371054
vt 0.253141 0.432099
vt 0.253141 0.493144
vt 0.253141 0.554189
vt 0.253141 0.615234
vt 0.253141 0.676279
vt 0.253141 0.737325
vt 0.253141 0.798370
vt 0.253141 0.859415
vt 0.256976 0.981505
vt 0.256976 0.920460
vt 0.256976 0.310009
vt 0.256976 0.248964
vt 0.256976 0.371054
vt 0.256976 0.432099
vt 0.256976 0.493144
vt 0.256976 0.554189
vt 0.256976 0.615234
vt 0.256976 0.676279
vt 0.256976 0.737325
vt 0.256976 0.798370
vt 0.256976 0.859415
vt 0.260811 0.981505
vt 0.260811 0.920460
vt 0.260811 0.310009
vt 0.260811 0.248964
vt 0.260811 0.371054
vt 0.260811 0.432099
vt 0.260811 0.493144
vt 0.260811 0.554189
vt 0.260811 0.615234
vt 0.260811 0.676279
vt 0.260811 0.737325
vt 0.260811 0.798370
vt 0.260811 0.859415
vt 0.264647 0.981505
vt 0.264647 0.920460
vt 0.264647 0.310009
vt 0.264647 0.248964
vt 0.264647 0.371054
vt 0.264647 0.432099
vt 0.264647 0.493144
vt 0.264647 0.554189
vt 0.264647 0.615234
vt 0.264647 0.676279
vt 0.264647 0.737325
vt 0.264647 0.798370
vt 0.264647 0.859415
vt 0.268482 0.981505
vt 0.268482 0.920460
vt 0.268482 0.310009
vt 0.268482 0.248964
vt 0.268482 0.371054
vt 0.268482 0.432099
vt 0.268482 0.493144
vt 0.268482 0.554189
vt 0.268482 0.615234
vt 0.268482 0.676279
vt 0.268482 0.737325
vt 0.268482 0.798370
vt 0.268482 0.859415
vt 0.272317 0.981505
vt 0.272317 0.920460
vt 0.272317 0.310009
vt 0.272317 0.248964
vt 0.272317 0.371054
vt 0.272317 0.432099
vt 0.272317 0.493144
vt 0.272317 0.554189
vt 0.272317 0.615234
vt 0.272317 0.676279
vt 0.272317 0.737325
vt 0.272317 0.798370
vt 0.272317 0.859415
vt 0.276153 0.981505
vt 0.276153 0.920460
vt 0.276153 0.310009
vt 0.276153 0.248964
vt 0.276153 0.371054
vt 0.276153 0.432099
vt 0.276153 0.493144
vt 0.276153 0.554189
vt 0.276153 0.615234
vt 0.276153 0.676279
vt 0.276153 0.737325
vt 0.276153 0.798370
vt 0.276153 0.859415
vt 0.279988 0.981505
vt 0.279988 0.920460
vt 0.279988 0.310009
vt 0.279988 0.248964
vt 0.279988 0.371054
vt 0.279988 0.432099
vt 0.279988 0.493144
vt 0.279988 0.554189
vt 0.279988 0.615234
vt 0.279988 0.676279
vt 0.279988 0.737325
vt 0.279988 0.798370
vt 0.279988 0.859415
vt 0.283823 0.981505
vt 0.283823 0.920460
vt 0.283823 0.310009
vt 0.283823 0.248964
vt 0.283823 0.371054
vt 0.283823 0.432099
vt 0.283823 0.493144
vt 0.283823 0.554189
vt 0.283823 0.615234
vt 0.283823 0.676279
vt 0.283823 0.737325
vt 0.283823 0.798370
vt 0.283823 0.859415
vt 0.287658 0.981505
vt 0.287658 0.920460
vt 0.287658 0.310009
vt 0.287658 0.248964
vt 0.287658 0.371054
vt 0.287658 0.432099
vt 0.287658 0.493144
vt 0.287658 0.554189
vt 0.287658 0.615234
vt 0.287658 0.676279
vt 0.287658 0.737325
vt 0.287658 0.798370
vt 0.287658 0.859415
vt 0.291494 0.981505
vt 0.291494 0.920460
vt 0.291494 0.310009
vt 0.291494 0.248964
vt 0.291494 0.371054
vt 0.291494 0.432099
vt 0.291494 0.493144
vt 0.291494 0.554189
vt 0.291494 0.615234
vt 0.291494 0.676279
vt 0.291494 0.737325
vt 0.291494 0.798370
vt 0.291494 0.859415
vt 0.295329 0.981505
vt 0.295329 0.920460
vt 0.295329 0.310009
vt 0.295329 0.248964
vt 0.295329 0.371054
vt 0.295329 0.432099
vt 0.295329 0.493144
vt 0.295329 0.554189
vt 0.295329 0.615234
vt 0.295329 0.676279
vt 0.295329 0.737325
vt 0.295329 0.798370
vt 0.295329 0.859415
vt 0.299164 0.981505
vt 0.299164 0.920460
vt 0.299164 0.310009
vt 0.299164 0.248964
vt 0.299164 0.371054
vt 0.299164 0.432099
vt 0.299164 0.493144
vt 0.299164 0.554189
vt 0.299164 0.615234
vt 0.299164 0.676279
vt 0.299164 0.737325
vt 0.299164 0.798370
vt 0.299164 0.859415
vt 0.303000 0.981505
vt 0.303000 0.920460
vt 0.303000 0.310009
vt 0.303000 0.248964
vt 0.303000 0.371054
vt 0.303000 0.432099
vt 0.303000 0.493144
vt 0.303000 0.554189
vt 0.303000 0.615234
vt 0.303000 0.676279
vt 0.303000 0.737325
vt 0.303000 0.798370
vt 0.303000 0.859415
vt 0.306835 0.981505
vt 0.306835 0.920460
vt 0.306835 0.310009
vt 0.306835 0.248964
vt 0.306835 0.371054
vt 0.306835 0.432099
vt 0.306835 0.493144
vt 0.306835 0.554189
vt 0.306835 0.615234
vt 0.306835 0.676279
vt 0.306835 0.737325
vt 0.306835 0.798370
vt 0.306835 0.859415
vt 0.310670 0.981505
vt 0.310670 0.920460
vt 0.310670 0.310009
vt 0.310670 0.248964
vt 0.310670 0.371054
vt 0.310670 0.432099
vt 0.310670 0.493144
vt 0.310670 0.554189
vt 0.310670 0.615234
vt 0.310670 0.676279
vt 0.310670 0.737325
vt 0.310670 0.798370
vt 0.310670 0.859415
vt 0.314505 0.981505
vt 0.314505 0.920460
vt 0.314505 0.310009
vt 0.314505 0.248964
vt 0.314505 0.371054
vt 0.314505 0.432099
vt 0.314505 0.493144
vt 0.314505 0.554189
vt 0.314505 0.615234
vt 0.314505 0.676279
vt 0.314505 0.737325
vt 0.314505 0.798370
vt 0.314505 0.859415
vt 0.318341 0.981505
vt 0.318341 0.920460
vt 0.318341 0.310009
vt 0.318341 0.248964
vt 0.318341 0.371054
vt 0.318341 0.432099
vt 0.318341 0.493144
vt 0.318341 0.554189
vt 0.318341 0.615234
vt 0.318341 0.676279
vt 0.318341 0.737325
vt 0.318341 0.798370
vt 0.318341 0.859415
vt 0.322176 0.981505
vt 0.322176 0.920460
vt 0.322176 0.310009
vt 0.322176 0.248964
vt 0.322176 0.371054
vt 0.322176 0.432099
vt 0.322176 0.493144
vt 0.322176 0.554189
vt 0.322176 0.615234
vt 0.322176 0.676279
vt 0.322176 0.737325
vt 0.322176 0.798370
vt 0.322176 0.859415
vt 0.326011 0.981505
vt 0.326011 0.920460
vt 0.326011 0.310009
vt 0.326011 0.248964
vt 0.326011 0.371054
vt 0.326011 0.432099
vt 0.326011 0.493144
vt 0.326011 0.554189
vt 0.326011 0.615234
vt 0.326011 0.676279
vt 0.326011 0.737325
vt 0.326011 0.798370
vt 0.326011 0.859415
vt 0.329847 0.981505
vt 0.329847 0.920460
vt 0.329847 0.310009
vt 0.329847 0.248964
vt 0.329847 0.371054
vt 0.329847 0.432099
vt 0.329847 0.493144
vt 0.329847 0.554189
vt 0.329847 0.615234
vt 0.329847 0.676279
vt 0.329847 0.737325
vt 0.329847 0.798370
vt 0.329847 0.859415
vt 0.333682 0.981505
vt 0.333682 0.920460
vt 0.333682 0.310009
vt 0.333682 0.248964
vt 0.333682 0.371054
vt 0.333682 0.432099
vt 0.333682 0.493144
vt 0.333682 0.554189
vt 0.333682 0.615234
vt 0.333682 0.676279
vt 0.333682 0.737325
vt 0.333682 0.798370
vt 0.333682 0.859415
vt 0.337517 0.981505
vt 0.337517 0.920460
vt 0.337517 0.310009
vt 0.337517 0.248964
vt 0.337517 0.371054
vt 0.337517 0.432099
vt 0.337517 0.493144
vt 0.337517 0.554189
vt 0.337517 0.615234
vt 0.337517 0.676279
vt 0.337517 0.737325
vt 0.337517 0.798370
vt 0.337517 0.859415
vt 0.341353 0.981505
vt 0.341353 0.920460
vt 0.341353 0.310009
vt 0.341353 0.248964
vt 0.341353 0.371054
vt 0.341353 0.432099
vt 0.341353 0.493144
vt 0.341353 0.554189
vt 0.341353 0.615234
vt 0.341353 0.676279
vt 0.341353 0.737325
vt 0.341353 0.798370
vt 0.341353 0.859415
vt 0.345188 0.981505
vt 0.345188 0.920460
vt 0.345188 0.310009
vt 0.345188 0.248964
vt 0.345188 0.371054
vt 0.345188 0.432099
vt 0.345188 0.493144
vt 0.345188 0.554189
vt 0.345188 0.615234
vt 0.345188 0.676279
vt 0.345188 0.737325
vt 0.345188 0.798370
vt 0.345188 0.859415
vt 0.349023 0.981505
vt 0.349023 0.920460
vt 0.349023 0.310009
vt 0.349023 0.248964
vt 0.349023 0.371054
vt 0.349023 0.432099
vt 0.349023 0.493144
vt 0.349023 0.554189
vt 0.349023 0.615234
vt 0.349023 0.676279
vt 0.349023 0.737325
vt 0.349023 0.798370
vt 0.349023 0.859415
vt 0.352858 0.981505
vt 0.352858 0.920460
vt 0.352858 0.310009
vt 0.352858 0.248964
vt 0.352858 0.371054
vt 0.352858 0.432099
vt 0.352858 0.493144
vt 0.352858 0.554189
vt 0.352858 0.615234
vt 0.352858 0.676279
vt 0.352858 0.737325
vt 0.352858 0.798370
vt 0.352858 0.859415
vt 0.356694 0.981505
vt 0.356694 0.920460
vt 0.356694 0.310009
vt 0.356694 0.248964
vt 0.356694 0.371054
vt 0.356694 0.432099
vt 0.356694 0.493144
vt 0.356694 0.554189
vt 0.356694 0.615234
vt 0.356694 0.676279
vt 0.356694 0.737325
vt 0.356694 0.798370
vt 0.356694 0.859415
vt 0.360529 0.981505
vt 0.360529 0.920460
vt 0.360529 0.310009
vt 0.360529 0.248964
vt 0.360529 0.371054
vt 0.360529 0.432099
vt 0.360529 0.493144
vt 0.360529 0.554189
vt 0.360529 0.615234
vt 0.360529 0.676279
vt 0.360529 0.737325
vt 0.360529 0.798370
vt 0.360529 0.859415
vt 0.364364 0.981505
vt 0.364364 0.920460
vt 0.364364 0.310009
vt 0.364364 0.248964
vt 0.364364 0.371054
vt 0.364364 0.432099
vt 0.364364 0.493144
vt 0.364364 0.554189
vt 0.364364 0.615234
vt 0.364364 0.676279
vt 0.364364 0.737325
vt 0.364364 0.798370
vt 0.364364 0.859415
vt 0.368200 0.981505
vt 0.368200 0.920460
vt 0.368200 0.310009
vt 0.368200 0.248964
vt 0.368200 0.371054
vt 0.368200 0.432099
vt 0.368200 0.493144
vt 0.368200 0.554189
vt 0.368200 0.615234
vt 0.368200 0.676279
vt 0.368200 0.737325
vt 0.368200 0.798370
vt 0.368200 0.859415
vt 0.372035 0.981505
vt 0.372035 0.920460
vt 0.372035 0.310009
vt 0.372035 0.248964
vt 0.372035 0.371054
vt 0.372035 0.432099
vt 0.372035 0.493144
vt 0.372035 0.554189
vt 0.372035 0.615234
vt 0.372035 0.676279
vt 0.372035 0.737325
vt 0.372035 0.798370
vt 0.372035 0.859415
vt 0.375870 0.981505
vt 0.375870 0.920460
vt 0.375870 0.310009
vt 0.375870 0.248964
vt 0.375870 0.371054
vt 0.375870 0.432099
vt 0.375870 0.493144
vt 0.375870 0.554189
vt 0.375870 0.615234
vt 0.375870 0.676279
vt 0.375870 0.737325
vt 0.375870 0.798370
vt 0.375870 0.859415
vt 0.379705 0.981505
vt 0.379705 0.920460
vt 0.379705 0.310009
vt 0.379705 0.248964
vt 0.379705 0.371054
vt 0.379705 0.432099
vt 0.379705 0.493144
vt 0.379705 0.554189
vt 0.379705 0.615234
vt 0.379705 0.676279
vt 0.379705 0.737325
vt 0.379705 0.798370
vt 0.379705 0.859415
vt 0.383541 0.981505
vt 0.383541 0.920460
vt 0.383541 0.310009
vt 0.383541 0.248964
vt 0.383541 0.371054
vt 0.383541 0.432099
vt 0.383541 0.493144
vt 0.383541 0.554189
vt 0.383541 0.615234
vt 0.383541 0.676279
vt 0.383541 0.737325
vt 0.383541 0.798370
vt 0.383541 0.859415
vt 0.387376 0.981505
vt 0.387376 0.920460
vt 0.387376 0.310009
vt 0.387376 0.248964
vt 0.387376 0.371054
vt 0.387376 0.432099
vt 0.387376 0.493144
vt 0.387376 0.554189
vt 0.387376 0.615234
vt 0.387376 0.676279
vt 0.387376 0.737325
vt 0.387376 0.798370
vt 0.387376 0.859415
vt 0.391211 0.981505
vt 0.391211 0.920460
vt 0.391211 0.310009
vt 0.391211 0.248964
vt 0.391211 0.371054
vt 0.391211 0.432099
vt 0.391211 0.493144
vt 0.391211 0.554189
vt 0.391211 0.615234
vt 0.391211 0.676279
vt 0.391211 0.737325
vt 0.391211 0.798370
vt 0.391211 0.859415
vt 0.395047 0.981505
vt 0.395047 0.920460
vt 0.395047 0.310009
vt 0.395047 0.248964
vt 0.395047 0.371054
vt 0.395047 0.432099
vt 0.395047 0.493144
vt 0.395047 0.554189
vt 0.395047 0.615234
vt 0.395047 0.676279
vt 0.395047 0.737325
vt 0.395047 0.798370
vt 0.395047 0.859415
vt 0.398882 0.981505
vt 0.398882 0.920460
vt 0.398882 0.310009
vt 0.398882 0.248964
vt 0.398882 0.371054
vt 0.398882 0.432099
vt 0.398882 0.493144
vt 0.398882 0.554189
vt 0.398882 0.615234
vt 0.398882 0.676279
vt 0.398882 0.737325
vt 0.398882 0.798370
vt 0.398882 0.859415
vt 0.402717 0.981505
vt 0.402717 0.920460
vt 0.402717 0.310009
vt 0.402717 0.248964
vt 0.402717 0.371054
vt 0.402717 0.432099
vt 0.402717 0.493144
vt 0.402717 0.554189
vt 0.402717 0.615234
vt 0.402717 0.676279
vt 0.402717 0.737325
vt 0.402717 0.798370
vt 0.402717 0.859415
vt 0.406552 0.981505
vt 0.406552 0.920460
vt 0.406552 0.310009
vt 0.406552 0.248964
vt 0.406552 0.371054
vt 0.406552 0.432099
vt 0.406552 0.493144
vt 0.406552 0.554189
vt 0.406552 0.615234
vt 0.406552 0.676279
vt 0.406552 0.737325
vt 0.406552 0.798370
vt 0.406552 0.859415
vt 0.410388 0.981505
vt 0.410388 0.920460
vt 0.410388 0.310009
vt 0.410388 0.248964
vt 0.410388 0.371054
vt 0.410388 0.432099
vt 0.410388 0.493144
vt 0.410388 0.554189
vt 0.410388 0.615234
vt 0.410388 0.676279
vt 0.410388 0.737325
vt 0.410388 0.798370
vt 0.410388 0.859415
vt 0.414223 0.981505
vt 0.414223 0.920460
vt 0.414223 0.310009
vt 0.414223 0.248964
vt 0.414223 0.371054
vt 0.414223 0.432099
vt 0.414223 0.493144
vt 0.414223 0.554189
vt 0.414223 0.615234
vt 0.414223 0.676279
vt 0.414223 0.737325
vt 0.414223 0.798370
vt 0.414223 0.859415
vt 0.418058 0.981505
vt 0.418058 0.920460
vt 0.418058 0.310009
vt 0.418058 0.248964
vt 0.418058 0.371054
vt 0.418058 0.432099
vt 0.418058 0.493144
vt 0.418058 0.554189
vt 0.418058 0.615234
vt 0.418058 0.676279
vt 0.418058 0.737325
vt 0.418058 0.798370
vt 0.418058 0.859415
vt 0.421894 0.981505
vt 0.421894 0.920460
vt 0.421894 0.310009
vt 0.421894 0.248964
vt 0.421894 0.371054
vt 0.421894 0.432099
vt 0.421894 0.493144
vt 0.421894 0.554189
vt 0.421894 0.615234
vt 0.421894 0.676279
vt 0.421894 0.737325
vt 0.421894 0.798370
vt 0.421894 0.859415
vt 0.425729 0.981505
vt 0.425729 0.920460
vt 0.425729 0.310009
vt 0.425729 0.248964
vt 0.425729 0.371054
vt 0.425729 0.432099
vt 0.425729 0.493144
vt 0.425729 0.554189
vt 0.425729 0.615234
vt 0.425729 0.676279
vt 0.425729 0.737325
vt 0.425729 0.798370
vt 0.425729 0.859415
vt 0.429564 0.981505
vt 0.429564 0.920460
vt 0.429564 0.310009
vt 0.429564 0.248964
vt 0.429564 0.371054
vt 0.429564 0.432099
vt 0.429564 0.493144
vt 0.429564 0.554189
vt 0.429564 0.615234
vt 0.429564 0.676279
vt 0.429564 0.737325
vt 0.429564 0.798370
vt 0.429564 0.859415
vt 0.433400 0.981505
vt 0.433400 0.920460
vt 0.433400 0.310009
vt 0.433400 0.248964
vt 0.433400 0.371054
vt 0.433400 0.432099
vt 0.433400 0.493144
vt 0.433400 0.554189
vt 0.433400 0.615234
vt 0.433400 0.676279
vt 0.433400 0.737325
vt 0.433400 0.798370
vt 0.433400 0.859415
vt 0.437235 0.981505
vt 0.437235 0.920460
vt 0.437235 0.310009
vt 0.437235 0.248964
vt 0.437235 0.371054
vt 0.437235 0.432099
vt 0.437235 0.493144
vt 0.437235 0.554189
vt 0.437235 0.615234
vt 0.437235 0.676279
vt 0.437235 0.737325
vt 0.437235 0.798370
vt 0.437235 0.859415
vt 0.441070 0.981505
vt 0.441070 0.920460
vt 0.441070 0.310009
vt 0.441070 0.248964
vt 0.441070 0.371054
vt 0.441070 0.432099
vt 0.441070 0.493144
vt 0.441070 0.554189
vt 0.441070 0.615234
vt 0.441070 0.676279
vt 0.441070 0.737325
vt 0.441070 0.798370
vt 0.441070 0.859415
vt 0.444905 0.981505
vt 0.444905 0.920460
vt 0.444905 0.310009
vt 0.444905 0.248964
vt 0.444905 0.371054
vt 0.444905 0.432099
vt 0.444905 0.493144
vt 0.444905 0.554189
vt 0.444905 0.615234
vt 0.444905 0.676279
vt 0.444905 0.737325
vt 0.444905 0.798370
vt 0.444905 0.859415
vt 0.448741 0.981505
vt 0.448741 0.920460
vt 0.448741 0.310009
vt 0.448741 0.248964
vt 0.448741 0.371054
vt 0.448741 0.432099
vt 0.448741 0.493144
vt 0.448741 0.554189
vt 0.448741 0.615234
vt 0.448741 0.676279
vt 0.448741 0.737325
vt 0.448741 0.798370
vt 0.448741 0.859415
vt 0.452576 0.981505
vt 0.452576 0.920460
vt 0.452576 0.310009
vt 0.452576 0.248964
vt 0.452576 0.371054
vt 0.452576 0.432099
vt 0.452576 0.493144
vt 0.452576 0.554189
vt 0.452576 0.615234
vt 0.452576 0.676279
vt 0.452576 0.737325
vt 0.452576 0.798370
vt 0.452576 0.859415
vt 0.456411 0.981505
vt 0.456411 0.920460
vt 0.456411 0.310009
vt 0.456411 0.248964
vt 0.456411 0.371054
vt 0.456411 0.432099
vt 0.456411 0.493144
vt 0.456411 0.554189
vt 0.456411 0.615234
vt 0.456411 0.676279
vt 0.456411 0.737325
vt 0.456411 0.798370
vt 0.456411 0.859415
vt 0.460247 0.981505
vt 0.460247 0.920460
vt 0.460247 0.310009
vt 0.460247 0.248964
vt 0.460247 0.371054
vt 0.460247 0.432099
vt 0.460247 0.493144
vt 0.460247 0.554189
vt 0.460247 0.615234
vt 0.460247 0.676279
vt 0.460247 0.737325
vt 0.460247 0.798370
vt 0.460247 0.859415
vt 0.464082 0.981505
vt 0.464082 0.920460
vt 0.464082 0.310009
vt 0.464082 0.248964
vt 0.464082 0.371054
vt 0.464082 0.432099
vt 0.464082 0.493144
vt 0.464082 0.554189
vt 0.464082 0.615234
vt 0.464082 0.676279
vt 0.464082 0.737325
vt 0.464082 0.798370
vt 0.464082 0.859415
vt 0.467917 0.981505
vt 0.467917 0.920460
vt 0.467917 0.310009
vt 0.467917 0.248964
vt 0.467917 0.371054
vt 0.467917 0.432099
vt 0.467917 0.493144
vt 0.467917 0.554189
vt 0.467917 0.615234
vt 0.467917 0.676279
vt 0.467917 0.737325
vt 0.467917 0.798370
vt 0.467917 0.859415
vt 0.471752 0.981505
vt 0.471752 0.920460
vt 0.471752 0.310009
vt 0.471752 0.248964
vt 0.471752 0.371054
vt 0.471752 0.432099
vt 0.471752 0.493144
vt 0.471752 0.554189
vt 0.471752 0.615234
vt 0.471752 0.676279
vt 0.471752 0.737325
vt 0.471752 0.798370
vt 0.471752 0.859415
vt 0.475588 0.981505
vt 0.475588 0.920460
vt 0.475588 0.310009
vt 0.475588 0.248964
vt 0.475588 0.371054
vt 0.475588 0.432099
vt 0.475588 0.493144
vt 0.475588 0.554189
vt 0.475588 0.615234
vt 0.475588 0.676279
vt 0.475588 0.737325
vt 0.475588 0.798370
vt 0.475588 0.859415
vt 0.479423 0.981505
vt 0.479423 0.920460
vt 0.479423 0.310009
vt 0.479423 0.248964
vt 0.479423 0.371054
vt 0.479423 0.432099
vt 0.479423 0.493144
vt 0.479423 0.554189
vt 0.479423 0.615234
vt 0.479423 0.676279
vt 0.479423 0.737325
vt 0.479423 0.798370
vt 0.479423 0.859415
vt 0.483258 0.981505
vt 0.483258 0.920460
vt 0.483258 0.310009
vt 0.483258 0.248964
vt 0.483258 0.371054
vt 0.483258 0.432099
vt 0.483258 0.493144
vt 0.483258 0.554189
vt 0.483258 0.615234
vt 0.483258 0.676279
vt 0.483258 0.737325
vt 0.483258 0.798370
vt 0.483258 0.859415
vt 0.487094 0.981505
vt 0.487094 0.920460
vt 0.487094 0.310009
vt 0.487094 0.248964
vt 0.487094 0.371054
vt 0.487094 0.432099
vt 0.487094 0.493144
vt 0.487094 0.554189
vt 0.487094 0.615234
vt 0.487094 0.676279
vt 0.487094 0.737325
vt 0.487094 0.798370
vt 0.487094 0.859415
vt 0.490929 0.981505
vt 0.490929 0.920460
vt 0.490929 0.310009
vt 0.490929 0.248964
vt 0.490929 0.371054
vt 0.490929 0.432099
vt 0.490929 0.493144
vt 0.490929 0.554189
vt 0.490929 0.615234
vt 0.490929 0.676279
vt 0.490929 0.737325
vt 0.490929 0.798370
vt 0.490929 0.859415
vt 0.494764 0.981505
vt 0.494764 0.920460
vt 0.494764 0.310009
vt 0.494764 0.248964
vt 0.494764 0.371054
vt 0.494764 0.432099
vt 0.494764 0.493144
vt 0.494764 0.554189
vt 0.494764 0.615234
vt 0.494764 0.676279
vt 0.494764 0.737325
vt 0.494764 0.798370
vt 0.494764 0.859415
vt 0.498600 0.981505
vt 0.498600 0.920460
vt 0.498600 0.310009
vt 0.498600 0.248964
vt 0.498600 0.371054
vt 0.498600 0.432099
vt 0.498600 0.493144
vt 0.498600 0.554189
vt 0.498600 0.615234
vt 0.498600 0.676279
vt 0.498600 0.737325
vt 0.498600 0.798370
vt 0.498600 0.859415
vt 0.502435 0.981505
vt 0.502435 0.920460
vt 0.502435 0.310009
vt 0.502435 0.248964
vt 0.502435 0.371054
vt 0.502435 0.432099
vt 0.502435 0.493144
vt 0.502435 0.554189
vt 0.502435 0.615234
vt 0.502435 0.676279
vt 0.502435 0.737325
vt 0.502435 0.798370
vt 0.502435 0.859415
vt 0.506270 0.981505
vt 0.506270 0.920460
vt 0.506270 0.310009
vt 0.506270 0.248964
vt 0.506270 0.371054
vt 0.506270 0.432099
vt 0.506270 0.493144
vt 0.506270 0.554189
vt 0.506270 0.615234
vt 0.506270 0.676279
vt 0.506270 0.737325
vt 0.506270 0.798370
vt 0.506270 0.859415
vt 0.510105 0.981505
vt 0.510105 0.920460
vt 0.510105 0.310009
vt 0.510105 0.248964
vt 0.510105 0.371054
vt 0.510105 0.432099
vt 0.510105 0.493144
vt 0.510105 0.554189
vt 0.510105 0.615234
vt 0.510105 0.676279
vt 0.510105 0.737325
vt 0.510105 0.798370
vt 0.510105 0.859415
vt 0.513941 0.981505
vt 0.513941 0.920460
vt 0.513941 0.310009
vt 0.513941 0.248964
vt 0.513941 0.371054
vt 0.513941 0.432099
vt 0.513941 0.493144
vt 0.513941 0.554189
vt 0.513941 0.615234
vt 0.513941 0.676279
vt 0.513941 0.737325
vt 0.513941 0.798370
vt 0.513941 0.859415
vt 0.517776 0.981505
vt 0.517776 0.920460
vt 0.517776 0.310009
vt 0.517776 0.248964
vt 0.517776 0.371054
vt 0.517776 0.432099
vt 0.517776 0.493144
vt 0.517776 0.554189
vt 0.517776 0.615234
vt 0.517776 0.676279
vt 0.517776 0.737325
vt 0.517776 0.798370
vt 0.517776 0.859415
vt 0.521611 0.981505
vt 0.521611 0.920460
vt 0.521611 0.310009
vt 0.521611 0.248964
vt 0.521611 0.371054
vt 0.521611 0.432099
vt 0.521611 0.493144
vt 0.521611 0.554189
vt 0.521611 0.615234
vt 0.521611 0.676279
vt 0.521611 0.737325
vt 0.521611 0.798370
vt 0.521611 0.859415
vt 0.525447 0.981505
vt 0.525447 0.920460
vt 0.525447 0.310009
vt 0.525447 0.248964
vt 0.525447 0.371054
vt 0.525447 0.432099
vt 0.525447 0.493144
vt 0.525447 0.554189
vt 0.525447 0.615234
vt 0.525447 0.676279
vt 0.525447 0.737325
vt 0.525447 0.798370
vt 0.525447 0.859415
vt 0.529282 0.981505
vt 0.529282 0.920460
vt 0.529282 0.310009
vt 0.529282 0.248964
vt 0.529282 0.371054
vt 0.529282 0.432099
vt 0.529282 0.493144
vt 0.529282 0.554189
vt 0.529282 0.615234
vt 0.529282 0.676279
vt 0.529282 0.737325
vt 0.529282 0.798370
vt 0.529282 0.859415
vt 0.533117 0.981505
vt 0.533117 0.920460
vt 0.533117 0.310009
vt 0.533117 0.248964
vt 0.533117 0.371054
vt 0.533117 0.432099
vt 0.533117 0.493144
vt 0.533117 0.554189
vt 0.533117 0.615234
vt 0.533117 0.676279
vt 0.533117 0.737325
vt 0.533117 0.798370
vt 0.533117 0.859415
vt 0.536952 0.981505
vt 0.536952 0.920460
vt 0.536952 0.310009
vt 0.536952 0.248964
vt 0.536952 0.371054
vt 0.536952 0.432099
vt 0.536952 0.493144
vt 0.536952 0.554189
vt 0.536952 0.615234
vt 0.536952 0.676279
vt 0.536952 0.737325
vt 0.536952 0.798370
vt 0.536952 0.859415
vt 0.540788 0.981505
vt 0.540788 0.920460
vt 0.540788 0.310009
vt 0.540788 0.248964
vt 0.540788 0.371054
vt 0.540788 0.432099
vt 0.540788 0.493144
vt 0.540788 0.554189
vt 0.540788 0.615234
vt 0.540788 0.676279
vt 0.540788 0.737325
vt 0.540788 0.798370
vt 0.540788 0.859415
vt 0.544623 0.981505
vt 0.544623 0.920460
vt 0.544623 0.310009
vt 0.544623 0.248964
vt 0.544623 0.371054
vt 0.544623 0.432099
vt 0.544623 0.493144
vt 0.544623 0.554189
vt 0.544623 0.615234
vt 0.544623 0.676279
vt 0.544623 0.737325
vt 0.544623 0.798370
vt 0.544623 0.859415
vt 0.548458 0.981505
vt 0.548458 0.920460
vt 0.548458 0.310009
vt 0.548458 0.248964
vt 0.548458 0.371054
vt 0.548458 0.432099
vt 0.548458 0.493144
vt 0.548458 0.554189
vt 0.548458 0.615234
vt 0.548458 0.676279
vt 0.548458 0.737325
vt 0.548458 0.798370
vt 0.548458 0.859415
vt 0.552294 0.981505
vt 0.552294 0.920460
vt 0.552294 0.310009
vt 0.552294 0.248964
vt 0.552294 0.371054
vt 0.552294 0.432099
vt 0.552294 0.493144
vt 0.552294 0.554189
vt 0.552294 0.615234
vt 0.552294 0.676279
vt 0.552294 0.737325
vt 0.552294 0.798370
vt 0.552294 0.859415
vt 0.556129 0.981505
vt 0.556129 0.920460
vt 0.556129 0.310009
vt 0.556129 0.248964
vt 0.556129 0.371054
vt 0.556129 0.432099
vt 0.556129 0.493144
vt 0.556129 0.554189
vt 0.556129 0.615234
vt 0.556129 0.676279
vt 0.556129 0.737325
vt 0.556129 0.798370
vt 0.556129 0.859415
vt 0.559964 0.981505
vt 0.559964 0.920460
vt 0.559964 0.310009
vt 0.559964 0.248964
vt 0.559964 0.371054
vt 0.559964 0.432099
vt 0.559964 0.493144
vt 0.559964 0.554189
vt 0.559964 0.615234
vt 0.559964 0.676279
vt 0.559964 0.737325
vt 0.559964 0.798370
vt 0.559964 0.859415
vt 0.563799 0.981505
vt 0.563799 0.920460
vt 0.563799 0.310009
vt 0.563799 0.248964
vt 0.563799 0.371054
vt 0.563799 0.432099
vt 0.563799 0.493144
vt 0.563799 0.554189
vt 0.563799 0.615234
vt 0.563799 0.676279
vt 0.563799 0.737325
vt 0.563799 0.798370
vt 0.563799 0.859415
vt 0.567635 0.981505
vt 0.567635 0.920460
vt 0.567635 0.310009
vt 0.567635 0.248964
vt 0.567635 0.371054
vt 0.567635 0.432099
vt 0.567635 0.493144
vt 0.567635 0.554189
vt 0.567635 0.615234
vt 0.567635 0.676279
vt 0.567635 0.737325
vt 0.567635 0.798370
vt 0.567635 0.859415
vt 0.571470 0.981505
vt 0.571470 0.920460
vt 0.571470 0.310009
vt 0.571470 0.248964
vt 0.571470 0.371054
vt 0.571470 0.432099
vt 0.571470 0.493144
vt 0.571470 0.554189
vt 0.571470 0.615234
vt 0.571470 0.676279
vt 0.571470 0.737325
vt 0.571470 0.798370
vt 0.571470 0.859415
vt 0.575305 0.981505
vt 0.575305 0.920460
vt 0.575305 0.310009
vt 0.575305 0.248964
vt 0.575305 0.371054
vt 0.575305 0.432099
vt 0.575305 0.493144
vt 0.575305 0.554189
vt 0.575305 0.615234
vt 0.575305 0.676279
vt 0.575305 0.737325
vt 0.575305 0.798370
vt 0.575305 0.859415
vt 0.579141 0.981505
vt 0.579141 0.920460
vt 0.579141 0.310009
vt 0.579141 0.248964
vt 0.579141 0.371054
vt 0.579141 0.432099
vt 0.579141 0.493144
vt 0.579141 0.554189
vt 0.579141 0.615234
vt 0.579141 0.676279
vt 0.579141 0.737325
vt 0.579141 0.798370
vt 0.579141 0.859415
vt 0.582976 0.981505
vt 0.582976 0.920460
vt 0.582976 0.310009
vt 0.582976 0.248964
vt 0.582976 0.371054
vt 0.582976 0.432099
vt 0.582976 0.493144
vt 0.582976 0.554189
vt 0.582976 0.615234
vt 0.582976 0.676279
vt 0.582976 0.737325
vt 0.582976 0.798370
vt 0.582976 0.859415
vt 0.586811 0.981505
vt 0.586811 0.920460
vt 0.586811 0.310009
vt 0.586811 0.248964
vt 0.586811 0.371054
vt 0.586811 0.432099
vt 0.586811 0.493144
vt 0.586811 0.554189
vt 0.586811 0.615234
vt 0.586811 0.676279
vt 0.586811 0.737325
vt 0.586811 0.798370
vt 0.586811 0.859415
vt 0.590647 0.981505
vt 0.590647 0.920460
vt 0.590647 0.310009
vt 0.590647 0.248964
vt 0.590647 0.371054
vt 0.590647 0.432099
vt 0.590647 0.493144
vt 0.590647 0.554189
vt 0.590647 0.615234
vt 0.590647 0.676279
vt 0.590647 0.737325
vt 0.590647 0.798370
vt 0.590647 0.859415
vt 0.594482 0.981505
vt 0.594482 0.920460
vt 0.594482 0.310009
vt 0.594482 0.248964
vt 0.594482 0.371054
vt 0.594482 0.432099
vt 0.594482 0.493144
vt 0.594482 0.554189
vt 0.594482 0.615234
vt 0.594482 0.676279
vt 0.594482 0.737325
vt 0.594482 0.798370
vt 0.594482 0.859415
vt 0.598317 0.981505
vt 0.598317 0.920460
vt 0.598317 0.310009
vt 0.598317 0.248964
vt 0.598317 0.371054
vt 0.598317 0.432099
vt 0.598317 0.493144
vt 0.598317 0.554189
vt 0.598317 0.615234
vt 0.598317 0.676279
vt 0.598317 0.737325
vt 0.598317 0.798370
vt 0.598317 0.859415
vt 0.602152 0.981505
vt 0.602152 0.920460
vt 0.602152 0.310009
vt 0.602152 0.248964
vt 0.602152 0.371054
vt 0.602152 0.432099
vt 0.602152 0.493144
vt 0.602152 0.554189
vt 0.602152 0.615234
vt 0.602152 0.676279
vt 0.602152 0.737325
vt 0.602152 0.798370
vt 0.602152 0.859415
vt 0.605988 0.981505
vt 0.605988 0.920460
vt 0.605988 0.310009
vt 0.605988 0.248964
vt 0.605988 0.371054
vt 0.605988 0.432099
vt 0.605988 0.493144
vt 0.605988 0.554189
vt 0.605988 0.615234
vt 0.605988 0.676279
vt 0.605988 0.737325
vt 0.605988 0.798370
vt 0.605988 0.859415
vt 0.609823 0.981505
vt 0.609823 0.920460
vt 0.609823 0.310009
vt 0.609823 0.248964
vt 0.609823 0.371054
vt 0.609823 0.432099
vt 0.609823 0.493144
vt 0.609823 0.554189
vt 0.609823 0.615234
vt 0.609823 0.676279
vt 0.609823 0.737325
vt 0.609823 0.798370
vt 0.609823 0.859415
vt 0.613658 0.981505
vt 0.613658 0.920460
vt 0.613658 0.310009
vt 0.613658 0.248964
vt 0.613658 0.371054
vt 0.613658 0.432099
vt 0.613658 0.493144
vt 0.613658 0.554189
vt 0.613658 0.615234
vt 0.613658 0.676279
vt 0.613658 0.737325
vt 0.613658 0.798370
vt 0.613658 0.859415
vt 0.617494 0.981505
vt 0.617494 0.920460
vt 0.617494 0.310009
vt 0.617494 0.248964
vt 0.617494 0.371054
vt 0.617494 0.432099
vt 0.617494 0.493144
vt 0.617494 0.554189
vt 0.617494 0.615234
vt 0.617494 0.676279
vt 0.617494 0.737325
vt 0.617494 0.798370
vt 0.617494 0.859415
vt 0.621329 0.981505
vt 0.621329 0.920460
vt 0.621329 0.310009
vt 0.621329 0.248964
vt 0.621329 0.371054
vt 0.621329 0.432099
vt 0.621329 0.493144
vt 0.621329 0.554189
vt 0.621329 0.615234
vt 0.621329 0.676279
vt 0.621329 0.737325
vt 0.621329 0.798370
vt 0.621329 0.859415
vt 0.625164 0.981505
vt 0.625164 0.920460
vt 0.625164 0.310009
vt 0.625164 0.248964
vt 0.625164 0.371054
vt 0.625164 0.432099
vt 0.625164 0.493144
vt 0.625164 0.554189
vt 0.625164 0.615234
vt 0.625164 0.676279
vt 0.625164 0.737325
vt 0.625164 0.798370
vt 0.625164 0.859415
vt 0.628999 0.981505
vt 0.628999 0.920460
vt 0.628999 0.310009
vt 0.628999 0.248964
vt 0.628999 0.371054
vt 0.628999 0.432099
vt 0.628999 0.493144
vt 0.628999 0.554189
vt 0.628999 0.615234
vt 0.628999 0.676279
vt 0.628999 0.737325
vt 0.628999 0.798370
vt 0.628999 0.859415
vt 0.632835 0.981505
vt 0.632835 0.920460
vt 0.632835 0.310009
vt 0.632835 0.248964
vt 0.632835 0.371054
vt 0.632835 0.432099
vt 0.632835 0.493144
vt 0.632835 0.554189
vt 0.632835 0.615234
vt 0.632835 0.676279
vt 0.632835 0.737325
vt 0.632835 0.798370
vt 0.632835 0.859415
vt 0.636670 0.981505
vt 0.636670 0.920460
vt 0.636670 0.310009
vt 0.636670 0.248964
vt 0.636670 0.371054
vt 0.636670 0.432099
vt 0.636670 0.493144
vt 0.636670 0.554189
vt 0.636670 0.615234
vt 0.636670 0.676279
vt 0.636670 0.737325
vt 0.636670 0.798370
vt 0.636670 0.859415
vt 0.640505 0.981505
vt 0.640505 0.920460
vt 0.640505 0.310009
vt 0.640505 0.248964
vt 0.640505 0.371054
vt 0.640505 0.432099
vt 0.640505 0.493144
vt 0.640505 0.554189
vt 0.640505 0.615234
vt 0.640505 0.676279
vt 0.640505 0.737325
vt 0.640505 0.798370
vt 0.640505 0.859415
vt 0.644341 0.981505
vt 0.644341 0.920460
vt 0.644341 0.310009
vt 0.644341 0.248964
vt 0.644341 0.371054
vt 0.644341 0.432099
vt 0.644341 0.493144
vt 0.644341 0.554189
vt 0.644341 0.615234
vt 0.644341 0.676279
vt 0.644341 0.737325
vt 0.644341 0.798370
vt 0.644341 0.859415
vt 0.648176 0.981505
vt 0.648176 0.920460
vt 0.648176 0.310009
vt 0.648176 0.248964
vt 0.648176 0.371054
vt 0.648176 0.432099
vt 0.648176 0.493144
vt 0.648176 0.554189
vt 0.648176 0.615234
vt 0.648176 0.676279
vt 0.648176 0.737325
vt 0.648176 0.798370
vt 0.648176 0.859415
vt 0.652011 0.981505
vt 0.652011 0.920460
vt 0.652011 0.310009
vt 0.652011 0.248964
vt 0.652011 0.371054
vt 0.652011 0.432099
vt 0.652011 0.493144
vt 0.652011 0.554189
vt 0.652011 0.615234
vt 0.652011 0.676279
vt 0.652011 0.737325
vt 0.652011 0.798370
vt 0.652011 0.859415
vt 0.655846 0.981505
vt 0.655846 0.920460
vt 0.655846 0.310009
vt 0.655846 0.248964
vt 0.655846 0.371054
vt 0.655846 0.432099
vt 0.655846 0.493144
vt 0.655846 0.554189
vt 0.655846 0.615234
vt 0.655846 0.676279
vt 0.655846 0.737325
vt 0.655846 0.798370
vt 0.655846 0.859415
vt 0.659682 0.981505
vt 0.659682 0.920460
vt 0.659682 0.310009
vt 0.659682 0.248964
vt 0.659682 0.371054
vt 0.659682 0.432099
vt 0.659682 0.493144
vt 0.659682 0.554189
vt 0.659682 0.615234
vt 0.659682 0.676279
vt 0.659682 0.737325
vt 0.659682 0.798370
vt 0.659682 0.859415
vt 0.663517 0.981505
vt 0.663517 0.920460
vt 0.663517 0.310009
vt 0.663517 0.248964
vt 0.663517 0.371054
vt 0.663517 0.432099
vt 0.663517 0.493144
vt 0.663517 0.554189
vt 0.663517 0.615234
vt 0.663517 0.676279
vt 0.663517 0.737325
vt 0.663517 0.798370
vt 0.663517 0.859415
vt 0.667352 0.981505
vt 0.667352 0.920460
vt 0.667352 0.310009
vt 0.667352 0.248964
vt 0.667352 0.371054
vt 0.667352 0.432099
vt 0.667352 0.493144
vt 0.667352 0.554189
vt 0.667352 0.615234
vt 0.667352 0.676279
vt 0.667352 0.737325
vt 0.667352 0.798370
vt 0.667352 0.859415
vt 0.671188 0.981505
vt 0.671188 0.920460
vt 0.671188 0.310009
vt 0.671188 0.248964
vt 0.671188 0.371054
vt 0.671188 0.432099
vt 0.671188 0.493144
vt 0.671188 0.554189
vt 0.671188 0.615234
vt 0.671188 0.676279
vt 0.671188 0.737325
vt 0.671188 0.798370
vt 0.671188 0.859415
vt 0.675023 0.981505
vt 0.675023 0.920460
vt 0.675023 0.310009
vt 0.675023 0.248964
vt 0.675023 0.371054
vt 0.675023 0.432099
vt 0.675023 0.493144
vt 0.675023 0.554189
vt 0.675023 0.615234
vt 0.675023 0.676279
vt 0.675023 0.737325
vt 0.675023 0.798370
vt 0.675023 0.859415
vt 0.678858 0.981505
vt 0.678858 0.920460
vt 0.678858 0.310009
vt 0.678858 0.248964
vt 0.678858 0.371054
vt 0.678858 0.432099
vt 0.678858 0.493144
vt 0.678858 0.554189
vt 0.678858 0.615234
vt 0.678858 0.676279
vt 0.678858 0.737325
vt 0.678858 0.798370
vt 0.678858 0.859415
vt 0.682693 0.981505
vt 0.682693 0.920460
vt 0.682693 0.310009
vt 0.682693 0.248964
vt 0.682693 0.371054
vt 0.682693 0.432099
vt 0.682693 0.493144
vt 0.682693 0.554189
vt 0.682693 0.615234
vt 0.682693 0.676279
vt 0.682693 0.737325
vt 0.682693 0.798370
vt 0.682693 0.859415
vt 0.686529 0.981505
vt 0.686529 0.920460
vt 0.686529 0.310009
vt 0.686529 0.248964
vt 0.686529 0.371054
vt 0.686529 0.432099
vt 0.686529 0.493144
vt 0.686529 0.554189
vt 0.686529 0.615234
vt 0.686529 0.676279
vt 0.686529 0.737325
vt 0.686529 0.798370
vt 0.686529 0.859415
vt 0.690364 0.981505
vt 0.690364 0.920460
vt 0.690364 0.310009
vt 0.690364 0.248964
vt 0.690364 0.371054
vt 0.690364 0.432099
vt 0.690364 0.493144
vt 0.690364 0.554189
vt 0.690364 0.615234
vt 0.690364 0.676279
vt 0.690364 0.737325
vt 0.690364 0.798370
vt 0.690364 0.859415
vt 0.694199 0.981505
vt 0.694199 0.920460
vt 0.694199 0.310009
vt 0.694199 0.248964
vt 0.694199 0.371054
vt 0.694199 0.432099
vt 0.694199 0.493144
vt 0.694199 0.554189
vt 0.694199 0.615234
vt 0.694199 0.676279
vt 0.694199 0.737325
vt 0.694199 0.798370
vt 0.694199 0.859415
vt 0.698035 0.981505
vt 0.698035 0.920460
vt 0.698035 0.310009
vt 0.698035 0.248964
vt 0.698035 0.371054
vt 0.698035 0.432099
vt 0.698035 0.493144
vt 0.698035 0.554189
vt 0.698035 0.615234
vt 0.698035 0.676279
vt 0.698035 0.737325
vt 0.698035 0.798370
vt 0.698035 0.859415
vt 0.701870 0.981505
vt 0.701870 0.920460
vt 0.701870 0.310009
vt 0.701870 0.248964
vt 0.701870 0.371054
vt 0.701870 0.432099
vt 0.701870 0.493144
vt 0.701870 0.554189
vt 0.701870 0.615234
vt 0.701870 0.676279
vt 0.701870 0.737325
vt 0.701870 0.798370
vt 0.701870 0.859415
vt 0.705705 0.981505
vt 0.705705 0.920460
vt 0.705705 0.310009
vt 0.705705 0.248964
vt 0.705705 0.371054
vt 0.705705 0.432099
vt 0.705705 0.493144
vt 0.705705 0.554189
vt 0.705705 0.615234
vt 0.705705 0.676279
vt 0.705705 0.737325
vt 0.705705 0.798370
vt 0.705705 0.859415
vt 0.709541 0.981505
vt 0.709541 0.920460
vt 0.709541 0.310009
vt 0.709541 0.248964
vt 0.709541 0.371054
vt 0.709541 0.432099
vt 0.709541 0.493144
vt 0.709541 0.554189
vt 0.709541 0.615234
vt 0.709541 0.676279
vt 0.709541 0.737325
vt 0.709541 0.798370
vt 0.709541 0.859415
vt 0.713376 0.981505
vt 0.713376 0.920460
vt 0.713376 0.310009
vt 0.713376 0.248964
vt 0.713376 0.371054
vt 0.713376 0.432099
vt 0.713376 0.493144
vt 0.713376 0.554189
vt 0.713376 0.615234
vt 0.713376 0.676279
vt 0.713376 0.737325
vt 0.713376 0.798370
vt 0.713376 0.859415
vt 0.717211 0.981505
vt 0.717211 0.920460
vt 0.717211 0.310009
vt 0.717211 0.248964
vt 0.717211 0.371054
vt 0.717211 0.432099
vt 0.717211 0.493144
vt 0.717211 0.554189
vt 0.717211 0.615234
vt 0.717211 0.676279
vt 0.717211 0.737325
vt 0.717211 0.798370
vt 0.717211 0.859415
vt 0.721046 0.981505
vt 0.721046 0.920460
vt 0.721046 0.310009
vt 0.721046 0.248964
vt 0.721046 0.371054
vt 0.721046 0.432099
vt 0.721046 0.493144
vt 0.721046 0.554189
vt 0.721046 0.615234
vt 0.721046 0.676279
vt 0.721046 0.737325
vt 0.721046 0.798370
vt 0.721046 0.859415
vt 0.724882 0.981505
vt 0.724882 0.920460
vt 0.724882 0.310009
vt 0.724882 0.248964
vt 0.724882 0.371054
vt 0.724882 0.432099
vt 0.724882 0.493144
vt 0.724882 0.554189
vt 0.724882 0.615234
vt 0.724882 0.676279
vt 0.724882 0.737325
vt 0.724882 0.798370
vt 0.724882 0.859415
vt 0.728717 0.981505
vt 0.728717 0.920460
vt 0.728717 0.310009
vt 0.728717 0.248964
vt 0.728717 0.371054
vt 0.728717 0.432099
vt 0.728717 0.493144
vt 0.728717 0.554189
vt 0.728717 0.615234
vt 0.728717 0.676279
vt 0.728717 0.737325
vt 0.728717 0.798370
vt 0.728717 0.859415
vt 0.732552 0.981505
vt 0.732552 0.920460
vt 0.732552 0.310009
vt 0.732552 0.248964
vt 0.732552 0.371054
vt 0.732552 0.432099
vt 0.732552 0.493144
vt 0.732552 0.554189
vt 0.732552 0.615234
vt 0.732552 0.676279
vt 0.732552 0.737325
vt 0.732552 0.798370
vt 0.732552 0.859415
vt 0.736388 0.981505
vt 0.736388 0.920460
vt 0.736388 0.310009
vt 0.736388 0.248964
vt 0.736388 0.371054
vt 0.736388 0.432099
vt 0.736388 0.493144
vt 0.736388 0.554189
vt 0.736388 0.615234
vt 0.736388 0.676279
vt 0.736388 0.737325
vt 0.736388 0.798370
vt 0.736388 0.859415
vt 0.324589 0.615907
vt 0.333844 0.625161
vt 0.240666 0.663756
vt 0.359352 0.531983
vt 0.372439 0.531983
vt 0.324589 0.448060
vt 0.333844 0.438806
vt 0.240666 0.413298
vt 0.240666 0.400211
vt 0.156743 0.448060
vt 0.147489 0.438806
vt 0.121981 0.531983
vt 0.108893 0.531983
vt 0.147489 0.625161
vt 0.164949 0.477105
vt 0.268679 0.520072
vt 0.496520 0.808668
vt 0.453543 0.704950
vt 0.633852 0.671324
vt 0.530125 0.628369
vt 0.633852 0.477104
vt 0.530132 0.520065
vt 0.496524 0.339766
vt 0.453550 0.443484
vt 0.302295 0.339759
vt 0.345250 0.443488
vt 0.285270 0.788998
vt 0.215072 0.788998
vt 0.355469 0.601801
vt 0.355469 0.695400
vt 0.285270 0.695400
vt 0.285270 0.601801
vt 0.636263 0.788998
vt 0.636263 0.882596
vt 0.566065 0.882596
vt 0.566065 0.788998
vt 0.636263 0.601801
vt 0.636263 0.695400
vt 0.566065 0.695400
vt 0.566065 0.601801
vt 0.495866 0.695400
vt 0.495866 0.882596
vt 0.495866 0.788998
vt 0.215072 0.695400
vt 0.215072 0.601801
vt 0.425667 0.882596
vt 0.425667 0.788998
vt 0.495866 0.601801
vt 0.425667 0.695400
vt 0.425667 0.601801
vt 0.355469 0.882596
vt 0.355469 0.788998
vt 0.144873 0.788998
vt 0.144873 0.695400
vt 0.144873 0.601801
vt 0.285270 0.882596
vt 0.215072 0.882596
vt 0.310376 0.556709
vt 0.215072 0.596186
vt 0.119767 0.556709
vt 0.080290 0.461404
vt 0.119767 0.366100
vt 0.215072 0.326623
vt 0.310376 0.366100
vt 0.349853 0.461404
vt 0.074674 0.695400
vt 0.074674 0.601801
vt 0.144873 0.882596
vt 0.074674 0.882596
vt 0.074674 0.788998
vt 0.495866 0.596186
vt 0.591171 0.556709
vt 0.630647 0.461404
vt 0.591171 0.366100
vt 0.495866 0.326623
vt 0.400561 0.366100
vt 0.361085 0.461404
vt 0.400561 0.556709
s 1
g trumpetMesh_trumpetMat
usemtl trumpetMat
f 17/1/1 2394/2/2 2393/3/3 18/4/4
f 18/4/4 2393/3/3 2395/5/5 19/6/6
f 19/6/6 2395/5/5 2396/7/7 20/8/8
f 20/8/8 2396/7/7 2397/9/9 21/10/10
f 21/10/10 2397/9/9 2398/11/11 22/12/12
f 22/12/12 2398/11/11 2399/13/13 23/14/14
f 2/15/15 16/16/16 2408/16/17 2402/15/18
f 23/14/14 2399/13/13 2400/17/19 24/18/20
f 24/18/20 2400/17/19 2394/19/2 17/20/1
f 3/21/21 5/22/22 75/22/23 74/21/24
f 31/23/25 24/18/20 17/20/1 32/24/26
f 30/25/27 23/14/14 24/18/20 31/23/25
f 29/26/28 22/12/12 23/14/14 30/25/27
f 28/27/29 21/10/10 22/12/12 29/26/28
f 27/28/30 20/8/8 21/10/10 28/27/29
f 26/29/31 19/6/6 20/8/8 27/28/30
f 25/30/32 18/4/4 19/6/6 26/29/31
f 32/31/26 17/1/1 18/4/4 25/30/32
f 40/32/33 32/31/26 25/30/32 33/33/34
f 33/33/34 25/30/32 26/29/31 34/34/35
f 34/34/35 26/29/31 27/28/30 35/35/36
f 35/35/36 27/28/30 28/27/29 36/36/37
f 36/36/37 28/27/29 29/26/28 37/37/38
f 37/37/38 29/26/28 30/25/27 38/38/39
f 38/38/39 30/25/27 31/23/25 39/39/40
f 39/39/40 31/23/25 32/24/26 40/40/33
f 47/41/41 39/39/40 40/40/33 48/42/42
f 46/43/43 38/38/39 39/39/40 47/41/41
f 45/44/44 37/37/38 38/38/39 46/43/43
f 44/45/45 36/36/37 37/37/38 45/44/44
f 43/46/46 35/35/36 36/36/37 44/45/45
f 42/47/47 34/34/35 35/35/36 43/46/46
f 41/48/48 33/33/34 34/34/35 42/47/47
f 48/49/42 40/32/33 33/33/34 41/48/48
f 56/50/49 48/49/42 41/48/48 49/51/50
f 49/51/50 41/48/48 42/47/47 50/52/51
f 50/52/51 42/47/47 43/46/46 51/53/52
f 51/53/52 43/46/46 44/45/45 52/54/53
f 52/54/53 44/45/45 45/44/44 53/55/54
f 53/55/54 45/44/44 46/43/43 54/56/55
f 54/56/55 46/43/43 47/41/41 55/57/56
f 55/57/56 47/41/41 48/42/42 56/58/49
f 63/59/57 55/57/56 56/58/49 64/60/58
f 62/61/59 54/56/55 55/57/56 63/59/57
f 61/62/60 53/55/54 54/56/55 62/61/59
f 60/63/61 52/54/53 53/55/54 61/62/60
f 59/64/62 51/53/52 52/54/53 60/63/61
f 58/65/63 50/52/51 51/53/52 59/64/62
f 57/66/64 49/51/50 50/52/51 58/65/63
f 64/67/58 56/50/49 49/51/50 57/66/64
f 72/68/65 64/67/58 57/66/64 65/69/66
f 65/69/66 57/66/64 58/65/63 66/70/67
f 66/70/67 58/65/63 59/64/62 67/71/68
f 67/71/68 59/64/62 60/63/61 68/72/69
f 68/72/69 60/63/61 61/62/60 69/73/70
f 69/73/70 61/62/60 62/61/59 70/74/71
f 70/74/71 62/61/59 63/59/57 71/75/72
f 71/75/72 63/59/57 64/60/58 72/76/65
f 15/77/73 71/75/72 72/76/65 1/78/74
f 13/79/75 70/74/71 71/75/72 15/77/73
f 11/80/76 69/73/70 70/74/71 13/79/75
f 9/81/77 68/72/69 69/73/70 11/80/76
f 7/82/78 67/71/68 68/72/69 9/81/77
f 5/22/22 66/70/67 67/71/68 7/82/78
f 3/21/21 65/69/66 66/70/67 5/22/22
f 1/83/74 72/68/65 65/69/66 3/21/21
f 75/22/23 76/82/79 84/82/80 83/22/81
f 9/81/77 11/80/76 78/80/82 77/81/83
f 15/77/73 1/78/74 73/78/84 80/77/85
f 1/83/74 3/21/21 74/21/24 73/83/84
f 5/22/22 7/82/78 76/82/79 75/22/23
f 11/80/76 13/79/75 79/79/86 78/80/82
f 7/82/78 9/81/77 77/81/83 76/82/79
f 13/79/75 15/77/73 80/77/85 79/79/86
f 88/84/87 81/85/88 2426/86/89 2432/87/90
f 73/83/84 74/21/24 82/21/91 81/83/88
f 80/77/85 73/78/84 81/78/88 88/77/87
f 78/80/82 79/79/86 87/79/92 86/80/93
f 76/82/79 77/81/83 85/81/94 84/82/80
f 74/21/24 75/22/23 83/22/81 82/21/91
f 79/79/86 80/77/85 88/77/87 87/79/92
f 77/81/83 78/80/82 86/80/93 85/81/94
f 89/88/95 101/89/96 112/90/97 100/91/98
f 90/92/99 102/93/100 101/94/96 89/95/95
f 91/96/101 103/97/102 102/93/100 90/92/99
f 92/98/103 104/99/104 103/97/102 91/96/101
f 93/100/105 105/101/106 104/99/104 92/98/103
f 94/102/107 106/103/108 105/101/106 93/100/105
f 95/104/109 107/105/110 106/103/108 94/102/107
f 96/106/111 108/107/112 107/105/110 95/104/109
f 97/108/113 109/109/114 108/107/112 96/106/111
f 98/110/115 110/111/116 109/109/114 97/108/113
f 99/112/117 111/113/118 110/111/116 98/110/115
f 100/91/98 112/90/97 111/113/118 99/112/117
f 101/89/96 113/114/119 124/115/120 112/90/97
f 102/93/100 114/116/121 113/117/119 101/94/96
f 103/97/102 115/118/122 114/116/121 102/93/100
f 104/99/104 116/119/123 115/118/122 103/97/102
f 105/101/106 117/120/124 116/119/123 104/99/104
f 106/103/108 118/121/125 117/120/124 105/101/106
f 107/105/110 119/122/126 118/121/125 106/103/108
f 108/107/112 120/123/127 119/122/126 107/105/110
f 109/109/114 121/124/128 120/123/127 108/107/112
f 110/111/116 122/125/129 121/124/128 109/109/114
f 111/113/118 123/126/130 122/125/129 110/111/116
f 112/90/97 124/115/120 123/126/130 111/113/118
f 113/114/119 125/127/131 136/128/132 124/115/120
f 114/116/121 126/129/133 125/130/131 113/117/119
f 115/118/122 127/131/134 126/129/133 114/116/121
f 116/119/123 128/132/135 127/131/134 115/118/122
f 117/120/124 129/133/136 128/132/135 116/119/123
f 118/121/125 130/134/137 129/133/136 117/120/124
f 119/122/126 131/135/138 130/134/137 118/121/125
f 120/123/127 132/136/139 131/135/138 119/122/126
f 121/124/128 133/137/140 132/136/139 120/123/127
f 122/125/129 134/138/141 133/137/140 121/124/128
f 123/126/130 135/139/142 134/138/141 122/125/129
f 124/115/120 136/128/132 135/139/142 123/126/130
f 125/127/131 137/140/143 148/141/144 136/128/132
f 126/129/133 138/142/145 137/143/143 125/130/131
f 127/131/134 139/144/146 138/142/145 126/129/133
f 128/132/135 140/145/147 139/144/146 127/131/134
f 129/133/136 141/146/148 140/145/147 128/132/135
f 130/134/137 142/147/149 141/146/148 129/133/136
f 131/135/138 143/148/150 142/147/149 130/134/137
f 132/136/139 144/149/151 143/148/150 131/135/138
f 133/137/140 145/150/152 144/149/151 132/136/139
f 134/138/141 146/151/153 145/150/152 133/137/140
f 135/139/142 147/152/154 146/151/153 134/138/141
f 136/128/132 148/141/144 147/152/154 135/139/142
f 137/140/143 149/153/155 160/154/156 148/141/144
f 138/142/145 150/155/157 149/156/155 137/143/143
f 139/144/146 151/157/158 150/155/157 138/142/145
f 140/145/147 152/158/159 151/157/158 139/144/146
f 141/146/148 153/159/160 152/158/159 140/145/147
f 142/147/149 154/160/161 153/159/160 141/146/148
f 143/148/150 155/161/162 154/160/161 142/147/149
f 144/149/151 156/162/163 155/161/162 143/148/150
f 145/150/152 157/163/164 156/162/163 144/149/151
f 146/151/153 158/164/165 157/163/164 145/150/152
f 147/152/154 159/165/166 158/164/165 146/151/153
f 148/141/144 160/154/156 159/165/166 147/152/154
f 149/153/155 161/166/167 172/167/168 160/154/156
f 150/155/157 162/168/169 161/169/167 149/156/155
f 151/157/158 163/170/170 162/168/169 150/155/157
f 152/158/159 164/171/171 163/170/170 151/157/158
f 153/159/160 165/172/172 164/171/171 152/158/159
f 154/160/161 166/173/173 165/172/172 153/159/160
f 155/161/162 167/174/174 166/173/173 154/160/161
f 156/162/163 168/175/175 167/174/174 155/161/162
f 157/163/164 169/176/176 168/175/175 156/162/163
f 158/164/165 170/177/177 169/176/176 157/163/164
f 159/165/166 171/178/178 170/177/177 158/164/165
f 160/154/156 172/167/168 171/178/178 159/165/166
f 161/166/167 173/179/179 184/180/180 172/167/168
f 162/168/169 174/181/181 173/182/179 161/169/167
f 163/170/170 175/183/182 174/181/181 162/168/169
f 164/171/171 176/184/183 175/183/182 163/170/170
f 165/172/172 177/185/184 176/184/183 164/171/171
f 166/173/173 178/186/185 177/185/184 165/172/172
f 167/174/174 179/187/186 178/186/185 166/173/173
f 168/175/175 180/188/187 179/187/186 167/174/174
f 169/176/176 181/189/188 180/188/187 168/175/175
f 170/177/177 182/190/189 181/189/188 169/176/176
f 171/178/178 183/191/190 182/190/189 170/177/177
f 172/167/168 184/180/180 183/191/190 171/178/178
f 173/179/179 185/192/191 196/193/192 184/180/180
f 174/181/181 186/194/193 185/195/191 173/182/179
f 175/183/182 187/196/194 186/194/193 174/181/181
f 176/184/183 188/197/195 187/196/194 175/183/182
f 177/185/184 189/198/196 188/197/195 176/184/183
f 178/186/185 190/199/197 189/198/196 177/185/184
f 179/187/186 191/200/198 190/199/197 178/186/185
f 180/188/187 192/201/199 191/200/198 179/187/186
f 181/189/188 193/202/200 192/201/199 180/188/187
f 182/190/189 194/203/201 193/202/200 181/189/188
f 183/191/190 195/204/202 194/203/201 182/190/189
f 184/180/180 196/193/192 195/204/202 183/191/190
f 185/192/191 197/205/203 208/206/204 196/193/192
f 186/194/193 198/207/205 197/208/203 185/195/191
f 187/196/194 199/209/206 198/207/205 186/194/193
f 188/197/195 200/210/207 199/209/206 187/196/194
f 189/198/196 201/211/208 200/210/207 188/197/195
f 190/199/197 202/212/209 201/211/208 189/198/196
f 191/200/198 203/213/210 202/212/209 190/199/197
f 192/201/199 204/214/211 203/213/210 191/200/198
f 193/202/200 205/215/212 204/214/211 192/201/199
f 194/203/201 206/216/213 205/215/212 193/202/200
f 195/204/202 207/217/214 206/216/213 194/203/201
f 196/193/192 208/206/204 207/217/214 195/204/202
f 197/205/203 209/218/215 220/219/216 208/206/204
f 198/207/205 210/220/217 209/221/215 197/208/203
f 199/209/206 211/222/218 210/220/217 198/207/205
f 200/210/207 212/223/219 211/222/218 199/209/206
f 201/211/208 213/224/220 212/223/219 200/210/207
f 202/212/209 214/225/221 213/224/220 201/211/208
f 203/213/210 215/226/222 214/225/221 202/212/209
f 204/214/211 216/227/223 215/226/222 203/213/210
f 205/215/212 217/228/224 216/227/223 204/214/211
f 206/216/213 218/229/225 217/228/224 205/215/212
f 207/217/214 219/230/226 218/229/225 206/216/213
f 208/206/204 220/219/216 219/230/226 207/217/214
f 209/218/215 221/231/227 232/232/228 220/219/216
f 210/220/217 222/233/229 221/234/227 209/221/215
f 211/222/218 223/235/230 222/233/229 210/220/217
f 212/223/219 224/236/231 223/235/230 211/222/218
f 213/224/220 225/237/232 224/236/231 212/223/219
f 214/225/221 226/238/233 225/237/232 213/224/220
f 215/226/222 227/239/234 226/238/233 214/225/221
f 216/227/223 228/240/235 227/239/234 215/226/222
f 217/228/224 229/241/236 228/240/235 216/227/223
f 218/229/225 230/242/237 229/241/236 217/228/224
f 219/230/226 231/243/238 230/242/237 218/229/225
f 220/219/216 232/232/228 231/243/238 219/230/226
f 221/231/227 233/244/239 244/245/240 232/232/228
f 222/233/229 234/246/241 233/247/239 221/234/227
f 223/235/230 235/248/242 234/246/241 222/233/229
f 224/236/231 236/249/243 235/248/242 223/235/230
f 225/237/232 237/250/244 236/249/243 224/236/231
f 226/238/233 238/251/245 237/250/244 225/237/232
f 227/239/234 239/252/246 238/251/245 226/238/233
f 228/240/235 240/253/247 239/252/246 227/239/234
f 229/241/236 241/254/248 240/253/247 228/240/235
f 230/242/237 242/255/249 241/254/248 229/241/236
f 231/243/238 243/256/250 242/255/249 230/242/237
f 232/232/228 244/245/240 243/256/250 231/243/238
f 233/244/239 245/257/251 256/258/252 244/245/240
f 234/246/241 246/259/253 245/260/251 233/247/239
f 235/248/242 247/261/254 246/259/253 234/246/241
f 236/249/243 248/262/255 247/261/254 235/248/242
f 237/250/244 249/263/256 248/262/255 236/249/243
f 238/251/245 250/264/257 249/263/256 237/250/244
f 239/252/246 251/265/258 250/264/257 238/251/245
f 240/253/247 252/266/259 251/265/258 239/252/246
f 241/254/248 253/267/260 252/266/259 240/253/247
f 242/255/249 254/268/261 253/267/260 241/254/248
f 243/256/250 255/269/262 254/268/261 242/255/249
f 244/245/240 256/258/252 255/269/262 243/256/250
f 245/257/251 257/270/263 268/271/264 256/258/252
f 246/259/253 258/272/265 257/273/263 245/260/251
f 247/261/254 259/274/266 258/272/265 246/259/253
f 248/262/255 260/275/267 259/274/266 247/261/254
f 249/263/256 261/276/268 260/275/267 248/262/255
f 250/264/257 262/277/269 261/276/268 249/263/256
f 251/265/258 263/278/270 262/277/269 250/264/257
f 252/266/259 264/279/271 263/278/270 251/265/258
f 253/267/260 265/280/272 264/279/271 252/266/259
f 254/268/261 266/281/273 265/280/272 253/267/260
f 255/269/262 267/282/274 266/281/273 254/268/261
f 256/258/252 268/271/264 267/282/274 255/269/262
f 257/270/263 269/283/275 280/284/276 268/271/264
f 258/272/265 270/285/277 269/286/275 257/273/263
f 259/274/266 271/287/278 270/285/277 258/272/265
f 260/275/267 272/288/279 271/287/278 259/274/266
f 261/276/268 273/289/280 272/288/279 260/275/267
f 262/277/269 274/290/281 273/289/280 261/276/268
f 263/278/270 275/291/282 274/290/281 262/277/269
f 264/279/271 276/292/283 275/291/282 263/278/270
f 265/280/272 277/293/284 276/292/283 264/279/271
f 266/281/273 278/294/285 277/293/284 265/280/272
f 267/282/274 279/295/286 278/294/285 266/281/273
f 268/271/264 280/284/276 279/295/286 267/282/274
f 269/283/275 281/296/287 292/297/288 280/284/276
f 270/285/277 282/298/289 281/299/287 269/286/275
f 271/287/278 283/300/290 282/298/289 270/285/277
f 272/288/279 284/301/291 283/300/290 271/287/278
f 273/289/280 285/302/292 284/301/291 272/288/279
f 274/290/281 286/303/293 285/302/292 273/289/280
f 275/291/282 287/304/294 286/303/293 274/290/281
f 276/292/283 288/305/295 287/304/294 275/291/282
f 277/293/284 289/306/296 288/305/295 276/292/283
f 278/294/285 290/307/297 289/306/296 277/293/284
f 279/295/286 291/308/298 290/307/297 278/294/285
f 280/284/276 292/297/288 291/308/298 279/295/286
f 281/296/287 293/309/299 304/310/300 292/297/288
f 282/298/289 294/311/301 293/312/299 281/299/287
f 283/300/290 295/313/302 294/311/301 282/298/289
f 284/301/291 296/314/303 295/313/302 283/300/290
f 285/302/292 297/315/304 296/314/303 284/301/291
f 286/303/293 298/316/305 297/315/304 285/302/292
f 287/304/294 299/317/306 298/316/305 286/303/293
f 288/305/295 300/318/307 299/317/306 287/304/294
f 289/306/296 301/319/308 300/318/307 288/305/295
f 290/307/297 302/320/309 301/319/308 289/306/296
f 291/308/298 303/321/310 302/320/309 290/307/297
f 292/297/288 304/310/300 303/321/310 291/308/298
f 293/309/299 305/322/311 316/323/312 304/310/300
f 294/311/301 306/324/313 305/325/311 293/312/299
f 295/313/302 307/326/314 306/324/313 294/311/301
f 296/314/303 308/327/315 307/326/314 295/313/302
f 297/315/304 309/328/316 308/327/315 296/314/303
f 298/316/305 310/329/317 309/328/316 297/315/304
f 299/317/306 311/330/318 310/329/317 298/316/305
f 300/318/307 312/331/319 311/330/318 299/317/306
f 301/319/308 313/332/320 312/331/319 300/318/307
f 302/320/309 314/333/321 313/332/320 301/319/308
f 303/321/310 315/334/322 314/333/321 302/320/309
f 304/310/300 316/323/312 315/334/322 303/321/310
f 305/322/311 317/335/323 328/336/324 316/323/312
f 306/324/313 318/337/325 317/338/323 305/325/311
f 307/326/314 319/339/326 318/337/325 306/324/313
f 308/327/315 320/340/327 319/339/326 307/326/314
f 309/328/316 321/341/328 320/340/327 308/327/315
f 310/329/317 322/342/329 321/341/328 309/328/316
f 311/330/318 323/343/330 322/342/329 310/329/317
f 312/331/319 324/344/331 323/343/330 311/330/318
f 313/332/320 325/345/332 324/344/331 312/331/319
f 314/333/321 326/346/333 325/345/332 313/332/320
f 315/334/322 327/347/334 326/346/333 314/333/321
f 316/323/312 328/336/324 327/347/334 315/334/322
f 317/335/323 329/348/335 340/349/336 328/336/324
f 318/337/325 330/350/337 329/351/335 317/338/323
f 319/339/326 331/352/338 330/350/337 318/337/325
f 320/340/327 332/353/339 331/352/338 319/339/326
f 321/341/328 333/354/340 332/353/339 320/340/327
f 322/342/329 334/355/341 333/354/340 321/341/328
f 323/343/330 335/356/342 334/355/341 322/342/329
f 324/344/331 336/357/343 335/356/342 323/343/330
f 325/345/332 337/358/344 336/357/343 324/344/331
f 326/346/333 338/359/345 337/358/344 325/345/332
f 327/347/334 339/360/346 338/359/345 326/346/333
f 328/336/324 340/349/336 339/360/346 327/347/334
f 329/348/335 341/361/347 352/362/348 340/349/336
f 330/350/337 342/363/349 341/364/347 329/351/335
f 331/352/338 343/365/350 342/363/349 330/350/337
f 332/353/339 344/366/351 343/365/350 331/352/338
f 333/354/340 345/367/352 344/366/351 332/353/339
f 334/355/341 346/368/353 345/367/352 333/354/340
f 335/356/342 347/369/354 346/368/353 334/355/341
f 336/357/343 348/370/355 347/369/354 335/356/342
f 337/358/344 349/371/356 348/370/355 336/357/343
f 338/359/345 350/372/357 349/371/356 337/358/344
f 339/360/346 351/373/358 350/372/357 338/359/345
f 340/349/336 352/362/348 351/373/358 339/360/346
f 341/361/347 353/374/359 364/375/360 352/362/348
f 342/363/349 354/376/361 353/377/359 341/364/347
f 343/365/350 355/378/362 354/376/361 342/363/349
f 344/366/351 356/379/363 355/378/362 343/365/350
f 345/367/352 357/380/364 356/379/363 344/366/351
f 346/368/353 358/381/365 357/380/364 345/367/352
f 347/369/354 359/382/366 358/381/365 346/368/353
f 348/370/355 360/383/367 359/382/366 347/369/354
f 349/371/356 361/384/368 360/383/367 348/370/355
f 350/372/357 362/385/369 361/384/368 349/371/356
f 351/373/358 363/386/370 362/385/369 350/372/357
f 352/362/348 364/375/360 363/386/370 351/373/358
f 353/374/359 365/387/371 376/388/372 364/375/360
f 354/376/361 366/389/373 365/390/371 353/377/359
f 355/378/362 367/391/374 366/389/373 354/376/361
f 356/379/363 368/392/375 367/391/374 355/378/362
f 357/380/364 369/393/376 368/392/375 356/379/363
f 358/381/365 370/394/377 369/393/376 357/380/364
f 359/382/366 371/395/378 370/394/377 358/381/365
f 360/383/367 372/396/379 371/395/378 359/382/366
f 361/384/368 373/397/380 372/396/379 360/383/367
f 362/385/369 374/398/381 373/397/380 361/384/368
f 363/386/370 375/399/382 374/398/381 362/385/369
f 364/375/360 376/388/372 375/399/382 363/386/370
f 365/387/371 377/400/383 388/401/384 376/388/372
f 366/389/373 378/402/385 377/403/383 365/390/371
f 367/391/374 379/404/386 378/402/385 366/389/373
f 368/392/375 380/405/387 379/404/386 367/391/374
f 369/393/376 381/406/388 380/405/387 368/392/375
f 370/394/377 382/407/389 381/406/388 369/393/376
f 371/395/378 383/408/390 382/407/389 370/394/377
f 372/396/379 384/409/391 383/408/390 371/395/378
f 373/397/380 385/410/392 384/409/391 372/396/379
f 374/398/381 386/411/393 385/410/392 373/397/380
f 375/399/382 387/412/394 386/411/393 374/398/381
f 376/388/372 388/401/384 387/412/394 375/399/382
f 377/400/383 389/413/395 400/414/396 388/401/384
f 378/402/385 390/415/397 389/416/395 377/403/383
f 379/404/386 391/417/398 390/415/397 378/402/385
f 380/405/387 392/418/399 391/417/398 379/404/386
f 381/406/388 393/419/400 392/418/399 380/405/387
f 382/407/389 394/420/401 393/419/400 381/406/388
f 383/408/390 395/421/402 394/420/401 382/407/389
f 384/409/391 396/422/403 395/421/402 383/408/390
f 385/410/392 397/423/404 396/422/403 384/409/391
f 386/411/393 398/424/405 397/423/404 385/410/392
f 387/412/394 399/425/406 398/424/405 386/411/393
f 388/401/384 400/414/396 399/425/406 387/412/394
f 389/413/395 401/426/407 412/427/408 400/414/396
f 390/415/397 402/428/409 401/429/407 389/416/395
f 391/417/398 403/430/410 402/428/409 390/415/397
f 392/418/399 404/431/411 403/430/410 391/417/398
f 393/419/400 405/432/412 404/431/411 392/418/399
f 394/420/401 406/433/413 405/432/412 393/419/400
f 395/421/402 407/434/414 406/433/413 394/420/401
f 396/422/403 408/435/415 407/434/414 395/421/402
f 397/423/404 409/436/416 408/435/415 396/422/403
f 398/424/405 410/437/417 409/436/416 397/423/404
f 399/425/406 411/438/418 410/437/417 398/424/405
f 400/414/396 412/427/408 411/438/418 399/425/406
f 401/426/407 413/439/419 424/440/420 412/427/408
f 402/428/409 414/441/421 413/442/419 401/429/407
f 403/430/410 415/443/422 414/441/421 402/428/409
f 404/431/411 416/444/423 415/443/422 403/430/410
f 405/432/412 417/445/424 416/444/423 404/431/411
f 406/433/413 418/446/425 417/445/424 405/432/412
f 407/434/414 419/447/426 418/446/425 406/433/413
f 408/435/415 420/448/427 419/447/426 407/434/414
f 409/436/416 421/449/428 420/448/427 408/435/415
f 410/437/417 422/450/429 421/449/428 409/436/416
f 411/438/418 423/451/430 422/450/429 410/437/417
f 412/427/408 424/440/420 423/451/430 411/438/418
f 413/439/419 425/452/431 436/453/432 424/440/420
f 414/441/421 426/454/433 425/455/431 413/442/419
f 415/443/422 427/456/434 426/454/433 414/441/421
f 416/444/423 428/457/435 427/456/434 415/443/422
f 417/445/424 429/458/436 428/457/435 416/444/423
f 418/446/425 430/459/437 429/458/436 417/445/424
f 419/447/426 431/460/438 430/459/437 418/446/425
f 420/448/427 432/461/439 431/460/438 419/447/426
f 421/449/428 433/462/440 432/461/439 420/448/427
f 422/450/429 434/463/441 433/462/440 421/449/428
f 423/451/430 435/464/442 434/463/441 422/450/429
f 424/440/420 436/453/432 435/464/442 423/451/430
f 425/452/431 437/465/443 448/466/444 436/453/432
f 426/454/433 438/467/445 437/468/443 425/455/431
f 427/456/434 439/469/446 438/467/445 426/454/433
f 428/457/435 440/470/447 439/469/446 427/456/434
f 429/458/436 441/471/448 440/470/447 428/457/435
f 430/459/437 442/472/449 441/471/448 429/458/436
f 431/460/438 443/473/450 442/472/449 430/459/437
f 432/461/439 444/474/451 443/473/450 431/460/438
f 433/462/440 445/475/452 444/474/451 432/461/439
f 434/463/441 446/476/453 445/475/452 433/462/440
f 435/464/442 447/477/454 446/476/453 434/463/441
f 436/453/432 448/466/444 447/477/454 435/464/442
f 437/465/443 449/478/455 460/479/456 448/466/444
f 438/467/445 450/480/457 449/481/455 437/468/443
f 439/469/446 451/482/458 450/480/457 438/467/445
f 440/470/447 452/483/459 451/482/458 439/469/446
f 441/471/448 453/484/460 452/483/459 440/470/447
f 442/472/449 454/485/461 453/484/460 441/471/448
f 443/473/450 455/486/462 454/485/461 442/472/449
f 444/474/451 456/487/463 455/486/462 443/473/450
f 445/475/452 457/488/464 456/487/463 444/474/451
f 446/476/453 458/489/465 457/488/464 445/475/452
f 447/477/454 459/490/466 458/489/465 446/476/453
f 448/466/444 460/479/456 459/490/466 447/477/454
f 449/478/455 461/491/467 472/492/468 460/479/456
f 450/480/457 462/493/469 461/494/467 449/481/455
f 451/482/458 463/495/470 462/493/469 450/480/457
f 452/483/459 464/496/471 463/495/470 451/482/458
f 453/484/460 465/497/472 464/496/471 452/483/459
f 454/485/461 466/498/473 465/497/472 453/484/460
f 455/486/462 467/499/474 466/498/473 454/485/461
f 456/487/463 468/500/475 467/499/474 455/486/462
f 457/488/464 469/501/476 468/500/475 456/487/463
f 458/489/465 470/502/477 469/501/476 457/488/464
f 459/490/466 471/503/478 470/502/477 458/489/465
f 460/479/456 472/492/468 471/503/478 459/490/466
f 461/491/467 473/504/479 484/505/480 472/492/468
f 462/493/469 474/506/481 473/507/479 461/494/467
f 463/495/470 475/508/482 474/506/481 462/493/469
f 464/496/471 476/509/483 475/508/482 463/495/470
f 465/497/472 477/510/484 476/509/483 464/496/471
f 466/498/473 478/511/485 477/510/484 465/497/472
f 467/499/474 479/512/486 478/511/485 466/498/473
f 468/500/475 480/513/487 479/512/486 467/499/474
f 469/501/476 481/514/488 480/513/487 468/500/475
f 470/502/477 482/515/489 481/514/488 469/501/476
f 471/503/478 483/516/490 482/515/489 470/502/477
f 472/492/468 484/505/480 483/516/490 471/503/478
f 473/504/479 485/517/491 496/518/492 484/505/480
f 474/506/481 486/519/493 485/520/491 473/507/479
f 475/508/482 487/521/494 486/519/493 474/506/481
f 476/509/483 488/522/495 487/521/494 475/508/482
f 477/510/484 489/523/496 488/522/495 476/509/483
f 478/511/485 490/524/497 489/523/496 477/510/484
f 479/512/486 491/525/498 490/524/497 478/511/485
f 480/513/487 492/526/499 491/525/498 479/512/486
f 481/514/488 493/527/500 492/526/499 480/513/487
f 482/515/489 494/528/501 493/527/500 481/514/488
f 483/516/490 495/529/502 494/528/501 482/515/489
f 484/505/480 496/518/492 495/529/502 483/516/490
f 485/517/491 497/530/503 508/531/504 496/518/492
f 486/519/493 498/532/505 497/533/503 485/520/491
f 487/521/494 499/534/506 498/532/505 486/519/493
f 488/522/495 500/535/507 499/534/506 487/521/494
f 489/523/496 501/536/508 500/535/507 488/522/495
f 490/524/497 502/537/509 501/536/508 489/523/496
f 491/525/498 503/538/510 502/537/509 490/524/497
f 492/526/499 504/539/511 503/538/510 491/525/498
f 493/527/500 505/540/512 504/539/511 492/526/499
f 494/528/501 506/541/513 505/540/512 493/527/500
f 495/529/502 507/542/514 506/541/513 494/528/501
f 496/518/492 508/531/504 507/542/514 495/529/502
f 497/530/503 509/543/515 520/544/516 508/531/504
f 498/532/505 510/545/517 509/546/515 497/533/503
f 499/534/506 511/547/518 510/545/517 498/532/505
f 500/535/507 512/548/519 511/547/518 499/534/506
f 501/536/508 513/549/520 512/548/519 500/535/507
f 502/537/509 514/550/521 513/549/520 501/536/508
f 503/538/510 515/551/522 514/550/521 502/537/509
f 504/539/511 516/552/523 515/551/522 503/538/510
f 505/540/512 517/553/524 516/552/523 504/539/511
f 506/541/513 518/554/525 517/553/524 505/540/512
f 507/542/514 519/555/526 518/554/525 506/541/513
f 508/531/504 520/544/516 519/555/526 507/542/514
f 509/543/515 521/556/527 532/557/528 520/544/516
f 510/545/517 522/558/529 521/559/527 509/546/515
f 511/547/518 523/560/530 522/558/529 510/545/517
f 512/548/519 524/561/531 523/560/530 511/547/518
f 513/549/520 525/562/532 524/561/531 512/548/519
f 514/550/521 526/563/533 525/562/532 513/549/520
f 515/551/522 527/564/534 526/563/533 514/550/521
f 516/552/523 528/565/535 527/564/534 515/551/522
f 517/553/524 529/566/536 528/565/535 516/552/523
f 518/554/525 530/567/537 529/566/536 517/553/524
f 519/555/526 531/568/538 530/567/537 518/554/525
f 520/544/516 532/557/528 531/568/538 519/555/526
f 521/556/527 533/569/539 544/570/540 532/557/528
f 522/558/529 534/571/541 533/572/539 521/559/527
f 523/560/530 535/573/542 534/571/541 522/558/529
f 524/561/531 536/574/543 535/573/542 523/560/530
f 525/562/532 537/575/544 536/574/543 524/561/531
f 526/563/533 538/576/545 537/575/544 525/562/532
f 527/564/534 539/577/546 538/576/545 526/563/533
f 528/565/535 540/578/547 539/577/546 527/564/534
f 529/566/536 541/579/548 540/578/547 528/565/535
f 530/567/537 542/580/549 541/579/548 529/566/536
f 531/568/538 543/581/550 542/580/549 530/567/537
f 532/557/528 544/570/540 543/581/550 531/568/538
f 533/569/539 545/582/551 556/583/552 544/570/540
f 534/571/541 546/584/553 545/585/551 533/572/539
f 535/573/542 547/586/554 546/584/553 534/571/541
f 536/574/543 548/587/555 547/586/554 535/573/542
f 537/575/544 549/588/556 548/587/555 536/574/543
f 538/576/545 550/589/557 549/588/556 537/575/544
f 539/577/546 551/590/558 550/589/557 538/576/545
f 540/578/547 552/591/559 551/590/558 539/577/546
f 541/579/548 553/592/560 552/591/559 540/578/547
f 542/580/549 554/593/561 553/592/560 541/579/548
f 543/581/550 555/594/562 554/593/561 542/580/549
f 544/570/540 556/583/552 555/594/562 543/581/550
f 545/582/551 557/595/563 568/596/564 556/583/552
f 546/584/553 558/597/565 557/598/563 545/585/551
f 547/586/554 559/599/566 558/597/565 546/584/553
f 548/587/555 560/600/567 559/599/566 547/586/554
f 549/588/556 561/601/568 560/600/567 548/587/555
f 550/589/557 562/602/569 561/601/568 549/588/556
f 551/590/558 563/603/570 562/602/569 550/589/557
f 552/591/559 564/604/571 563/603/570 551/590/558
f 553/592/560 565/605/572 564/604/571 552/591/559
f 554/593/561 566/606/573 565/605/572 553/592/560
f 555/594/562 567/607/574 566/606/573 554/593/561
f 556/583/552 568/596/564 567/607/574 555/594/562
f 557/595/563 569/608/575 580/609/576 568/596/564
f 558/597/565 570/610/577 569/611/575 557/598/563
f 559/599/566 571/612/578 570/610/577 558/597/565
f 560/600/567 572/613/579 571/612/578 559/599/566
f 561/601/568 573/614/580 572/613/579 560/600/567
f 562/602/569 574/615/581 573/614/580 561/601/568
f 563/603/570 575/616/582 574/615/581 562/602/569
f 564/604/571 576/617/583 575/616/582 563/603/570
f 565/605/572 577/618/584 576/617/583 564/604/571
f 566/606/573 578/619/585 577/618/584 565/605/572
f 567/607/574 579/620/586 578/619/585 566/606/573
f 568/596/564 580/609/576 579/620/586 567/607/574
f 569/608/575 581/621/587 592/622/588 580/609/576
f 570/610/577 582/623/589 581/624/587 569/611/575
f 571/612/578 583/625/590 582/623/589 570/610/577
f 572/613/579 584/626/591 583/625/590 571/612/578
f 573/614/580 585/627/592 584/626/591 572/613/579
f 574/615/581 586/628/593 585/627/592 573/614/580
f 575/616/582 587/629/594 586/628/593 574/615/581
f 576/617/583 588/630/595 587/629/594 575/616/582
f 577/618/584 589/631/596 588/630/595 576/617/583
f 578/619/585 590/632/597 589/631/596 577/618/584
f 579/620/586 591/633/598 590/632/597 578/619/585
f 580/609/576 592/622/588 591/633/598 579/620/586
f 581/621/587 593/634/599 604/635/600 592/622/588
f 582/623/589 594/636/601 593/637/599 581/624/587
f 583/625/590 595/638/602 594/636/601 582/623/589
f 584/626/591 596/639/603 595/638/602 583/625/590
f 585/627/592 597/640/604 596/639/603 584/626/591
f 586/628/593 598/641/605 597/640/604 585/627/592
f 587/629/594 599/642/606 598/641/605 586/628/593
f 588/630/595 600/643/607 599/642/606 587/629/594
f 589/631/596 601/644/608 600/643/607 588/630/595
f 590/632/597 602/645/609 601/644/608 589/631/596
f 591/633/598 603/646/610 602/645/609 590/632/597
f 592/622/588 604/635/600 603/646/610 591/633/598
f 593/634/599 605/647/611 616/648/612 604/635/600
f 594/636/601 606/649/613 605/650/611 593/637/599
f 595/638/602 607/651/614 606/649/613 594/636/601
f 596/639/603 608/652/615 607/651/614 595/638/602
f 597/640/604 609/653/616 608/652/615 596/639/603
f 598/641/605 610/654/617 609/653/616 597/640/604
f 599/642/606 611/655/618 610/654/617 598/641/605
f 600/643/607 612/656/619 611/655/618 599/642/606
f 601/644/608 613/657/620 612/656/619 600/643/607
f 602/645/609 614/658/621 613/657/620 601/644/608
f 603/646/610 615/659/622 614/658/621 602/645/609
f 604/635/600 616/648/612 615/659/622 603/646/610
f 605/647/611 617/660/623 628/661/624 616/648/612
f 606/649/613 618/662/625 617/663/623 605/650/611
f 607/651/614 619/664/626 618/662/625 606/649/613
f 608/652/615 620/665/627 619/664/626 607/651/614
f 609/653/616 621/666/628 620/665/627 608/652/615
f 610/654/617 622/667/629 621/666/628 609/653/616
f 611/655/618 623/668/630 622/667/629 610/654/617
f 612/656/619 624/669/631 623/668/630 611/655/618
f 613/657/620 625/670/632 624/669/631 612/656/619
f 614/658/621 626/671/633 625/670/632 613/657/620
f 615/659/622 627/672/634 626/671/633 614/658/621
f 616/648/612 628/661/624 627/672/634 615/659/622
f 617/660/623 629/673/635 640/674/636 628/661/624
f 618/662/625 630/675/637 629/676/635 617/663/623
f 619/664/626 631/677/638 630/675/637 618/662/625
f 620/665/627 632/678/639 631/677/638 619/664/626
f 621/666/628 633/679/640 632/678/639 620/665/627
f 622/667/629 634/680/641 633/679/640 621/666/628
f 623/668/630 635/681/642 634/680/641 622/667/629
f 624/669/631 636/682/643 635/681/642 623/668/630
f 625/670/632 637/683/644 636/682/643 624/669/631
f 626/671/633 638/684/645 637/683/644 625/670/632
f 627/672/634 639/685/646 638/684/645 626/671/633
f 628/661/624 640/674/636 639/685/646 627/672/634
f 629/673/635 641/686/647 652/687/648 640/674/636
f 630/675/637 642/688/649 641/689/647 629/676/635
f 631/677/638 643/690/650 642/688/649 630/675/637
f 632/678/639 644/691/651 643/690/650 631/677/638
f 633/679/640 645/692/652 644/691/651 632/678/639
f 634/680/641 646/693/653 645/692/652 633/679/640
f 635/681/642 647/694/654 646/693/653 634/680/641
f 636/682/643 648/695/655 647/694/654 635/681/642
f 637/683/644 649/696/656 648/695/655 636/682/643
f 638/684/645 650/697/657 649/696/656 637/683/644
f 639/685/646 651/698/658 650/697/657 638/684/645
f 640/674/636 652/687/648 651/698/658 639/685/646
f 641/686/647 653/699/659 664/700/660 652/687/648
f 642/688/649 654/701/661 653/702/659 641/689/647
f 643/690/650 655/703/662 654/701/661 642/688/649
f 644/691/651 656/704/663 655/703/662 643/690/650
f 645/692/652 657/705/664 656/704/663 644/691/651
f 646/693/653 658/706/665 657/705/664 645/692/652
f 647/694/654 659/707/666 658/706/665 646/693/653
f 648/695/655 660/708/667 659/707/666 647/694/654
f 649/696/656 661/709/668 660/708/667 648/695/655
f 650/697/657 662/710/669 661/709/668 649/696/656
f 651/698/658 663/711/670 662/710/669 650/697/657
f 652/687/648 664/700/660 663/711/670 651/698/658
f 653/699/659 665/712/671 676/713/672 664/700/660
f 654/701/661 666/714/673 665/715/671 653/702/659
f 655/703/662 667/716/674 666/714/673 654/701/661
f 656/704/663 668/717/675 667/716/674 655/703/662
f 657/705/664 669/718/676 668/717/675 656/704/663
f 658/706/665 670/719/677 669/718/676 657/705/664
f 659/707/666 671/720/678 670/719/677 658/706/665
f 660/708/667 672/721/679 671/720/678 659/707/666
f 661/709/668 673/722/680 672/721/679 660/708/667
f 662/710/669 674/723/681 673/722/680 661/709/668
f 663/711/670 675/724/682 674/723/681 662/710/669
f 664/700/660 676/713/672 675/724/682 663/711/670
f 665/712/671 677/725/683 688/726/684 676/713/672
f 666/714/673 678/727/685 677/728/683 665/715/671
f 667/716/674 679/729/686 678/727/685 666/714/673
f 668/717/675 680/730/687 679/729/686 667/716/674
f 669/718/676 681/731/688 680/730/687 668/717/675
f 670/719/677 682/732/689 681/731/688 669/718/676
f 671/720/678 683/733/690 682/732/689 670/719/677
f 672/721/679 684/734/691 683/733/690 671/720/678
f 673/722/680 685/735/692 684/734/691 672/721/679
f 674/723/681 686/736/693 685/735/692 673/722/680
f 675/724/682 687/737/694 686/736/693 674/723/681
f 676/713/672 688/726/684 687/737/694 675/724/682
f 677/725/683 689/738/695 700/739/696 688/726/684
f 678/727/685 690/740/697 689/741/695 677/728/683
f 679/729/686 691/742/698 690/740/697 678/727/685
f 680/730/687 692/743/699 691/742/698 679/729/686
f 681/731/688 693/744/700 692/743/699 680/730/687
f 682/732/689 694/745/701 693/744/700 681/731/688
f 683/733/690 695/746/702 694/745/701 682/732/689
f 684/734/691 696/747/703 695/746/702 683/733/690
f 685/735/692 697/748/704 696/747/703 684/734/691
f 686/736/693 698/749/705 697/748/704 685/735/692
f 687/737/694 699/750/706 698/749/705 686/736/693
f 688/726/684 700/739/696 699/750/706 687/737/694
f 689/738/695 701/751/707 712/752/708 700/739/696
f 690/740/697 702/753/709 701/754/707 689/741/695
f 691/742/698 703/755/710 702/753/709 690/740/697
f 692/743/699 704/756/711 703/755/710 691/742/698
f 693/744/700 705/757/712 704/756/711 692/743/699
f 694/745/701 706/758/713 705/757/712 693/744/700
f 695/746/702 707/759/714 706/758/713 694/745/701
f 696/747/703 708/760/715 707/759/714 695/746/702
f 697/748/704 709/761/716 708/760/715 696/747/703
f 698/749/705 710/762/717 709/761/716 697/748/704
f 699/750/706 711/763/718 710/762/717 698/749/705
f 700/739/696 712/752/708 711/763/718 699/750/706
f 701/751/707 713/764/719 724/765/720 712/752/708
f 702/753/709 714/766/721 713/767/719 701/754/707
f 703/755/710 715/768/722 714/766/721 702/753/709
f 704/756/711 716/769/723 715/768/722 703/755/710
f 705/757/712 717/770/724 716/769/723 704/756/711
f 706/758/713 718/771/725 717/770/724 705/757/712
f 707/759/714 719/772/726 718/771/725 706/758/713
f 708/760/715 720/773/727 719/772/726 707/759/714
f 709/761/716 721/774/728 720/773/727 708/760/715
f 710/762/717 722/775/729 721/774/728 709/761/716
f 711/763/718 723/776/730 722/775/729 710/762/717
f 712/752/708 724/765/720 723/776/730 711/763/718
f 713/764/719 725/777/731 736/778/732 724/765/720
f 714/766/721 726/779/733 725/780/731 713/767/719
f 715/768/722 727/781/734 726/779/733 714/766/721
f 716/769/723 728/782/735 727/781/734 715/768/722
f 717/770/724 729/783/736 728/782/735 716/769/723
f 718/771/725 730/784/737 729/783/736 717/770/724
f 719/772/726 731/785/738 730/784/737 718/771/725
f 720/773/727 732/786/739 731/785/738 719/772/726
f 721/774/728 733/787/740 732/786/739 720/773/727
f 722/775/729 734/788/741 733/787/740 721/774/728
f 723/776/730 735/789/742 734/788/741 722/775/729
f 724/765/720 736/778/732 735/789/742 723/776/730
f 725/777/731 737/790/743 748/791/744 736/778/732
f 726/779/733 738/792/745 737/793/743 725/780/731
f 727/781/734 739/794/746 738/792/745 726/779/733
f 728/782/735 740/795/747 739/794/746 727/781/734
f 729/783/736 741/796/748 740/795/747 728/782/735
f 730/784/737 742/797/749 741/796/748 729/783/736
f 731/785/738 743/798/750 742/797/749 730/784/737
f 732/786/739 744/799/751 743/798/750 731/785/738
f 733/787/740 745/800/752 744/799/751 732/786/739
f 734/788/741 746/801/753 745/800/752 733/787/740
f 735/789/742 747/802/754 746/801/753 734/788/741
f 736/778/732 748/791/744 747/802/754 735/789/742
f 737/790/743 749/803/755 760/804/756 748/791/744
f 738/792/745 750/805/757 749/806/755 737/793/743
f 739/794/746 751/807/758 750/805/757 738/792/745
f 740/795/747 752/808/759 751/807/758 739/794/746
f 741/796/748 753/809/760 752/808/759 740/795/747
f 742/797/749 754/810/761 753/809/760 741/796/748
f 743/798/750 755/811/762 754/810/761 742/797/749
f 744/799/751 756/812/763 755/811/762 743/798/750
f 745/800/752 757/813/764 756/812/763 744/799/751
f 746/801/753 758/814/765 757/813/764 745/800/752
f 747/802/754 759/815/766 758/814/765 746/801/753
f 748/791/744 760/804/756 759/815/766 747/802/754
f 749/803/755 761/816/767 772/817/768 760/804/756
f 750/805/757 762/818/769 761/819/767 749/806/755
f 751/807/758 763/820/770 762/818/769 750/805/757
f 752/808/759 764/821/771 763/820/770 751/807/758
f 753/809/760 765/822/772 764/821/771 752/808/759
f 754/810/761 766/823/773 765/822/772 753/809/760
f 755/811/762 767/824/774 766/823/773 754/810/761
f 756/812/763 768/825/775 767/824/774 755/811/762
f 757/813/764 769/826/776 768/825/775 756/812/763
f 758/814/765 770/827/777 769/826/776 757/813/764
f 759/815/766 771/828/778 770/827/777 758/814/765
f 760/804/756 772/817/768 771/828/778 759/815/766
f 761/816/767 773/829/779 784/830/780 772/817/768
f 762/818/769 774/831/781 773/832/779 761/819/767
f 763/820/770 775/833/782 774/831/781 762/818/769
f 764/821/771 776/834/783 775/833/782 763/820/770
f 765/822/772 777/835/784 776/834/783 764/821/771
f 766/823/773 778/836/785 777/835/784 765/822/772
f 767/824/774 779/837/786 778/836/785 766/823/773
f 768/825/775 780/838/787 779/837/786 767/824/774
f 769/826/776 781/839/788 780/838/787 768/825/775
f 770/827/777 782/840/789 781/839/788 769/826/776
f 771/828/778 783/841/790 782/840/789 770/827/777
f 772/817/768 784/830/780 783/841/790 771/828/778
f 773/829/779 785/842/791 796/843/792 784/830/780
f 774/831/781 786/844/793 785/845/791 773/832/779
f 775/833/782 787/846/794 786/844/793 774/831/781
f 776/834/783 788/847/795 787/846/794 775/833/782
f 777/835/784 789/848/796 788/847/795 776/834/783
f 778/836/785 790/849/797 789/848/796 777/835/784
f 779/837/786 791/850/798 790/849/797 778/836/785
f 780/838/787 792/851/799 791/850/798 779/837/786
f 781/839/788 793/852/800 792/851/799 780/838/787
f 782/840/789 794/853/801 793/852/800 781/839/788
f 783/841/790 795/854/802 794/853/801 782/840/789
f 784/830/780 796/843/792 795/854/802 783/841/790
f 785/842/791 797/855/803 808/856/804 796/843/792
f 786/844/793 798/857/805 797/858/803 785/845/791
f 787/846/794 799/859/806 798/857/805 786/844/793
f 788/847/795 800/860/807 799/859/806 787/846/794
f 789/848/796 801/861/808 800/860/807 788/847/795
f 790/849/797 802/862/809 801/861/808 789/848/796
f 791/850/798 803/863/810 802/862/809 790/849/797
f 792/851/799 804/864/811 803/863/810 791/850/798
f 793/852/800 805/865/812 804/864/811 792/851/799
f 794/853/801 806/866/813 805/865/812 793/852/800
f 795/854/802 807/867/814 806/866/813 794/853/801
f 796/843/792 808/856/804 807/867/814 795/854/802
f 797/855/803 809/868/815 820/869/816 808/856/804
f 798/857/805 810/870/817 809/871/815 797/858/803
f 799/859/806 811/872/818 810/870/817 798/857/805
f 800/860/807 812/873/819 811/872/818 799/859/806
f 801/861/808 813/874/820 812/873/819 800/860/807
f 802/862/809 814/875/821 813/874/820 801/861/808
f 803/863/810 815/876/822 814/875/821 802/862/809
f 804/864/811 816/877/823 815/876/822 803/863/810
f 805/865/812 817/878/824 816/877/823 804/864/811
f 806/866/813 818/879/825 817/878/824 805/865/812
f 807/867/814 819/880/826 818/879/825 806/866/813
f 808/856/804 820/869/816 819/880/826 807/867/814
f 809/868/815 821/881/827 832/882/828 820/869/816
f 810/870/817 822/883/829 821/884/827 809/871/815
f 811/872/818 823/885/830 822/883/829 810/870/817
f 812/873/819 824/886/831 823/885/830 811/872/818
f 813/874/820 825/887/832 824/886/831 812/873/819
f 814/875/821 826/888/833 825/887/832 813/874/820
f 815/876/822 827/889/834 826/888/833 814/875/821
f 816/877/823 828/890/835 827/889/834 815/876/822
f 817/878/824 829/891/836 828/890/835 816/877/823
f 818/879/825 830/892/837 829/891/836 817/878/824
f 819/880/826 831/893/838 830/892/837 818/879/825
f 820/869/816 832/882/828 831/893/838 819/880/826
f 821/881/827 833/894/839 844/895/840 832/882/828
f 822/883/829 834/896/841 833/897/839 821/884/827
f 823/885/830 835/898/842 834/896/841 822/883/829
f 824/886/831 836/899/843 835/898/842 823/885/830
f 825/887/832 837/900/844 836/899/843 824/886/831
f 826/888/833 838/901/845 837/900/844 825/887/832
f 827/889/834 839/902/846 838/901/845 826/888/833
f 828/890/835 840/903/847 839/902/846 827/889/834
f 829/891/836 841/904/848 840/903/847 828/890/835
f 830/892/837 842/905/849 841/904/848 829/891/836
f 831/893/838 843/906/850 842/905/849 830/892/837
f 832/882/828 844/895/840 843/906/850 831/893/838
f 833/894/839 845/907/851 856/908/852 844/895/840
f 834/896/841 846/909/853 845/910/851 833/897/839
f 835/898/842 847/911/854 846/909/853 834/896/841
f 836/899/843 848/912/855 847/911/854 835/898/842
f 837/900/844 849/913/856 848/912/855 836/899/843
f 838/901/845 850/914/857 849/913/856 837/900/844
f 839/902/846 851/915/858 850/914/857 838/901/845
f 840/903/847 852/916/859 851/915/858 839/902/846
f 841/904/848 853/917/860 852/916/859 840/903/847
f 842/905/849 854/918/861 853/917/860 841/904/848
f 843/906/850 855/919/862 854/918/861 842/905/849
f 844/895/840 856/908/852 855/919/862 843/906/850
f 845/907/851 857/920/863 868/921/864 856/908/852
f 846/909/853 858/922/865 857/923/863 845/910/851
f 847/911/854 859/924/866 858/922/865 846/909/853
f 848/912/855 860/925/867 859/924/866 847/911/854
f 849/913/856 861/926/868 860/925/867 848/912/855
f 850/914/857 862/927/869 861/926/868 849/913/856
f 851/915/858 863/928/870 862/927/869 850/914/857
f 852/916/859 864/929/871 863/928/870 851/915/858
f 853/917/860 865/930/872 864/929/871 852/916/859
f 854/918/861 866/931/873 865/930/872 853/917/860
f 855/919/862 867/932/874 866/931/873 854/918/861
f 856/908/852 868/921/864 867/932/874 855/919/862
f 857/920/863 869/933/875 880/934/876 868/921/864
f 858/922/865 870/935/877 869/936/875 857/923/863
f 859/924/866 871/937/878 870/935/877 858/922/865
f 860/925/867 872/938/879 871/937/878 859/924/866
f 861/926/868 873/939/880 872/938/879 860/925/867
f 862/927/869 874/940/881 873/939/880 861/926/868
f 863/928/870 875/941/882 874/940/881 862/927/869
f 864/929/871 876/942/883 875/941/882 863/928/870
f 865/930/872 877/943/884 876/942/883 864/929/871
f 866/931/873 878/944/885 877/943/884 865/930/872
f 867/932/874 879/945/886 878/944/885 866/931/873
f 868/921/864 880/934/876 879/945/886 867/932/874
f 869/933/875 881/946/887 892/947/888 880/934/876
f 870/935/877 882/948/889 881/949/887 869/936/875
f 871/937/878 883/950/890 882/948/889 870/935/877
f 872/938/879 884/951/891 883/950/890 871/937/878
f 873/939/880 885/952/892 884/951/891 872/938/879
f 874/940/881 886/953/893 885/952/892 873/939/880
f 875/941/882 887/954/894 886/953/893 874/940/881
f 876/942/883 888/955/895 887/954/894 875/941/882
f 877/943/884 889/956/896 888/955/895 876/942/883
f 878/944/885 890/957/897 889/956/896 877/943/884
f 879/945/886 891/958/898 890/957/897 878/944/885
f 880/934/876 892/947/888 891/958/898 879/945/886
f 881/946/887 893/959/899 904/960/900 892/947/888
f 882/948/889 894/961/901 893/962/899 881/949/887
f 883/950/890 895/963/902 894/961/901 882/948/889
f 884/951/891 896/964/903 895/963/902 883/950/890
f 885/952/892 897/965/904 896/964/903 884/951/891
f 886/953/893 898/966/905 897/965/904 885/952/892
f 887/954/894 899/967/906 898/966/905 886/953/893
f 888/955/895 900/968/907 899/967/906 887/954/894
f 889/956/896 901/969/908 900/968/907 888/955/895
f 890/957/897 902/970/909 901/969/908 889/956/896
f 891/958/898 903/971/910 902/970/909 890/957/897
f 892/947/888 904/960/900 903/971/910 891/958/898
f 893/959/899 905/972/911 916/973/912 904/960/900
f 894/961/901 906/974/913 905/975/911 893/962/899
f 895/963/902 907/976/914 906/974/913 894/961/901
f 896/964/903 908/977/915 907/976/914 895/963/902
f 897/965/904 909/978/916 908/977/915 896/964/903
f 898/966/905 910/979/917 909/978/916 897/965/904
f 899/967/906 911/980/918 910/979/917 898/966/905
f 900/968/907 912/981/919 911/980/918 899/967/906
f 901/969/908 913/982/920 912/981/919 900/968/907
f 902/970/909 914/983/921 913/982/920 901/969/908
f 903/971/910 915/984/922 914/983/921 902/970/909
f 904/960/900 916/973/912 915/984/922 903/971/910
f 905/972/911 917/985/923 928/986/924 916/973/912
f 906/974/913 918/987/925 917/988/923 905/975/911
f 907/976/914 919/989/926 918/987/925 906/974/913
f 908/977/915 920/990/927 919/989/926 907/976/914
f 909/978/916 921/991/928 920/990/927 908/977/915
f 910/979/917 922/992/929 921/991/928 909/978/916
f 911/980/918 923/993/930 922/992/929 910/979/917
f 912/981/919 924/994/931 923/993/930 911/980/918
f 913/982/920 925/995/932 924/994/931 912/981/919
f 914/983/921 926/996/933 925/995/932 913/982/920
f 915/984/922 927/997/934 926/996/933 914/983/921
f 916/973/912 928/986/924 927/997/934 915/984/922
f 917/985/923 929/998/935 940/999/936 928/986/924
f 918/987/925 930/1000/937 929/1001/935 917/988/923
f 919/989/926 931/1002/938 930/1000/937 918/987/925
f 920/990/927 932/1003/939 931/1002/938 919/989/926
f 921/991/928 933/1004/940 932/1003/939 920/990/927
f 922/992/929 934/1005/941 933/1004/940 921/991/928
f 923/993/930 935/1006/942 934/1005/941 922/992/929
f 924/994/931 936/1007/943 935/1006/942 923/993/930
f 925/995/932 937/1008/944 936/1007/943 924/994/931
f 926/996/933 938/1009/945 937/1008/944 925/995/932
f 927/997/934 939/1010/946 938/1009/945 926/996/933
f 928/986/924 940/999/936 939/1010/946 927/997/934
f 929/998/935 941/1011/947 952/1012/948 940/999/936
f 930/1000/937 942/1013/949 941/1014/947 929/1001/935
f 931/1002/938 943/1015/950 942/1013/949 930/1000/937
f 932/1003/939 944/1016/951 943/1015/950 931/1002/938
f 933/1004/940 945/1017/952 944/1016/951 932/1003/939
f 934/1005/941 946/1018/953 945/1017/952 933/1004/940
f 935/1006/942 947/1019/954 946/1018/953 934/1005/941
f 936/1007/943 948/1020/955 947/1019/954 935/1006/942
f 937/1008/944 949/1021/956 948/1020/955 936/1007/943
f 938/1009/945 950/1022/957 949/1021/956 937/1008/944
f 939/1010/946 951/1023/958 950/1022/957 938/1009/945
f 940/999/936 952/1012/948 951/1023/958 939/1010/946
f 941/1011/947 953/1024/959 964/1025/960 952/1012/948
f 942/1013/949 954/1026/961 953/1027/959 941/1014/947
f 943/1015/950 955/1028/962 954/1026/961 942/1013/949
f 944/1016/951 956/1029/963 955/1028/962 943/1015/950
f 945/1017/952 957/1030/964 956/1029/963 944/1016/951
f 946/1018/953 958/1031/965 957/1030/964 945/1017/952
f 947/1019/954 959/1032/966 958/1031/965 946/1018/953
f 948/1020/955 960/1033/967 959/1032/966 947/1019/954
f 949/1021/956 961/1034/968 960/1033/967 948/1020/955
f 950/1022/957 962/1035/969 961/1034/968 949/1021/956
f 951/1023/958 963/1036/970 962/1035/969 950/1022/957
f 952/1012/948 964/1025/960 963/1036/970 951/1023/958
f 953/1024/959 965/1037/971 976/1038/972 964/1025/960
f 954/1026/961 966/1039/973 965/1040/971 953/1027/959
f 955/1028/962 967/1041/974 966/1039/973 954/1026/961
f 956/1029/963 968/1042/975 967/1041/974 955/1028/962
f 957/1030/964 969/1043/976 968/1042/975 956/1029/963
f 958/1031/965 970/1044/977 969/1043/976 957/1030/964
f 959/1032/966 971/1045/978 970/1044/977 958/1031/965
f 960/1033/967 972/1046/979 971/1045/978 959/1032/966
f 961/1034/968 973/1047/980 972/1046/979 960/1033/967
f 962/1035/969 974/1048/981 973/1047/980 961/1034/968
f 963/1036/970 975/1049/982 974/1048/981 962/1035/969
f 964/1025/960 976/1038/972 975/1049/982 963/1036/970
f 965/1037/971 977/1050/983 988/1051/984 976/1038/972
f 966/1039/973 978/1052/985 977/1053/983 965/1040/971
f 967/1041/974 979/1054/986 978/1052/985 966/1039/973
f 968/1042/975 980/1055/987 979/1054/986 967/1041/974
f 969/1043/976 981/1056/988 980/1055/987 968/1042/975
f 970/1044/977 982/1057/989 981/1056/988 969/1043/976
f 971/1045/978 983/1058/990 982/1057/989 970/1044/977
f 972/1046/979 984/1059/991 983/1058/990 971/1045/978
f 973/1047/980 985/1060/992 984/1059/991 972/1046/979
f 974/1048/981 986/1061/993 985/1060/992 973/1047/980
f 975/1049/982 987/1062/994 986/1061/993 974/1048/981
f 976/1038/972 988/1051/984 987/1062/994 975/1049/982
f 977/1050/983 989/1063/995 1000/1064/996 988/1051/984
f 978/1052/985 990/1065/997 989/1066/995 977/1053/983
f 979/1054/986 991/1067/998 990/1065/997 978/1052/985
f 980/1055/987 992/1068/999 991/1067/998 979/1054/986
f 981/1056/988 993/1069/1000 992/1068/999 980/1055/987
f 982/1057/989 994/1070/1001 993/1069/1000 981/1056/988
f 983/1058/990 995/1071/1002 994/1070/1001 982/1057/989
f 984/1059/991 996/1072/1003 995/1071/1002 983/1058/990
f 985/1060/992 997/1073/1004 996/1072/1003 984/1059/991
f 986/1061/993 998/1074/1005 997/1073/1004 985/1060/992
f 987/1062/994 999/1075/1006 998/1074/1005 986/1061/993
f 988/1051/984 1000/1064/996 999/1075/1006 987/1062/994
f 989/1063/995 1001/1076/1007 1012/1077/1008 1000/1064/996
f 990/1065/997 1002/1078/1009 1001/1079/1007 989/1066/995
f 991/1067/998 1003/1080/1010 1002/1078/1009 990/1065/997
f 992/1068/999 1004/1081/1011 1003/1080/1010 991/1067/998
f 993/1069/1000 1005/1082/1012 1004/1081/1011 992/1068/999
f 994/1070/1001 1006/1083/1013 1005/1082/1012 993/1069/1000
f 995/1071/1002 1007/1084/1014 1006/1083/1013 994/1070/1001
f 996/1072/1003 1008/1085/1015 1007/1084/1014 995/1071/1002
f 997/1073/1004 1009/1086/1016 1008/1085/1015 996/1072/1003
f 998/1074/1005 1010/1087/1017 1009/1086/1016 997/1073/1004
f 999/1075/1006 1011/1088/1018 1010/1087/1017 998/1074/1005
f 1000/1064/996 1012/1077/1008 1011/1088/1018 999/1075/1006
f 1001/1076/1007 1013/1089/1019 1024/1090/1020 1012/1077/1008
f 1002/1078/1009 1014/1091/1021 1013/1092/1019 1001/1079/1007
f 1003/1080/1010 1015/1093/1022 1014/1091/1021 1002/1078/1009
f 1004/1081/1011 1016/1094/1023 1015/1093/1022 1003/1080/1010
f 1005/1082/1012 1017/1095/1024 1016/1094/1023 1004/1081/1011
f 1006/1083/1013 1018/1096/1025 1017/1095/1024 1005/1082/1012
f 1007/1084/1014 1019/1097/1026 1018/1096/1025 1006/1083/1013
f 1008/1085/1015 1020/1098/1027 1019/1097/1026 1007/1084/1014
f 1009/1086/1016 1021/1099/1028 1020/1098/1027 1008/1085/1015
f 1010/1087/1017 1022/1100/1029 1021/1099/1028 1009/1086/1016
f 1011/1088/1018 1023/1101/1030 1022/1100/1029 1010/1087/1017
f 1012/1077/1008 1024/1090/1020 1023/1101/1030 1011/1088/1018
f 1013/1089/1019 1025/1102/1031 1036/1103/1032 1024/1090/1020
f 1014/1091/1021 1026/1104/1033 1025/1105/1031 1013/1092/1019
f 1015/1093/1022 1027/1106/1034 1026/1104/1033 1014/1091/1021
f 1016/1094/1023 1028/1107/1035 1027/1106/1034 1015/1093/1022
f 1017/1095/1024 1029/1108/1036 1028/1107/1035 1016/1094/1023
f 1018/1096/1025 1030/1109/1037 1029/1108/1036 1017/1095/1024
f 1019/1097/1026 1031/1110/1038 1030/1109/1037 1018/1096/1025
f 1020/1098/1027 1032/1111/1039 1031/1110/1038 1019/1097/1026
f 1021/1099/1028 1033/1112/1040 1032/1111/1039 1020/1098/1027
f 1022/1100/1029 1034/1113/1041 1033/1112/1040 1021/1099/1028
f 1023/1101/1030 1035/1114/1042 1034/1113/1041 1022/1100/1029
f 1024/1090/1020 1036/1103/1032 1035/1114/1042 1023/1101/1030
f 1025/1102/1031 1037/1115/1043 1048/1116/1044 1036/1103/1032
f 1026/1104/1033 1038/1117/1045 1037/1118/1043 1025/1105/1031
f 1027/1106/1034 1039/1119/1046 1038/1117/1045 1026/1104/1033
f 1028/1107/1035 1040/1120/1047 1039/1119/1046 1027/1106/1034
f 1029/1108/1036 1041/1121/1048 1040/1120/1047 1028/1107/1035
f 1030/1109/1037 1042/1122/1049 1041/1121/1048 1029/1108/1036
f 1031/1110/1038 1043/1123/1050 1042/1122/1049 1030/1109/1037
f 1032/1111/1039 1044/1124/1051 1043/1123/1050 1031/1110/1038
f 1033/1112/1040 1045/1125/1052 1044/1124/1051 1032/1111/1039
f 1034/1113/1041 1046/1126/1053 1045/1125/1052 1033/1112/1040
f 1035/1114/1042 1047/1127/1054 1046/1126/1053 1034/1113/1041
f 1036/1103/1032 1048/1116/1044 1047/1127/1054 1035/1114/1042
f 1037/1115/1043 1049/1128/1055 1060/1129/1056 1048/1116/1044
f 1038/1117/1045 1050/1130/1057 1049/1131/1055 1037/1118/1043
f 1039/1119/1046 1051/1132/1058 1050/1130/1057 1038/1117/1045
f 1040/1120/1047 1052/1133/1059 1051/1132/1058 1039/1119/1046
f 1041/1121/1048 1053/1134/1060 1052/1133/1059 1040/1120/1047
f 1042/1122/1049 1054/1135/1061 1053/1134/1060 1041/1121/1048
f 1043/1123/1050 1055/1136/1062 1054/1135/1061 1042/1122/1049
f 1044/1124/1051 1056/1137/1063 1055/1136/1062 1043/1123/1050
f 1045/1125/1052 1057/1138/1064 1056/1137/1063 1044/1124/1051
f 1046/1126/1053 1058/1139/1065 1057/1138/1064 1045/1125/1052
f 1047/1127/1054 1059/1140/1066 1058/1139/1065 1046/1126/1053
f 1048/1116/1044 1060/1129/1056 1059/1140/1066 1047/1127/1054
f 1049/1128/1055 1061/1141/1067 1072/1142/1068 1060/1129/1056
f 1050/1130/1057 1062/1143/1069 1061/1144/1067 1049/1131/1055
f 1051/1132/1058 1063/1145/1070 1062/1143/1069 1050/1130/1057
f 1052/1133/1059 1064/1146/1071 1063/1145/1070 1051/1132/1058
f 1053/1134/1060 1065/1147/1072 1064/1146/1071 1052/1133/1059
f 1054/1135/1061 1066/1148/1073 1065/1147/1072 1053/1134/1060
f 1055/1136/1062 1067/1149/1074 1066/1148/1073 1054/1135/1061
f 1056/1137/1063 1068/1150/1075 1067/1149/1074 1055/1136/1062
f 1057/1138/1064 1069/1151/1076 1068/1150/1075 1056/1137/1063
f 1058/1139/1065 1070/1152/1077 1069/1151/1076 1057/1138/1064
f 1059/1140/1066 1071/1153/1078 1070/1152/1077 1058/1139/1065
f 1060/1129/1056 1072/1142/1068 1071/1153/1078 1059/1140/1066
f 1061/1141/1067 1073/1154/1079 1084/1155/1080 1072/1142/1068
f 1062/1143/1069 1074/1156/1081 1073/1157/1079 1061/1144/1067
f 1063/1145/1070 1075/1158/1082 1074/1156/1081 1062/1143/1069
f 1064/1146/1071 1076/1159/1083 1075/1158/1082 1063/1145/1070
f 1065/1147/1072 1077/1160/1084 1076/1159/1083 1064/1146/1071
f 1066/1148/1073 1078/1161/1085 1077/1160/1084 1065/1147/1072
f 1067/1149/1074 1079/1162/1086 1078/1161/1085 1066/1148/1073
f 1068/1150/1075 1080/1163/1087 1079/1162/1086 1067/1149/1074
f 1069/1151/1076 1081/1164/1088 1080/1163/1087 1068/1150/1075
f 1070/1152/1077 1082/1165/1089 1081/1164/1088 1069/1151/1076
f 1071/1153/1078 1083/1166/1090 1082/1165/1089 1070/1152/1077
f 1072/1142/1068 1084/1155/1080 1083/1166/1090 1071/1153/1078
f 1073/1154/1079 1085/1167/1091 1096/1168/1092 1084/1155/1080
f 1074/1156/1081 1086/1169/1093 1085/1170/1091 1073/1157/1079
f 1075/1158/1082 1087/1171/1094 1086/1169/1093 1074/1156/1081
f 1076/1159/1083 1088/1172/1095 1087/1171/1094 1075/1158/1082
f 1077/1160/1084 1089/1173/1096 1088/1172/1095 1076/1159/1083
f 1078/1161/1085 1090/1174/1097 1089/1173/1096 1077/1160/1084
f 1079/1162/1086 1091/1175/1098 1090/1174/1097 1078/1161/1085
f 1080/1163/1087 1092/1176/1099 1091/1175/1098 1079/1162/1086
f 1081/1164/1088 1093/1177/1100 1092/1176/1099 1080/1163/1087
f 1082/1165/1089 1094/1178/1101 1093/1177/1100 1081/1164/1088
f 1083/1166/1090 1095/1179/1102 1094/1178/1101 1082/1165/1089
f 1084/1155/1080 1096/1168/1092 1095/1179/1102 1083/1166/1090
f 1085/1167/1091 1097/1180/1103 1108/1181/1104 1096/1168/1092
f 1086/1169/1093 1098/1182/1105 1097/1183/1103 1085/1170/1091
f 1087/1171/1094 1099/1184/1106 1098/1182/1105 1086/1169/1093
f 1088/1172/1095 1100/1185/1107 1099/1184/1106 1087/1171/1094
f 1089/1173/1096 1101/1186/1108 1100/1185/1107 1088/1172/1095
f 1090/1174/1097 1102/1187/1109 1101/1186/1108 1089/1173/1096
f 1091/1175/1098 1103/1188/1110 1102/1187/1109 1090/1174/1097
f 1092/1176/1099 1104/1189/1111 1103/1188/1110 1091/1175/1098
f 1093/1177/1100 1105/1190/1112 1104/1189/1111 1092/1176/1099
f 1094/1178/1101 1106/1191/1113 1105/1190/1112 1093/1177/1100
f 1095/1179/1102 1107/1192/1114 1106/1191/1113 1094/1178/1101
f 1096/1168/1092 1108/1181/1104 1107/1192/1114 1095/1179/1102
f 1097/1180/1103 1109/1193/1115 1120/1194/1116 1108/1181/1104
f 1098/1182/1105 1110/1195/1117 1109/1196/1115 1097/1183/1103
f 1099/1184/1106 1111/1197/1118 1110/1195/1117 1098/1182/1105
f 1100/1185/1107 1112/1198/1119 1111/1197/1118 1099/1184/1106
f 1101/1186/1108 1113/1199/1120 1112/1198/1119 1100/1185/1107
f 1102/1187/1109 1114/1200/1121 1113/1199/1120 1101/1186/1108
f 1103/1188/1110 1115/1201/1122 1114/1200/1121 1102/1187/1109
f 1104/1189/1111 1116/1202/1123 1115/1201/1122 1103/1188/1110
f 1105/1190/1112 1117/1203/1124 1116/1202/1123 1104/1189/1111
f 1106/1191/1113 1118/1204/1125 1117/1203/1124 1105/1190/1112
f 1107/1192/1114 1119/1205/1126 1118/1204/1125 1106/1191/1113
f 1108/1181/1104 1120/1194/1116 1119/1205/1126 1107/1192/1114
f 1109/1193/1115 1121/1206/1127 1132/1207/1128 1120/1194/1116
f 1110/1195/1117 1122/1208/1129 1121/1209/1127 1109/1196/1115
f 1111/1197/1118 1123/1210/1130 1122/1208/1129 1110/1195/1117
f 1112/1198/1119 1124/1211/1131 1123/1210/1130 1111/1197/1118
f 1113/1199/1120 1125/1212/1132 1124/1211/1131 1112/1198/1119
f 1114/1200/1121 1126/1213/1133 1125/1212/1132 1113/1199/1120
f 1115/1201/1122 1127/1214/1134 1126/1213/1133 1114/1200/1121
f 1116/1202/1123 1128/1215/1135 1127/1214/1134 1115/1201/1122
f 1117/1203/1124 1129/1216/1136 1128/1215/1135 1116/1202/1123
f 1118/1204/1125 1130/1217/1137 1129/1216/1136 1117/1203/1124
f 1119/1205/1126 1131/1218/1138 1130/1217/1137 1118/1204/1125
f 1120/1194/1116 1132/1207/1128 1131/1218/1138 1119/1205/1126
f 1121/1206/1127 1133/1219/1139 1144/1220/1140 1132/1207/1128
f 1122/1208/1129 1134/1221/1141 1133/1222/1139 1121/1209/1127
f 1123/1210/1130 1135/1223/1142 1134/1221/1141 1122/1208/1129
f 1124/1211/1131 1136/1224/1143 1135/1223/1142 1123/1210/1130
f 1125/1212/1132 1137/1225/1144 1136/1224/1143 1124/1211/1131
f 1126/1213/1133 1138/1226/1145 1137/1225/1144 1125/1212/1132
f 1127/1214/1134 1139/1227/1146 1138/1226/1145 1126/1213/1133
f 1128/1215/1135 1140/1228/1147 1139/1227/1146 1127/1214/1134
f 1129/1216/1136 1141/1229/1148 1140/1228/1147 1128/1215/1135
f 1130/1217/1137 1142/1230/1149 1141/1229/1148 1129/1216/1136
f 1131/1218/1138 1143/1231/1150 1142/1230/1149 1130/1217/1137
f 1132/1207/1128 1144/1220/1140 1143/1231/1150 1131/1218/1138
f 1133/1219/1139 1145/1232/1151 1156/1233/1152 1144/1220/1140
f 1134/1221/1141 1146/1234/1153 1145/1235/1151 1133/1222/1139
f 1135/1223/1142 1147/1236/1154 1146/1234/1153 1134/1221/1141
f 1136/1224/1143 1148/1237/1155 1147/1236/1154 1135/1223/1142
f 1137/1225/1144 1149/1238/1156 1148/1237/1155 1136/1224/1143
f 1138/1226/1145 1150/1239/1157 1149/1238/1156 1137/1225/1144
f 1139/1227/1146 1151/1240/1158 1150/1239/1157 1138/1226/1145
f 1140/1228/1147 1152/1241/1159 1151/1240/1158 1139/1227/1146
f 1141/1229/1148 1153/1242/1160 1152/1241/1159 1140/1228/1147
f 1142/1230/1149 1154/1243/1161 1153/1242/1160 1141/1229/1148
f 1143/1231/1150 1155/1244/1162 1154/1243/1161 1142/1230/1149
f 1144/1220/1140 1156/1233/1152 1155/1244/1162 1143/1231/1150
f 1145/1232/1151 1157/1245/1163 1168/1246/1164 1156/1233/1152
f 1146/1234/1153 1158/1247/1165 1157/1248/1163 1145/1235/1151
f 1147/1236/1154 1159/1249/1166 1158/1247/1165 1146/1234/1153
f 1148/1237/1155 1160/1250/1167 1159/1249/1166 1147/1236/1154
f 1149/1238/1156 1161/1251/1168 1160/1250/1167 1148/1237/1155
f 1150/1239/1157 1162/1252/1169 1161/1251/1168 1149/1238/1156
f 1151/1240/1158 1163/1253/1170 1162/1252/1169 1150/1239/1157
f 1152/1241/1159 1164/1254/1171 1163/1253/1170 1151/1240/1158
f 1153/1242/1160 1165/1255/1172 1164/1254/1171 1152/1241/1159
f 1154/1243/1161 1166/1256/1173 1165/1255/1172 1153/1242/1160
f 1155/1244/1162 1167/1257/1174 1166/1256/1173 1154/1243/1161
f 1156/1233/1152 1168/1246/1164 1167/1257/1174 1155/1244/1162
f 1157/1245/1163 1169/1258/1175 1180/1259/1176 1168/1246/1164
f 1158/1247/1165 1170/1260/1177 1169/1261/1175 1157/1248/1163
f 1159/1249/1166 1171/1262/1178 1170/1260/1177 1158/1247/1165
f 1160/1250/1167 1172/1263/1179 1171/1262/1178 1159/1249/1166
f 1161/1251/1168 1173/1264/1180 1172/1263/1179 1160/1250/1167
f 1162/1252/1169 1174/1265/1181 1173/1264/1180 1161/1251/1168
f 1163/1253/1170 1175/1266/1182 1174/1265/1181 1162/1252/1169
f 1164/1254/1171 1176/1267/1183 1175/1266/1182 1163/1253/1170
f 1165/1255/1172 1177/1268/1184 1176/1267/1183 1164/1254/1171
f 1166/1256/1173 1178/1269/1185 1177/1268/1184 1165/1255/1172
f 1167/1257/1174 1179/1270/1186 1178/1269/1185 1166/1256/1173
f 1168/1246/1164 1180/1259/1176 1179/1270/1186 1167/1257/1174
f 1169/1258/1175 1181/1271/1187 1192/1272/1188 1180/1259/1176
f 1170/1260/1177 1182/1273/1189 1181/1274/1187 1169/1261/1175
f 1171/1262/1178 1183/1275/1190 1182/1273/1189 1170/1260/1177
f 1172/1263/1179 1184/1276/1191 1183/1275/1190 1171/1262/1178
f 1173/1264/1180 1185/1277/1192 1184/1276/1191 1172/1263/1179
f 1174/1265/1181 1186/1278/1193 1185/1277/1192 1173/1264/1180
f 1175/1266/1182 1187/1279/1194 1186/1278/1193 1174/1265/1181
f 1176/1267/1183 1188/1280/1195 1187/1279/1194 1175/1266/1182
f 1177/1268/1184 1189/1281/1196 1188/1280/1195 1176/1267/1183
f 1178/1269/1185 1190/1282/1197 1189/1281/1196 1177/1268/1184
f 1179/1270/1186 1191/1283/1198 1190/1282/1197 1178/1269/1185
f 1180/1259/1176 1192/1272/1188 1191/1283/1198 1179/1270/1186
f 1181/1271/1187 1193/1284/1199 1204/1285/1200 1192/1272/1188
f 1182/1273/1189 1194/1286/1201 1193/1287/1199 1181/1274/1187
f 1183/1275/1190 1195/1288/1202 1194/1286/1201 1182/1273/1189
f 1184/1276/1191 1196/1289/1203 1195/1288/1202 1183/1275/1190
f 1185/1277/1192 1197/1290/1204 1196/1289/1203 1184/1276/1191
f 1186/1278/1193 1198/1291/1205 1197/1290/1204 1185/1277/1192
f 1187/1279/1194 1199/1292/1206 1198/1291/1205 1186/1278/1193
f 1188/1280/1195 1200/1293/1207 1199/1292/1206 1187/1279/1194
f 1189/1281/1196 1201/1294/1208 1200/1293/1207 1188/1280/1195
f 1190/1282/1197 1202/1295/1209 1201/1294/1208 1189/1281/1196
f 1191/1283/1198 1203/1296/1210 1202/1295/1209 1190/1282/1197
f 1192/1272/1188 1204/1285/1200 1203/1296/1210 1191/1283/1198
f 1193/1284/1199 1205/1297/1211 1216/1298/1212 1204/1285/1200
f 1194/1286/1201 1206/1299/1213 1205/1300/1211 1193/1287/1199
f 1195/1288/1202 1207/1301/1214 1206/1299/1213 1194/1286/1201
f 1196/1289/1203 1208/1302/1215 1207/1301/1214 1195/1288/1202
f 1197/1290/1204 1209/1303/1216 1208/1302/1215 1196/1289/1203
f 1198/1291/1205 1210/1304/1217 1209/1303/1216 1197/1290/1204
f 1199/1292/1206 1211/1305/1218 1210/1304/1217 1198/1291/1205
f 1200/1293/1207 1212/1306/1219 1211/1305/1218 1199/1292/1206
f 1201/1294/1208 1213/1307/1220 1212/1306/1219 1200/1293/1207
f 1202/1295/1209 1214/1308/1221 1213/1307/1220 1201/1294/1208
f 1203/1296/1210 1215/1309/1222 1214/1308/1221 1202/1295/1209
f 1204/1285/1200 1216/1298/1212 1215/1309/1222 1203/1296/1210
f 1205/1297/1211 1217/1310/1223 1228/1311/1224 1216/1298/1212
f 1206/1299/1213 1218/1312/1225 1217/1313/1223 1205/1300/1211
f 1207/1301/1214 1219/1314/1226 1218/1312/1225 1206/1299/1213
f 1208/1302/1215 1220/1315/1215 1219/1314/1226 1207/1301/1214
f 1209/1303/1216 1221/1316/1227 1220/1315/1215 1208/1302/1215
f 1210/1304/1217 1222/1317/1228 1221/1316/1227 1209/1303/1216
f 1211/1305/1218 1223/1318/1229 1222/1317/1228 1210/1304/1217
f 1212/1306/1219 1224/1319/1230 1223/1318/1229 1211/1305/1218
f 1213/1307/1220 1225/1320/1231 1224/1319/1230 1212/1306/1219
f 1214/1308/1221 1226/1321/1232 1225/1320/1231 1213/1307/1220
f 1215/1309/1222 1227/1322/1233 1226/1321/1232 1214/1308/1221
f 1216/1298/1212 1228/1311/1224 1227/1322/1233 1215/1309/1222
f 1217/1310/1223 1229/1323/1234 1240/1324/1235 1228/1311/1224
f 1218/1312/1225 1230/1325/1236 1229/1326/1234 1217/1313/1223
f 1219/1314/1226 1231/1327/1237 1230/1325/1236 1218/1312/1225
f 1220/1315/1215 1232/1328/1238 1231/1327/1237 1219/1314/1226
f 1221/1316/1227 1233/1329/1239 1232/1328/1238 1220/1315/1215
f 1222/1317/1228 1234/1330/1240 1233/1329/1239 1221/1316/1227
f 1223/1318/1229 1235/1331/1241 1234/1330/1240 1222/1317/1228
f 1224/1319/1230 1236/1332/1242 1235/1331/1241 1223/1318/1229
f 1225/1320/1231 1237/1333/1243 1236/1332/1242 1224/1319/1230
f 1226/1321/1232 1238/1334/1244 1237/1333/1243 1225/1320/1231
f 1227/1322/1233 1239/1335/1245 1238/1334/1244 1226/1321/1232
f 1228/1311/1224 1240/1324/1235 1239/1335/1245 1227/1322/1233
f 1229/1323/1234 1241/1336/1246 1252/1337/1247 1240/1324/1235
f 1230/1325/1236 1242/1338/1248 1241/1339/1246 1229/1326/1234
f 1231/1327/1237 1243/1340/1249 1242/1338/1248 1230/1325/1236
f 1232/1328/1238 1244/1341/1250 1243/1340/1249 1231/1327/1237
f 1233/1329/1239 1245/1342/1251 1244/1341/1250 1232/1328/1238
f 1234/1330/1240 1246/1343/1252 1245/1342/1251 1233/1329/1239
f 1235/1331/1241 1247/1344/1253 1246/1343/1252 1234/1330/1240
f 1236/1332/1242 1248/1345/1254 1247/1344/1253 1235/1331/1241
f 1237/1333/1243 1249/1346/1255 1248/1345/1254 1236/1332/1242
f 1238/1334/1244 1250/1347/1256 1249/1346/1255 1237/1333/1243
f 1239/1335/1245 1251/1348/1257 1250/1347/1256 1238/1334/1244
f 1240/1324/1235 1252/1337/1247 1251/1348/1257 1239/1335/1245
f 1241/1336/1246 1253/1349/1258 1264/1350/1259 1252/1337/1247
f 1242/1338/1248 1254/1351/1260 1253/1352/1258 1241/1339/1246
f 1243/1340/1249 1255/1353/1261 1254/1351/1260 1242/1338/1248
f 1244/1341/1250 1256/1354/1262 1255/1353/1261 1243/1340/1249
f 1245/1342/1251 1257/1355/1263 1256/1354/1262 1244/1341/1250
f 1246/1343/1252 1258/1356/1264 1257/1355/1263 1245/1342/1251
f 1247/1344/1253 1259/1357/1265 1258/1356/1264 1246/1343/1252
f 1248/1345/1254 1260/1358/1266 1259/1357/1265 1247/1344/1253
f 1249/1346/1255 1261/1359/1267 1260/1358/1266 1248/1345/1254
f 1250/1347/1256 1262/1360/1268 1261/1359/1267 1249/1346/1255
f 1251/1348/1257 1263/1361/1269 1262/1360/1268 1250/1347/1256
f 1252/1337/1247 1264/1350/1259 1263/1361/1269 1251/1348/1257
f 1253/1349/1258 1265/1362/1270 1276/1363/1271 1264/1350/1259
f 1254/1351/1260 1266/1364/1272 1265/1365/1270 1253/1352/1258
f 1255/1353/1261 1267/1366/1273 1266/1364/1272 1254/1351/1260
f 1256/1354/1262 1268/1367/1274 1267/1366/1273 1255/1353/1261
f 1257/1355/1263 1269/1368/1275 1268/1367/1274 1256/1354/1262
f 1258/1356/1264 1270/1369/1276 1269/1368/1275 1257/1355/1263
f 1259/1357/1265 1271/1370/1277 1270/1369/1276 1258/1356/1264
f 1260/1358/1266 1272/1371/1278 1271/1370/1277 1259/1357/1265
f 1261/1359/1267 1273/1372/1279 1272/1371/1278 1260/1358/1266
f 1262/1360/1268 1274/1373/1280 1273/1372/1279 1261/1359/1267
f 1263/1361/1269 1275/1374/1281 1274/1373/1280 1262/1360/1268
f 1264/1350/1259 1276/1363/1271 1275/1374/1281 1263/1361/1269
f 1265/1362/1270 1277/1375/1282 1288/1376/1283 1276/1363/1271
f 1266/1364/1272 1278/1377/1284 1277/1378/1282 1265/1365/1270
f 1267/1366/1273 1279/1379/1285 1278/1377/1284 1266/1364/1272
f 1268/1367/1274 1280/1380/1286 1279/1379/1285 1267/1366/1273
f 1269/1368/1275 1281/1381/1287 1280/1380/1286 1268/1367/1274
f 1270/1369/1276 1282/1382/1288 1281/1381/1287 1269/1368/1275
f 1271/1370/1277 1283/1383/1289 1282/1382/1288 1270/1369/1276
f 1272/1371/1278 1284/1384/1290 1283/1383/1289 1271/1370/1277
f 1273/1372/1279 1285/1385/1291 1284/1384/1290 1272/1371/1278
f 1274/1373/1280 1286/1386/1292 1285/1385/1291 1273/1372/1279
f 1275/1374/1281 1287/1387/1293 1286/1386/1292 1274/1373/1280
f 1276/1363/1271 1288/1376/1283 1287/1387/1293 1275/1374/1281
f 1277/1375/1282 1289/1388/1294 1300/1389/1295 1288/1376/1283
f 1278/1377/1284 1290/1390/1296 1289/1391/1294 1277/1378/1282
f 1279/1379/1285 1291/1392/1297 1290/1390/1296 1278/1377/1284
f 1280/1380/1286 1292/1393/1298 1291/1392/1297 1279/1379/1285
f 1281/1381/1287 1293/1394/1299 1292/1393/1298 1280/1380/1286
f 1282/1382/1288 1294/1395/1300 1293/1394/1299 1281/1381/1287
f 1283/1383/1289 1295/1396/1301 1294/1395/1300 1282/1382/1288
f 1284/1384/1290 1296/1397/1302 1295/1396/1301 1283/1383/1289
f 1285/1385/1291 1297/1398/1303 1296/1397/1302 1284/1384/1290
f 1286/1386/1292 1298/1399/1304 1297/1398/1303 1285/1385/1291
f 1287/1387/1293 1299/1400/1305 1298/1399/1304 1286/1386/1292
f 1288/1376/1283 1300/1389/1295 1299/1400/1305 1287/1387/1293
f 1289/1388/1294 1301/1401/1306 1312/1402/1307 1300/1389/1295
f 1290/1390/1296 1302/1403/1308 1301/1404/1306 1289/1391/1294
f 1291/1392/1297 1303/1405/1309 1302/1403/1308 1290/1390/1296
f 1292/1393/1298 1304/1406/1310 1303/1405/1309 1291/1392/1297
f 1293/1394/1299 1305/1407/1311 1304/1406/1310 1292/1393/1298
f 1294/1395/1300 1306/1408/1312 1305/1407/1311 1293/1394/1299
f 1295/1396/1301 1307/1409/1313 1306/1408/1312 1294/1395/1300
f 1296/1397/1302 1308/1410/1314 1307/1409/1313 1295/1396/1301
f 1297/1398/1303 1309/1411/1315 1308/1410/1314 1296/1397/1302
f 1298/1399/1304 1310/1412/1316 1309/1411/1315 1297/1398/1303
f 1299/1400/1305 1311/1413/1317 1310/1412/1316 1298/1399/1304
f 1300/1389/1295 1312/1402/1307 1311/1413/1317 1299/1400/1305
f 1301/1401/1306 1313/1414/1318 1324/1415/1319 1312/1402/1307
f 1302/1403/1308 1314/1416/1320 1313/1417/1318 1301/1404/1306
f 1303/1405/1309 1315/1418/1321 1314/1416/1320 1302/1403/1308
f 1304/1406/1310 1316/1419/1322 1315/1418/1321 1303/1405/1309
f 1305/1407/1311 1317/1420/1323 1316/1419/1322 1304/1406/1310
f 1306/1408/1312 1318/1421/1324 1317/1420/1323 1305/1407/1311
f 1307/1409/1313 1319/1422/1325 1318/1421/1324 1306/1408/1312
f 1308/1410/1314 1320/1423/1326 1319/1422/1325 1307/1409/1313
f 1309/1411/1315 1321/1424/1327 1320/1423/1326 1308/1410/1314
f 1310/1412/1316 1322/1425/1328 1321/1424/1327 1309/1411/1315
f 1311/1413/1317 1323/1426/1329 1322/1425/1328 1310/1412/1316
f 1312/1402/1307 1324/1415/1319 1323/1426/1329 1311/1413/1317
f 1313/1414/1318 1325/1427/1330 1336/1428/1331 1324/1415/1319
f 1314/1416/1320 1326/1429/1332 1325/1430/1330 1313/1417/1318
f 1315/1418/1321 1327/1431/1333 1326/1429/1332 1314/1416/1320
f 1316/1419/1322 1328/1432/1334 1327/1431/1333 1315/1418/1321
f 1317/1420/1323 1329/1433/1335 1328/1432/1334 1316/1419/1322
f 1318/1421/1324 1330/1434/1336 1329/1433/1335 1317/1420/1323
f 1319/1422/1325 1331/1435/1337 1330/1434/1336 1318/1421/1324
f 1320/1423/1326 1332/1436/1338 1331/1435/1337 1319/1422/1325
f 1321/1424/1327 1333/1437/1339 1332/1436/1338 1320/1423/1326
f 1322/1425/1328 1334/1438/1340 1333/1437/1339 1321/1424/1327
f 1323/1426/1329 1335/1439/1341 1334/1438/1340 1322/1425/1328
f 1324/1415/1319 1336/1428/1331 1335/1439/1341 1323/1426/1329
f 1325/1427/1330 1337/1440/1342 1348/1441/1343 1336/1428/1331
f 1326/1429/1332 1338/1442/1344 1337/1443/1342 1325/1430/1330
f 1327/1431/1333 1339/1444/1345 1338/1442/1344 1326/1429/1332
f 1328/1432/1334 1340/1445/1346 1339/1444/1345 1327/1431/1333
f 1329/1433/1335 1341/1446/1347 1340/1445/1346 1328/1432/1334
f 1330/1434/1336 1342/1447/1348 1341/1446/1347 1329/1433/1335
f 1331/1435/1337 1343/1448/1349 1342/1447/1348 1330/1434/1336
f 1332/1436/1338 1344/1449/1350 1343/1448/1349 1331/1435/1337
f 1333/1437/1339 1345/1450/1351 1344/1449/1350 1332/1436/1338
f 1334/1438/1340 1346/1451/1352 1345/1450/1351 1333/1437/1339
f 1335/1439/1341 1347/1452/1353 1346/1451/1352 1334/1438/1340
f 1336/1428/1331 1348/1441/1343 1347/1452/1353 1335/1439/1341
f 1337/1440/1342 1349/1453/1354 1360/1454/1355 1348/1441/1343
f 1338/1442/1344 1350/1455/1356 1349/1456/1354 1337/1443/1342
f 1339/1444/1345 1351/1457/1357 1350/1455/1356 1338/1442/1344
f 1340/1445/1346 1352/1458/1358 1351/1457/1357 1339/1444/1345
f 1341/1446/1347 1353/1459/1359 1352/1458/1358 1340/1445/1346
f 1342/1447/1348 1354/1460/1360 1353/1459/1359 1341/1446/1347
f 1343/1448/1349 1355/1461/1361 1354/1460/1360 1342/1447/1348
f 1344/1449/1350 1356/1462/1362 1355/1461/1361 1343/1448/1349
f 1345/1450/1351 1357/1463/1363 1356/1462/1362 1344/1449/1350
f 1346/1451/1352 1358/1464/1364 1357/1463/1363 1345/1450/1351
f 1347/1452/1353 1359/1465/1365 1358/1464/1364 1346/1451/1352
f 1348/1441/1343 1360/1454/1355 1359/1465/1365 1347/1452/1353
f 1349/1453/1354 1361/1466/1366 1372/1467/1367 1360/1454/1355
f 1350/1455/1356 1362/1468/1368 1361/1469/1366 1349/1456/1354
f 1351/1457/1357 1363/1470/1369 1362/1468/1368 1350/1455/1356
f 1352/1458/1358 1364/1471/1370 1363/1470/1369 1351/1457/1357
f 1353/1459/1359 1365/1472/1371 1364/1471/1370 1352/1458/1358
f 1354/1460/1360 1366/1473/1372 1365/1472/1371 1353/1459/1359
f 1355/1461/1361 1367/1474/1373 1366/1473/1372 1354/1460/1360
f 1356/1462/1362 1368/1475/1374 1367/1474/1373 1355/1461/1361
f 1357/1463/1363 1369/1476/1375 1368/1475/1374 1356/1462/1362
f 1358/1464/1364 1370/1477/1376 1369/1476/1375 1357/1463/1363
f 1359/1465/1365 1371/1478/1377 1370/1477/1376 1358/1464/1364
f 1360/1454/1355 1372/1467/1367 1371/1478/1377 1359/1465/1365
f 1361/1466/1366 1373/1479/1378 1384/1480/1379 1372/1467/1367
f 1362/1468/1368 1374/1481/1380 1373/1482/1378 1361/1469/1366
f 1363/1470/1369 1375/1483/1381 1374/1481/1380 1362/1468/1368
f 1364/1471/1370 1376/1484/1382 1375/1483/1381 1363/1470/1369
f 1365/1472/1371 1377/1485/1383 1376/1484/1382 1364/1471/1370
f 1366/1473/1372 1378/1486/1384 1377/1485/1383 1365/1472/1371
f 1367/1474/1373 1379/1487/1385 1378/1486/1384 1366/1473/1372
f 1368/1475/1374 1380/1488/1386 1379/1487/1385 1367/1474/1373
f 1369/1476/1375 1381/1489/1387 1380/1488/1386 1368/1475/1374
f 1370/1477/1376 1382/1490/1388 1381/1489/1387 1369/1476/1375
f 1371/1478/1377 1383/1491/1389 1382/1490/1388 1370/1477/1376
f 1372/1467/1367 1384/1480/1379 1383/1491/1389 1371/1478/1377
f 1373/1479/1378 1385/1492/1390 1396/1493/1391 1384/1480/1379
f 1374/1481/1380 1386/1494/1392 1385/1495/1390 1373/1482/1378
f 1375/1483/1381 1387/1496/1393 1386/1494/1392 1374/1481/1380
f 1376/1484/1382 1388/1497/1394 1387/1496/1393 1375/1483/1381
f 1377/1485/1383 1389/1498/1395 1388/1497/1394 1376/1484/1382
f 1378/1486/1384 1390/1499/1396 1389/1498/1395 1377/1485/1383
f 1379/1487/1385 1391/1500/1397 1390/1499/1396 1378/1486/1384
f 1380/1488/1386 1392/1501/1398 1391/1500/1397 1379/1487/1385
f 1381/1489/1387 1393/1502/1399 1392/1501/1398 1380/1488/1386
f 1382/1490/1388 1394/1503/1400 1393/1502/1399 1381/1489/1387
f 1383/1491/1389 1395/1504/1401 1394/1503/1400 1382/1490/1388
f 1384/1480/1379 1396/1493/1391 1395/1504/1401 1383/1491/1389
f 1385/1492/1390 1397/1505/1402 1408/1506/1403 1396/1493/1391
f 1386/1494/1392 1398/1507/1404 1397/1508/1402 1385/1495/1390
f 1387/1496/1393 1399/1509/1405 1398/1507/1404 1386/1494/1392
f 1388/1497/1394 1400/1510/1406 1399/1509/1405 1387/1496/1393
f 1389/1498/1395 1401/1511/1407 1400/1510/1406 1388/1497/1394
f 1390/1499/1396 1402/1512/1408 1401/1511/1407 1389/1498/1395
f 1391/1500/1397 1403/1513/1409 1402/1512/1408 1390/1499/1396
f 1392/1501/1398 1404/1514/1410 1403/1513/1409 1391/1500/1397
f 1393/1502/1399 1405/1515/1411 1404/1514/1410 1392/1501/1398
f 1394/1503/1400 1406/1516/1412 1405/1515/1411 1393/1502/1399
f 1395/1504/1401 1407/1517/1413 1406/1516/1412 1394/1503/1400
f 1396/1493/1391 1408/1506/1403 1407/1517/1413 1395/1504/1401
f 1397/1505/1402 1409/1518/1414 1420/1519/1415 1408/1506/1403
f 1398/1507/1404 1410/1520/1416 1409/1521/1414 1397/1508/1402
f 1399/1509/1405 1411/1522/1417 1410/1520/1416 1398/1507/1404
f 1400/1510/1406 1412/1523/1418 1411/1522/1417 1399/1509/1405
f 1401/1511/1407 1413/1524/1419 1412/1523/1418 1400/1510/1406
f 1402/1512/1408 1414/1525/1420 1413/1524/1419 1401/1511/1407
f 1403/1513/1409 1415/1526/1421 1414/1525/1420 1402/1512/1408
f 1404/1514/1410 1416/1527/1422 1415/1526/1421 1403/1513/1409
f 1405/1515/1411 1417/1528/1423 1416/1527/1422 1404/1514/1410
f 1406/1516/1412 1418/1529/1424 1417/1528/1423 1405/1515/1411
f 1407/1517/1413 1419/1530/1425 1418/1529/1424 1406/1516/1412
f 1408/1506/1403 1420/1519/1415 1419/1530/1425 1407/1517/1413
f 1409/1518/1414 1421/1531/1426 1432/1532/1427 1420/1519/1415
f 1410/1520/1416 1422/1533/1428 1421/1534/1426 1409/1521/1414
f 1411/1522/1417 1423/1535/1429 1422/1533/1428 1410/1520/1416
f 1412/1523/1418 1424/1536/1430 1423/1535/1429 1411/1522/1417
f 1413/1524/1419 1425/1537/1431 1424/1536/1430 1412/1523/1418
f 1414/1525/1420 1426/1538/1432 1425/1537/1431 1413/1524/1419
f 1415/1526/1421 1427/1539/1433 1426/1538/1432 1414/1525/1420
f 1416/1527/1422 1428/1540/1434 1427/1539/1433 1415/1526/1421
f 1417/1528/1423 1429/1541/1435 1428/1540/1434 1416/1527/1422
f 1418/1529/1424 1430/1542/1436 1429/1541/1435 1417/1528/1423
f 1419/1530/1425 1431/1543/1437 1430/1542/1436 1418/1529/1424
f 1420/1519/1415 1432/1532/1427 1431/1543/1437 1419/1530/1425
f 1421/1531/1426 1433/1544/1438 1444/1545/1439 1432/1532/1427
f 1422/1533/1428 1434/1546/1440 1433/1547/1438 1421/1534/1426
f 1423/1535/1429 1435/1548/1441 1434/1546/1440 1422/1533/1428
f 1424/1536/1430 1436/1549/1442 1435/1548/1441 1423/1535/1429
f 1425/1537/1431 1437/1550/1443 1436/1549/1442 1424/1536/1430
f 1426/1538/1432 1438/1551/1444 1437/1550/1443 1425/1537/1431
f 1427/1539/1433 1439/1552/1445 1438/1551/1444 1426/1538/1432
f 1428/1540/1434 1440/1553/1446 1439/1552/1445 1427/1539/1433
f 1429/1541/1435 1441/1554/1447 1440/1553/1446 1428/1540/1434
f 1430/1542/1436 1442/1555/1448 1441/1554/1447 1429/1541/1435
f 1431/1543/1437 1443/1556/1449 1442/1555/1448 1430/1542/1436
f 1432/1532/1427 1444/1545/1439 1443/1556/1449 1431/1543/1437
f 1433/1544/1438 1445/1557/1450 1456/1558/1451 1444/1545/1439
f 1434/1546/1440 1446/1559/1452 1445/1560/1450 1433/1547/1438
f 1435/1548/1441 1447/1561/1453 1446/1559/1452 1434/1546/1440
f 1436/1549/1442 1448/1562/1454 1447/1561/1453 1435/1548/1441
f 1437/1550/1443 1449/1563/1455 1448/1562/1454 1436/1549/1442
f 1438/1551/1444 1450/1564/1456 1449/1563/1455 1437/1550/1443
f 1439/1552/1445 1451/1565/1457 1450/1564/1456 1438/1551/1444
f 1440/1553/1446 1452/1566/1458 1451/1565/1457 1439/1552/1445
f 1441/1554/1447 1453/1567/1459 1452/1566/1458 1440/1553/1446
f 1442/1555/1448 1454/1568/1460 1453/1567/1459 1441/1554/1447
f 1443/1556/1449 1455/1569/1461 1454/1568/1460 1442/1555/1448
f 1444/1545/1439 1456/1558/1451 1455/1569/1461 1443/1556/1449
f 1445/1557/1450 1457/1570/1462 1468/1571/1463 1456/1558/1451
f 1446/1559/1452 1458/1572/1464 1457/1573/1462 1445/1560/1450
f 1447/1561/1453 1459/1574/1465 1458/1572/1464 1446/1559/1452
f 1448/1562/1454 1460/1575/1466 1459/1574/1465 1447/1561/1453
f 1449/1563/1455 1461/1576/1467 1460/1575/1466 1448/1562/1454
f 1450/1564/1456 1462/1577/1468 1461/1576/1467 1449/1563/1455
f 1451/1565/1457 1463/1578/1469 1462/1577/1468 1450/1564/1456
f 1452/1566/1458 1464/1579/1470 1463/1578/1469 1451/1565/1457
f 1453/1567/1459 1465/1580/1471 1464/1579/1470 1452/1566/1458
f 1454/1568/1460 1466/1581/1472 1465/1580/1471 1453/1567/1459
f 1455/1569/1461 1467/1582/1473 1466/1581/1472 1454/1568/1460
f 1456/1558/1451 1468/1571/1463 1467/1582/1473 1455/1569/1461
f 1457/1570/1462 1469/1583/1474 1480/1584/1475 1468/1571/1463
f 1458/1572/1464 1470/1585/1476 1469/1586/1474 1457/1573/1462
f 1459/1574/1465 1471/1587/1477 1470/1585/1476 1458/1572/1464
f 1460/1575/1466 1472/1588/1478 1471/1587/1477 1459/1574/1465
f 1461/1576/1467 1473/1589/1479 1472/1588/1478 1460/1575/1466
f 1462/1577/1468 1474/1590/1480 1473/1589/1479 1461/1576/1467
f 1463/1578/1469 1475/1591/1481 1474/1590/1480 1462/1577/1468
f 1464/1579/1470 1476/1592/1482 1475/1591/1481 1463/1578/1469
f 1465/1580/1471 1477/1593/1483 1476/1592/1482 1464/1579/1470
f 1466/1581/1472 1478/1594/1484 1477/1593/1483 1465/1580/1471
f 1467/1582/1473 1479/1595/1485 1478/1594/1484 1466/1581/1472
f 1468/1571/1463 1480/1584/1475 1479/1595/1485 1467/1582/1473
f 1469/1583/1474 1481/1596/1486 1492/1597/1487 1480/1584/1475
f 1470/1585/1476 1482/1598/1488 1481/1599/1486 1469/1586/1474
f 1471/1587/1477 1483/1600/1489 1482/1598/1488 1470/1585/1476
f 1472/1588/1478 1484/1601/1490 1483/1600/1489 1471/1587/1477
f 1473/1589/1479 1485/1602/1491 1484/1601/1490 1472/1588/1478
f 1474/1590/1480 1486/1603/1492 1485/1602/1491 1473/1589/1479
f 1475/1591/1481 1487/1604/1493 1486/1603/1492 1474/1590/1480
f 1476/1592/1482 1488/1605/1494 1487/1604/1493 1475/1591/1481
f 1477/1593/1483 1489/1606/1495 1488/1605/1494 1476/1592/1482
f 1478/1594/1484 1490/1607/1496 1489/1606/1495 1477/1593/1483
f 1479/1595/1485 1491/1608/1497 1490/1607/1496 1478/1594/1484
f 1480/1584/1475 1492/1597/1487 1491/1608/1497 1479/1595/1485
f 1481/1596/1486 1493/1609/1498 1504/1610/1499 1492/1597/1487
f 1482/1598/1488 1494/1611/1500 1493/1612/1498 1481/1599/1486
f 1483/1600/1489 1495/1613/1501 1494/1611/1500 1482/1598/1488
f 1484/1601/1490 1496/1614/1502 1495/1613/1501 1483/1600/1489
f 1485/1602/1491 1497/1615/1503 1496/1614/1502 1484/1601/1490
f 1486/1603/1492 1498/1616/1504 1497/1615/1503 1485/1602/1491
f 1487/1604/1493 1499/1617/1505 1498/1616/1504 1486/1603/1492
f 1488/1605/1494 1500/1618/1506 1499/1617/1505 1487/1604/1493
f 1489/1606/1495 1501/1619/1507 1500/1618/1506 1488/1605/1494
f 1490/1607/1496 1502/1620/1508 1501/1619/1507 1489/1606/1495
f 1491/1608/1497 1503/1621/1509 1502/1620/1508 1490/1607/1496
f 1492/1597/1487 1504/1610/1499 1503/1621/1509 1491/1608/1497
f 1493/1609/1498 1505/1622/1510 1516/1623/1511 1504/1610/1499
f 1494/1611/1500 1506/1624/1512 1505/1625/1510 1493/1612/1498
f 1495/1613/1501 1507/1626/1513 1506/1624/1512 1494/1611/1500
f 1496/1614/1502 1508/1627/1514 1507/1626/1513 1495/1613/1501
f 1497/1615/1503 1509/1628/1515 1508/1627/1514 1496/1614/1502
f 1498/1616/1504 1510/1629/1516 1509/1628/1515 1497/1615/1503
f 1499/1617/1505 1511/1630/1517 1510/1629/1516 1498/1616/1504
f 1500/1618/1506 1512/1631/1518 1511/1630/1517 1499/1617/1505
f 1501/1619/1507 1513/1632/1519 1512/1631/1518 1500/1618/1506
f 1502/1620/1508 1514/1633/1520 1513/1632/1519 1501/1619/1507
f 1503/1621/1509 1515/1634/1521 1514/1633/1520 1502/1620/1508
f 1504/1610/1499 1516/1623/1511 1515/1634/1521 1503/1621/1509
f 1505/1622/1510 1517/1635/1522 1528/1636/1523 1516/1623/1511
f 1506/1624/1512 1518/1637/1524 1517/1638/1522 1505/1625/1510
f 1507/1626/1513 1519/1639/1525 1518/1637/1524 1506/1624/1512
f 1508/1627/1514 1520/1640/1526 1519/1639/1525 1507/1626/1513
f 1509/1628/1515 1521/1641/1527 1520/1640/1526 1508/1627/1514
f 1510/1629/1516 1522/1642/1528 1521/1641/1527 1509/1628/1515
f 1511/1630/1517 1523/1643/1529 1522/1642/1528 1510/1629/1516
f 1512/1631/1518 1524/1644/1530 1523/1643/1529 1511/1630/1517
f 1513/1632/1519 1525/1645/1531 1524/1644/1530 1512/1631/1518
f 1514/1633/1520 1526/1646/1532 1525/1645/1531 1513/1632/1519
f 1515/1634/1521 1527/1647/1533 1526/1646/1532 1514/1633/1520
f 1516/1623/1511 1528/1636/1523 1527/1647/1533 1515/1634/1521
f 1517/1635/1522 1529/1648/1534 1540/1649/1535 1528/1636/1523
f 1518/1637/1524 1530/1650/1536 1529/1651/1534 1517/1638/1522
f 1519/1639/1525 1531/1652/1537 1530/1650/1536 1518/1637/1524
f 1520/1640/1526 1532/1653/1538 1531/1652/1537 1519/1639/1525
f 1521/1641/1527 1533/1654/1539 1532/1653/1538 1520/1640/1526
f 1522/1642/1528 1534/1655/1540 1533/1654/1539 1521/1641/1527
f 1523/1643/1529 1535/1656/1541 1534/1655/1540 1522/1642/1528
f 1524/1644/1530 1536/1657/1542 1535/1656/1541 1523/1643/1529
f 1525/1645/1531 1537/1658/1543 1536/1657/1542 1524/1644/1530
f 1526/1646/1532 1538/1659/1544 1537/1658/1543 1525/1645/1531
f 1527/1647/1533 1539/1660/1545 1538/1659/1544 1526/1646/1532
f 1528/1636/1523 1540/1649/1535 1539/1660/1545 1527/1647/1533
f 1529/1648/1534 1541/1661/1546 1552/1662/1547 1540/1649/1535
f 1530/1650/1536 1542/1663/1548 1541/1664/1546 1529/1651/1534
f 1531/1652/1537 1543/1665/1549 1542/1663/1548 1530/1650/1536
f 1532/1653/1538 1544/1666/1550 1543/1665/1549 1531/1652/1537
f 1533/1654/1539 1545/1667/1551 1544/1666/1550 1532/1653/1538
f 1534/1655/1540 1546/1668/1552 1545/1667/1551 1533/1654/1539
f 1535/1656/1541 1547/1669/1553 1546/1668/1552 1534/1655/1540
f 1536/1657/1542 1548/1670/1554 1547/1669/1553 1535/1656/1541
f 1537/1658/1543 1549/1671/1555 1548/1670/1554 1536/1657/1542
f 1538/1659/1544 1550/1672/1556 1549/1671/1555 1537/1658/1543
f 1539/1660/1545 1551/1673/1557 1550/1672/1556 1538/1659/1544
f 1540/1649/1535 1552/1662/1547 1551/1673/1557 1539/1660/1545
f 1541/1661/1546 1553/1674/1558 1564/1675/1559 1552/1662/1547
f 1542/1663/1548 1554/1676/1560 1553/1677/1558 1541/1664/1546
f 1543/1665/1549 1555/1678/1561 1554/1676/1560 1542/1663/1548
f 1544/1666/1550 1556/1679/1562 1555/1678/1561 1543/1665/1549
f 1545/1667/1551 1557/1680/1563 1556/1679/1562 1544/1666/1550
f 1546/1668/1552 1558/1681/1564 1557/1680/1563 1545/1667/1551
f 1547/1669/1553 1559/1682/1565 1558/1681/1564 1546/1668/1552
f 1548/1670/1554 1560/1683/1566 1559/1682/1565 1547/1669/1553
f 1549/1671/1555 1561/1684/1567 1560/1683/1566 1548/1670/1554
f 1550/1672/1556 1562/1685/1568 1561/1684/1567 1549/1671/1555
f 1551/1673/1557 1563/1686/1569 1562/1685/1568 1550/1672/1556
f 1552/1662/1547 1564/1675/1559 1563/1686/1569 1551/1673/1557
f 1553/1674/1558 1565/1687/1570 1576/1688/1571 1564/1675/1559
f 1554/1676/1560 1566/1689/1572 1565/1690/1570 1553/1677/1558
f 1555/1678/1561 1567/1691/1573 1566/1689/1572 1554/1676/1560
f 1556/1679/1562 1568/1692/1574 1567/1691/1573 1555/1678/1561
f 1557/1680/1563 1569/1693/1575 1568/1692/1574 1556/1679/1562
f 1558/1681/1564 1570/1694/1576 1569/1693/1575 1557/1680/1563
f 1559/1682/1565 1571/1695/1577 1570/1694/1576 1558/1681/1564
f 1560/1683/1566 1572/1696/1578 1571/1695/1577 1559/1682/1565
f 1561/1684/1567 1573/1697/1579 1572/1696/1578 1560/1683/1566
f 1562/1685/1568 1574/1698/1580 1573/1697/1579 1561/1684/1567
f 1563/1686/1569 1575/1699/1581 1574/1698/1580 1562/1685/1568
f 1564/1675/1559 1576/1688/1571 1575/1699/1581 1563/1686/1569
f 1565/1687/1570 1577/1700/1582 1588/1701/1583 1576/1688/1571
f 1566/1689/1572 1578/1702/1584 1577/1703/1582 1565/1690/1570
f 1567/1691/1573 1579/1704/1585 1578/1702/1584 1566/1689/1572
f 1568/1692/1574 1580/1705/1586 1579/1704/1585 1567/1691/1573
f 1569/1693/1575 1581/1706/1587 1580/1705/1586 1568/1692/1574
f 1570/1694/1576 1582/1707/1588 1581/1706/1587 1569/1693/1575
f 1571/1695/1577 1583/1708/1589 1582/1707/1588 1570/1694/1576
f 1572/1696/1578 1584/1709/1590 1583/1708/1589 1571/1695/1577
f 1573/1697/1579 1585/1710/1591 1584/1709/1590 1572/1696/1578
f 1574/1698/1580 1586/1711/1592 1585/1710/1591 1573/1697/1579
f 1575/1699/1581 1587/1712/1593 1586/1711/1592 1574/1698/1580
f 1576/1688/1571 1588/1701/1583 1587/1712/1593 1575/1699/1581
f 1577/1700/1582 1589/1713/1594 1600/1714/1595 1588/1701/1583
f 1578/1702/1584 1590/1715/1596 1589/1716/1594 1577/1703/1582
f 1579/1704/1585 1591/1717/1597 1590/1715/1596 1578/1702/1584
f 1580/1705/1586 1592/1718/1598 1591/1717/1597 1579/1704/1585
f 1581/1706/1587 1593/1719/1599 1592/1718/1598 1580/1705/1586
f 1582/1707/1588 1594/1720/1600 1593/1719/1599 1581/1706/1587
f 1583/1708/1589 1595/1721/1601 1594/1720/1600 1582/1707/1588
f 1584/1709/1590 1596/1722/1602 1595/1721/1601 1583/1708/1589
f 1585/1710/1591 1597/1723/1603 1596/1722/1602 1584/1709/1590
f 1586/1711/1592 1598/1724/1604 1597/1723/1603 1585/1710/1591
f 1587/1712/1593 1599/1725/1605 1598/1724/1604 1586/1711/1592
f 1588/1701/1583 1600/1714/1595 1599/1725/1605 1587/1712/1593
f 1589/1713/1594 1601/1726/1606 1612/1727/1607 1600/1714/1595
f 1590/1715/1596 1602/1728/1608 1601/1729/1606 1589/1716/1594
f 1591/1717/1597 1603/1730/1609 1602/1728/1608 1590/1715/1596
f 1592/1718/1598 1604/1731/1610 1603/1730/1609 1591/1717/1597
f 1593/1719/1599 1605/1732/1611 1604/1731/1610 1592/1718/1598
f 1594/1720/1600 1606/1733/1612 1605/1732/1611 1593/1719/1599
f 1595/1721/1601 1607/1734/1613 1606/1733/1612 1594/1720/1600
f 1596/1722/1602 1608/1735/1614 1607/1734/1613 1595/1721/1601
f 1597/1723/1603 1609/1736/1615 1608/1735/1614 1596/1722/1602
f 1598/1724/1604 1610/1737/1616 1609/1736/1615 1597/1723/1603
f 1599/1725/1605 1611/1738/1617 1610/1737/1616 1598/1724/1604
f 1600/1714/1595 1612/1727/1607 1611/1738/1617 1599/1725/1605
f 1601/1726/1606 1613/1739/1618 1624/1740/1619 1612/1727/1607
f 1602/1728/1608 1614/1741/1620 1613/1742/1618 1601/1729/1606
f 1603/1730/1609 1615/1743/1621 1614/1741/1620 1602/1728/1608
f 1604/1731/1610 1616/1744/1622 1615/1743/1621 1603/1730/1609
f 1605/1732/1611 1617/1745/1623 1616/1744/1622 1604/1731/1610
f 1606/1733/1612 1618/1746/1624 1617/1745/1623 1605/1732/1611
f 1607/1734/1613 1619/1747/1625 1618/1746/1624 1606/1733/1612
f 1608/1735/1614 1620/1748/1626 1619/1747/1625 1607/1734/1613
f 1609/1736/1615 1621/1749/1627 1620/1748/1626 1608/1735/1614
f 1610/1737/1616 1622/1750/1628 1621/1749/1627 1609/1736/1615
f 1611/1738/1617 1623/1751/1629 1622/1750/1628 1610/1737/1616
f 1612/1727/1607 1624/1740/1619 1623/1751/1629 1611/1738/1617
f 1613/1739/1618 1625/1752/1630 1636/1753/1631 1624/1740/1619
f 1614/1741/1620 1626/1754/1632 1625/1755/1630 1613/1742/1618
f 1615/1743/1621 1627/1756/1633 1626/1754/1632 1614/1741/1620
f 1616/1744/1622 1628/1757/1634 1627/1756/1633 1615/1743/1621
f 1617/1745/1623 1629/1758/1635 1628/1757/1634 1616/1744/1622
f 1618/1746/1624 1630/1759/1636 1629/1758/1635 1617/1745/1623
f 1619/1747/1625 1631/1760/1637 1630/1759/1636 1618/1746/1624
f 1620/1748/1626 1632/1761/1638 1631/1760/1637 1619/1747/1625
f 1621/1749/1627 1633/1762/1639 1632/1761/1638 1620/1748/1626
f 1622/1750/1628 1634/1763/1640 1633/1762/1639 1621/1749/1627
f 1623/1751/1629 1635/1764/1641 1634/1763/1640 1622/1750/1628
f 1624/1740/1619 1636/1753/1631 1635/1764/1641 1623/1751/1629
f 1625/1752/1630 1637/1765/1642 1648/1766/1643 1636/1753/1631
f 1626/1754/1632 1638/1767/1644 1637/1768/1642 1625/1755/1630
f 1627/1756/1633 1639/1769/1645 1638/1767/1644 1626/1754/1632
f 1628/1757/1634 1640/1770/1646 1639/1769/1645 1627/1756/1633
f 1629/1758/1635 1641/1771/1647 1640/1770/1646 1628/1757/1634
f 1630/1759/1636 1642/1772/1648 1641/1771/1647 1629/1758/1635
f 1631/1760/1637 1643/1773/1649 1642/1772/1648 1630/1759/1636
f 1632/1761/1638 1644/1774/1650 1643/1773/1649 1631/1760/1637
f 1633/1762/1639 1645/1775/1651 1644/1774/1650 1632/1761/1638
f 1634/1763/1640 1646/1776/1652 1645/1775/1651 1633/1762/1639
f 1635/1764/1641 1647/1777/1653 1646/1776/1652 1634/1763/1640
f 1636/1753/1631 1648/1766/1643 1647/1777/1653 1635/1764/1641
f 1637/1765/1642 1649/1778/1654 1660/1779/1655 1648/1766/1643
f 1638/1767/1644 1650/1780/1656 1649/1781/1654 1637/1768/1642
f 1639/1769/1645 1651/1782/1657 1650/1780/1656 1638/1767/1644
f 1640/1770/1646 1652/1783/1658 1651/1782/1657 1639/1769/1645
f 1641/1771/1647 1653/1784/1659 1652/1783/1658 1640/1770/1646
f 1642/1772/1648 1654/1785/1660 1653/1784/1659 1641/1771/1647
f 1643/1773/1649 1655/1786/1661 1654/1785/1660 1642/1772/1648
f 1644/1774/1650 1656/1787/1662 1655/1786/1661 1643/1773/1649
f 1645/1775/1651 1657/1788/1663 1656/1787/1662 1644/1774/1650
f 1646/1776/1652 1658/1789/1664 1657/1788/1663 1645/1775/1651
f 1647/1777/1653 1659/1790/1665 1658/1789/1664 1646/1776/1652
f 1648/1766/1643 1660/1779/1655 1659/1790/1665 1647/1777/1653
f 1649/1778/1654 1661/1791/1666 1672/1792/1667 1660/1779/1655
f 1650/1780/1656 1662/1793/1668 1661/1794/1666 1649/1781/1654
f 1651/1782/1657 1663/1795/1669 1662/1793/1668 1650/1780/1656
f 1652/1783/1658 1664/1796/1670 1663/1795/1669 1651/1782/1657
f 1653/1784/1659 1665/1797/1671 1664/1796/1670 1652/1783/1658
f 1654/1785/1660 1666/1798/1672 1665/1797/1671 1653/1784/1659
f 1655/1786/1661 1667/1799/1673 1666/1798/1672 1654/1785/1660
f 1656/1787/1662 1668/1800/1674 1667/1799/1673 1655/1786/1661
f 1657/1788/1663 1669/1801/1675 1668/1800/1674 1656/1787/1662
f 1658/1789/1664 1670/1802/1676 1669/1801/1675 1657/1788/1663
f 1659/1790/1665 1671/1803/1677 1670/1802/1676 1658/1789/1664
f 1660/1779/1655 1672/1792/1667 1671/1803/1677 1659/1790/1665
f 1661/1791/1666 1673/1804/1678 1684/1805/1679 1672/1792/1667
f 1662/1793/1668 1674/1806/1680 1673/1807/1678 1661/1794/1666
f 1663/1795/1669 1675/1808/1681 1674/1806/1680 1662/1793/1668
f 1664/1796/1670 1676/1809/1682 1675/1808/1681 1663/1795/1669
f 1665/1797/1671 1677/1810/1683 1676/1809/1682 1664/1796/1670
f 1666/1798/1672 1678/1811/1684 1677/1810/1683 1665/1797/1671
f 1667/1799/1673 1679/1812/1685 1678/1811/1684 1666/1798/1672
f 1668/1800/1674 1680/1813/1686 1679/1812/1685 1667/1799/1673
f 1669/1801/1675 1681/1814/1687 1680/1813/1686 1668/1800/1674
f 1670/1802/1676 1682/1815/1688 1681/1814/1687 1669/1801/1675
f 1671/1803/1677 1683/1816/1689 1682/1815/1688 1670/1802/1676
f 1672/1792/1667 1684/1805/1679 1683/1816/1689 1671/1803/1677
f 1673/1804/1678 1685/1817/1690 1696/1818/1691 1684/1805/1679
f 1674/1806/1680 1686/1819/1692 1685/1820/1690 1673/1807/1678
f 1675/1808/1681 1687/1821/1693 1686/1819/1692 1674/1806/1680
f 1676/1809/1682 1688/1822/1694 1687/1821/1693 1675/1808/1681
f 1677/1810/1683 1689/1823/1695 1688/1822/1694 1676/1809/1682
f 1678/1811/1684 1690/1824/1696 1689/1823/1695 1677/1810/1683
f 1679/1812/1685 1691/1825/1697 1690/1824/1696 1678/1811/1684
f 1680/1813/1686 1692/1826/1698 1691/1825/1697 1679/1812/1685
f 1681/1814/1687 1693/1827/1699 1692/1826/1698 1680/1813/1686
f 1682/1815/1688 1694/1828/1700 1693/1827/1699 1681/1814/1687
f 1683/1816/1689 1695/1829/1701 1694/1828/1700 1682/1815/1688
f 1684/1805/1679 1696/1818/1691 1695/1829/1701 1683/1816/1689
f 1685/1817/1690 1697/1830/1702 1708/1831/1703 1696/1818/1691
f 1686/1819/1692 1698/1832/1704 1697/1833/1702 1685/1820/1690
f 1687/1821/1693 1699/1834/1705 1698/1832/1704 1686/1819/1692
f 1688/1822/1694 1700/1835/1706 1699/1834/1705 1687/1821/1693
f 1689/1823/1695 1701/1836/1707 1700/1835/1706 1688/1822/1694
f 1690/1824/1696 1702/1837/1708 1701/1836/1707 1689/1823/1695
f 1691/1825/1697 1703/1838/1709 1702/1837/1708 1690/1824/1696
f 1692/1826/1698 1704/1839/1710 1703/1838/1709 1691/1825/1697
f 1693/1827/1699 1705/1840/1711 1704/1839/1710 1692/1826/1698
f 1694/1828/1700 1706/1841/1712 1705/1840/1711 1693/1827/1699
f 1695/1829/1701 1707/1842/1713 1706/1841/1712 1694/1828/1700
f 1696/1818/1691 1708/1831/1703 1707/1842/1713 1695/1829/1701
f 1697/1830/1702 1709/1843/1714 1720/1844/1715 1708/1831/1703
f 1698/1832/1704 1710/1845/1716 1709/1846/1714 1697/1833/1702
f 1699/1834/1705 1711/1847/1717 1710/1845/1716 1698/1832/1704
f 1700/1835/1706 1712/1848/1718 1711/1847/1717 1699/1834/1705
f 1701/1836/1707 1713/1849/1719 1712/1848/1718 1700/1835/1706
f 1702/1837/1708 1714/1850/1720 1713/1849/1719 1701/1836/1707
f 1703/1838/1709 1715/1851/1721 1714/1850/1720 1702/1837/1708
f 1704/1839/1710 1716/1852/1722 1715/1851/1721 1703/1838/1709
f 1705/1840/1711 1717/1853/1723 1716/1852/1722 1704/1839/1710
f 1706/1841/1712 1718/1854/1724 1717/1853/1723 1705/1840/1711
f 1707/1842/1713 1719/1855/1725 1718/1854/1724 1706/1841/1712
f 1708/1831/1703 1720/1844/1715 1719/1855/1725 1707/1842/1713
f 1709/1843/1714 1721/1856/1726 1732/1857/1727 1720/1844/1715
f 1710/1845/1716 1722/1858/1728 1721/1859/1726 1709/1846/1714
f 1711/1847/1717 1723/1860/1729 1722/1858/1728 1710/1845/1716
f 1712/1848/1718 1724/1861/1730 1723/1860/1729 1711/1847/1717
f 1713/1849/1719 1725/1862/1731 1724/1861/1730 1712/1848/1718
f 1714/1850/1720 1726/1863/1732 1725/1862/1731 1713/1849/1719
f 1715/1851/1721 1727/1864/1733 1726/1863/1732 1714/1850/1720
f 1716/1852/1722 1728/1865/1734 1727/1864/1733 1715/1851/1721
f 1717/1853/1723 1729/1866/1735 1728/1865/1734 1716/1852/1722
f 1718/1854/1724 1730/1867/1736 1729/1866/1735 1717/1853/1723
f 1719/1855/1725 1731/1868/1737 1730/1867/1736 1718/1854/1724
f 1720/1844/1715 1732/1857/1727 1731/1868/1737 1719/1855/1725
f 1721/1856/1726 1733/1869/1738 1744/1870/1739 1732/1857/1727
f 1722/1858/1728 1734/1871/1740 1733/1872/1738 1721/1859/1726
f 1723/1860/1729 1735/1873/1741 1734/1871/1740 1722/1858/1728
f 1724/1861/1730 1736/1874/1742 1735/1873/1741 1723/1860/1729
f 1725/1862/1731 1737/1875/1743 1736/1874/1742 1724/1861/1730
f 1726/1863/1732 1738/1876/1744 1737/1875/1743 1725/1862/1731
f 1727/1864/1733 1739/1877/1745 1738/1876/1744 1726/1863/1732
f 1728/1865/1734 1740/1878/1746 1739/1877/1745 1727/1864/1733
f 1729/1866/1735 1741/1879/1747 1740/1878/1746 1728/1865/1734
f 1730/1867/1736 1742/1880/1748 1741/1879/1747 1729/1866/1735
f 1731/1868/1737 1743/1881/1749 1742/1880/1748 1730/1867/1736
f 1732/1857/1727 1744/1870/1739 1743/1881/1749 1731/1868/1737
f 1733/1869/1738 1745/1882/1750 1756/1883/1751 1744/1870/1739
f 1734/1871/1740 1746/1884/1752 1745/1885/1750 1733/1872/1738
f 1735/1873/1741 1747/1886/1753 1746/1884/1752 1734/1871/1740
f 1736/1874/1742 1748/1887/1754 1747/1886/1753 1735/1873/1741
f 1737/1875/1743 1749/1888/1755 1748/1887/1754 1736/1874/1742
f 1738/1876/1744 1750/1889/1756 1749/1888/1755 1737/1875/1743
f 1739/1877/1745 1751/1890/1757 1750/1889/1756 1738/1876/1744
f 1740/1878/1746 1752/1891/1758 1751/1890/1757 1739/1877/1745
f 1741/1879/1747 1753/1892/1759 1752/1891/1758 1740/1878/1746
f 1742/1880/1748 1754/1893/1760 1753/1892/1759 1741/1879/1747
f 1743/1881/1749 1755/1894/1761 1754/1893/1760 1742/1880/1748
f 1744/1870/1739 1756/1883/1751 1755/1894/1761 1743/1881/1749
f 1745/1882/1750 1757/1895/1762 1768/1896/1763 1756/1883/1751
f 1746/1884/1752 1758/1897/1764 1757/1898/1762 1745/1885/1750
f 1747/1886/1753 1759/1899/1765 1758/1897/1764 1746/1884/1752
f 1748/1887/1754 1760/1900/1766 1759/1899/1765 1747/1886/1753
f 1749/1888/1755 1761/1901/1767 1760/1900/1766 1748/1887/1754
f 1750/1889/1756 1762/1902/1768 1761/1901/1767 1749/1888/1755
f 1751/1890/1757 1763/1903/1769 1762/1902/1768 1750/1889/1756
f 1752/1891/1758 1764/1904/1770 1763/1903/1769 1751/1890/1757
f 1753/1892/1759 1765/1905/1771 1764/1904/1770 1752/1891/1758
f 1754/1893/1760 1766/1906/1772 1765/1905/1771 1753/1892/1759
f 1755/1894/1761 1767/1907/1773 1766/1906/1772 1754/1893/1760
f 1756/1883/1751 1768/1896/1763 1767/1907/1773 1755/1894/1761
f 1757/1895/1762 1769/1908/1774 1780/1909/1775 1768/1896/1763
f 1758/1897/1764 1770/1910/1776 1769/1911/1774 1757/1898/1762
f 1759/1899/1765 1771/1912/1777 1770/1910/1776 1758/1897/1764
f 1760/1900/1766 1772/1913/1778 1771/1912/1777 1759/1899/1765
f 1761/1901/1767 1773/1914/1779 1772/1913/1778 1760/1900/1766
f 1762/1902/1768 1774/1915/1780 1773/1914/1779 1761/1901/1767
f 1763/1903/1769 1775/1916/1781 1774/1915/1780 1762/1902/1768
f 1764/1904/1770 1776/1917/1782 1775/1916/1781 1763/1903/1769
f 1765/1905/1771 1777/1918/1783 1776/1917/1782 1764/1904/1770
f 1766/1906/1772 1778/1919/1784 1777/1918/1783 1765/1905/1771
f 1767/1907/1773 1779/1920/1785 1778/1919/1784 1766/1906/1772
f 1768/1896/1763 1780/1909/1775 1779/1920/1785 1767/1907/1773
f 1769/1908/1774 1781/1921/1786 1792/1922/1787 1780/1909/1775
f 1770/1910/1776 1782/1923/1788 1781/1924/1786 1769/1911/1774
f 1771/1912/1777 1783/1925/1789 1782/1923/1788 1770/1910/1776
f 1772/1913/1778 1784/1926/1790 1783/1925/1789 1771/1912/1777
f 1773/1914/1779 1785/1927/1791 1784/1926/1790 1772/1913/1778
f 1774/1915/1780 1786/1928/1792 1785/1927/1791 1773/1914/1779
f 1775/1916/1781 1787/1929/1793 1786/1928/1792 1774/1915/1780
f 1776/1917/1782 1788/1930/1794 1787/1929/1793 1775/1916/1781
f 1777/1918/1783 1789/1931/1795 1788/1930/1794 1776/1917/1782
f 1778/1919/1784 1790/1932/1796 1789/1931/1795 1777/1918/1783
f 1779/1920/1785 1791/1933/1797 1790/1932/1796 1778/1919/1784
f 1780/1909/1775 1792/1922/1787 1791/1933/1797 1779/1920/1785
f 1781/1921/1786 1793/1934/1798 1804/1935/1799 1792/1922/1787
f 1782/1923/1788 1794/1936/1800 1793/1937/1798 1781/1924/1786
f 1783/1925/1789 1795/1938/1801 1794/1936/1800 1782/1923/1788
f 1784/1926/1790 1796/1939/1802 1795/1938/1801 1783/1925/1789
f 1785/1927/1791 1797/1940/1803 1796/1939/1802 1784/1926/1790
f 1786/1928/1792 1798/1941/1804 1797/1940/1803 1785/1927/1791
f 1787/1929/1793 1799/1942/1805 1798/1941/1804 1786/1928/1792
f 1788/1930/1794 1800/1943/1806 1799/1942/1805 1787/1929/1793
f 1789/1931/1795 1801/1944/1807 1800/1943/1806 1788/1930/1794
f 1790/1932/1796 1802/1945/1808 1801/1944/1807 1789/1931/1795
f 1791/1933/1797 1803/1946/1809 1802/1945/1808 1790/1932/1796
f 1792/1922/1787 1804/1935/1799 1803/1946/1809 1791/1933/1797
f 1793/1934/1798 1805/1947/1810 1816/1948/1811 1804/1935/1799
f 1794/1936/1800 1806/1949/1812 1805/1950/1810 1793/1937/1798
f 1795/1938/1801 1807/1951/1813 1806/1949/1812 1794/1936/1800
f 1796/1939/1802 1808/1952/1814 1807/1951/1813 1795/1938/1801
f 1797/1940/1803 1809/1953/1815 1808/1952/1814 1796/1939/1802
f 1798/1941/1804 1810/1954/1816 1809/1953/1815 1797/1940/1803
f 1799/1942/1805 1811/1955/1817 1810/1954/1816 1798/1941/1804
f 1800/1943/1806 1812/1956/1818 1811/1955/1817 1799/1942/1805
f 1801/1944/1807 1813/1957/1819 1812/1956/1818 1800/1943/1806
f 1802/1945/1808 1814/1958/1820 1813/1957/1819 1801/1944/1807
f 1803/1946/1809 1815/1959/1821 1814/1958/1820 1802/1945/1808
f 1804/1935/1799 1816/1948/1811 1815/1959/1821 1803/1946/1809
f 1805/1947/1810 1817/1960/1822 1828/1961/1823 1816/1948/1811
f 1806/1949/1812 1818/1962/1824 1817/1963/1822 1805/1950/1810
f 1807/1951/1813 1819/1964/1825 1818/1962/1824 1806/1949/1812
f 1808/1952/1814 1820/1965/1826 1819/1964/1825 1807/1951/1813
f 1809/1953/1815 1821/1966/1827 1820/1965/1826 1808/1952/1814
f 1810/1954/1816 1822/1967/1828 1821/1966/1827 1809/1953/1815
f 1811/1955/1817 1823/1968/1829 1822/1967/1828 1810/1954/1816
f 1812/1956/1818 1824/1969/1830 1823/1968/1829 1811/1955/1817
f 1813/1957/1819 1825/1970/1831 1824/1969/1830 1812/1956/1818
f 1814/1958/1820 1826/1971/1832 1825/1970/1831 1813/1957/1819
f 1815/1959/1821 1827/1972/1833 1826/1971/1832 1814/1958/1820
f 1816/1948/1811 1828/1961/1823 1827/1972/1833 1815/1959/1821
f 1817/1960/1822 1829/1973/1834 1840/1974/1835 1828/1961/1823
f 1818/1962/1824 1830/1975/1836 1829/1976/1834 1817/1963/1822
f 1819/1964/1825 1831/1977/1837 1830/1975/1836 1818/1962/1824
f 1820/1965/1826 1832/1978/1838 1831/1977/1837 1819/1964/1825
f 1821/1966/1827 1833/1979/1839 1832/1978/1838 1820/1965/1826
f 1822/1967/1828 1834/1980/1840 1833/1979/1839 1821/1966/1827
f 1823/1968/1829 1835/1981/1841 1834/1980/1840 1822/1967/1828
f 1824/1969/1830 1836/1982/1842 1835/1981/1841 1823/1968/1829
f 1825/1970/1831 1837/1983/1843 1836/1982/1842 1824/1969/1830
f 1826/1971/1832 1838/1984/1844 1837/1983/1843 1825/1970/1831
f 1827/1972/1833 1839/1985/1845 1838/1984/1844 1826/1971/1832
f 1828/1961/1823 1840/1974/1835 1839/1985/1845 1827/1972/1833
f 1829/1973/1834 1841/1986/1846 1852/1987/1847 1840/1974/1835
f 1830/1975/1836 1842/1988/1848 1841/1989/1846 1829/1976/1834
f 1831/1977/1837 1843/1990/1849 1842/1988/1848 1830/1975/1836
f 1832/1978/1838 1844/1991/1850 1843/1990/1849 1831/1977/1837
f 1833/1979/1839 1845/1992/1851 1844/1991/1850 1832/1978/1838
f 1834/1980/1840 1846/1993/1852 1845/1992/1851 1833/1979/1839
f 1835/1981/1841 1847/1994/1853 1846/1993/1852 1834/1980/1840
f 1836/1982/1842 1848/1995/1854 1847/1994/1853 1835/1981/1841
f 1837/1983/1843 1849/1996/1855 1848/1995/1854 1836/1982/1842
f 1838/1984/1844 1850/1997/1856 1849/1996/1855 1837/1983/1843
f 1839/1985/1845 1851/1998/1857 1850/1997/1856 1838/1984/1844
f 1840/1974/1835 1852/1987/1847 1851/1998/1857 1839/1985/1845
f 1841/1986/1846 1853/1999/1858 1864/2000/1859 1852/1987/1847
f 1842/1988/1848 1854/2001/1860 1853/2002/1858 1841/1989/1846
f 1843/1990/1849 1855/2003/1861 1854/2001/1860 1842/1988/1848
f 1844/1991/1850 1856/2004/1862 1855/2003/1861 1843/1990/1849
f 1845/1992/1851 1857/2005/1863 1856/2004/1862 1844/1991/1850
f 1846/1993/1852 1858/2006/1864 1857/2005/1863 1845/1992/1851
f 1847/1994/1853 1859/2007/1865 1858/2006/1864 1846/1993/1852
f 1848/1995/1854 1860/2008/1866 1859/2007/1865 1847/1994/1853
f 1849/1996/1855 1861/2009/1867 1860/2008/1866 1848/1995/1854
f 1850/1997/1856 1862/2010/1868 1861/2009/1867 1849/1996/1855
f 1851/1998/1857 1863/2011/1869 1862/2010/1868 1850/1997/1856
f 1852/1987/1847 1864/2000/1859 1863/2011/1869 1851/1998/1857
f 1853/1999/1858 1865/2012/1870 1876/2013/1871 1864/2000/1859
f 1854/2001/1860 1866/2014/1872 1865/2015/1870 1853/2002/1858
f 1855/2003/1861 1867/2016/1873 1866/2014/1872 1854/2001/1860
f 1856/2004/1862 1868/2017/1874 1867/2016/1873 1855/2003/1861
f 1857/2005/1863 1869/2018/1875 1868/2017/1874 1856/2004/1862
f 1858/2006/1864 1870/2019/1876 1869/2018/1875 1857/2005/1863
f 1859/2007/1865 1871/2020/1877 1870/2019/1876 1858/2006/1864
f 1860/2008/1866 1872/2021/1878 1871/2020/1877 1859/2007/1865
f 1861/2009/1867 1873/2022/1879 1872/2021/1878 1860/2008/1866
f 1862/2010/1868 1874/2023/1880 1873/2022/1879 1861/2009/1867
f 1863/2011/1869 1875/2024/1881 1874/2023/1880 1862/2010/1868
f 1864/2000/1859 1876/2013/1871 1875/2024/1881 1863/2011/1869
f 1865/2012/1870 1877/2025/1882 1888/2026/1883 1876/2013/1871
f 1866/2014/1872 1878/2027/1884 1877/2028/1882 1865/2015/1870
f 1867/2016/1873 1879/2029/1885 1878/2027/1884 1866/2014/1872
f 1868/2017/1874 1880/2030/1886 1879/2029/1885 1867/2016/1873
f 1869/2018/1875 1881/2031/1887 1880/2030/1886 1868/2017/1874
f 1870/2019/1876 1882/2032/1888 1881/2031/1887 1869/2018/1875
f 1871/2020/1877 1883/2033/1889 1882/2032/1888 1870/2019/1876
f 1872/2021/1878 1884/2034/1890 1883/2033/1889 1871/2020/1877
f 1873/2022/1879 1885/2035/1891 1884/2034/1890 1872/2021/1878
f 1874/2023/1880 1886/2036/1892 1885/2035/1891 1873/2022/1879
f 1875/2024/1881 1887/2037/1893 1886/2036/1892 1874/2023/1880
f 1876/2013/1871 1888/2026/1883 1887/2037/1893 1875/2024/1881
f 1877/2025/1882 1889/2038/1894 1900/2039/1895 1888/2026/1883
f 1878/2027/1884 1890/2040/1896 1889/2041/1894 1877/2028/1882
f 1879/2029/1885 1891/2042/1897 1890/2040/1896 1878/2027/1884
f 1880/2030/1886 1892/2043/1898 1891/2042/1897 1879/2029/1885
f 1881/2031/1887 1893/2044/1899 1892/2043/1898 1880/2030/1886
f 1882/2032/1888 1894/2045/1900 1893/2044/1899 1881/2031/1887
f 1883/2033/1889 1895/2046/1901 1894/2045/1900 1882/2032/1888
f 1884/2034/1890 1896/2047/1902 1895/2046/1901 1883/2033/1889
f 1885/2035/1891 1897/2048/1903 1896/2047/1902 1884/2034/1890
f 1886/2036/1892 1898/2049/1904 1897/2048/1903 1885/2035/1891
f 1887/2037/1893 1899/2050/1905 1898/2049/1904 1886/2036/1892
f 1888/2026/1883 1900/2039/1895 1899/2050/1905 1887/2037/1893
f 1889/2038/1894 1901/2051/1906 1912/2052/1907 1900/2039/1895
f 1890/2040/1896 1902/2053/1908 1901/2054/1906 1889/2041/1894
f 1891/2042/1897 1903/2055/1909 1902/2053/1908 1890/2040/1896
f 1892/2043/1898 1904/2056/1910 1903/2055/1909 1891/2042/1897
f 1893/2044/1899 1905/2057/1911 1904/2056/1910 1892/2043/1898
f 1894/2045/1900 1906/2058/1912 1905/2057/1911 1893/2044/1899
f 1895/2046/1901 1907/2059/1913 1906/2058/1912 1894/2045/1900
f 1896/2047/1902 1908/2060/1914 1907/2059/1913 1895/2046/1901
f 1897/2048/1903 1909/2061/1915 1908/2060/1914 1896/2047/1902
f 1898/2049/1904 1910/2062/1916 1909/2061/1915 1897/2048/1903
f 1899/2050/1905 1911/2063/1917 1910/2062/1916 1898/2049/1904
f 1900/2039/1895 1912/2052/1907 1911/2063/1917 1899/2050/1905
f 1901/2051/1906 1913/2064/1918 1924/2065/1919 1912/2052/1907
f 1902/2053/1908 1914/2066/1920 1913/2067/1918 1901/2054/1906
f 1903/2055/1909 1915/2068/1921 1914/2066/1920 1902/2053/1908
f 1904/2056/1910 1916/2069/1922 1915/2068/1921 1903/2055/1909
f 1905/2057/1911 1917/2070/1923 1916/2069/1922 1904/2056/1910
f 1906/2058/1912 1918/2071/1924 1917/2070/1923 1905/2057/1911
f 1907/2059/1913 1919/2072/1925 1918/2071/1924 1906/2058/1912
f 1908/2060/1914 1920/2073/1926 1919/2072/1925 1907/2059/1913
f 1909/2061/1915 1921/2074/1927 1920/2073/1926 1908/2060/1914
f 1910/2062/1916 1922/2075/1928 1921/2074/1927 1909/2061/1915
f 1911/2063/1917 1923/2076/1929 1922/2075/1928 1910/2062/1916
f 1912/2052/1907 1924/2065/1919 1923/2076/1929 1911/2063/1917
f 1913/2064/1918 1925/2077/1930 1936/2078/1931 1924/2065/1919
f 1914/2066/1920 1926/2079/1932 1925/2080/1930 1913/2067/1918
f 1915/2068/1921 1927/2081/1933 1926/2079/1932 1914/2066/1920
f 1916/2069/1922 1928/2082/1934 1927/2081/1933 1915/2068/1921
f 1917/2070/1923 1929/2083/1935 1928/2082/1934 1916/2069/1922
f 1918/2071/1924 1930/2084/1936 1929/2083/1935 1917/2070/1923
f 1919/2072/1925 1931/2085/1937 1930/2084/1936 1918/2071/1924
f 1920/2073/1926 1932/2086/1938 1931/2085/1937 1919/2072/1925
f 1921/2074/1927 1933/2087/1939 1932/2086/1938 1920/2073/1926
f 1922/2075/1928 1934/2088/1940 1933/2087/1939 1921/2074/1927
f 1923/2076/1929 1935/2089/1941 1934/2088/1940 1922/2075/1928
f 1924/2065/1919 1936/2078/1931 1935/2089/1941 1923/2076/1929
f 1925/2077/1930 1937/2090/1942 1948/2091/1943 1936/2078/1931
f 1926/2079/1932 1938/2092/1944 1937/2093/1942 1925/2080/1930
f 1927/2081/1933 1939/2094/1945 1938/2092/1944 1926/2079/1932
f 1928/2082/1934 1940/2095/1946 1939/2094/1945 1927/2081/1933
f 1929/2083/1935 1941/2096/1947 1940/2095/1946 1928/2082/1934
f 1930/2084/1936 1942/2097/1948 1941/2096/1947 1929/2083/1935
f 1931/2085/1937 1943/2098/1949 1942/2097/1948 1930/2084/1936
f 1932/2086/1938 1944/2099/1950 1943/2098/1949 1931/2085/1937
f 1933/2087/1939 1945/2100/1951 1944/2099/1950 1932/2086/1938
f 1934/2088/1940 1946/2101/1952 1945/2100/1951 1933/2087/1939
f 1935/2089/1941 1947/2102/1953 1946/2101/1952 1934/2088/1940
f 1936/2078/1931 1948/2091/1943 1947/2102/1953 1935/2089/1941
f 1937/2090/1942 1949/2103/1954 1960/2104/1955 1948/2091/1943
f 1938/2092/1944 1950/2105/1956 1949/2106/1954 1937/2093/1942
f 1939/2094/1945 1951/2107/1957 1950/2105/1956 1938/2092/1944
f 1940/2095/1946 1952/2108/1958 1951/2107/1957 1939/2094/1945
f 1941/2096/1947 1953/2109/1959 1952/2108/1958 1940/2095/1946
f 1942/2097/1948 1954/2110/1960 1953/2109/1959 1941/2096/1947
f 1943/2098/1949 1955/2111/1961 1954/2110/1960 1942/2097/1948
f 1944/2099/1950 1956/2112/1962 1955/2111/1961 1943/2098/1949
f 1945/2100/1951 1957/2113/1963 1956/2112/1962 1944/2099/1950
f 1946/2101/1952 1958/2114/1964 1957/2113/1963 1945/2100/1951
f 1947/2102/1953 1959/2115/1965 1958/2114/1964 1946/2101/1952
f 1948/2091/1943 1960/2104/1955 1959/2115/1965 1947/2102/1953
f 1949/2103/1954 1961/2116/1966 1972/2117/1967 1960/2104/1955
f 1950/2105/1956 1962/2118/1968 1961/2119/1966 1949/2106/1954
f 1951/2107/1957 1963/2120/1969 1962/2118/1968 1950/2105/1956
f 1952/2108/1958 1964/2121/1970 1963/2120/1969 1951/2107/1957
f 1953/2109/1959 1965/2122/1971 1964/2121/1970 1952/2108/1958
f 1954/2110/1960 1966/2123/1972 1965/2122/1971 1953/2109/1959
f 1955/2111/1961 1967/2124/1973 1966/2123/1972 1954/2110/1960
f 1956/2112/1962 1968/2125/1974 1967/2124/1973 1955/2111/1961
f 1957/2113/1963 1969/2126/1975 1968/2125/1974 1956/2112/1962
f 1958/2114/1964 1970/2127/1976 1969/2126/1975 1957/2113/1963
f 1959/2115/1965 1971/2128/1977 1970/2127/1976 1958/2114/1964
f 1960/2104/1955 1972/2117/1967 1971/2128/1977 1959/2115/1965
f 1961/2116/1966 1973/2129/1978 1984/2130/1979 1972/2117/1967
f 1962/2118/1968 1974/2131/1980 1973/2132/1978 1961/2119/1966
f 1963/2120/1969 1975/2133/1981 1974/2131/1980 1962/2118/1968
f 1964/2121/1970 1976/2134/1982 1975/2133/1981 1963/2120/1969
f 1965/2122/1971 1977/2135/1983 1976/2134/1982 1964/2121/1970
f 1966/2123/1972 1978/2136/1984 1977/2135/1983 1965/2122/1971
f 1967/2124/1973 1979/2137/1985 1978/2136/1984 1966/2123/1972
f 1968/2125/1974 1980/2138/1986 1979/2137/1985 1967/2124/1973
f 1969/2126/1975 1981/2139/1987 1980/2138/1986 1968/2125/1974
f 1970/2127/1976 1982/2140/1988 1981/2139/1987 1969/2126/1975
f 1971/2128/1977 1983/2141/1989 1982/2140/1988 1970/2127/1976
f 1972/2117/1967 1984/2130/1979 1983/2141/1989 1971/2128/1977
f 1973/2129/1978 1985/2142/1990 1996/2143/1991 1984/2130/1979
f 1974/2131/1980 1986/2144/1992 1985/2145/1990 1973/2132/1978
f 1975/2133/1981 1987/2146/1993 1986/2144/1992 1974/2131/1980
f 1976/2134/1982 1988/2147/1994 1987/2146/1993 1975/2133/1981
f 1977/2135/1983 1989/2148/1995 1988/2147/1994 1976/2134/1982
f 1978/2136/1984 1990/2149/1996 1989/2148/1995 1977/2135/1983
f 1979/2137/1985 1991/2150/1997 1990/2149/1996 1978/2136/1984
f 1980/2138/1986 1992/2151/1998 1991/2150/1997 1979/2137/1985
f 1981/2139/1987 1993/2152/1999 1992/2151/1998 1980/2138/1986
f 1982/2140/1988 1994/2153/2000 1993/2152/1999 1981/2139/1987
f 1983/2141/1989 1995/2154/2001 1994/2153/2000 1982/2140/1988
f 1984/2130/1979 1996/2143/1991 1995/2154/2001 1983/2141/1989
f 1985/2142/1990 1997/2155/2002 2008/2156/2003 1996/2143/1991
f 1986/2144/1992 1998/2157/2004 1997/2158/2002 1985/2145/1990
f 1987/2146/1993 1999/2159/2005 1998/2157/2004 1986/2144/1992
f 1988/2147/1994 2000/2160/2006 1999/2159/2005 1987/2146/1993
f 1989/2148/1995 2001/2161/2007 2000/2160/2006 1988/2147/1994
f 1990/2149/1996 2002/2162/2008 2001/2161/2007 1989/2148/1995
f 1991/2150/1997 2003/2163/2009 2002/2162/2008 1990/2149/1996
f 1992/2151/1998 2004/2164/2010 2003/2163/2009 1991/2150/1997
f 1993/2152/1999 2005/2165/2011 2004/2164/2010 1992/2151/1998
f 1994/2153/2000 2006/2166/2012 2005/2165/2011 1993/2152/1999
f 1995/2154/2001 2007/2167/2013 2006/2166/2012 1994/2153/2000
f 1996/2143/1991 2008/2156/2003 2007/2167/2013 1995/2154/2001
f 1997/2155/2002 2009/2168/2014 2020/2169/2015 2008/2156/2003
f 1998/2157/2004 2010/2170/2016 2009/2171/2014 1997/2158/2002
f 1999/2159/2005 2011/2172/2017 2010/2170/2016 1998/2157/2004
f 2000/2160/2006 2012/2173/2018 2011/2172/2017 1999/2159/2005
f 2001/2161/2007 2013/2174/2019 2012/2173/2018 2000/2160/2006
f 2002/2162/2008 2014/2175/2020 2013/2174/2019 2001/2161/2007
f 2003/2163/2009 2015/2176/2021 2014/2175/2020 2002/2162/2008
f 2004/2164/2010 2016/2177/2022 2015/2176/2021 2003/2163/2009
f 2005/2165/2011 2017/2178/2023 2016/2177/2022 2004/2164/2010
f 2006/2166/2012 2018/2179/2024 2017/2178/2023 2005/2165/2011
f 2007/2167/2013 2019/2180/2025 2018/2179/2024 2006/2166/2012
f 2008/2156/2003 2020/2169/2015 2019/2180/2025 2007/2167/2013
f 2009/2168/2014 2021/2181/2026 2032/2182/2027 2020/2169/2015
f 2010/2170/2016 2022/2183/2028 2021/2184/2026 2009/2171/2014
f 2011/2172/2017 2023/2185/2029 2022/2183/2028 2010/2170/2016
f 2012/2173/2018 2024/2186/2030 2023/2185/2029 2011/2172/2017
f 2013/2174/2019 2025/2187/2031 2024/2186/2030 2012/2173/2018
f 2014/2175/2020 2026/2188/2032 2025/2187/2031 2013/2174/2019
f 2015/2176/2021 2027/2189/2033 2026/2188/2032 2014/2175/2020
f 2016/2177/2022 2028/2190/2034 2027/2189/2033 2015/2176/2021
f 2017/2178/2023 2029/2191/2035 2028/2190/2034 2016/2177/2022
f 2018/2179/2024 2030/2192/2036 2029/2191/2035 2017/2178/2023
f 2019/2180/2025 2031/2193/2037 2030/2192/2036 2018/2179/2024
f 2020/2169/2015 2032/2182/2027 2031/2193/2037 2019/2180/2025
f 2021/2181/2026 2033/2194/2038 2044/2195/2039 2032/2182/2027
f 2022/2183/2028 2034/2196/2040 2033/2197/2038 2021/2184/2026
f 2023/2185/2029 2035/2198/2041 2034/2196/2040 2022/2183/2028
f 2024/2186/2030 2036/2199/2042 2035/2198/2041 2023/2185/2029
f 2025/2187/2031 2037/2200/2043 2036/2199/2042 2024/2186/2030
f 2026/2188/2032 2038/2201/2044 2037/2200/2043 2025/2187/2031
f 2027/2189/2033 2039/2202/2045 2038/2201/2044 2026/2188/2032
f 2028/2190/2034 2040/2203/2046 2039/2202/2045 2027/2189/2033
f 2029/2191/2035 2041/2204/2047 2040/2203/2046 2028/2190/2034
f 2030/2192/2036 2042/2205/2048 2041/2204/2047 2029/2191/2035
f 2031/2193/2037 2043/2206/2049 2042/2205/2048 2030/2192/2036
f 2032/2182/2027 2044/2195/2039 2043/2206/2049 2031/2193/2037
f 2033/2194/2038 2045/2207/2050 2056/2208/2051 2044/2195/2039
f 2034/2196/2040 2046/2209/2052 2045/2210/2050 2033/2197/2038
f 2035/2198/2041 2047/2211/2053 2046/2209/2052 2034/2196/2040
f 2036/2199/2042 2048/2212/2054 2047/2211/2053 2035/2198/2041
f 2037/2200/2043 2049/2213/2055 2048/2212/2054 2036/2199/2042
f 2038/2201/2044 2050/2214/2056 2049/2213/2055 2037/2200/2043
f 2039/2202/2045 2051/2215/2057 2050/2214/2056 2038/2201/2044
f 2040/2203/2046 2052/2216/2058 2051/2215/2057 2039/2202/2045
f 2041/2204/2047 2053/2217/2059 2052/2216/2058 2040/2203/2046
f 2042/2205/2048 2054/2218/2060 2053/2217/2059 2041/2204/2047
f 2043/2206/2049 2055/2219/2061 2054/2218/2060 2042/2205/2048
f 2044/2195/2039 2056/2208/2051 2055/2219/2061 2043/2206/2049
f 2045/2207/2050 2057/2220/2062 2068/2221/2063 2056/2208/2051
f 2046/2209/2052 2058/2222/2064 2057/2223/2062 2045/2210/2050
f 2047/2211/2053 2059/2224/2065 2058/2222/2064 2046/2209/2052
f 2048/2212/2054 2060/2225/2066 2059/2224/2065 2047/2211/2053
f 2049/2213/2055 2061/2226/2067 2060/2225/2066 2048/2212/2054
f 2050/2214/2056 2062/2227/2068 2061/2226/2067 2049/2213/2055
f 2051/2215/2057 2063/2228/2069 2062/2227/2068 2050/2214/2056
f 2052/2216/2058 2064/2229/2070 2063/2228/2069 2051/2215/2057
f 2053/2217/2059 2065/2230/2071 2064/2229/2070 2052/2216/2058
f 2054/2218/2060 2066/2231/2072 2065/2230/2071 2053/2217/2059
f 2055/2219/2061 2067/2232/2073 2066/2231/2072 2054/2218/2060
f 2056/2208/2051 2068/2221/2063 2067/2232/2073 2055/2219/2061
f 2057/2220/2062 2069/2233/2074 2080/2234/2075 2068/2221/2063
f 2058/2222/2064 2070/2235/2076 2069/2236/2074 2057/2223/2062
f 2059/2224/2065 2071/2237/2077 2070/2235/2076 2058/2222/2064
f 2060/2225/2066 2072/2238/2078 2071/2237/2077 2059/2224/2065
f 2061/2226/2067 2073/2239/2079 2072/2238/2078 2060/2225/2066
f 2062/2227/2068 2074/2240/2080 2073/2239/2079 2061/2226/2067
f 2063/2228/2069 2075/2241/2081 2074/2240/2080 2062/2227/2068
f 2064/2229/2070 2076/2242/2082 2075/2241/2081 2063/2228/2069
f 2065/2230/2071 2077/2243/2083 2076/2242/2082 2064/2229/2070
f 2066/2231/2072 2078/2244/2084 2077/2243/2083 2065/2230/2071
f 2067/2232/2073 2079/2245/2085 2078/2244/2084 2066/2231/2072
f 2068/2221/2063 2080/2234/2075 2079/2245/2085 2067/2232/2073
f 2069/2233/2074 2081/2246/2086 2092/2247/2087 2080/2234/2075
f 2070/2235/2076 2082/2248/2088 2081/2249/2086 2069/2236/2074
f 2071/2237/2077 2083/2250/2089 2082/2248/2088 2070/2235/2076
f 2072/2238/2078 2084/2251/2090 2083/2250/2089 2071/2237/2077
f 2073/2239/2079 2085/2252/2091 2084/2251/2090 2072/2238/2078
f 2074/2240/2080 2086/2253/2092 2085/2252/2091 2073/2239/2079
f 2075/2241/2081 2087/2254/2093 2086/2253/2092 2074/2240/2080
f 2076/2242/2082 2088/2255/2094 2087/2254/2093 2075/2241/2081
f 2077/2243/2083 2089/2256/2095 2088/2255/2094 2076/2242/2082
f 2078/2244/2084 2090/2257/2096 2089/2256/2095 2077/2243/2083
f 2079/2245/2085 2091/2258/2097 2090/2257/2096 2078/2244/2084
f 2080/2234/2075 2092/2247/2087 2091/2258/2097 2079/2245/2085
f 2081/2246/2086 2093/2259/2098 2104/2260/2099 2092/2247/2087
f 2082/2248/2088 2094/2261/2100 2093/2262/2098 2081/2249/2086
f 2083/2250/2089 2095/2263/2101 2094/2261/2100 2082/2248/2088
f 2084/2251/2090 2096/2264/2102 2095/2263/2101 2083/2250/2089
f 2085/2252/2091 2097/2265/2103 2096/2264/2102 2084/2251/2090
f 2086/2253/2092 2098/2266/2104 2097/2265/2103 2085/2252/2091
f 2087/2254/2093 2099/2267/2105 2098/2266/2104 2086/2253/2092
f 2088/2255/2094 2100/2268/2106 2099/2267/2105 2087/2254/2093
f 2089/2256/2095 2101/2269/2107 2100/2268/2106 2088/2255/2094
f 2090/2257/2096 2102/2270/2108 2101/2269/2107 2089/2256/2095
f 2091/2258/2097 2103/2271/2109 2102/2270/2108 2090/2257/2096
f 2092/2247/2087 2104/2260/2099 2103/2271/2109 2091/2258/2097
f 2093/2259/2098 2105/2272/2110 2116/2273/2111 2104/2260/2099
f 2094/2261/2100 2106/2274/2112 2105/2275/2110 2093/2262/2098
f 2095/2263/2101 2107/2276/2113 2106/2274/2112 2094/2261/2100
f 2096/2264/2102 2108/2277/2114 2107/2276/2113 2095/2263/2101
f 2097/2265/2103 2109/2278/2115 2108/2277/2114 2096/2264/2102
f 2098/2266/2104 2110/2279/2116 2109/2278/2115 2097/2265/2103
f 2099/2267/2105 2111/2280/2117 2110/2279/2116 2098/2266/2104
f 2100/2268/2106 2112/2281/2118 2111/2280/2117 2099/2267/2105
f 2101/2269/2107 2113/2282/2119 2112/2281/2118 2100/2268/2106
f 2102/2270/2108 2114/2283/2120 2113/2282/2119 2101/2269/2107
f 2103/2271/2109 2115/2284/2121 2114/2283/2120 2102/2270/2108
f 2104/2260/2099 2116/2273/2111 2115/2284/2121 2103/2271/2109
f 2105/2272/2110 2117/2285/2122 2128/2286/2123 2116/2273/2111
f 2106/2274/2112 2118/2287/2124 2117/2288/2122 2105/2275/2110
f 2107/2276/2113 2119/2289/2125 2118/2287/2124 2106/2274/2112
f 2108/2277/2114 2120/2290/2126 2119/2289/2125 2107/2276/2113
f 2109/2278/2115 2121/2291/2127 2120/2290/2126 2108/2277/2114
f 2110/2279/2116 2122/2292/2128 2121/2291/2127 2109/2278/2115
f 2111/2280/2117 2123/2293/2129 2122/2292/2128 2110/2279/2116
f 2112/2281/2118 2124/2294/2130 2123/2293/2129 2111/2280/2117
f 2113/2282/2119 2125/2295/2131 2124/2294/2130 2112/2281/2118
f 2114/2283/2120 2126/2296/2132 2125/2295/2131 2113/2282/2119
f 2115/2284/2121 2127/2297/2133 2126/2296/2132 2114/2283/2120
f 2116/2273/2111 2128/2286/2123 2127/2297/2133 2115/2284/2121
f 2117/2285/2122 2129/2298/2134 2140/2299/2135 2128/2286/2123
f 2118/2287/2124 2130/2300/2136 2129/2301/2134 2117/2288/2122
f 2119/2289/2125 2131/2302/2137 2130/2300/2136 2118/2287/2124
f 2120/2290/2126 2132/2303/2138 2131/2302/2137 2119/2289/2125
f 2121/2291/2127 2133/2304/2139 2132/2303/2138 2120/2290/2126
f 2122/2292/2128 2134/2305/2140 2133/2304/2139 2121/2291/2127
f 2123/2293/2129 2135/2306/2141 2134/2305/2140 2122/2292/2128
f 2124/2294/2130 2136/2307/2142 2135/2306/2141 2123/2293/2129
f 2125/2295/2131 2137/2308/2143 2136/2307/2142 2124/2294/2130
f 2126/2296/2132 2138/2309/2144 2137/2308/2143 2125/2295/2131
f 2127/2297/2133 2139/2310/2145 2138/2309/2144 2126/2296/2132
f 2128/2286/2123 2140/2299/2135 2139/2310/2145 2127/2297/2133
f 2129/2298/2134 2141/2311/2146 2152/2312/2147 2140/2299/2135
f 2130/2300/2136 2142/2313/2148 2141/2314/2146 2129/2301/2134
f 2131/2302/2137 2143/2315/2149 2142/2313/2148 2130/2300/2136
f 2132/2303/2138 2144/2316/2150 2143/2315/2149 2131/2302/2137
f 2133/2304/2139 2145/2317/2151 2144/2316/2150 2132/2303/2138
f 2134/2305/2140 2146/2318/2152 2145/2317/2151 2133/2304/2139
f 2135/2306/2141 2147/2319/2153 2146/2318/2152 2134/2305/2140
f 2136/2307/2142 2148/2320/2154 2147/2319/2153 2135/2306/2141
f 2137/2308/2143 2149/2321/2155 2148/2320/2154 2136/2307/2142
f 2138/2309/2144 2150/2322/2156 2149/2321/2155 2137/2308/2143
f 2139/2310/2145 2151/2323/2157 2150/2322/2156 2138/2309/2144
f 2140/2299/2135 2152/2312/2147 2151/2323/2157 2139/2310/2145
f 2141/2311/2146 2153/2324/2158 2164/2325/2159 2152/2312/2147
f 2142/2313/2148 2154/2326/2160 2153/2327/2158 2141/2314/2146
f 2143/2315/2149 2155/2328/2161 2154/2326/2160 2142/2313/2148
f 2144/2316/2150 2156/2329/2162 2155/2328/2161 2143/2315/2149
f 2145/2317/2151 2157/2330/2163 2156/2329/2162 2144/2316/2150
f 2146/2318/2152 2158/2331/2164 2157/2330/2163 2145/2317/2151
f 2147/2319/2153 2159/2332/2165 2158/2331/2164 2146/2318/2152
f 2148/2320/2154 2160/2333/2166 2159/2332/2165 2147/2319/2153
f 2149/2321/2155 2161/2334/2167 2160/2333/2166 2148/2320/2154
f 2150/2322/2156 2162/2335/2168 2161/2334/2167 2149/2321/2155
f 2151/2323/2157 2163/2336/2169 2162/2335/2168 2150/2322/2156
f 2152/2312/2147 2164/2325/2159 2163/2336/2169 2151/2323/2157
f 2153/2324/2158 2165/2337/2170 2176/2338/2171 2164/2325/2159
f 2154/2326/2160 2166/2339/2172 2165/2340/2170 2153/2327/2158
f 2155/2328/2161 2167/2341/2173 2166/2339/2172 2154/2326/2160
f 2156/2329/2162 2168/2342/2174 2167/2341/2173 2155/2328/2161
f 2157/2330/2163 2169/2343/2175 2168/2342/2174 2156/2329/2162
f 2158/2331/2164 2170/2344/2176 2169/2343/2175 2157/2330/2163
f 2159/2332/2165 2171/2345/2177 2170/2344/2176 2158/2331/2164
f 2160/2333/2166 2172/2346/2178 2171/2345/2177 2159/2332/2165
f 2161/2334/2167 2173/2347/2179 2172/2346/2178 2160/2333/2166
f 2162/2335/2168 2174/2348/2180 2173/2347/2179 2161/2334/2167
f 2163/2336/2169 2175/2349/2181 2174/2348/2180 2162/2335/2168
f 2164/2325/2159 2176/2338/2171 2175/2349/2181 2163/2336/2169
f 2165/2337/2170 2177/2350/2182 2188/2351/2183 2176/2338/2171
f 2166/2339/2172 2178/2352/2184 2177/2353/2182 2165/2340/2170
f 2167/2341/2173 2179/2354/2185 2178/2352/2184 2166/2339/2172
f 2168/2342/2174 2180/2355/2186 2179/2354/2185 2167/2341/2173
f 2169/2343/2175 2181/2356/2187 2180/2355/2186 2168/2342/2174
f 2170/2344/2176 2182/2357/2188 2181/2356/2187 2169/2343/2175
f 2171/2345/2177 2183/2358/2189 2182/2357/2188 2170/2344/2176
f 2172/2346/2178 2184/2359/2190 2183/2358/2189 2171/2345/2177
f 2173/2347/2179 2185/2360/2191 2184/2359/2190 2172/2346/2178
f 2174/2348/2180 2186/2361/2192 2185/2360/2191 2173/2347/2179
f 2175/2349/2181 2187/2362/2193 2186/2361/2192 2174/2348/2180
f 2176/2338/2171 2188/2351/2183 2187/2362/2193 2175/2349/2181
f 2177/2350/2182 2189/2363/2194 2200/2364/2195 2188/2351/2183
f 2178/2352/2184 2190/2365/2196 2189/2366/2194 2177/2353/2182
f 2179/2354/2185 2191/2367/2197 2190/2365/2196 2178/2352/2184
f 2180/2355/2186 2192/2368/2198 2191/2367/2197 2179/2354/2185
f 2181/2356/2187 2193/2369/2199 2192/2368/2198 2180/2355/2186
f 2182/2357/2188 2194/2370/2200 2193/2369/2199 2181/2356/2187
f 2183/2358/2189 2195/2371/2201 2194/2370/2200 2182/2357/2188
f 2184/2359/2190 2196/2372/2202 2195/2371/2201 2183/2358/2189
f 2185/2360/2191 2197/2373/2203 2196/2372/2202 2184/2359/2190
f 2186/2361/2192 2198/2374/2204 2197/2373/2203 2185/2360/2191
f 2187/2362/2193 2199/2375/2205 2198/2374/2204 2186/2361/2192
f 2188/2351/2183 2200/2364/2195 2199/2375/2205 2187/2362/2193
f 2189/2363/2194 2201/2376/2206 2212/2377/2207 2200/2364/2195
f 2190/2365/2196 2202/2378/2208 2201/2379/2206 2189/2366/2194
f 2191/2367/2197 2203/2380/2209 2202/2378/2208 2190/2365/2196
f 2192/2368/2198 2204/2381/2210 2203/2380/2209 2191/2367/2197
f 2193/2369/2199 2205/2382/2211 2204/2381/2210 2192/2368/2198
f 2194/2370/2200 2206/2383/2212 2205/2382/2211 2193/2369/2199
f 2195/2371/2201 2207/2384/2213 2206/2383/2212 2194/2370/2200
f 2196/2372/2202 2208/2385/2214 2207/2384/2213 2195/2371/2201
f 2197/2373/2203 2209/2386/2215 2208/2385/2214 2196/2372/2202
f 2198/2374/2204 2210/2387/2216 2209/2386/2215 2197/2373/2203
f 2199/2375/2205 2211/2388/2217 2210/2387/2216 2198/2374/2204
f 2200/2364/2195 2212/2377/2207 2211/2388/2217 2199/2375/2205
f 2201/2376/2206 2213/2389/2218 2224/2390/2219 2212/2377/2207
f 2202/2378/2208 2214/2391/2220 2213/2392/2218 2201/2379/2206
f 2203/2380/2209 2215/2393/2221 2214/2391/2220 2202/2378/2208
f 2204/2381/2210 2216/2394/2222 2215/2393/2221 2203/2380/2209
f 2205/2382/2211 2217/2395/2223 2216/2394/2222 2204/2381/2210
f 2206/2383/2212 2218/2396/2224 2217/2395/2223 2205/2382/2211
f 2207/2384/2213 2219/2397/2225 2218/2396/2224 2206/2383/2212
f 2208/2385/2214 2220/2398/2226 2219/2397/2225 2207/2384/2213
f 2209/2386/2215 2221/2399/2227 2220/2398/2226 2208/2385/2214
f 2210/2387/2216 2222/2400/2228 2221/2399/2227 2209/2386/2215
f 2211/2388/2217 2223/2401/2229 2222/2400/2228 2210/2387/2216
f 2212/2377/2207 2224/2390/2219 2223/2401/2229 2211/2388/2217
f 2213/2389/2218 2225/2402/2230 2236/2403/2231 2224/2390/2219
f 2214/2391/2220 2226/2404/2232 2225/2405/2230 2213/2392/2218
f 2215/2393/2221 2227/2406/2233 2226/2404/2232 2214/2391/2220
f 2216/2394/2222 2228/2407/2234 2227/2406/2233 2215/2393/2221
f 2217/2395/2223 2229/2408/2235 2228/2407/2234 2216/2394/2222
f 2218/2396/2224 2230/2409/2236 2229/2408/2235 2217/2395/2223
f 2219/2397/2225 2231/2410/2237 2230/2409/2236 2218/2396/2224
f 2220/2398/2226 2232/2411/2238 2231/2410/2237 2219/2397/2225
f 2221/2399/2227 2233/2412/2239 2232/2411/2238 2220/2398/2226
f 2222/2400/2228 2234/2413/2240 2233/2412/2239 2221/2399/2227
f 2223/2401/2229 2235/2414/2241 2234/2413/2240 2222/2400/2228
f 2224/2390/2219 2236/2403/2231 2235/2414/2241 2223/2401/2229
f 2225/2402/2230 2237/2415/2242 2248/2416/2243 2236/2403/2231
f 2226/2404/2232 2238/2417/2244 2237/2418/2242 2225/2405/2230
f 2227/2406/2233 2239/2419/2245 2238/2417/2244 2226/2404/2232
f 2228/2407/2234 2240/2420/2246 2239/2419/2245 2227/2406/2233
f 2229/2408/2235 2241/2421/2247 2240/2420/2246 2228/2407/2234
f 2230/2409/2236 2242/2422/2248 2241/2421/2247 2229/2408/2235
f 2231/2410/2237 2243/2423/2249 2242/2422/2248 2230/2409/2236
f 2232/2411/2238 2244/2424/2250 2243/2423/2249 2231/2410/2237
f 2233/2412/2239 2245/2425/2251 2244/2424/2250 2232/2411/2238
f 2234/2413/2240 2246/2426/2252 2245/2425/2251 2233/2412/2239
f 2235/2414/2241 2247/2427/2253 2246/2426/2252 2234/2413/2240
f 2236/2403/2231 2248/2416/2243 2247/2427/2253 2235/2414/2241
f 2237/2415/2242 2249/2428/2254 2260/2429/2255 2248/2416/2243
f 2238/2417/2244 2250/2430/2256 2249/2431/2254 2237/2418/2242
f 2239/2419/2245 2251/2432/2257 2250/2430/2256 2238/2417/2244
f 2240/2420/2246 2252/2433/2258 2251/2432/2257 2239/2419/2245
f 2241/2421/2247 2253/2434/2259 2252/2433/2258 2240/2420/2246
f 2242/2422/2248 2254/2435/2260 2253/2434/2259 2241/2421/2247
f 2243/2423/2249 2255/2436/2261 2254/2435/2260 2242/2422/2248
f 2244/2424/2250 2256/2437/2262 2255/2436/2261 2243/2423/2249
f 2245/2425/2251 2257/2438/2263 2256/2437/2262 2244/2424/2250
f 2246/2426/2252 2258/2439/2264 2257/2438/2263 2245/2425/2251
f 2247/2427/2253 2259/2440/2265 2258/2439/2264 2246/2426/2252
f 2248/2416/2243 2260/2429/2255 2259/2440/2265 2247/2427/2253
f 2249/2428/2254 2261/2441/2266 2272/2442/2267 2260/2429/2255
f 2250/2430/2256 2262/2443/2268 2261/2444/2266 2249/2431/2254
f 2251/2432/2257 2263/2445/2269 2262/2443/2268 2250/2430/2256
f 2252/2433/2258 2264/2446/2270 2263/2445/2269 2251/2432/2257
f 2253/2434/2259 2265/2447/2271 2264/2446/2270 2252/2433/2258
f 2254/2435/2260 2266/2448/2272 2265/2447/2271 2253/2434/2259
f 2255/2436/2261 2267/2449/2273 2266/2448/2272 2254/2435/2260
f 2256/2437/2262 2268/2450/2274 2267/2449/2273 2255/2436/2261
f 2257/2438/2263 2269/2451/2275 2268/2450/2274 2256/2437/2262
f 2258/2439/2264 2270/2452/2276 2269/2451/2275 2257/2438/2263
f 2259/2440/2265 2271/2453/2277 2270/2452/2276 2258/2439/2264
f 2260/2429/2255 2272/2442/2267 2271/2453/2277 2259/2440/2265
f 2261/2441/2266 2273/2454/2278 2284/2455/2279 2272/2442/2267
f 2262/2443/2268 2274/2456/2280 2273/2457/2278 2261/2444/2266
f 2263/2445/2269 2275/2458/2281 2274/2456/2280 2262/2443/2268
f 2264/2446/2270 2276/2459/2282 2275/2458/2281 2263/2445/2269
f 2265/2447/2271 2277/2460/2283 2276/2459/2282 2264/2446/2270
f 2266/2448/2272 2278/2461/2284 2277/2460/2283 2265/2447/2271
f 2267/2449/2273 2279/2462/2285 2278/2461/2284 2266/2448/2272
f 2268/2450/2274 2280/2463/2286 2279/2462/2285 2267/2449/2273
f 2269/2451/2275 2281/2464/2287 2280/2463/2286 2268/2450/2274
f 2270/2452/2276 2282/2465/2288 2281/2464/2287 2269/2451/2275
f 2271/2453/2277 2283/2466/2289 2282/2465/2288 2270/2452/2276
f 2272/2442/2267 2284/2455/2279 2283/2466/2289 2271/2453/2277
f 2273/2454/2278 2285/2467/2290 2296/2468/2291 2284/2455/2279
f 2274/2456/2280 2286/2469/2292 2285/2470/2290 2273/2457/2278
f 2275/2458/2281 2287/2471/2293 2286/2469/2292 2274/2456/2280
f 2276/2459/2282 2288/2472/2294 2287/2471/2293 2275/2458/2281
f 2277/2460/2283 2289/2473/2295 2288/2472/2294 2276/2459/2282
f 2278/2461/2284 2290/2474/2296 2289/2473/2295 2277/2460/2283
f 2279/2462/2285 2291/2475/2297 2290/2474/2296 2278/2461/2284
f 2280/2463/2286 2292/2476/2298 2291/2475/2297 2279/2462/2285
f 2281/2464/2287 2293/2477/2299 2292/2476/2298 2280/2463/2286
f 2282/2465/2288 2294/2478/2300 2293/2477/2299 2281/2464/2287
f 2283/2466/2289 2295/2479/2301 2294/2478/2300 2282/2465/2288
f 2284/2455/2279 2296/2468/2291 2295/2479/2301 2283/2466/2289
f 2285/2467/2290 2297/2480/2302 2308/2481/2303 2296/2468/2291
f 2286/2469/2292 2298/2482/2304 2297/2483/2302 2285/2470/2290
f 2287/2471/2293 2299/2484/2305 2298/2482/2304 2286/2469/2292
f 2288/2472/2294 2300/2485/2306 2299/2484/2305 2287/2471/2293
f 2289/2473/2295 2301/2486/2307 2300/2485/2306 2288/2472/2294
f 2290/2474/2296 2302/2487/2308 2301/2486/2307 2289/2473/2295
f 2291/2475/2297 2303/2488/2309 2302/2487/2308 2290/2474/2296
f 2292/2476/2298 2304/2489/2310 2303/2488/2309 2291/2475/2297
f 2293/2477/2299 2305/2490/2311 2304/2489/2310 2292/2476/2298
f 2294/2478/2300 2306/2491/2312 2305/2490/2311 2293/2477/2299
f 2295/2479/2301 2307/2492/2313 2306/2491/2312 2294/2478/2300
f 2296/2468/2291 2308/2481/2303 2307/2492/2313 2295/2479/2301
f 2297/2480/2302 2309/2493/2314 2320/2494/2315 2308/2481/2303
f 2298/2482/2304 2310/2495/2316 2309/2496/2314 2297/2483/2302
f 2299/2484/2305 2311/2497/2317 2310/2495/2316 2298/2482/2304
f 2300/2485/2306 2312/2498/2318 2311/2497/2317 2299/2484/2305
f 2301/2486/2307 2313/2499/2319 2312/2498/2318 2300/2485/2306
f 2302/2487/2308 2314/2500/2320 2313/2499/2319 2301/2486/2307
f 2303/2488/2309 2315/2501/2321 2314/2500/2320 2302/2487/2308
f 2304/2489/2310 2316/2502/2322 2315/2501/2321 2303/2488/2309
f 2305/2490/2311 2317/2503/2323 2316/2502/2322 2304/2489/2310
f 2306/2491/2312 2318/2504/2324 2317/2503/2323 2305/2490/2311
f 2307/2492/2313 2319/2505/2325 2318/2504/2324 2306/2491/2312
f 2308/2481/2303 2320/2494/2315 2319/2505/2325 2307/2492/2313
f 2309/2493/2314 2321/2506/2326 2332/2507/2327 2320/2494/2315
f 2310/2495/2316 2322/2508/2328 2321/2509/2326 2309/2496/2314
f 2311/2497/2317 2323/2510/2329 2322/2508/2328 2310/2495/2316
f 2312/2498/2318 2324/2511/2330 2323/2510/2329 2311/2497/2317
f 2313/2499/2319 2325/2512/2331 2324/2511/2330 2312/2498/2318
f 2314/2500/2320 2326/2513/2332 2325/2512/2331 2313/2499/2319
f 2315/2501/2321 2327/2514/2333 2326/2513/2332 2314/2500/2320
f 2316/2502/2322 2328/2515/2334 2327/2514/2333 2315/2501/2321
f 2317/2503/2323 2329/2516/2335 2328/2515/2334 2316/2502/2322
f 2318/2504/2324 2330/2517/2336 2329/2516/2335 2317/2503/2323
f 2319/2505/2325 2331/2518/2337 2330/2517/2336 2318/2504/2324
f 2320/2494/2315 2332/2507/2327 2331/2518/2337 2319/2505/2325
f 2321/2506/2326 2333/2519/2338 2344/2520/2339 2332/2507/2327
f 2322/2508/2328 2334/2521/2340 2333/2522/2338 2321/2509/2326
f 2323/2510/2329 2335/2523/2341 2334/2521/2340 2322/2508/2328
f 2324/2511/2330 2336/2524/2342 2335/2523/2341 2323/2510/2329
f 2325/2512/2331 2337/2525/2343 2336/2524/2342 2324/2511/2330
f 2326/2513/2332 2338/2526/2344 2337/2525/2343 2325/2512/2331
f 2327/2514/2333 2339/2527/2345 2338/2526/2344 2326/2513/2332
f 2328/2515/2334 2340/2528/2346 2339/2527/2345 2327/2514/2333
f 2329/2516/2335 2341/2529/2347 2340/2528/2346 2328/2515/2334
f 2330/2517/2336 2342/2530/2348 2341/2529/2347 2329/2516/2335
f 2331/2518/2337 2343/2531/2349 2342/2530/2348 2330/2517/2336
f 2332/2507/2327 2344/2520/2339 2343/2531/2349 2331/2518/2337
f 2333/2519/2338 2345/2532/2350 2356/2533/2351 2344/2520/2339
f 2334/2521/2340 2346/2534/2352 2345/2535/2350 2333/2522/2338
f 2335/2523/2341 2347/2536/2353 2346/2534/2352 2334/2521/2340
f 2336/2524/2342 2348/2537/2354 2347/2536/2353 2335/2523/2341
f 2337/2525/2343 2349/2538/2355 2348/2537/2354 2336/2524/2342
f 2338/2526/2344 2350/2539/2356 2349/2538/2355 2337/2525/2343
f 2339/2527/2345 2351/2540/2357 2350/2539/2356 2338/2526/2344
f 2340/2528/2346 2352/2541/2358 2351/2540/2357 2339/2527/2345
f 2341/2529/2347 2353/2542/2359 2352/2541/2358 2340/2528/2346
f 2342/2530/2348 2354/2543/2360 2353/2542/2359 2341/2529/2347
f 2343/2531/2349 2355/2544/2361 2354/2543/2360 2342/2530/2348
f 2344/2520/2339 2356/2533/2351 2355/2544/2361 2343/2531/2349
f 2345/2532/2350 2357/2545/2362 2368/2546/2363 2356/2533/2351
f 2346/2534/2352 2358/2547/2364 2357/2548/2362 2345/2535/2350
f 2347/2536/2353 2359/2549/2365 2358/2547/2364 2346/2534/2352
f 2348/2537/2354 2360/2550/2366 2359/2549/2365 2347/2536/2353
f 2349/2538/2355 2361/2551/2367 2360/2550/2366 2348/2537/2354
f 2350/2539/2356 2362/2552/2368 2361/2551/2367 2349/2538/2355
f 2351/2540/2357 2363/2553/2369 2362/2552/2368 2350/2539/2356
f 2352/2541/2358 2364/2554/2370 2363/2553/2369 2351/2540/2357
f 2353/2542/2359 2365/2555/2371 2364/2554/2370 2352/2541/2358
f 2354/2543/2360 2366/2556/2372 2365/2555/2371 2353/2542/2359
f 2355/2544/2361 2367/2557/2373 2366/2556/2372 2354/2543/2360
f 2356/2533/2351 2368/2546/2363 2367/2557/2373 2355/2544/2361
f 2357/2545/2362 2369/2558/2374 2380/2559/2375 2368/2546/2363
f 2358/2547/2364 2370/2560/2376 2369/2561/2374 2357/2548/2362
f 2359/2549/2365 2371/2562/2377 2370/2560/2376 2358/2547/2364
f 2360/2550/2366 2372/2563/2378 2371/2562/2377 2359/2549/2365
f 2361/2551/2367 2373/2564/2379 2372/2563/2378 2360/2550/2366
f 2362/2552/2368 2374/2565/2380 2373/2564/2379 2361/2551/2367
f 2363/2553/2369 2375/2566/2381 2374/2565/2380 2362/2552/2368
f 2364/2554/2370 2376/2567/2382 2375/2566/2381 2363/2553/2369
f 2365/2555/2371 2377/2568/2383 2376/2567/2382 2364/2554/2370
f 2366/2556/2372 2378/2569/2384 2377/2568/2383 2365/2555/2371
f 2367/2557/2373 2379/2570/2385 2378/2569/2384 2366/2556/2372
f 2368/2546/2363 2380/2559/2375 2379/2570/2385 2367/2557/2373
f 2369/2558/2374 2381/2571/2386 2392/2572/2387 2380/2559/2375
f 2370/2560/2376 2382/2573/2388 2381/2574/2386 2369/2561/2374
f 2371/2562/2377 2383/2575/2389 2382/2573/2388 2370/2560/2376
f 2372/2563/2378 2384/2576/2390 2383/2575/2389 2371/2562/2377
f 2373/2564/2379 2385/2577/2391 2384/2576/2390 2372/2563/2378
f 2374/2565/2380 2386/2578/2392 2385/2577/2391 2373/2564/2379
f 2375/2566/2381 2387/2579/2393 2386/2578/2392 2374/2565/2380
f 2376/2567/2382 2388/2580/2394 2387/2579/2393 2375/2566/2381
f 2377/2568/2383 2389/2581/2395 2388/2580/2394 2376/2567/2382
f 2378/2569/2384 2390/2582/2396 2389/2581/2395 2377/2568/2383
f 2379/2570/2385 2391/2583/2397 2390/2582/2396 2378/2569/2384
f 2380/2559/2375 2392/2572/2387 2391/2583/2397 2379/2570/2385
f 2/15/15 4/2584/2398 2393/2585/3 2394/2586/2
f 4/2584/2398 6/2587/2399 2395/2588/5 2393/2585/3
f 6/2587/2399 8/2589/2400 2396/2590/7 2395/2588/5
f 8/2589/2400 10/2591/2401 2397/2592/9 2396/2590/7
f 10/2591/2401 12/2593/2402 2398/2594/11 2397/2592/9
f 12/2593/2402 14/2595/2403 2399/2596/13 2398/2594/11
f 14/2595/2403 16/16/16 2400/2597/19 2399/2596/13
f 16/16/16 2/15/15 2394/2586/2 2400/2597/19
f 2406/2593/2404 2405/2591/2405 2413/2591/2406 2414/2593/2407
f 14/2595/2403 12/2593/2402 2406/2593/2404 2407/2595/2408
f 10/2591/2401 8/2589/2400 2404/2589/2409 2405/2591/2405
f 6/2587/2399 4/2584/2398 2401/2584/2410 2403/2587/2411
f 16/16/16 14/2595/2403 2407/2595/2408 2408/16/17
f 12/2593/2402 10/2591/2401 2405/2591/2405 2406/2593/2404
f 8/2589/2400 6/2587/2399 2403/2587/2411 2404/2589/2409
f 4/2584/2398 2/15/15 2402/15/18 2401/2584/2410
f 2416/16/2412 2415/2595/2413 2423/2595/2414 2424/16/2415
f 2404/2589/2409 2403/2587/2411 2411/2587/2416 2412/2589/2417
f 2401/2584/2410 2402/15/18 2410/15/2418 2409/2584/2419
f 2402/15/18 2408/16/17 2416/16/2412 2410/15/2418
f 2407/2595/2408 2406/2593/2404 2414/2593/2407 2415/2595/2413
f 2405/2591/2405 2404/2589/2409 2412/2589/2417 2413/2591/2406
f 2403/2587/2411 2401/2584/2410 2409/2584/2419 2411/2587/2416
f 2408/16/17 2407/2595/2408 2415/2595/2413 2416/16/2412
f 2423/2595/2414 2422/2593/2420 2430/2593/2421 2431/2595/2422
f 2414/2593/2407 2413/2591/2406 2421/2591/2423 2422/2593/2420
f 2412/2589/2417 2411/2587/2416 2419/2587/2424 2420/2589/2425
f 2409/2584/2419 2410/15/2418 2418/15/2426 2417/2584/2427
f 2410/15/2418 2416/16/2412 2424/16/2415 2418/15/2426
f 2415/2595/2413 2414/2593/2407 2422/2593/2420 2423/2595/2414
f 2413/2591/2406 2412/2589/2417 2420/2589/2425 2421/2591/2423
f 2411/2587/2416 2409/2584/2419 2417/2584/2427 2419/2587/2424
f 81/85/88 82/2598/91 2425/2599/2428 2426/86/89
f 2421/2591/2423 2420/2589/2425 2428/2589/2429 2429/2591/2430
f 2419/2587/2424 2417/2584/2427 2425/2584/2428 2427/2587/2431
f 2424/16/2415 2423/2595/2414 2431/2595/2422 2432/16/90
f 2422/2593/2420 2421/2591/2423 2429/2591/2430 2430/2593/2421
f 2420/2589/2425 2419/2587/2424 2427/2587/2431 2428/2589/2429
f 2417/2584/2427 2418/15/2426 2426/15/89 2425/2584/2428
f 2418/15/2426 2424/16/2415 2432/16/90 2426/15/89
f 87/2600/92 88/84/87 2432/87/90 2431/2601/2422
f 86/2602/93 87/2600/92 2431/2601/2422 2430/2603/2421
f 85/2604/94 86/2602/93 2430/2603/2421 2429/2605/2430
f 84/2606/80 85/2604/94 2429/2605/2430 2428/2607/2429
f 83/2608/81 84/2606/80 2428/2607/2429 2427/2609/2431
f 82/2598/91 83/2608/81 2427/2609/2431 2425/2599/2428
s 0
f 2459/2610/2432 2461/2611/2432 2477/2611/2432 2475/2610/2432
f 2443/2612/2433 2458/2613/2433 2460/2614/2433 2445/2615/2433
f 2433/2616/2434 2436/2617/2434 2438/2618/2434 2451/2619/2434
f 2435/2620/2434 2434/2621/2434 2452/2622/2434 2437/2623/2434
f 2454/2624/2435 2452/2622/2435 2468/2622/2435 2470/2624/2435
f 2451/2619/2436 2438/2618/2436 2440/2625/2436 2453/2626/2436
f 2462/2627/2437 2460/2614/2437 2476/2614/2437 2478/2627/2437
f 2445/2615/2438 2460/2614/2438 2462/2627/2438 2447/2628/2438
f 2453/2626/2439 2440/2625/2439 2442/2629/2439 2455/2630/2439
f 2439/2631/2439 2454/2624/2439 2456/2632/2439 2441/2633/2439
f 2453/2626/2440 2455/2630/2440 2471/2630/2440 2469/2626/2440
f 2455/2630/2441 2442/2629/2441 2444/2634/2441 2457/2635/2441
f 2461/2611/2442 2463/2636/2442 2479/2636/2442 2477/2611/2442
f 2447/2628/2443 2462/2627/2443 2464/2637/2443 2449/2638/2443
f 2457/2635/2433 2444/2634/2433 2446/2639/2433 2459/2610/2433
f 2441/2633/2441 2456/2632/2441 2458/2613/2441 2443/2612/2441
f 2456/2632/2444 2454/2624/2444 2470/2624/2444 2472/2632/2444
f 2459/2610/2438 2446/2639/2438 2448/2640/2438 2461/2611/2438
f 2438/2641/2445 2436/2642/2445 2450/2643/2445 2448/2644/2445 2446/2645/2445 2444/2646/2445 2442/2647/2445 2440/2648/2445
f 2449/2638/2446 2464/2637/2446 2434/2649/2446 2435/2650/2446
f 2461/2611/2443 2448/2640/2443 2450/2651/2443 2463/2636/2443
f 2437/2623/2436 2452/2622/2436 2454/2624/2436 2439/2631/2436
f 2464/2637/2447 2462/2627/2447 2478/2627/2447 2480/2637/2447
f 2463/2636/2446 2450/2651/2446 2436/2652/2446 2433/2653/2446
f 2435/2654/2448 2437/2655/2448 2439/2656/2448 2441/2657/2448 2443/2658/2448 2445/2659/2448 2447/2660/2448 2449/2661/2448
f 2455/2630/2449 2457/2635/2449 2473/2635/2449 2471/2630/2449
f 2468/2622/2436 2467/2619/2436 2469/2626/2436 2470/2624/2436
f 2476/2614/2438 2475/2610/2438 2477/2611/2438 2478/2627/2438
f 2470/2624/2439 2469/2626/2439 2471/2630/2439 2472/2632/2439
f 2478/2627/2443 2477/2611/2443 2479/2636/2443 2480/2637/2443
f 2472/2632/2441 2471/2630/2441 2473/2635/2441 2474/2613/2441
f 2480/2637/2446 2479/2636/2446 2465/2653/2446 2466/2649/2446
f 2474/2613/2433 2473/2635/2433 2475/2610/2433 2476/2614/2433
f 2466/2621/2434 2465/2616/2434 2467/2619/2434 2468/2622/2434
f 2451/2619/2450 2453/2626/2450 2469/2626/2450 2467/2619/2450
f 2460/2614/2451 2458/2613/2451 2474/2613/2451 2476/2614/2451
f 2452/2622/2452 2434/2621/2452 2466/2621/2452 2468/2622/2452
f 2457/2635/2453 2459/2610/2453 2475/2610/2453 2473/2635/2453
f 2434/2649/2454 2464/2637/2454 2480/2637/2454 2466/2649/2454
f 2433/2616/2455 2451/2619/2455 2467/2619/2455 2465/2616/2455
f 2458/2613/2456 2456/2632/2456 2472/2632/2456 2474/2613/2456
f 2463/2636/2457 2433/2653/2457 2465/2653/2457 2479/2636/2457
f 2507/2610/2458 2509/2611/2458 2525/2611/2458 2523/2610/2458
f 2491/2612/2459 2506/2613/2459 2508/2614/2459 2493/2615/2459
f 2481/2616/2460 2484/2617/2460 2486/2618/2460 2499/2619/2460
f 2483/2620/2460 2482/2621/2460 2500/2622/2460 2485/2623/2460
f 2502/2624/2461 2500/2622/2461 2516/2622/2461 2518/2624/2461
f 2499/2619/2462 2486/2618/2462 2488/2625/2462 2501/2626/2462
f 2510/2627/2463 2508/2614/2463 2524/2614/2463 2526/2627/2463
f 2493/2615/2464 2508/2614/2464 2510/2627/2464 2495/2628/2464
f 2501/2626/2465 2488/2625/2465 2490/2629/2465 2503/2630/2465
f 2487/2631/2465 2502/2624/2465 2504/2632/2465 2489/2633/2465
f 2501/2626/2466 2503/2630/2466 2519/2630/2466 2517/2626/2466
f 2503/2630/2467 2490/2629/2467 2492/2634/2467 2505/2635/2467
f 2509/2611/2468 2511/2636/2468 2527/2636/2468 2525/2611/2468
f 2495/2628/2469 2510/2627/2469 2512/2637/2469 2497/2638/2469
f 2505/2635/2459 2492/2634/2459 2494/2639/2459 2507/2610/2459
f 2489/2633/2467 2504/2632/2467 2506/2613/2467 2491/2612/2467
f 2504/2632/2470 2502/2624/2470 2518/2624/2470 2520/2632/2470
f 2507/2610/2464 2494/2639/2464 2496/2640/2464 2509/2611/2464
f 2486/2641/2471 2484/2642/2471 2498/2643/2471 2496/2644/2471 2494/2645/2471 2492/2646/2471 2490/2647/2471 2488/2648/2471
f 2497/2638/2472 2512/2637/2472 2482/2649/2472 2483/2650/2472
f 2509/2611/2469 2496/2640/2469 2498/2651/2469 2511/2636/2469
f 2485/2623/2462 2500/2622/2462 2502/2624/2462 2487/2631/2462
f 2512/2637/2473 2510/2627/2473 2526/2627/2473 2528/2637/2473
f 2511/2636/2472 2498/2651/2472 2484/2652/2472 2481/2653/2472
f 2503/2630/2474 2505/2635/2474 2521/2635/2474 2519/2630/2474
f 2516/2622/2462 2515/2619/2462 2517/2626/2462 2518/2624/2462
f 2524/2614/2464 2523/2610/2464 2525/2611/2464 2526/2627/2464
f 2518/2624/2465 2517/2626/2465 2519/2630/2465 2520/2632/2465
f 2526/2627/2469 2525/2611/2469 2527/2636/2469 2528/2637/2469
f 2520/2632/2475 2519/2630/2475 2521/2635/2475 2522/2613/2475
f 2528/2637/2472 2527/2636/2472 2513/2653/2472 2514/2649/2472
f 2522/2613/2459 2521/2635/2459 2523/2610/2459 2524/2614/2459
f 2514/2621/2460 2513/2616/2460 2515/2619/2460 2516/2622/2460
f 2499/2619/2476 2501/2626/2476 2517/2626/2476 2515/2619/2476
f 2508/2614/2477 2506/2613/2477 2522/2613/2477 2524/2614/2477
f 2500/2622/2478 2482/2621/2478 2514/2621/2478 2516/2622/2478
f 2505/2635/2479 2507/2610/2479 2523/2610/2479 2521/2635/2479
f 2482/2649/2480 2512/2637/2480 2528/2637/2480 2514/2649/2480
f 2481/2616/2481 2499/2619/2481 2515/2619/2481 2513/2616/2481
f 2506/2613/2482 2504/2632/2482 2520/2632/2482 2522/2613/2482
f 2511/2636/2483 2481/2653/2483 2513/2653/2483 2527/2636/2483
f 2555/2610/2484 2557/2611/2484 2573/2611/2484 2571/2610/2484
f 2539/2612/2485 2554/2613/2485 2556/2614/2485 2541/2615/2485
f 2529/2616/2486 2532/2617/2486 2534/2618/2486 2547/2619/2486
f 2531/2620/2486 2530/2621/2486 2548/2622/2486 2533/2623/2486
f 2550/2624/2487 2548/2622/2487 2564/2622/2487 2566/2624/2487
f 2547/2619/2488 2534/2618/2488 2536/2625/2488 2549/2626/2488
f 2558/2627/2489 2556/2614/2489 2572/2614/2489 2574/2627/2489
f 2541/2615/2490 2556/2614/2490 2558/2627/2490 2543/2628/2490
f 2549/2626/2491 2536/2625/2491 2538/2629/2491 2551/2630/2491
f 2535/2631/2491 2550/2624/2491 2552/2632/2491 2537/2633/2491
f 2549/2626/2492 2551/2630/2492 2567/2630/2492 2565/2626/2492
f 2551/2630/2493 2538/2629/2493 2540/2634/2493 2553/2635/2493
f 2557/2611/2494 2559/2636/2494 2575/2636/2494 2573/2611/2494
f 2543/2628/2495 2558/2627/2495 2560/2637/2495 2545/2638/2495
f 2553/2635/2485 2540/2634/2485 2542/2639/2485 2555/2610/2485
f 2537/2633/2493 2552/2632/2493 2554/2613/2493 2539/2612/2493
f 2552/2632/2496 2550/2624/2496 2566/2624/2496 2568/2632/2496
f 2555/2610/2490 2542/2639/2490 2544/2640/2490 2557/2611/2490
f 2534/2641/2497 2532/2642/2497 2546/2643/2497 2544/2644/2497 2542/2645/2497 2540/2646/2497 2538/2647/2497 2536/2648/2497
f 2545/2638/2498 2560/2637/2498 2530/2649/2498 2531/2650/2498
f 2557/2611/2495 2544/2640/2495 2546/2651/2495 2559/2636/2495
f 2533/2623/2488 2548/2622/2488 2550/2624/2488 2535/2631/2488
f 2560/2637/2499 2558/2627/2499 2574/2627/2499 2576/2637/2499
f 2559/2636/2498 2546/2651/2498 2532/2652/2498 2529/2653/2498
f 2551/2630/2500 2553/2635/2500 2569/2635/2500 2567/2630/2500
f 2564/2622/2488 2563/2619/2488 2565/2626/2488 2566/2624/2488
f 2572/2614/2490 2571/2610/2490 2573/2611/2490 2574/2627/2490
f 2566/2624/2491 2565/2626/2491 2567/2630/2491 2568/2632/2491
f 2574/2627/2495 2573/2611/2495 2575/2636/2495 2576/2637/2495
f 2568/2632/2493 2567/2630/2493 2569/2635/2493 2570/2613/2493
f 2576/2637/2498 2575/2636/2498 2561/2653/2498 2562/2649/2498
f 2570/2613/2485 2569/2635/2485 2571/2610/2485 2572/2614/2485
f 2562/2621/2486 2561/2616/2486 2563/2619/2486 2564/2622/2486
f 2547/2619/2501 2549/2626/2501 2565/2626/2501 2563/2619/2501
f 2556/2614/2502 2554/2613/2502 2570/2613/2502 2572/2614/2502
f 2548/2622/2503 2530/2621/2503 2562/2621/2503 2564/2622/2503
f 2553/2635/2504 2555/2610/2504 2571/2610/2504 2569/2635/2504
f 2530/2649/2505 2560/2637/2505 2576/2637/2505 2562/2649/2505
f 2529/2616/2506 2547/2619/2506 2563/2619/2506 2561/2616/2506
f 2554/2613/2507 2552/2632/2507 2568/2632/2507 2570/2613/2507
f 2559/2636/2508 2529/2653/2508 2561/2653/2508 2575/2636/2508
