# Blender 5.0.1
# www.blender.org
mtllib model.mtl
o metalMesh
v -150.596405 20.183561 92.123352
v -150.503128 20.175634 92.088196
v -150.485321 20.187534 91.990517
v -150.560806 20.207363 91.927994
v -150.654083 20.215290 91.963142
v -150.671890 20.203390 92.060829
v -79.936188 -12.614932 78.483353
v -80.036179 -12.613763 78.483353
v -80.086769 -12.663870 78.413139
v -80.037361 -12.715147 78.342926
v -79.937370 -12.716316 78.342926
v -79.886780 -12.666209 78.413139
v -80.145287 -15.719556 80.558990
v -80.244720 -15.710347 80.553627
v -80.294655 -15.751085 80.477158
v -80.245155 -15.801033 80.406059
v -80.145729 -15.810242 80.411423
v -80.095795 -15.769504 80.487892
v -80.686455 -18.683449 82.227776
v -80.784187 -18.665056 82.217247
v -80.832207 -18.695459 82.134964
v -80.782494 -18.744255 82.063217
v -80.684769 -18.762648 82.073746
v -80.636749 -18.732244 82.156029
v -81.541466 -21.501030 83.526314
v -81.636108 -21.472536 83.511124
v -81.680801 -21.492044 83.423820
v -81.630844 -21.540047 83.351707
v -81.536201 -21.568542 83.366898
v -81.491508 -21.549034 83.454201
v -82.687988 -24.158796 84.487968
v -82.778099 -24.119822 84.468971
v -82.818123 -24.128527 84.377739
v -82.768028 -24.176207 84.305511
v -82.677917 -24.215181 84.324509
v -82.637901 -24.206478 84.415733
v -84.098541 -26.641298 85.147476
v -84.182838 -26.592093 85.125740
v -84.217155 -26.590755 85.031822
v -84.167168 -26.638626 84.959641
v -84.082870 -26.687832 84.981377
v -84.048561 -26.689169 85.075302
v -85.741669 -28.935440 85.542198
v -85.819214 -28.876801 85.518806
v -85.847260 -28.866695 85.423355
v -85.797752 -28.915232 85.351295
v -85.720200 -28.973873 85.374680
v -85.692162 -28.983978 85.470139
v -87.584869 -31.033548 85.711464
v -87.655159 -30.966618 85.687378
v -87.676849 -30.949274 85.591309
v -87.628265 -30.998857 85.519333
v -87.557976 -31.065788 85.543427
v -87.536278 -31.083134 85.639488
v -89.597557 -32.933960 85.694466
v -89.660431 -32.860016 85.670410
v -89.676102 -32.836964 85.574379
v -89.628899 -32.887856 85.502396
v -89.566025 -32.961803 85.526451
v -89.550346 -32.984852 85.622490
v -91.752602 -34.639568 85.528374
v -91.808197 -34.559845 85.504852
v -91.818420 -34.532467 85.409218
v -91.773048 -34.584816 85.337105
v -91.717453 -34.664543 85.360619
v -91.707230 -34.691917 85.456253
v -94.026535 -36.155899 85.247208
v -94.075134 -36.071495 85.224533
v -94.080612 -36.040943 85.129471
v -94.037491 -36.094799 85.057083
v -93.988892 -36.179207 85.079758
v -93.983414 -36.209755 85.174820
v -96.398941 -37.489502 84.881454
v -96.440895 -37.401352 84.859787
v -96.442368 -37.368546 84.765335
v -96.401886 -37.423889 84.692543
v -96.359932 -37.512039 84.714211
v -96.358459 -37.544846 84.808662
v -98.851631 -38.646988 84.458138
v -98.887306 -38.555870 84.437546
v -98.885490 -38.521507 84.343651
v -98.848000 -38.578266 84.270355
v -98.812325 -38.669384 84.290947
v -98.814140 -38.703747 84.384842
v -101.368073 -39.634621 84.001160
v -101.397812 -39.541164 83.981636
v -101.393379 -39.505772 83.888214
v -101.359207 -39.563835 83.814316
v -101.329468 -39.657291 83.833847
v -101.333900 -39.692684 83.927269
v -103.932915 -40.458195 83.531540
v -103.957024 -40.362923 83.513039
v -103.950577 -40.326881 83.419983
v -103.920029 -40.386112 83.345428
v -103.895920 -40.481384 83.363930
v -103.902367 -40.517426 83.456985
v -106.531738 -41.123047 83.067642
v -106.550461 -41.026398 83.050095
v -106.542542 -40.989979 82.957298
v -106.515900 -41.050209 82.882050
v -106.497177 -41.146862 82.899597
v -106.505096 -41.183281 82.992393
v -109.150795 -41.634167 82.625328
v -109.164337 -41.536499 82.608650
v -109.155426 -41.499886 82.516022
v -109.132965 -41.560940 82.440071
v -109.119423 -41.658604 82.456749
v -109.128334 -41.695217 82.549377
v -111.777084 -41.996288 82.218094
v -111.785606 -41.897930 82.202187
v -111.776108 -41.861237 82.109650
v -111.758087 -41.922901 82.033012
v -111.749557 -42.021259 82.048920
v -111.759056 -42.057953 82.141457
v -114.398163 -42.213974 81.857117
v -114.401787 -42.115208 81.841881
v -114.392052 -42.078495 81.749374
v -114.378700 -42.140549 81.672104
v -114.375076 -42.239315 81.687340
v -114.384804 -42.276028 81.779846
v -117.002190 -42.291691 81.551254
v -117.000992 -42.192780 81.536583
v -116.991310 -42.156067 81.444069
v -116.982826 -42.218266 81.366234
v -116.984016 -42.317177 81.380898
v -116.993698 -42.353889 81.473412
v -119.577957 -42.233887 81.307175
v -119.571999 -42.135082 81.292953
v -119.562592 -42.098366 81.200417
v -119.559135 -42.160450 81.122101
v -119.565094 -42.259254 81.136322
v -119.574509 -42.295971 81.228859
v -122.114822 -42.045017 81.129272
v -122.104126 -41.946568 81.115379
v -122.095146 -41.909817 81.022812
v -122.096855 -41.971519 80.944138
v -122.107552 -42.069969 80.958031
v -122.116531 -42.106720 81.050598
v -124.602776 -41.729599 81.019669
v -124.587357 -41.631744 81.005989
v -124.578880 -41.594933 80.913399
v -124.585823 -41.655968 80.834496
v -124.601242 -41.753819 80.848175
v -124.609718 -41.790634 80.940765
v -127.032425 -41.292210 80.978279
v -127.012283 -41.195213 80.964676
v -127.004318 -41.158306 80.872078
v -127.016502 -41.218399 80.793083
v -127.036644 -41.315399 80.806686
v -127.044609 -41.352306 80.899284
v -129.395020 -40.737556 81.002701
v -129.370132 -40.641670 80.989052
v -129.362595 -40.604660 80.896461
v -129.379959 -40.663540 80.817513
v -129.404861 -40.759422 80.831169
v -129.412384 -40.796432 80.923759
v -131.682602 -40.070339 81.088234
v -131.652939 -39.975845 81.074402
v -131.645691 -39.938755 80.981819
v -131.668106 -39.996159 80.903061
v -131.697769 -40.090649 80.916893
v -131.705017 -40.127739 81.009476
v -133.888428 -39.294792 81.228622
v -133.853928 -39.202000 81.214485
v -133.846756 -39.164883 81.121910
v -133.874084 -39.220551 81.043465
v -133.908585 -39.313343 81.057594
v -133.915756 -39.350460 81.150177
v -136.006714 -38.413288 81.417648
v -135.967270 -38.322563 81.403076
v -135.959961 -38.285500 81.310486
v -135.992111 -38.339161 81.232468
v -136.031570 -38.429886 81.247040
v -136.038864 -38.466949 81.339630
v -138.031952 -37.426109 81.649864
v -137.987381 -37.337879 81.634705
v -137.979736 -37.300987 81.542076
v -138.016647 -37.352318 81.464607
v -138.061218 -37.440548 81.479759
v -138.068863 -37.477444 81.572388
v -139.958618 -36.331558 81.920486
v -139.908768 -36.246342 81.904587
v -139.900558 -36.209766 81.811882
v -139.942200 -36.258408 81.735069
v -139.992050 -36.343624 81.750969
v -140.000259 -36.380199 81.843681
v -141.780853 -35.126118 82.225319
v -141.725540 -35.044518 82.208504
v -141.716568 -35.008450 82.115669
v -141.762909 -35.053978 82.039650
v -141.818222 -35.135574 82.056458
v -141.827194 -35.171646 82.149292
v -143.492218 -33.804787 82.560684
v -143.431351 -33.727493 82.542786
v -143.421432 -33.692154 82.449768
v -143.472397 -33.734108 82.374641
v -143.533264 -33.811398 82.392548
v -143.543182 -33.846741 82.485565
v -145.085587 -32.361534 82.923195
v -145.019150 -32.289295 82.904030
v -145.008148 -32.254944 82.810760
v -145.063583 -32.292828 82.736656
v -145.130020 -32.365067 82.755821
v -145.141022 -32.399418 82.849091
v -146.553009 -30.789961 83.309753
v -146.481155 -30.723536 83.289162
v -146.468979 -30.690445 83.195580
v -146.528656 -30.723780 83.122597
v -146.600510 -30.790207 83.143188
v -146.612686 -30.823298 83.236763
v -147.886414 -29.083813 83.717354
v -147.809479 -29.023891 83.695213
v -147.796112 -28.992332 83.601265
v -147.859665 -29.020697 83.529465
v -147.936600 -29.080620 83.551605
v -147.949982 -29.112177 83.645554
v -149.078049 -27.237301 84.143173
v -148.996567 -27.184427 84.119415
v -148.982056 -27.154640 84.025063
v -149.049026 -27.177725 83.954475
v -149.130508 -27.230598 83.978241
v -149.145020 -27.260386 84.072594
v -150.121643 -25.244942 84.584686
v -150.036301 -25.199440 84.559288
v -150.020767 -25.171602 84.464508
v -150.090576 -25.189266 84.395126
v -150.175919 -25.234766 84.420517
v -150.191467 -25.262604 84.515305
v -151.013123 -23.100763 85.039940
v -150.924667 -23.062687 85.012970
v -150.908279 -23.036896 84.917755
v -150.980331 -23.049181 84.849510
v -151.068771 -23.087257 84.876480
v -151.085175 -23.113049 84.971695
v -151.751022 -20.797197 85.507835
v -151.660248 -20.766327 85.479393
v -151.643204 -20.742592 85.383766
v -151.716919 -20.749727 85.316566
v -151.807678 -20.780598 85.345001
v -151.824738 -20.804333 85.440636
v -152.336243 -18.324030 85.988258
v -152.243851 -18.299917 85.958504
v -152.226334 -18.278164 85.862488
v -152.301178 -18.280525 85.796219
v -152.393555 -18.304640 85.825966
v -152.411087 -18.326391 85.921982
v -152.771439 -15.667752 86.482216
v -152.678040 -15.649776 86.451324
v -152.660217 -15.629868 86.354965
v -152.735779 -15.627934 86.289497
v -152.829178 -15.645909 86.320381
v -152.847000 -15.665819 86.416748
v -153.060287 -12.811367 86.991730
v -152.966339 -12.798818 86.959869
v -152.948334 -12.780567 86.863213
v -153.024292 -12.774867 86.798416
v -153.118240 -12.787416 86.830269
v -153.136246 -12.805667 86.926933
v -153.206924 -9.734627 87.519737
v -153.112732 -9.726761 87.487076
v -153.094650 -9.709965 87.390167
v -153.170761 -9.701035 87.325920
v -153.264954 -9.708900 87.358589
v -153.283035 -9.725697 87.455498
v -153.215469 -6.414413 88.069939
v -153.121277 -6.410504 88.036613
v -153.103195 -6.394949 87.939507
v -153.179306 -6.383302 87.875710
v -153.273514 -6.387211 87.909027
v -153.291595 -6.402767 88.006142
v -153.090057 -2.825194 88.646721
v -152.995972 -2.824563 88.612869
v -152.977921 -2.810041 88.515594
v -153.053970 -2.796150 88.452164
v -153.148071 -2.796781 88.486008
v -153.166107 -2.811303 88.583290
v -152.834702 1.060638 89.255058
v -152.740768 1.058607 89.220795
v -152.722778 1.072290 89.123383
v -152.798706 1.088004 89.060234
v -152.892639 1.090035 89.094498
v -152.910629 1.076352 89.191910
v -152.453384 5.272491 89.900505
v -152.359650 5.268344 89.865913
v -152.341721 5.281365 89.768402
v -152.417526 5.298533 89.705475
v -152.511261 5.302680 89.740067
v -152.529190 5.289660 89.837578
v -151.950302 9.841422 90.589157
v -151.856750 9.835637 90.554321
v -151.838867 9.848156 90.456726
v -151.914551 9.866460 90.393974
v -152.008102 9.872245 90.428818
v -152.025986 9.859726 90.526405
v -151.329788 14.800026 91.327652
v -151.236389 14.793015 91.292633
v -151.218552 14.805172 91.194984
v -151.294128 14.824339 91.132362
v -151.387527 14.831349 91.167381
v -151.405365 14.819194 91.265030
v -148.264389 19.985373 91.244461
v -148.171112 19.977444 91.209305
v -148.153320 19.989346 91.111626
v -148.228806 20.009172 91.049103
v -148.322083 20.017101 91.084259
v -148.339874 20.005199 91.181938
v -82.436012 -12.585696 78.483353
v -82.536003 -12.584526 78.483353
v -82.586594 -12.634634 78.413139
v -82.537193 -12.685910 78.342926
v -82.437202 -12.687080 78.342926
v -82.386612 -12.636972 78.413139
v -82.631050 -15.489336 80.424873
v -82.730484 -15.480126 80.419502
v -82.780418 -15.520865 80.343040
v -82.730919 -15.570812 80.271935
v -82.631485 -15.580022 80.277306
v -82.581551 -15.539283 80.353767
v -83.129662 -18.223631 81.964508
v -83.227394 -18.205238 81.953972
v -83.275406 -18.235641 81.871696
v -83.225700 -18.284437 81.799942
v -83.127968 -18.302830 81.810478
v -83.079956 -18.272427 81.892754
v -83.907532 -20.788651 83.146538
v -84.002174 -20.760155 83.131348
v -84.046867 -20.779663 83.044044
v -83.996918 -20.827667 82.971931
v -83.902275 -20.856163 82.987122
v -83.857582 -20.836655 83.074425
v -84.940773 -23.184410 84.013039
v -85.030884 -23.145435 83.994041
v -85.070900 -23.154140 83.902809
v -85.020805 -23.201820 83.830574
v -84.930695 -23.240795 83.849571
v -84.890678 -23.232090 83.940804
v -86.205986 -25.411129 84.604019
v -86.290291 -25.361921 84.582283
v -86.324600 -25.360584 84.488365
v -86.274620 -25.408455 84.416183
v -86.190315 -25.457663 84.437920
v -86.156006 -25.459000 84.531837
v -87.680428 -27.469406 84.957443
v -87.757980 -27.410765 84.934059
v -87.786026 -27.400660 84.838600
v -87.736519 -27.449196 84.766541
v -87.658966 -27.507837 84.789925
v -87.630920 -27.517942 84.885384
v -89.342018 -29.360302 85.109238
v -89.412308 -29.293371 85.085152
v -89.434006 -29.276026 84.989090
v -89.385414 -29.325611 84.917114
v -89.315125 -29.392542 84.941200
v -89.293427 -29.409887 85.037262
v -91.169495 -31.085348 85.093094
v -91.232368 -31.011404 85.069038
v -91.248039 -30.988354 84.973000
v -91.200836 -31.039248 84.901016
v -91.137962 -31.113192 84.925072
v -91.122292 -31.136242 85.021111
v -93.142471 -32.646439 84.940422
v -93.198067 -32.566711 84.916908
v -93.208290 -32.539333 84.821266
v -93.162918 -32.591682 84.749153
v -93.107323 -32.671410 84.772667
v -93.097099 -32.698788 84.868309
v -95.241455 -34.045757 84.680397
v -95.290054 -33.961353 84.657722
v -95.295532 -33.930805 84.562660
v -95.252411 -33.984661 84.490273
v -95.203812 -34.069065 84.512947
v -95.198334 -34.099613 84.608009
v -97.447784 -35.285732 84.339851
v -97.489738 -35.197582 84.318192
v -97.491211 -35.164776 84.223732
v -97.450729 -35.220119 84.150948
v -97.408775 -35.308270 84.172607
v -97.407303 -35.341076 84.267067
v -99.743538 -36.368950 83.943314
v -99.779213 -36.277828 83.922722
v -99.777397 -36.243465 83.828827
v -99.739906 -36.300224 83.755524
v -99.704231 -36.391346 83.776115
v -99.706047 -36.425709 83.870010
v -102.111580 -37.298187 83.513031
v -102.141319 -37.204731 83.493507
v -102.136887 -37.169338 83.400085
v -102.102715 -37.227402 83.326187
v -102.072975 -37.320858 83.345711
v -102.077408 -37.356251 83.439133
v -104.535545 -38.076408 83.069000
v -104.559647 -37.981136 83.050499
v -104.553200 -37.945095 82.957443
v -104.522652 -38.004326 82.882889
v -104.498550 -38.099598 82.901390
v -104.504997 -38.135639 82.994446
v -106.999794 -38.706753 82.628960
v -107.018517 -38.610100 82.611412
v -107.010597 -38.573681 82.518616
v -106.983955 -38.633915 82.443367
v -106.965233 -38.730568 82.460915
v -106.973152 -38.766987 82.553711
v -109.489388 -39.192547 82.208366
v -109.502937 -39.094883 82.191689
v -109.494019 -39.058270 82.099060
v -109.471565 -39.119320 82.023109
v -109.458015 -39.216984 82.039787
v -109.466934 -39.253597 82.132416
v -111.990196 -39.537327 81.820473
v -111.998718 -39.438969 81.804573
v -111.989220 -39.402275 81.712029
v -111.971199 -39.463940 81.635399
v -111.962677 -39.562298 81.651299
v -111.972176 -39.598991 81.743843
v -114.488754 -39.744812 81.476280
v -114.492378 -39.646046 81.461044
v -114.482643 -39.609333 81.368538
v -114.469284 -39.671387 81.291267
v -114.465660 -39.770153 81.306503
v -114.475395 -39.806866 81.399010
v -116.972328 -39.818920 81.184494
v -116.971138 -39.720009 81.169823
v -116.961449 -39.683296 81.077309
v -116.952965 -39.745495 80.999466
v -116.954155 -39.844406 81.014137
v -116.963844 -39.881119 81.106651
v -119.428986 -39.763783 80.951645
v -119.423027 -39.664982 80.937424
v -119.413620 -39.628262 80.844887
v -119.410172 -39.690346 80.766571
v -119.416130 -39.789150 80.780792
v -119.425537 -39.825871 80.873329
v -121.847473 -39.583733 80.782005
v -121.836777 -39.485279 80.768112
v -121.827789 -39.448532 80.675545
v -121.829498 -39.510231 80.596870
v -121.840195 -39.608685 80.610764
v -121.849182 -39.645432 80.703331
v -124.217293 -39.283298 80.677589
v -124.201874 -39.185444 80.663902
v -124.193398 -39.148632 80.571320
v -124.200340 -39.209667 80.492409
v -124.215759 -39.307522 80.506096
v -124.224236 -39.344334 80.598679
v -126.528717 -38.867210 80.638214
v -126.508568 -38.770210 80.624611
v -126.500603 -38.733303 80.532013
v -126.512787 -38.793396 80.453018
v -126.532936 -38.890396 80.466621
v -126.540901 -38.927303 80.559219
v -128.772705 -38.340424 80.661438
v -128.747803 -38.244537 80.647789
v -128.740280 -38.207527 80.555199
v -128.757629 -38.266403 80.476257
v -128.782532 -38.362289 80.489906
v -128.790054 -38.399300 80.582497
v -130.940948 -37.708038 80.742554
v -130.911285 -37.613548 80.728729
v -130.904037 -37.576454 80.636147
v -130.926453 -37.633858 80.557388
v -130.956116 -37.728348 80.571213
v -130.963364 -37.765442 80.663795
v -133.025879 -36.975056 80.875298
v -132.991379 -36.882263 80.861168
v -132.984207 -36.845146 80.768593
v -133.011536 -36.900814 80.690147
v -133.046036 -36.993607 80.704277
v -133.053207 -37.030724 80.796852
v -135.020370 -36.145161 81.053322
v -134.980927 -36.054436 81.038750
v -134.973618 -36.017372 80.946159
v -135.005783 -36.071033 80.868141
v -135.045227 -36.161758 80.882713
v -135.052536 -36.198822 80.975304
v -136.917847 -35.220390 81.270927
v -136.873291 -35.132160 81.255768
v -136.865631 -35.095264 81.163139
v -136.902557 -35.146599 81.085670
v -136.947113 -35.234829 81.100830
v -136.954773 -35.271725 81.193459
v -138.712296 -34.201138 81.523010
v -138.662445 -34.115921 81.507118
v -138.654236 -34.079346 81.414406
v -138.695877 -34.127987 81.337601
v -138.745728 -34.213203 81.353493
v -138.753937 -34.249779 81.446205
v -140.398148 -33.086143 81.805054
v -140.342834 -33.004543 81.788246
v -140.333862 -32.968472 81.695412
v -140.380203 -33.014000 81.619385
v -140.435516 -33.095600 81.636192
v -140.444489 -33.131672 81.729027
v -141.970398 -31.872488 82.113182
v -141.909515 -31.795197 82.095284
v -141.899612 -31.759857 82.002266
v -141.950562 -31.801809 81.927147
v -142.011444 -31.879101 81.945045
v -142.021347 -31.914440 82.038063
v -143.424545 -30.555609 82.444046
v -143.358109 -30.483372 82.424881
v -143.347107 -30.449020 82.331612
v -143.402542 -30.486906 82.257507
v -143.468979 -30.559143 82.276672
v -143.479980 -30.593494 82.369942
v -144.756561 -29.129309 82.794960
v -144.684708 -29.062883 82.774368
v -144.672531 -29.029793 82.680794
v -144.732208 -29.063128 82.607811
v -144.804062 -29.129553 82.628403
v -144.816238 -29.162643 82.721977
v -145.963028 -27.585752 83.163803
v -145.886093 -27.525829 83.141663
v -145.872726 -27.494270 83.047722
v -145.936295 -27.522635 82.975922
v -146.013229 -27.582558 82.998062
v -146.026596 -27.614117 83.092003
v -147.040939 -25.915482 83.549057
v -146.959457 -25.862610 83.525291
v -146.944946 -25.832821 83.430939
v -147.011917 -25.855907 83.360352
v -147.093399 -25.908779 83.384117
v -147.107910 -25.938568 83.478470
v -147.987885 -24.107424 83.949768
v -147.902542 -24.061924 83.924370
v -147.886993 -24.034086 83.829590
v -147.956818 -24.051748 83.760208
v -148.042160 -24.097250 83.785606
v -148.057709 -24.125086 83.880386
v -148.801956 -22.148867 84.365639
v -148.713516 -22.110790 84.338669
v -148.697128 -22.084999 84.243454
v -148.769180 -22.097284 84.175209
v -148.857620 -22.135361 84.202179
v -148.874008 -22.161152 84.297394
v -149.481873 -20.025455 84.796944
v -149.391098 -19.994585 84.768509
v -149.374054 -19.970850 84.672874
v -149.447754 -19.977985 84.605675
v -149.538528 -20.008856 84.634109
v -149.555573 -20.032591 84.729744
v -150.026810 -17.721180 85.244545
v -149.934433 -17.697065 85.214798
v -149.916901 -17.675312 85.118782
v -149.991745 -17.677673 85.052513
v -150.084122 -17.701788 85.082260
v -150.101654 -17.723541 85.178276
v -150.436569 -15.218358 85.709953
v -150.343170 -15.200382 85.679062
v -150.325333 -15.180472 85.582703
v -150.400894 -15.178538 85.517235
v -150.494293 -15.196514 85.548126
v -150.512131 -15.216424 85.644485
v -150.711426 -12.497631 86.195244
v -150.617462 -12.485082 86.163383
v -150.599472 -12.466832 86.066727
v -150.675415 -12.461132 86.001930
v -150.769379 -12.473681 86.033791
v -150.787369 -12.491931 86.130447
v -150.852249 -9.537975 86.703140
v -150.758057 -9.530109 86.670479
v -150.739975 -9.513313 86.573570
v -150.816086 -9.504383 86.509323
v -150.910278 -9.512249 86.541985
v -150.928360 -9.529045 86.638893
v -150.860367 -6.316692 87.236923
v -150.766159 -6.312784 87.203606
v -150.748077 -6.297228 87.106491
v -150.824203 -6.285582 87.042694
v -150.918411 -6.289490 87.076012
v -150.936493 -6.305046 87.173126
v -150.737686 -2.809422 87.800522
v -150.643585 -2.808791 87.766670
v -150.625534 -2.794269 87.669388
v -150.701584 -2.780378 87.605957
v -150.795685 -2.781009 87.639809
v -150.813736 -2.795531 87.737091
v -150.486588 1.009855 88.398422
v -150.392670 1.007823 88.364159
v -150.374680 1.021506 88.266747
v -150.450607 1.037221 88.203598
v -150.544525 1.039252 88.237862
v -150.562515 1.025569 88.335274
v -150.110001 5.168816 89.035751
v -150.016266 5.164669 89.001160
v -149.998337 5.177691 88.903648
v -150.074142 5.194859 88.840729
v -150.167877 5.199006 88.875320
v -150.185806 5.185985 88.972832
v -149.611389 9.696791 89.718224
v -149.517822 9.691006 89.683388
v -149.499954 9.703525 89.585800
v -149.575623 9.721828 89.523048
v -149.669189 9.727613 89.557884
v -149.687057 9.715095 89.655472
v -148.994675 14.624759 90.452148
v -148.901260 14.617748 90.417130
v -148.883438 14.629905 90.319489
v -148.959000 14.649072 90.256866
v -149.052414 14.656082 90.291885
v -149.070236 14.643926 90.389526
v -111.143753 -37.476181 122.259720
v -111.190834 -37.389046 122.245903
v -111.250755 -37.376579 122.166824
v -111.263603 -37.451248 122.101562
v -111.216522 -37.538383 122.115379
v -111.156601 -37.550850 122.194458
v -153.035492 16.822510 69.306877
v -153.113464 16.882061 69.287567
v -153.203751 16.842405 69.270897
v -153.216034 16.743198 69.273537
v -153.138062 16.683649 69.292847
v -153.047791 16.723305 69.309525
v -153.518082 16.699215 71.623596
v -153.598969 16.757772 71.618263
v -153.687286 16.718782 71.592209
v -153.694733 16.621235 71.571495
v -153.613846 16.562677 71.576828
v -153.525513 16.601665 71.602875
v -153.863342 16.132563 73.282013
v -153.947617 16.185249 73.293015
v -154.033707 16.150126 73.256210
v -154.035522 16.062311 73.208405
v -153.951248 16.009623 73.197403
v -153.865158 16.044748 73.234207
v -154.111435 15.199574 74.486618
v -154.198700 15.241204 74.512138
v -154.282837 15.213305 74.465851
v -154.279709 15.143774 74.394043
v -154.192444 15.102144 74.368530
v -154.108307 15.130044 74.414818
v -154.300247 13.873871 75.418671
v -154.389374 13.903172 75.453293
v -154.472290 13.883421 75.400993
v -154.466080 13.834369 75.314072
v -154.376953 13.805067 75.279449
v -154.294037 13.824819 75.331757
v -154.447388 12.131390 76.147308
v -154.537384 12.150901 76.186264
v -154.619690 12.137936 76.130959
v -154.611969 12.105460 76.036690
v -154.521973 12.085948 75.997734
v -154.439667 12.098913 76.053047
v -154.564804 10.018314 76.695503
v -154.655197 10.031492 76.736198
v -154.737198 10.023509 76.679520
v -154.728806 10.002348 76.582146
v -154.638412 9.989169 76.541451
v -154.556412 9.997152 76.598129
v -154.670319 7.615762 77.094749
v -154.760880 7.625537 77.136047
v -154.842697 7.621206 77.078728
v -154.833984 7.607099 76.980110
v -154.743423 7.597323 76.938820
v -154.661606 7.601655 76.996140
v -154.787643 5.007144 77.386589
v -154.878250 5.015816 77.428009
v -154.959930 5.014381 77.370346
v -154.951019 5.004274 77.271263
v -154.860413 4.995603 77.229836
v -154.778732 4.997038 77.287498
v -154.944702 2.269560 77.613594
v -155.035263 2.279042 77.654945
v -155.116791 2.280232 77.597054
v -155.107773 2.271939 77.497810
v -155.017212 2.262457 77.456451
v -154.935684 2.261267 77.514343
v -155.172943 -0.526454 77.814018
v -155.263275 -0.514374 77.855179
v -155.344559 -0.510412 77.797081
v -155.335526 -0.518528 77.697823
v -155.245193 -0.530607 77.656662
v -155.163895 -0.534570 77.714760
v -155.507706 -3.316327 78.019699
v -155.597473 -3.299765 78.060516
v -155.678360 -3.292453 78.002167
v -155.669464 -3.301702 77.902992
v -155.579681 -3.318264 77.862175
v -155.498810 -3.325576 77.920532
v -155.990143 -6.040779 78.255478
v -156.078705 -6.017549 78.295708
v -156.158768 -6.005832 78.236961
v -156.150284 -6.017346 78.137985
v -156.061737 -6.040577 78.097763
v -155.981659 -6.052294 78.156509
v -156.668655 -8.642740 78.540054
v -156.754745 -8.610302 78.579254
v -156.833252 -8.592735 78.519859
v -156.825668 -8.607608 78.421257
v -156.739578 -8.640047 78.382065
v -156.661072 -8.657613 78.441460
v -157.594559 -11.065675 78.890121
v -157.675995 -11.021346 78.927574
v -157.751617 -10.996376 78.867081
v -157.745789 -11.015734 78.769150
v -157.664352 -11.060062 78.731697
v -157.588730 -11.085032 78.792183
v -158.817169 -13.248570 79.322868
v -158.890518 -13.190065 79.357468
v -158.961197 -13.156422 79.295250
v -158.958542 -13.181283 79.198425
v -158.885193 -13.239788 79.163818
v -158.814514 -13.273432 79.226044
v -160.373566 -15.113437 79.853226
v -160.434174 -15.039900 79.883530
v -160.497269 -14.997211 79.818741
v -160.499741 -15.028058 79.723648
v -160.439117 -15.101595 79.693344
v -160.376038 -15.144284 79.758133
v -162.262863 -16.562252 80.486061
v -162.305984 -16.475418 80.510582
v -162.358841 -16.424839 80.442413
v -162.368591 -16.461092 80.349724
v -162.325485 -16.547926 80.325211
v -162.272614 -16.598507 80.393379
v -164.425369 -17.505766 81.209595
v -164.447983 -17.409994 81.227386
v -164.489136 -17.354122 81.155388
v -164.507706 -17.394022 81.065590
v -164.485107 -17.489796 81.047798
v -164.443939 -17.545666 81.119797
v -166.761414 -17.906252 82.000763
v -166.763397 -17.806887 82.011833
v -166.793121 -17.748728 81.936111
v -166.820862 -17.789936 81.849319
v -166.818863 -17.889301 81.838249
v -166.789139 -17.947458 81.913971
v -169.177414 -17.783644 82.839348
v -169.160950 -17.685137 82.844421
v -169.180756 -17.627003 82.765503
v -169.217010 -17.667376 82.681503
v -169.233459 -17.765882 82.676430
v -169.213669 -17.824017 82.755348
v -171.607834 -17.184330 83.715080
v -171.575867 -17.089577 83.715195
v -171.587616 -17.032743 83.633759
v -171.631317 -17.070662 83.552200
v -171.663284 -17.165415 83.552086
v -171.651550 -17.222248 83.633522
v -174.004013 -16.154572 84.624825
v -173.959137 -16.065290 84.620956
v -173.964401 -16.010254 84.537636
v -174.014526 -16.044500 84.458176
v -174.059402 -16.133781 84.462036
v -174.054153 -16.188818 84.545364
v -176.316574 -14.733764 85.567581
v -176.260712 -14.651131 85.560501
v -176.260559 -14.597984 85.475792
v -176.316284 -14.627470 85.398170
v -176.372147 -14.710103 85.405251
v -176.372299 -14.763249 85.489960
v -178.484940 -12.957335 86.541573
v -178.419312 -12.882521 86.531792
v -178.414352 -12.831244 86.446083
v -178.475021 -12.854782 86.370155
v -178.540649 -12.929597 86.379936
v -178.545609 -12.980873 86.465645
v -180.434387 -10.861744 87.542732
v -180.359863 -10.796189 87.530563
v -180.350266 -10.746861 87.444107
v -180.415207 -10.763088 87.369820
v -180.489746 -10.828643 87.381981
v -180.499329 -10.877971 87.468437
v -182.088150 -8.486280 88.564789
v -182.005600 -8.431704 88.550446
v -181.991287 -8.384626 88.463387
v -182.059525 -8.392126 88.390678
v -182.142090 -8.446702 88.405029
v -182.156387 -8.493779 88.492088
v -183.376129 -5.874856 89.600044
v -183.286743 -5.833099 89.583679
v -183.267517 -5.788851 89.496094
v -183.337662 -5.786359 89.424866
v -183.427032 -5.828115 89.441223
v -183.446274 -5.872364 89.528816
v -184.238663 -3.078558 90.639252
v -184.144165 -3.051330 90.621109
v -184.119858 -3.010756 90.533005
v -184.190033 -2.997411 90.463036
v -184.284531 -3.024640 90.481171
v -184.308838 -3.065212 90.569275
v -184.630905 -0.157145 91.671761
v -184.533508 -0.145706 91.652245
v -184.504135 -0.109856 91.563637
v -184.572174 -0.085443 91.494537
v -184.669586 -0.096881 91.514053
v -184.698944 -0.132732 91.602661
v -184.527344 2.822104 92.686264
v -184.429550 2.817204 92.665977
v -184.395401 2.847207 92.576912
v -184.459045 2.882111 92.508125
v -184.556839 2.887012 92.528412
v -184.591003 2.857008 92.617477
v -183.925034 5.788610 93.672340
v -183.829376 5.767631 93.652092
v -183.790970 5.790722 93.562698
v -183.848206 5.834794 93.493553
v -183.943863 5.855773 93.513802
v -183.982269 5.832682 93.603188
v -182.842712 8.673664 94.622276
v -182.751465 8.637564 94.603020
v -182.709503 8.652846 94.513542
v -182.758789 8.704228 94.443329
v -182.850037 8.740329 94.462578
v -182.891998 8.725046 94.552055
v -181.317581 11.413662 95.531967
v -181.232605 11.363862 95.514671
v -181.187943 11.370656 95.425461
v -181.228256 11.427249 95.353539
v -181.313232 11.477048 95.370834
v -181.357895 11.470255 95.460052
v -179.401093 13.950586 96.401184
v -179.323883 13.888716 96.386711
v -179.277435 13.886569 96.298180
v -179.308212 13.946293 96.224113
v -179.385437 14.008162 96.238579
v -179.431870 14.010309 96.327110
v -177.156021 16.230494 97.233246
v -177.087799 16.158197 97.222267
v -177.040573 16.146873 97.134857
v -177.061554 16.207848 97.058426
v -177.129776 16.280142 97.069405
v -177.177002 16.291466 97.156815
v -174.654037 18.201633 98.034836
v -174.596085 18.120457 98.027695
v -174.549179 18.099901 97.941803
v -174.560242 18.160521 97.863045
v -174.618195 18.241697 97.870178
v -174.665100 18.262255 97.956070
v -171.970261 19.814270 98.815170
v -171.924026 19.725660 98.811859
v -171.878845 19.695953 98.727745
v -171.879883 19.754854 98.646942
v -171.926117 19.843464 98.650253
v -171.971313 19.873171 98.734367
v -169.172516 21.023336 99.583649
v -169.139832 20.928827 99.583755
v -169.098160 20.890238 99.501450
v -169.089172 20.946157 99.419037
v -169.121841 21.040667 99.418930
v -169.163513 21.079256 99.501236
v -166.322723 21.787500 100.348091
v -166.305679 21.689003 100.350891
v -166.269730 21.642170 100.270180
v -166.250839 21.693830 100.186661
v -166.267899 21.792326 100.183868
v -166.303833 21.839161 100.264580
v -163.481949 22.069149 101.113548
v -163.482574 21.969254 101.118088
v -163.454849 21.915415 101.038513
v -163.426498 21.961472 100.954399
v -163.425888 22.061365 100.949860
v -163.453613 22.115206 101.029434
v -160.717224 21.838264 101.880402
v -160.736969 21.740374 101.885689
v -160.719849 21.681578 101.806625
v -160.682999 21.720671 101.722282
v -160.663269 21.818562 101.716995
v -160.680374 21.877357 101.796059
v -158.105209 21.082634 102.642342
v -158.144226 20.990711 102.647591
v -158.139496 20.929785 102.568436
v -158.095734 20.960783 102.484032
v -158.056717 21.052708 102.478775
v -158.061447 21.113632 102.557930
v -155.725784 19.820890 103.387184
v -155.782516 19.738689 103.392052
v -155.790741 19.678820 103.312378
v -155.742233 19.701151 103.227837
v -155.685501 19.783352 103.222961
v -155.677277 19.843222 103.302635
v -153.644806 18.106730 104.101410
v -153.716217 18.036880 104.106026
v -153.736679 17.980907 104.025726
v -153.685715 17.994783 103.940804
v -153.614304 18.064632 103.936188
v -153.593842 18.120605 104.016487
v -151.898376 16.017433 104.775551
v -151.980759 15.960968 104.780350
v -152.011795 15.910826 104.699585
v -151.960419 15.917147 104.614021
v -151.878021 15.973611 104.609222
v -151.847000 16.023754 104.689987
v -150.492142 13.636617 105.406265
v -150.582047 13.593180 105.411743
v -150.621613 13.549767 105.330811
v -150.571274 13.549791 105.244408
v -150.481369 13.593227 105.238930
v -150.441803 13.636640 105.319855
v -149.411011 11.044847 105.994347
v -149.505661 11.013256 106.000900
v -149.551865 10.976667 105.920113
v -149.503418 10.971669 105.832771
v -149.408752 11.003260 105.826225
v -149.362549 11.039847 105.907013
v -148.629303 8.318492 106.542313
v -148.726715 8.297338 106.550148
v -148.777985 8.267233 106.469734
v -148.731812 8.258283 106.381485
v -148.634399 8.279437 106.373642
v -148.583130 8.309542 106.454056
v -148.119125 5.526682 107.052963
v -148.218002 5.514787 107.062126
v -148.273087 5.490762 106.982208
v -148.229309 5.478632 106.893120
v -148.130447 5.490528 106.883949
v -148.075363 5.514553 106.963875
v -147.857315 2.727590 107.528496
v -147.956726 2.724186 107.538879
v -148.014694 2.705973 107.459457
v -147.973267 2.691163 107.369659
v -147.873871 2.694566 107.359276
v -147.815887 2.712779 107.438698
v -147.825577 -0.027969 107.970192
v -147.924805 -0.023274 107.981590
v -147.984848 -0.035783 107.902611
v -147.945663 -0.052986 107.812233
v -147.846436 -0.057680 107.800835
v -147.786377 -0.045172 107.879814
v -148.008667 -2.695944 108.378815
v -148.107117 -2.683237 108.390984
v -148.168503 -2.689996 108.312332
v -148.131439 -2.709463 108.221512
v -148.033005 -2.722170 108.209351
v -147.971619 -2.715410 108.288002
v -148.393707 -5.239324 108.755066
v -148.490677 -5.218430 108.767723
v -148.552658 -5.219262 108.689255
v -148.517670 -5.240989 108.598129
v -148.420700 -5.261883 108.585472
v -148.358719 -5.261051 108.663940
v -148.969681 -7.627901 109.099747
v -149.064377 -7.598443 109.112595
v -149.126144 -7.593062 109.034142
v -149.093216 -7.617138 108.942833
v -148.998535 -7.646596 108.929985
v -148.936752 -7.651977 109.008446
v -149.727127 -9.837665 109.413681
v -149.818527 -9.799150 109.426422
v -149.879150 -9.787211 109.347801
v -149.848389 -9.813787 109.256439
v -149.756989 -9.852301 109.243698
v -149.696350 -9.864240 109.322319
v -150.657532 -11.849596 109.697838
v -150.744354 -11.801543 109.710190
v -150.802765 -11.782730 109.631233
v -150.774353 -11.811969 109.539925
v -150.687531 -11.860022 109.527573
v -150.629120 -11.878835 109.606529
v -151.751450 -13.647846 109.952911
v -151.832153 -13.589986 109.964638
v -151.887115 -13.564138 109.885193
v -151.861359 -13.596151 109.794022
v -151.780655 -13.654013 109.782295
v -151.725693 -13.679860 109.861740
v -152.994949 -15.218828 110.179207
v -153.067917 -15.151337 110.190140
v -153.118164 -15.118614 110.110107
v -153.095428 -15.153383 110.019142
v -153.022446 -15.220875 110.008217
v -152.972214 -15.253597 110.088249
v -154.365540 -16.552595 110.376930
v -154.429367 -16.476280 110.386993
v -154.473801 -16.437283 110.306343
v -154.454391 -16.474602 110.215614
v -154.390564 -16.550917 110.205551
v -154.346130 -16.589912 110.286209
v -155.832245 -17.649052 110.546829
v -155.886063 -17.565277 110.556061
v -155.923981 -17.521000 110.474808
v -155.908066 -17.560495 110.384323
v -155.854248 -17.644270 110.375092
v -155.816345 -17.688549 110.456345
v -157.363525 -18.520271 110.690948
v -157.407043 -18.430630 110.699409
v -157.438156 -18.382238 110.617622
v -157.425766 -18.423487 110.527367
v -157.382263 -18.513126 110.518906
v -157.351135 -18.561520 110.600700
v -158.932755 -19.184486 110.812134
v -158.966080 -19.090523 110.819908
v -158.990479 -19.039158 110.737648
v -158.981567 -19.081757 110.647614
v -158.948242 -19.175720 110.639839
v -158.923843 -19.227085 110.722099
v -160.518448 -19.661694 110.913429
v -160.541992 -19.564768 110.920586
v -160.559952 -19.511438 110.837929
v -160.554398 -19.555037 110.748100
v -160.530853 -19.651962 110.740944
v -160.512878 -19.705292 110.823601
v -162.104065 -19.971386 110.997742
v -162.118362 -19.872633 111.004349
v -162.130310 -19.818176 110.921333
v -162.127991 -19.862474 110.831711
v -162.113708 -19.961227 110.825104
v -162.101746 -20.015684 110.908119
v -163.677322 -20.131145 111.067772
v -163.682907 -20.031488 111.073875
v -163.689316 -19.976570 110.990547
v -163.690125 -20.021311 110.901115
v -163.684540 -20.120968 110.895012
v -163.678146 -20.175886 110.978340
v -165.229065 -20.155834 111.125687
v -165.226440 -20.056028 111.131332
v -165.227707 -20.001169 111.047729
v -165.231598 -20.046116 110.958481
v -165.234222 -20.145924 110.952843
v -165.232956 -20.200781 111.036438
v -166.752380 -20.057409 111.173325
v -166.741959 -19.958092 111.178558
v -166.738449 -19.903698 111.094719
v -166.745377 -19.948624 111.005646
v -166.755798 -20.047939 111.000412
v -166.759308 -20.102333 111.084251
v -168.242050 -19.844940 111.212036
v -168.224121 -19.746681 111.216919
v -168.216141 -19.693079 111.132874
v -168.226089 -19.737736 111.043953
v -168.244019 -19.835997 111.039078
v -168.251984 -19.889599 111.123116
v -169.693878 -19.524836 111.242821
v -169.668671 -19.428177 111.247421
v -169.656433 -19.375637 111.163216
v -169.669403 -19.419756 111.074417
v -169.694626 -19.516415 111.069824
v -169.706863 -19.568954 111.154022
v -171.104431 -19.101065 111.266243
v -171.072052 -19.006556 111.270653
v -171.055695 -18.955320 111.186348
v -171.071716 -18.998594 111.097633
v -171.104095 -19.093103 111.093216
v -171.120453 -19.144339 111.177521
v -172.470428 -18.575560 111.282516
v -172.430984 -18.483772 111.286865
v -172.410583 -18.434067 111.202522
v -172.429642 -18.476149 111.113838
v -172.469101 -18.567936 111.109482
v -172.489487 -18.617641 111.193825
v -173.788071 -17.949112 111.291565
v -173.741699 -17.860628 111.296005
v -173.717331 -17.812664 111.211708
v -173.739334 -17.853182 111.122978
v -173.785721 -17.941666 111.118538
v -173.810089 -17.989630 111.202827
v -175.052368 -17.223192 111.293259
v -174.999298 -17.138571 111.297966
v -174.971024 -17.092531 111.213814
v -174.995834 -17.131117 111.124954
v -175.048904 -17.215740 111.120247
v -175.077179 -17.261778 111.204399
v -176.257828 -16.400696 111.287659
v -176.198395 -16.320435 111.292831
v -176.166321 -16.276482 111.208939
v -176.193665 -16.312792 111.119865
v -176.253082 -16.393053 111.114685
v -176.285172 -16.437006 111.198586
v -177.399368 -15.485577 111.274971
v -177.334015 -15.410104 111.280815
v -177.298233 -15.368373 111.197289
v -177.327774 -15.402116 111.107910
v -177.393112 -15.477589 111.102066
v -177.428909 -15.519319 111.185593
v -178.472366 -14.482559 111.255653
v -178.401596 -14.412234 111.262375
v -178.362198 -14.372851 111.179329
v -178.393570 -14.403793 111.089561
v -178.464340 -14.474118 111.082840
v -178.503738 -14.513502 111.165894
v -179.472610 -13.396963 111.230331
v -179.396912 -13.332076 111.238121
v -179.354019 -13.295165 111.155670
v -179.386810 -13.323142 111.065445
v -179.462509 -13.388029 111.057655
v -179.505402 -13.424940 111.140106
v -180.396240 -12.234461 111.199799
v -180.316162 -12.175247 111.208824
v -180.269882 -12.140947 111.127090
v -180.303665 -12.165860 111.036324
v -180.383743 -12.225073 111.027298
v -180.430038 -12.259373 111.109039
v -181.239410 -11.001099 111.165031
v -181.155457 -10.947758 111.175438
v -181.105896 -10.916229 111.094505
v -181.140274 -10.938041 111.003174
v -181.224228 -10.991382 110.992767
v -181.273788 -11.022910 111.073692
v -181.998322 -9.703257 111.127167
v -181.911026 -9.655961 111.139061
v -181.858322 -9.627396 111.059021
v -181.892914 -9.646126 110.967087
v -181.980225 -9.693420 110.955185
v -182.032928 -9.721986 111.035225
v -182.669113 -8.347540 111.087532
v -182.578934 -8.306459 111.100983
v -182.523254 -8.281088 111.021889
v -182.557739 -8.296797 110.929352
v -182.647919 -8.337878 110.915901
v -182.703598 -8.363250 110.994995
v -183.247635 -6.940863 111.047676
v -183.155060 -6.906177 111.062683
v -183.096603 -6.884274 110.984566
v -183.130722 -6.897058 110.891441
v -183.223312 -6.931744 110.876434
v -183.281769 -6.953647 110.954552
v -183.729385 -5.490539 111.009247
v -183.634842 -5.462453 111.025749
v -183.573868 -5.444340 110.948586
v -183.607437 -5.454313 110.854919
v -183.701981 -5.482399 110.838417
v -183.762955 -5.500512 110.915581
v -184.109421 -4.004761 110.974022
v -184.013351 -3.983495 110.991898
v -183.950211 -3.969516 110.915627
v -183.983124 -3.976804 110.821480
v -184.079193 -3.998069 110.803604
v -184.142334 -4.012048 110.879875
v -184.383026 -2.492568 110.943619
v -184.285904 -2.478326 110.962677
v -184.221008 -2.468811 110.887192
v -184.253235 -2.473537 110.792648
v -184.350357 -2.487778 110.773590
v -184.415253 -2.497294 110.849075
v -184.546509 -0.963246 110.919403
v -184.448776 -0.956201 110.939407
v -184.382629 -0.951431 110.864563
v -184.414215 -0.953707 110.769707
v -184.511948 -0.960753 110.749702
v -184.578079 -0.965522 110.824554
v -184.597076 0.573999 110.902382
v -184.499237 0.573716 110.923050
v -184.432419 0.573524 110.848648
v -184.463440 0.573614 110.753586
v -184.561279 0.573896 110.732918
v -184.628098 0.574089 110.807312
v -184.533051 2.109759 110.893311
v -184.435577 2.102073 110.914330
v -184.368698 2.096799 110.840172
v -184.399292 2.099210 110.744995
v -184.496750 2.106896 110.723969
v -184.563629 2.112171 110.798126
v -184.353958 3.634788 110.892632
v -184.257370 3.619680 110.913673
v -184.191071 3.609309 110.839539
v -184.221359 3.614046 110.744347
v -184.317947 3.629154 110.723305
v -184.384247 3.639525 110.797447
v -184.060425 5.139973 110.900627
v -183.965225 5.117487 110.921364
v -183.900131 5.102118 110.847008
v -183.930267 5.109232 110.751923
v -184.025467 5.131718 110.731186
v -184.090546 5.147088 110.805542
v -183.654327 6.616280 110.917168
v -183.561005 6.586531 110.937256
v -183.497757 6.566372 110.862465
v -183.527847 6.575963 110.767586
v -183.621170 6.605712 110.747498
v -183.684418 6.625871 110.822289
v -183.138748 8.055005 110.941978
v -183.047775 8.018171 110.961105
v -182.986923 7.993540 110.885658
v -183.017075 8.005742 110.791092
v -183.108047 8.042576 110.771973
v -183.168884 8.067207 110.847412
v -182.518005 9.447731 110.974426
v -182.429840 9.404056 110.992287
v -182.371887 9.375351 110.916008
v -182.402115 9.390324 110.821869
v -182.490280 9.433998 110.804008
v -182.548218 9.462702 110.880287
v -181.797516 10.786561 111.013573
v -181.712601 10.736342 111.029907
v -181.657959 10.704032 110.952629
v -181.688248 10.721941 110.859024
v -181.773163 10.772160 110.842690
v -181.827805 10.804470 110.919968
v -180.983765 12.064084 111.058296
v -180.902496 12.007666 111.072884
v -180.851486 11.972251 110.994499
v -180.881744 11.993255 110.901527
v -180.963013 12.049673 110.886940
v -181.014023 12.085089 110.965324
v -180.083939 13.273813 111.107132
v -180.006714 13.211569 111.119820
v -179.959534 13.173553 111.040253
v -179.989609 13.197783 110.948013
v -180.066833 13.260029 110.935326
v -180.113998 13.298043 111.014885
v -179.104965 14.410695 111.158669
v -179.032104 14.343023 111.169342
v -178.988922 14.302898 111.088570
v -179.018570 14.330445 110.997124
v -179.091415 14.398117 110.986458
v -179.134613 14.438242 111.067230
v -178.053848 15.470903 111.211540
v -177.985672 15.398246 111.220139
v -177.946503 15.356483 111.138161
v -177.975479 15.387378 111.047577
v -178.043655 15.460036 111.038971
v -178.082825 15.501799 111.120956
v -176.937759 16.452063 111.264435
v -176.874481 16.374903 111.270973
v -176.839264 16.331947 111.187820
v -176.867310 16.366150 111.098137
v -176.930588 16.443312 111.091599
v -176.965805 16.486267 111.174751
v -175.764008 17.353497 111.316139
v -175.705719 17.272360 111.320656
v -175.674301 17.228619 111.236397
v -175.701157 17.266014 111.147621
v -175.759445 17.347151 111.143112
v -175.790863 17.390892 111.227371
v -174.539856 18.176445 111.365517
v -174.486542 18.091885 111.368088
v -174.458679 18.047718 111.282806
v -174.484161 18.088110 111.194946
v -174.537476 18.172670 111.192368
v -174.565323 18.216837 111.277649
v -173.272430 18.924213 111.411484
v -173.223892 18.836790 111.412262
v -173.199295 18.792492 111.326050
v -173.223236 18.835617 111.239059
v -173.271774 18.923040 111.238289
v -173.296371 18.967339 111.324501
v -171.968414 19.602259 111.453117
v -171.924301 19.512518 111.452263
v -171.902573 19.468315 111.365234
v -171.924957 19.513851 111.279060
v -171.969070 19.603592 111.279922
v -171.990799 19.647795 111.366951
v -170.633713 20.218128 111.489494
v -170.593536 20.126581 111.487206
v -170.574234 20.082619 111.399483
v -170.595123 20.130203 111.314049
v -170.635300 20.221750 111.316330
v -170.654587 20.265713 111.404053
v -169.273270 20.781317 111.519821
v -169.236404 20.688425 111.516342
v -169.219086 20.644775 111.428055
v -169.238632 20.694019 111.343246
v -169.275497 20.786911 111.346718
v -169.292816 20.830561 111.435005
v -167.890793 21.303036 111.543404
v -167.856506 21.209204 111.539001
v -167.840668 21.165867 111.450279
v -167.859116 21.216364 111.365959
v -167.893417 21.310196 111.370361
v -167.909256 21.353533 111.459084
v -166.488205 21.796150 111.559624
v -166.455688 21.701721 111.554581
v -166.440842 21.658634 111.465569
v -166.458527 21.709974 111.381599
v -166.491043 21.804401 111.386635
v -166.505890 21.847490 111.475647
v -165.064529 22.274418 111.567978
v -165.033020 22.179667 111.562607
v -165.018723 22.136700 111.473450
v -165.035950 22.188484 111.389656
v -165.067459 22.283237 111.395020
v -165.081757 22.326204 111.484184
v -163.617233 22.750252 111.568077
v -163.586090 22.655378 111.562706
v -163.571960 22.612362 111.473549
v -163.588989 22.664217 111.389755
v -163.620132 22.759090 111.395126
v -163.634262 22.802109 111.484291
v -162.143982 23.233986 111.559845
v -162.112686 23.139145 111.554794
v -162.098419 23.095873 111.465782
v -162.115433 23.147446 111.381813
v -162.146729 23.242287 111.386864
v -162.161011 23.285559 111.475876
v -160.642975 23.733894 111.543236
v -160.611130 23.639198 111.538841
v -160.596436 23.595459 111.450127
v -160.613556 23.646414 111.365807
v -160.645401 23.741110 111.370201
v -160.660110 23.784849 111.458916
v -159.113174 24.256346 111.518547
v -159.080521 24.161890 111.515121
v -159.065170 24.117466 111.426857
v -159.082458 24.167496 111.342018
v -159.115112 24.261953 111.345444
v -159.130478 24.306377 111.433708
v -157.554214 24.805897 111.486115
v -157.520569 24.711754 111.483963
v -157.504364 24.666435 111.396309
v -157.521820 24.715263 111.310799
v -157.555466 24.809406 111.312950
v -157.571671 24.854725 111.400612
v -155.966568 25.385370 111.446548
v -155.931839 25.291597 111.445953
v -155.914658 25.245199 111.359055
v -155.932205 25.292572 111.272751
v -155.966934 25.386345 111.273354
v -155.984116 25.432743 111.360252
v -154.351364 25.995935 111.400696
v -154.315536 25.902578 111.401894
v -154.297256 25.854931 111.315895
v -154.314789 25.900640 111.228699
v -154.350616 25.993998 111.227501
v -154.368896 26.041645 111.313499
v -152.710388 26.637129 111.349510
v -152.673553 26.544220 111.352715
v -152.654114 26.495184 111.267761
v -152.671509 26.539061 111.179596
v -152.708344 26.631969 111.176392
v -152.727798 26.681005 111.261353
v -151.046143 27.306910 111.294212
v -151.008408 27.214460 111.299583
v -150.987778 27.163929 111.215790
v -151.004898 27.205849 111.126625
v -151.042633 27.298300 111.121254
v -151.063263 27.348831 111.205048
v -149.361755 28.001678 111.236214
v -149.323303 27.909683 111.243858
v -149.301529 27.857580 111.161324
v -149.318207 27.897476 111.071159
v -149.356644 27.989471 111.063515
v -149.378433 28.041574 111.146049
v -147.661240 28.716253 111.177109
v -147.622299 28.624685 111.187057
v -147.599457 28.570972 111.105858
v -147.615555 28.608828 111.014709
v -147.654495 28.700396 111.004761
v -147.677338 28.754108 111.085960
v -145.949265 29.444427 111.118530
v -145.910065 29.353249 111.130768
v -145.886276 29.297922 111.050941
v -145.901703 29.333775 110.958870
v -145.940903 29.424953 110.946632
v -145.964691 29.480280 111.026459
v -144.230453 30.180176 111.061928
v -144.191208 30.089340 111.076370
v -144.166611 30.032438 110.997902
v -144.181274 30.066370 110.904984
v -144.220520 30.157204 110.890533
v -144.245117 30.214106 110.969009
v -142.508469 30.917931 111.008553
v -142.469376 30.827385 111.025078
v -142.444153 30.768970 110.947937
v -142.458023 30.801100 110.854256
v -142.497116 30.891644 110.837730
v -142.522339 30.950060 110.914871
v -140.786255 31.652567 110.959427
v -140.747498 31.562244 110.977867
v -140.721832 31.502401 110.901978
v -140.734909 31.532885 110.807632
v -140.773651 31.623209 110.789192
v -140.799332 31.683050 110.865089
v -139.065826 32.379379 110.915451
v -139.027618 32.289192 110.935608
v -139.001694 32.228024 110.860863
v -139.013992 32.257046 110.765961
v -139.052200 32.347229 110.745796
v -139.078125 32.408398 110.820541
v -137.348434 33.094017 110.877220
v -137.310944 33.003876 110.898865
v -137.285004 32.941494 110.825142
v -137.296555 32.969257 110.729767
v -137.334045 33.059399 110.708122
v -137.359985 33.121780 110.781845
v -135.634491 33.792465 110.845207
v -135.597900 33.702259 110.868103
v -135.572144 33.638786 110.795242
v -135.582993 33.665516 110.699493
v -135.619583 33.755722 110.676605
v -135.645340 33.819199 110.749458
v -133.923584 34.471008 110.819664
v -133.888077 34.380630 110.843552
v -133.862747 34.316189 110.771400
v -133.872940 34.342125 110.675362
v -133.908447 34.432503 110.651474
v -133.933777 34.496948 110.723625
v -132.214539 35.126221 110.800697
v -132.180283 35.035553 110.825325
v -132.155624 34.970268 110.753700
v -132.165222 34.995655 110.657448
v -132.199463 35.086323 110.632828
v -132.224121 35.151604 110.704453
v -130.505341 35.754894 110.788185
v -130.472534 35.663826 110.813293
v -130.448761 35.597832 110.742020
v -130.457794 35.622910 110.645638
v -130.490601 35.713978 110.620529
v -130.514374 35.779972 110.691803
v -128.793289 36.354092 110.781883
v -128.762115 36.262520 110.807236
v -128.739456 36.195950 110.736145
v -128.747971 36.220951 110.639694
v -128.779144 36.312523 110.614342
v -128.801804 36.379093 110.685432
v -127.074829 36.921120 110.781357
v -127.045471 36.828953 110.806732
v -127.024117 36.761932 110.735649
v -127.032127 36.787075 110.639198
v -127.061485 36.879242 110.613823
v -127.082832 36.946262 110.684906
v -125.346062 37.453091 110.786140
v -125.318726 37.360256 110.811333
v -125.298897 37.292915 110.740120
v -125.306404 37.318405 110.643715
v -125.333733 37.411240 110.618523
v -125.353561 37.478584 110.689735
v -123.603493 37.946514 110.795837
v -123.578407 37.852943 110.820648
v -123.560303 37.785404 110.749161
v -123.567276 37.811436 110.652863
v -123.592361 37.905003 110.628044
v -123.610466 37.972542 110.699532
v -121.844116 38.397167 110.810097
v -121.821541 38.302818 110.834358
v -121.805367 38.235210 110.762466
v -121.811768 38.261955 110.666321
v -121.834343 38.356304 110.642067
v -121.850517 38.423912 110.713951
v -120.065475 38.800095 110.828651
v -120.045685 38.704941 110.852188
v -120.031647 38.637405 110.779785
v -120.037392 38.665028 110.683846
v -120.057175 38.760185 110.660316
v -120.071213 38.827717 110.732712
v -118.265709 39.149582 110.851311
v -118.249031 39.053619 110.873962
v -118.237328 38.986309 110.800941
v -118.242310 39.014961 110.705261
v -118.258995 39.110920 110.682610
v -118.270691 39.178230 110.755630
v -116.443535 39.439159 110.877930
v -116.430298 39.342426 110.899544
v -116.421143 39.275509 110.825798
v -116.425224 39.305325 110.730438
v -116.438454 39.402061 110.708817
v -116.447609 39.468975 110.782562
v -114.598167 39.661518 110.908401
v -114.588753 39.564083 110.928841
v -114.582352 39.497749 110.854279
v -114.585350 39.528858 110.759285
v -114.594765 39.626293 110.738853
v -114.601166 39.692627 110.813416
v -112.729561 39.808552 110.942764
v -112.724373 39.710526 110.961861
v -112.720909 39.645004 110.886398
v -112.722633 39.677502 110.791840
v -112.727814 39.775524 110.772743
v -112.731277 39.841049 110.848206
v -110.838295 39.871243 110.981003
v -110.837769 39.772804 110.998611
v -110.837418 39.708344 110.922157
v -110.837601 39.742313 110.828110
v -110.838135 39.840752 110.810501
v -110.838478 39.905216 110.886955
v -108.925774 39.839741 111.023270
v -108.930344 39.741127 111.039230
v -108.933273 39.678020 110.961716
v -108.931625 39.713524 110.868240
v -108.927055 39.812134 110.852287
v -108.924126 39.875244 110.929802
v -106.994392 39.703281 111.069717
v -107.004509 39.604805 111.083862
v -107.010826 39.543381 111.005196
v -107.007019 39.580437 110.912392
v -106.996895 39.678909 110.898254
v -106.990585 39.740334 110.976913
v -105.048767 39.450741 111.120529
v -105.064827 39.352791 111.132690
v -105.074554 39.293423 111.052811
v -105.068230 39.332005 110.960770
v -105.052177 39.429955 110.948608
v -105.042442 39.489323 111.028488
v -103.096062 39.072536 111.175789
v -103.118317 38.975559 111.185791
v -103.131378 38.918625 111.104622
v -103.122185 38.958675 111.013451
v -103.099937 39.055653 111.003448
v -103.086876 39.112583 111.084618
v -101.144882 38.561714 111.235321
v -101.173424 38.466187 111.242996
v -101.189606 38.412052 111.160484
v -101.177231 38.453449 111.070297
v -101.148682 38.548981 111.062630
v -101.132507 38.603115 111.145134
v -99.204376 37.913963 111.298676
v -99.239182 37.820362 111.303871
v -99.258148 37.769344 111.219986
v -99.242317 37.811928 111.130905
v -99.207512 37.905533 111.125710
v -99.188538 37.956551 111.209595
v -97.284096 37.127522 111.365219
v -97.324997 37.036308 111.367805
v -97.346359 36.988651 111.282524
v -97.326828 37.032215 111.194656
v -97.285927 37.123432 111.192070
v -97.264557 37.171085 111.277351
v -95.393715 36.202988 111.433990
v -95.440453 36.114582 111.433884
v -95.463783 36.070461 111.347229
v -95.440369 36.114746 111.260681
v -95.393623 36.203152 111.260788
v -95.370300 36.247272 111.347443
v -93.543037 35.143154 111.503853
v -93.595291 35.057938 111.501007
v -93.620125 35.017433 111.413017
v -93.592712 35.062145 111.327873
v -93.540459 35.147358 111.330719
v -93.515625 35.187866 111.418709
v -91.741989 33.952847 111.573410
v -91.799377 33.871147 111.567833
v -91.825302 33.834251 111.478577
v -91.793823 33.879055 111.394897
v -91.736427 33.960754 111.400475
v -91.710510 33.997650 111.489738
v -90.000526 32.638683 111.641029
v -90.062691 32.560787 111.632790
v -90.089317 32.527412 111.542358
v -90.053787 32.571938 111.460175
v -89.991623 32.649834 111.468414
v -89.964996 32.683205 111.558838
v -88.328934 31.208998 111.704903
v -88.395500 31.135155 111.694153
v -88.422554 31.105148 111.602676
v -88.383034 31.148985 111.521950
v -88.316467 31.222828 111.532700
v -88.289413 31.252834 111.624176
v -86.737724 29.673674 111.762978
v -86.808372 29.604113 111.749947
v -86.835648 29.577253 111.657562
v -86.792282 29.619955 111.578217
v -86.721626 29.689516 111.591255
v -86.694351 29.716375 111.683640
v -85.237823 28.044006 111.813087
v -85.312279 27.978960 111.798073
v -85.339714 27.954990 111.704948
v -85.292694 27.996067 111.626831
v -85.218239 28.061113 111.641846
v -85.190804 28.085083 111.734970
v -83.840446 26.332239 111.852921
v -83.918488 26.271957 111.836334
v -83.946144 26.250595 111.742645
v -83.895760 26.289515 111.665527
v -83.817711 26.349796 111.682114
v -83.790054 26.371159 111.775810
v -82.555702 24.549847 111.880646
v -82.637161 24.494606 111.862968
v -82.665222 24.475578 111.768890
v -82.611824 24.511789 111.692490
v -82.530357 24.567030 111.710167
v -82.502296 24.586060 111.804245
v -81.392418 22.707108 111.894936
v -81.477135 22.657209 111.876694
v -81.505882 22.640278 111.782425
v -81.449913 22.673243 111.706390
v -81.365189 22.723141 111.724632
v -81.336441 22.740070 111.818901
v -80.358063 20.813272 111.895027
v -80.445869 20.769039 111.876778
v -80.475662 20.754030 111.782509
v -80.417648 20.783255 111.706482
v -80.329842 20.827488 111.724724
v -80.300049 20.842497 111.819000
v -79.458771 18.876751 111.880630
v -79.549461 18.838501 111.862953
v -79.580704 18.825323 111.768875
v -79.521255 18.850399 111.692474
v -79.430565 18.888649 111.710152
v -79.399323 18.901825 111.804222
v -78.699196 16.905380 111.851959
v -78.792488 16.873404 111.835411
v -78.825577 16.862061 111.741730
v -78.765381 16.882696 111.664597
v -78.672089 16.914673 111.681137
v -78.638992 16.926016 111.774818
v -78.082306 14.906660 111.809761
v -78.177856 14.881184 111.794876
v -78.213181 14.871766 111.701797
v -78.152946 14.887824 111.623596
v -78.057404 14.913301 111.638481
v -78.022079 14.922718 111.731560
v -77.609085 12.888006 111.755348
v -77.706459 12.869151 111.742615
v -77.744316 12.861820 111.650352
v -77.684799 12.873344 111.570824
v -77.587425 12.892200 111.583557
v -77.549561 12.899530 111.675827
v -77.277901 10.856622 111.690582
v -77.376617 10.844358 111.680397
v -77.417221 10.839314 111.589149
v -77.359108 10.846534 111.508087
v -77.260391 10.858796 111.518280
v -77.219780 10.863840 111.609520
v -77.084312 8.819287 111.617935
v -77.183876 8.813410 111.610611
v -77.227318 8.810844 111.520576
v -77.171204 8.814157 111.437866
v -77.071640 8.820036 111.445198
v -77.028198 8.822600 111.535233
v -77.020676 6.781971 111.540512
v -77.120583 6.782077 111.536224
v -77.166824 6.782125 111.447556
v -77.113152 6.782069 111.363174
v -77.013245 6.781963 111.367462
v -76.967003 6.781914 111.456131
v -77.076126 4.748619 111.462044
v -77.175964 4.754147 111.460838
v -77.224838 4.756852 111.373642
v -77.173874 4.754029 111.287643
v -77.074036 4.748501 111.288857
v -77.025162 4.745796 111.376053
v -77.238052 2.719702 111.386581
v -77.337502 2.730045 111.388336
v -77.388733 2.735368 111.302620
v -77.340515 2.730347 111.215157
v -77.241074 2.720004 111.213402
v -77.189835 2.714682 111.299118
v -77.495117 0.693771 111.317780
v -77.593948 0.708385 111.322235
v -77.647179 0.716234 111.237946
v -77.601593 0.709470 111.149200
v -77.502762 0.694856 111.144745
v -77.449532 0.687007 111.229034
v -77.838089 -1.330538 111.258728
v -77.936134 -1.312092 111.265526
v -77.990959 -1.301834 111.182518
v -77.947731 -1.310023 111.092720
v -77.849686 -1.328469 111.085922
v -77.794861 -1.338726 111.168922
v -78.260056 -3.353817 111.211891
v -78.357224 -3.331857 111.220596
v -78.413185 -3.319324 111.138672
v -78.371971 -3.328751 111.048042
v -78.274796 -3.350711 111.039345
v -78.218842 -3.363245 111.121269
v -78.756409 -5.375618 111.179184
v -78.852631 -5.350335 111.189293
v -78.909256 -5.335656 111.108185
v -78.869659 -5.346262 111.016975
v -78.773438 -5.371545 111.006866
v -78.716812 -5.386223 111.087975
v -79.324982 -7.394300 111.161957
v -79.420189 -7.365760 111.172958
v -79.477005 -7.349054 111.092384
v -79.438622 -7.360888 111.000809
v -79.343414 -7.389427 110.989807
v -79.286591 -7.406133 111.070381
v -79.965958 -9.406923 111.160980
v -80.060066 -9.375075 111.172363
v -80.116608 -9.356438 111.092018
v -80.079041 -9.369648 111.000290
v -79.984940 -9.401496 110.988907
v -79.928398 -9.420134 111.069252
v -80.682022 -11.409235 111.176559
v -80.774887 -11.373911 111.187843
v -80.830704 -11.353409 111.107445
v -80.793640 -11.368229 111.015755
v -80.700775 -11.403552 111.004463
v -80.644958 -11.424055 111.084869
v -81.478271 -13.395518 111.208458
v -81.569687 -13.356452 111.219223
v -81.624344 -13.334118 111.138512
v -81.587570 -13.350850 111.047035
v -81.496147 -13.389916 111.036270
v -81.441498 -13.412251 111.116982
v -82.362213 -15.358596 111.255928
v -82.451866 -15.315427 111.265831
v -82.504967 -15.291257 111.184608
v -82.468407 -15.310256 111.093491
v -82.378754 -15.353425 111.083595
v -82.325653 -15.377595 111.164810
v -83.343834 -17.289734 111.317772
v -83.431282 -17.242029 111.326569
v -83.482475 -17.215977 111.244713
v -83.446228 -17.237631 111.154068
v -83.358788 -17.285336 111.145271
v -83.307587 -17.311388 111.227127
v -84.435608 -19.178564 111.392570
v -84.520241 -19.125835 111.400146
v -84.569290 -19.097874 111.317612
v -84.533707 -19.122641 111.227493
v -84.449074 -19.175369 111.219917
v -84.400032 -19.203331 111.302452
v -85.653671 -21.014822 111.483566
v -85.734718 -20.956585 111.489922
v -85.781570 -20.926863 111.406723
v -85.747383 -20.955378 111.317184
v -85.666336 -21.013613 111.310829
v -85.619484 -21.043335 111.394028
v -87.018761 -22.790527 111.605881
v -87.095360 -22.726448 111.611023
v -87.140297 -22.695408 111.527252
v -87.108627 -22.728449 111.438339
v -87.032028 -22.792528 111.433197
v -86.987099 -22.823568 111.516968
v -88.554329 -24.500000 111.787445
v -88.625687 -24.430054 111.791344
v -88.669319 -24.398394 111.707115
v -88.641586 -24.436678 111.618996
v -88.570229 -24.506624 111.615097
v -88.526596 -24.538286 111.699326
v -90.285156 -26.141603 112.067947
v -90.350777 -26.066187 112.070465
v -90.394051 -26.034727 111.985977
v -90.371712 -26.078684 111.898979
v -90.306091 -26.154100 111.896469
v -90.262810 -26.185560 111.980949
v -92.238159 -27.721001 112.497314
v -92.298027 -27.640907 112.498230
v -92.342064 -27.610432 112.413773
v -92.326233 -27.660051 112.328407
v -92.266365 -27.740145 112.327492
v -92.222328 -27.770618 112.411949
v -94.445457 -29.254230 113.134483
v -94.500122 -29.170498 113.133568
v -94.545982 -29.141636 113.049522
v -94.537186 -29.196508 112.966393
v -94.482521 -29.280241 112.967300
v -94.436661 -29.309103 113.051346
v -96.948662 -30.768686 114.047966
v -96.999130 -30.682404 114.045052
v -97.047615 -30.655630 113.961792
v -97.045631 -30.715139 113.881447
v -96.995171 -30.801420 113.884369
v -96.946678 -30.828194 113.967628
v -99.801094 -32.301514 115.317680
v -99.848648 -32.213696 115.312584
v -99.900185 -32.189430 115.230392
v -99.904160 -32.252991 115.153290
v -99.856606 -32.340813 115.158386
v -99.805069 -32.365074 115.240578
v -103.067223 -33.896957 117.036446
v -103.113251 -33.808498 117.028946
v -103.167892 -33.787273 116.947922
v -103.176498 -33.854511 116.874405
v -103.130470 -33.942970 116.881905
v -103.075836 -33.964191 116.962929
v -106.820610 -35.604103 119.310440
v -106.866501 -35.515858 119.300133
v -106.924011 -35.498447 119.220200
v -106.935623 -35.569283 119.150574
v -106.889732 -35.657524 119.160881
v -106.832222 -35.674938 119.240814
v -112.398628 -35.192333 121.867332
v -112.442047 -35.225590 121.783615
v -112.424103 -35.318588 121.751526
v -112.362740 -35.378330 121.803154
v -112.319321 -35.345074 121.886871
v -112.337265 -35.252075 121.918961
v -154.984970 18.311274 68.824043
v -155.062943 18.370825 68.804733
v -155.153214 18.331169 68.788063
v -155.165512 18.231962 68.790703
v -155.087540 18.172411 68.810013
v -154.997269 18.212067 68.826683
v -155.540237 18.163158 71.490280
v -155.621109 18.221716 71.484947
v -155.709442 18.182726 71.458900
v -155.716873 18.085178 71.438187
v -155.636002 18.026621 71.443520
v -155.547668 18.065611 71.469566
v -155.970306 17.449772 73.557091
v -156.054581 17.502460 73.568092
v -156.140671 17.467335 73.531288
v -156.142487 17.379520 73.483482
v -156.058212 17.326832 73.472481
v -155.972122 17.361958 73.509285
v -156.293152 16.240328 75.124542
v -156.380417 16.281958 75.150055
v -156.464554 16.254057 75.103775
v -156.461426 16.184526 75.031967
v -156.374161 16.142897 75.006454
v -156.290024 16.170797 75.052734
v -156.528336 14.606396 76.284142
v -156.617462 14.635696 76.318764
v -156.700378 14.615945 76.266464
v -156.694168 14.566893 76.179543
v -156.605042 14.537592 76.144920
v -156.522125 14.557343 76.197220
v -156.697632 12.619172 77.121201
v -156.787628 12.638683 77.160156
v -156.869934 12.625718 77.104851
v -156.862213 12.593242 77.010590
v -156.772217 12.573730 76.971634
v -156.689911 12.586696 77.026939
v -156.824524 10.347770 77.712914
v -156.914917 10.360948 77.753609
v -156.996918 10.352964 77.696930
v -156.988525 10.331803 77.599556
v -156.898132 10.318625 77.558861
v -156.816132 10.326609 77.615540
v -156.934052 7.860147 78.127121
v -157.024612 7.869923 78.168419
v -157.106430 7.865592 78.111099
v -157.097717 7.851484 78.012482
v -157.007156 7.841709 77.971184
v -156.925339 7.846040 78.028503
v -157.052689 5.223936 78.422218
v -157.143295 5.232608 78.463646
v -157.224991 5.231173 78.405983
v -157.216080 5.221066 78.306892
v -157.125473 5.212395 78.265465
v -157.043777 5.213830 78.323128
v -157.208542 2.506624 78.647453
v -157.299088 2.516106 78.688805
v -157.380615 2.517296 78.630913
v -157.371597 2.509003 78.531670
v -157.281052 2.499520 78.490318
v -157.199524 2.498331 78.548210
v -157.431244 -0.224473 78.843018
v -157.521576 -0.212393 78.884178
v -157.602875 -0.208431 78.826080
v -157.593842 -0.216547 78.726822
v -157.503510 -0.228626 78.685661
v -157.422211 -0.232589 78.743759
v -157.752090 -2.902281 79.040154
v -157.841858 -2.885719 79.080971
v -157.922745 -2.878406 79.022614
v -157.913834 -2.887655 78.923439
v -157.824066 -2.904217 78.882622
v -157.743179 -2.911530 78.940979
v -158.204041 -5.460005 79.261131
v -158.292603 -5.436774 79.301353
v -158.372681 -5.425057 79.242615
v -158.364197 -5.436571 79.143639
v -158.275635 -5.459802 79.103416
v -158.195557 -5.471519 79.162155
v -158.820877 -7.831775 79.519997
v -158.906967 -7.799336 79.559189
v -158.985474 -7.781770 79.499794
v -158.977890 -7.796643 79.401192
v -158.891800 -7.829082 79.362000
v -158.813293 -7.846648 79.421394
v -159.630585 -9.957463 79.826347
v -159.712021 -9.913135 79.863785
v -159.787628 -9.888166 79.803299
v -159.781799 -9.907527 79.705360
v -159.700363 -9.951856 79.667923
v -159.624756 -9.976824 79.728409
v -160.650864 -11.785931 80.187943
v -160.724228 -11.727425 80.222519
v -160.794907 -11.693795 80.160278
v -160.792221 -11.718672 80.063461
v -160.718857 -11.777178 80.028885
v -160.648178 -11.810807 80.091125
v -161.888947 -13.274961 80.610840
v -161.949600 -13.201419 80.641068
v -162.012665 -13.158781 80.576210
v -162.015076 -13.189686 80.481140
v -161.954422 -13.263228 80.450912
v -161.891357 -13.305866 80.515770
v -163.340744 -14.391256 81.099113
v -163.383926 -14.304406 81.123444
v -163.436752 -14.253969 81.055138
v -163.446396 -14.290382 80.962502
v -163.403214 -14.377233 80.938171
v -163.350388 -14.427670 81.006477
v -164.990448 -15.111131 81.654770
v -165.013184 -15.015322 81.672188
v -165.054337 -14.959770 81.599937
v -165.072754 -15.000028 81.510269
v -165.050018 -15.095837 81.492851
v -165.008865 -15.151388 81.565102
v -166.811127 -15.421508 82.277893
v -166.813370 -15.322072 82.288261
v -166.843201 -15.264518 82.212120
v -166.870789 -15.306399 82.125610
v -166.868546 -15.405835 82.115242
v -166.838715 -15.463389 82.191383
v -168.765762 -15.319967 82.966957
v -168.749725 -15.221340 82.970856
v -168.769913 -15.164213 82.891304
v -168.806137 -15.205713 82.807838
v -168.822174 -15.304340 82.803940
v -168.801987 -15.361467 82.883492
v -170.807755 -14.813994 83.718979
v -170.776428 -14.719045 83.717232
v -170.789032 -14.663740 83.634872
v -170.832962 -14.703385 83.554260
v -170.864288 -14.798335 83.556007
v -170.851685 -14.853640 83.638367
v -172.880478 -13.920371 84.529434
v -172.836578 -13.830770 84.522758
v -172.843475 -13.777895 84.438156
v -172.894272 -13.814622 84.360245
v -172.938171 -13.904222 84.366920
v -172.931274 -13.957098 84.451523
v -174.916977 -12.665079 85.392166
v -174.862549 -12.581929 85.381004
v -174.865204 -12.531653 85.294601
v -174.922287 -12.564526 85.219360
v -174.976715 -12.647676 85.230522
v -174.974060 -12.697951 85.316925
v -176.839737 -11.083398 86.299217
v -176.776215 -11.007742 86.283730
v -176.775726 -10.960045 86.195839
v -176.838791 -10.988004 86.123436
v -176.902313 -11.063660 86.138924
v -176.902802 -11.111357 86.226814
v -178.564362 -9.218738 87.241333
v -178.492783 -9.151809 87.221413
v -178.489990 -9.106622 87.132248
v -178.558777 -9.128362 87.063004
v -178.630356 -9.195291 87.082924
v -178.633148 -9.240478 87.172089
v -180.014389 -7.117557 88.209290
v -179.935852 -7.060762 88.184685
v -179.931396 -7.018001 88.094398
v -180.005478 -7.032034 88.028717
v -180.084015 -7.088828 88.053322
v -180.088470 -7.131589 88.143608
v -181.127975 -4.827160 89.194687
v -181.043854 -4.781909 89.165100
v -181.038284 -4.741447 89.073822
v -181.116837 -4.746238 89.012131
v -181.200958 -4.791489 89.041718
v -181.206528 -4.831950 89.132996
v -181.858109 -2.395657 90.189903
v -181.770187 -2.363112 90.155098
v -181.763992 -2.324739 90.062958
v -181.845718 -2.318912 90.005623
v -181.933640 -2.351457 90.040428
v -181.939835 -2.389830 90.132568
v -182.172745 0.128051 91.188126
v -182.083176 0.147247 91.148026
v -182.076767 0.183857 91.055191
v -182.159927 0.201272 91.002457
v -182.249496 0.182076 91.042557
v -182.255905 0.145465 91.135391
v -182.054596 2.694309 92.183388
v -181.965637 2.700224 92.138115
v -181.959274 2.735508 92.044762
v -182.041901 2.764878 91.996681
v -182.130859 2.758962 92.041954
v -182.137222 2.723678 92.135307
v -181.501404 5.252741 93.170509
v -181.415115 5.246167 93.120407
v -181.408936 5.280635 93.026733
v -181.489044 5.321677 92.983177
v -181.575333 5.328251 93.033279
v -181.581512 5.293783 93.126953
v -180.525635 7.752260 94.145233
v -180.443665 7.734536 94.090759
v -180.437592 7.768718 93.996979
v -180.513489 7.820625 93.957672
v -180.595459 7.838349 94.012146
v -180.601532 7.804167 94.105927
v -179.154724 10.141059 95.104057
v -179.078201 10.113800 95.045738
v -179.072006 10.148204 94.952049
v -179.142334 10.209867 94.916679
v -179.218857 10.237125 94.974998
v -179.225052 10.202722 95.068687
v -177.430893 12.366605 96.044334
v -177.360458 12.331457 95.982666
v -177.353745 12.366543 95.889267
v -177.417465 12.436778 95.857536
v -177.487900 12.471926 95.919205
v -177.494614 12.436840 96.012604
v -175.411331 14.375594 96.964249
v -175.347275 14.334068 96.899643
v -175.339462 14.370254 96.806747
v -175.395676 14.447963 96.778458
v -175.459732 14.489489 96.843063
v -175.467545 14.453303 96.935959
v -173.167816 16.114023 97.862732
v -173.110336 16.067415 97.795479
v -173.100632 16.105059 97.703346
v -173.148407 16.189306 97.678467
v -173.205887 16.235914 97.745720
v -173.215591 16.198271 97.837852
v -170.781830 17.529997 98.739357
v -170.731140 17.479374 98.669586
v -170.718567 17.518713 98.578514
v -170.756683 17.608675 98.557213
v -170.807373 17.659298 98.626984
v -170.819946 17.619959 98.718056
v -168.330429 18.580961 99.593697
v -168.286972 18.527266 99.521393
v -168.270355 18.568327 99.431740
v -168.297195 18.663084 99.414391
v -168.340652 18.716780 99.486694
v -168.357269 18.675718 99.576347
v -165.882538 19.235786 100.425140
v -165.846924 19.180031 100.350159
v -165.824890 19.222511 100.262352
v -165.838501 19.320747 100.249527
v -165.874115 19.376503 100.324509
v -165.896149 19.334023 100.412315
v -163.498535 19.474802 101.232910
v -163.471375 19.418238 101.155045
v -163.442535 19.461370 101.069557
v -163.440857 19.561064 101.061935
v -163.468018 19.617628 101.139801
v -163.496857 19.574495 101.225288
v -161.230423 19.289768 102.016182
v -161.212097 19.233965 101.935249
v -161.175232 19.276405 101.852554
v -161.156662 19.374653 101.850792
v -161.174988 19.430456 101.931725
v -161.211853 19.388016 102.014420
v -159.121506 18.683693 102.774063
v -159.111862 18.630405 102.689995
v -159.066315 18.670332 102.610435
v -159.030380 18.763546 102.614944
v -159.040024 18.816833 102.699013
v -159.085571 18.776907 102.778572
v -157.206482 17.670532 103.505623
v -157.204636 17.621361 103.418571
v -157.150635 17.656830 103.342239
v -157.098480 17.741470 103.352974
v -157.100327 17.790642 103.440025
v -157.154327 17.755173 103.516357
v -155.511917 16.275059 104.209824
v -155.516388 16.231047 104.120140
v -155.455048 16.260513 104.046867
v -155.389236 16.333992 104.063278
v -155.384766 16.378004 104.152962
v -155.446106 16.348537 104.226234
v -154.056335 14.533029 104.885345
v -154.065430 14.494492 104.793518
v -153.998337 14.517144 104.722916
v -153.922150 14.578334 104.744141
v -153.913055 14.616871 104.835968
v -153.980148 14.594218 104.906570
v -152.850616 12.491556 105.530663
v -152.862808 12.458197 105.437180
v -152.791580 12.473937 105.368782
v -152.708160 12.523037 105.393867
v -152.695969 12.556396 105.487350
v -152.767197 12.540656 105.555748
v -151.897537 10.209311 106.143929
v -151.911652 10.180484 106.049225
v -151.837646 10.189682 105.982597
v -151.749527 10.227708 106.010689
v -151.735413 10.256536 106.105392
v -151.809418 10.247337 106.172020
v -151.191864 7.756347 106.723106
v -151.207092 7.731308 106.627495
v -151.131332 7.734495 106.562302
v -151.040344 7.762722 106.592720
v -151.025116 7.787761 106.688332
v -151.100876 7.784574 106.753525
v -150.722672 5.207670 107.266182
v -150.738480 5.185769 107.169899
v -150.661682 5.183374 107.105904
v -150.569077 5.202879 107.138191
v -150.553268 5.224780 107.234474
v -150.630066 5.227175 107.298470
v -150.477646 2.632069 107.771553
v -150.493713 2.612820 107.674744
v -150.416397 2.605052 107.611809
v -150.323013 2.616532 107.645683
v -150.306946 2.635780 107.742493
v -150.384262 2.643549 107.805428
v -150.443939 0.090026 108.238144
v -150.460037 0.073079 108.140915
v -150.382645 0.059935 108.078972
v -150.289154 0.063739 108.114258
v -150.273056 0.080686 108.211487
v -150.350449 0.093830 108.273430
v -150.608093 -2.366326 108.665329
v -150.624039 -2.381219 108.567741
v -150.547028 -2.399922 108.506767
v -150.454041 -2.403733 108.543381
v -150.438095 -2.388840 108.640968
v -150.515106 -2.370137 108.701942
v -150.956070 -4.693182 109.052971
v -150.971741 -4.706188 108.955063
v -150.895615 -4.730796 108.895073
v -150.803818 -4.742399 108.932991
v -150.788147 -4.729393 109.030899
v -150.864273 -4.704784 109.090889
v -151.473419 -6.855095 109.401436
v -151.488663 -6.866326 109.303238
v -151.414078 -6.897311 109.244286
v -151.324249 -6.917064 109.283516
v -151.309006 -6.905833 109.381714
v -151.383591 -6.874849 109.440666
v -152.145020 -8.824971 109.711479
v -152.159668 -8.834503 109.613014
v -152.087463 -8.872404 109.555153
v -152.000580 -8.900773 109.595741
v -151.985931 -8.891241 109.694206
v -152.058136 -8.853340 109.752068
v -152.955307 -10.584142 109.984451
v -152.969208 -10.592041 109.885735
v -152.900436 -10.637368 109.829025
v -152.817764 -10.674798 109.871033
v -152.803864 -10.666899 109.969749
v -152.872635 -10.621572 110.026459
v -153.888275 -12.122403 110.222137
v -153.901230 -12.128747 110.123184
v -153.837189 -12.181821 110.067673
v -153.760193 -12.228551 110.111115
v -153.747238 -12.222207 110.210068
v -153.811279 -12.169133 110.265579
v -154.927521 -13.438054 110.426765
v -154.939346 -13.442967 110.327583
v -154.881393 -13.503728 110.273277
v -154.811615 -13.559575 110.318138
v -154.799789 -13.554662 110.417320
v -154.857742 -13.493901 110.471626
v -156.056458 -14.537861 110.601143
v -156.066986 -14.541530 110.501770
v -156.016327 -14.609384 110.448586
v -155.955109 -14.673569 110.494774
v -155.944580 -14.669900 110.594147
v -155.995239 -14.602046 110.647331
v -157.258286 -15.436520 110.748466
v -157.267487 -15.439180 110.648926
v -157.224869 -15.513064 110.596733
v -157.173050 -15.584288 110.644081
v -157.163849 -15.581627 110.743622
v -157.206467 -15.507743 110.795815
v -158.516663 -16.152224 110.872040
v -158.524536 -16.154127 110.772369
v -158.490250 -16.232775 110.721001
v -158.448090 -16.309519 110.769302
v -158.440216 -16.307615 110.868973
v -158.474503 -16.228968 110.920341
v -159.816238 -16.701862 110.974945
v -159.822876 -16.703239 110.875175
v -159.796875 -16.785414 110.824463
v -159.764236 -16.866207 110.873520
v -159.757599 -16.864830 110.973289
v -159.783600 -16.782656 111.024002
v -161.142838 -17.100607 111.059998
v -161.148376 -17.101650 110.960152
v -161.130386 -17.186249 110.909966
v -161.106857 -17.269804 110.959610
v -161.101318 -17.268761 111.059456
v -161.119308 -17.184162 111.109642
v -162.483490 -17.361986 111.129730
v -162.488068 -17.362843 111.029839
v -162.477692 -17.448942 110.980049
v -162.462738 -17.534185 111.030151
v -162.458160 -17.533329 111.130043
v -162.468536 -17.447229 111.179832
v -163.826431 -17.497955 111.186546
v -163.830215 -17.498730 111.086624
v -163.827042 -17.585569 111.037140
v -163.820084 -17.671635 111.087578
v -163.816299 -17.670860 111.187500
v -163.819473 -17.584021 111.236984
v -165.161087 -17.518867 111.232460
v -165.164215 -17.519630 111.132507
v -165.167892 -17.606586 111.083267
v -165.168411 -17.692780 111.133965
v -165.165283 -17.692017 111.233917
v -165.161606 -17.605061 111.283157
v -166.478088 -17.433540 111.269371
v -166.480713 -17.434336 111.169403
v -166.490921 -17.520874 111.120346
v -166.498505 -17.606613 111.171242
v -166.495880 -17.605818 111.271210
v -166.485672 -17.519279 111.320267
v -167.769455 -17.249208 111.298851
v -167.771683 -17.250061 111.198883
v -167.788223 -17.335697 111.149971
v -167.802536 -17.420481 111.201027
v -167.800308 -17.419628 111.300995
v -167.783768 -17.333992 111.349907
v -169.028442 -16.971556 111.322334
v -169.030380 -16.972475 111.222359
v -169.053131 -17.056744 111.173561
v -169.073944 -17.140097 111.224739
v -169.072006 -17.139177 111.324715
v -169.049255 -17.054909 111.373512
v -170.249634 -16.604681 111.340927
v -170.251358 -16.605663 111.240944
v -170.280228 -16.688093 111.192238
v -170.307373 -16.769541 111.243515
v -170.305649 -16.768559 111.343498
v -170.276779 -16.686129 111.392204
v -171.428879 -16.151083 111.355530
v -171.430450 -16.152124 111.255547
v -171.465378 -16.232222 111.206917
v -171.498734 -16.311277 111.258270
v -171.497162 -16.310236 111.358253
v -171.462234 -16.230139 111.406883
v -172.563324 -15.611816 111.366821
v -172.564789 -15.612906 111.266838
v -172.605682 -15.690165 111.218269
v -172.645111 -15.766333 111.269684
v -172.643646 -15.765243 111.369667
v -172.602753 -15.687984 111.418236
v -173.650574 -14.987653 111.375351
v -173.651978 -14.988778 111.275368
v -173.698654 -15.062715 111.226845
v -173.743927 -15.135526 111.278305
v -173.742523 -15.134400 111.378288
v -173.695847 -15.060464 111.426811
v -174.687973 -14.280001 111.381622
v -174.689346 -14.281144 111.281639
v -174.741531 -14.351323 111.233154
v -174.792343 -14.420359 111.284653
v -174.790970 -14.419215 111.384636
v -174.738785 -14.349036 111.433121
v -175.672638 -13.490981 111.386047
v -175.674026 -13.492124 111.286064
v -175.731369 -13.558170 111.237602
v -175.787354 -13.623075 111.289124
v -175.785965 -13.621932 111.389107
v -175.728622 -13.555885 111.437569
v -176.601456 -12.623444 111.389046
v -176.602859 -12.624563 111.289062
v -176.664978 -12.686165 111.240616
v -176.725693 -12.746647 111.292152
v -176.724289 -12.745527 111.392136
v -176.662170 -12.683926 111.440582
v -177.471008 -11.680960 111.390968
v -177.472443 -11.682037 111.290985
v -177.538895 -11.738940 111.242546
v -177.603912 -11.794765 111.294090
v -177.602478 -11.793688 111.394073
v -177.536026 -11.736785 111.442513
v -178.277664 -10.667843 111.392105
v -178.279144 -10.668860 111.292122
v -178.349518 -10.720855 111.243690
v -178.418381 -10.771833 111.295242
v -178.416901 -10.770816 111.395226
v -178.346527 -10.718822 111.443657
v -179.017410 -9.589140 111.392715
v -179.018951 -9.590080 111.292732
v -179.092804 -9.636992 111.244301
v -179.165115 -9.682964 111.295853
v -179.163574 -9.682024 111.395836
v -179.089722 -9.635112 111.444267
v -179.686142 -8.450640 111.392975
v -179.687744 -8.451488 111.292992
v -179.764664 -8.493159 111.244568
v -179.840012 -8.533981 111.296127
v -179.838409 -8.533133 111.396111
v -179.761490 -8.491462 111.444534
v -180.279434 -7.258871 111.393051
v -180.281082 -7.259617 111.293068
v -180.360703 -7.295887 111.244644
v -180.438675 -7.331412 111.296204
v -180.437027 -7.330667 111.396187
v -180.357407 -7.294396 111.444611
v -180.792664 -6.021108 111.393074
v -180.794357 -6.021741 111.293091
v -180.876282 -6.052436 111.244667
v -180.956512 -6.082498 111.296227
v -180.954819 -6.081865 111.396210
v -180.872894 -6.051170 111.444633
v -181.220917 -4.745356 111.393074
v -181.222641 -4.745871 111.293091
v -181.306519 -4.770785 111.244667
v -181.388641 -4.795186 111.296227
v -181.386917 -4.794671 111.396210
v -181.303040 -4.769756 111.444633
v -181.559265 -3.440221 111.393074
v -181.561020 -3.440612 111.293091
v -181.646454 -3.459523 111.244667
v -181.730103 -3.478042 111.296227
v -181.728348 -3.477651 111.396210
v -181.642914 -3.458741 111.444633
v -181.803360 -2.114326 111.393059
v -181.805145 -2.114588 111.293076
v -181.891708 -2.127280 111.244652
v -181.976486 -2.139711 111.296211
v -181.974701 -2.139449 111.396194
v -181.888138 -2.126756 111.444618
v -181.949966 -0.776044 111.393074
v -181.951767 -0.776173 111.293091
v -182.039032 -0.782464 111.244667
v -182.124496 -0.788626 111.296227
v -182.122696 -0.788497 111.396210
v -182.035431 -0.782206 111.444633
v -181.996750 0.566503 111.393082
v -181.998566 0.566509 111.293098
v -182.086044 0.566761 111.244675
v -182.171738 0.567008 111.296234
v -182.169922 0.567002 111.396217
v -182.082443 0.566750 111.444641
v -181.942368 1.905457 111.393089
v -181.944168 1.905598 111.293106
v -182.031387 1.912477 111.244682
v -182.116806 1.919213 111.296242
v -182.115005 1.919072 111.396225
v -182.027786 1.912193 111.444649
v -181.786575 3.233199 111.393066
v -181.788361 3.233478 111.293083
v -181.874802 3.246999 111.244659
v -181.959457 3.260242 111.296219
v -181.957672 3.259962 111.396202
v -181.871231 3.246441 111.444626
v -181.530014 4.542362 111.393082
v -181.531769 4.542778 111.293098
v -181.616913 4.562888 111.244675
v -181.700302 4.582582 111.296234
v -181.698547 4.582167 111.396217
v -181.613403 4.562057 111.444641
v -181.174362 5.825823 111.393066
v -181.176086 5.826371 111.293083
v -181.259445 5.852941 111.244659
v -181.341080 5.878963 111.296219
v -181.339355 5.878414 111.396202
v -181.255997 5.851844 111.444626
v -180.722290 7.076689 111.393074
v -180.723969 7.077368 111.293091
v -180.805069 7.110201 111.244667
v -180.884491 7.142355 111.296227
v -180.882812 7.141676 111.396210
v -180.801712 7.108843 111.444633
v -180.177475 8.288306 111.393089
v -180.179092 8.289108 111.293106
v -180.257492 8.327946 111.244682
v -180.334274 8.365981 111.296242
v -180.332657 8.365179 111.396225
v -180.254257 8.326342 111.444649
v -179.544601 9.454244 111.393066
v -179.546158 9.455163 111.293083
v -179.621460 9.499699 111.244659
v -179.695206 9.543315 111.296219
v -179.693649 9.542396 111.396202
v -179.618347 9.497860 111.444626
v -178.829254 10.568302 111.393074
v -178.830734 10.569333 111.293091
v -178.902603 10.619229 111.244667
v -178.972992 10.668095 111.296227
v -178.971512 10.667064 111.396210
v -178.899643 10.617167 111.444633
v -178.037872 11.624768 111.393074
v -178.039276 11.625902 111.293091
v -178.107391 11.680805 111.244667
v -178.174103 11.734574 111.296227
v -178.172699 11.733440 111.396210
v -178.104584 11.678537 111.444633
v -177.176483 12.619234 111.393074
v -177.177811 12.620464 111.293091
v -177.241913 12.680012 111.244667
v -177.304688 12.738329 111.296227
v -177.303360 12.737099 111.396210
v -177.239258 12.677551 111.444633
v -176.250626 13.548879 111.393074
v -176.251862 13.550197 111.293091
v -176.311722 13.614003 111.244667
v -176.370346 13.676492 111.296227
v -176.369110 13.675174 111.396210
v -176.309250 13.611367 111.444633
v -175.265198 14.412452 111.393074
v -175.266342 14.413849 111.293091
v -175.321823 14.481503 111.244667
v -175.376160 14.547759 111.296227
v -175.375015 14.546362 111.396210
v -175.319534 14.478708 111.444633
v -174.224548 15.210283 111.393074
v -174.225601 15.211751 111.293091
v -174.276642 15.282811 111.244667
v -174.326630 15.352404 111.296227
v -174.325577 15.350936 111.396210
v -174.274536 15.279876 111.444633
v -173.132370 15.944261 111.393074
v -173.133331 15.945789 111.293091
v -173.179993 16.019796 111.244667
v -173.225693 16.092278 111.296227
v -173.224731 16.090748 111.396210
v -173.178070 16.016741 111.444633
v -171.991745 16.617840 111.393066
v -171.992630 16.619419 111.293083
v -172.035095 16.695910 111.244659
v -172.076706 16.770821 111.296219
v -172.075821 16.769241 111.396202
v -172.033356 16.692751 111.444626
v -170.805283 17.236027 111.393082
v -170.806076 17.237648 111.293098
v -170.844666 17.316166 111.244675
v -170.882462 17.393063 111.296234
v -170.881668 17.391441 111.396217
v -170.843079 17.312923 111.444641
v -169.574890 17.805386 111.393082
v -169.575607 17.807039 111.293098
v -169.610779 17.887157 111.244675
v -169.645203 17.965618 111.296234
v -169.644485 17.963964 111.396217
v -169.609314 17.883846 111.444641
v -168.302048 18.334051 111.393074
v -168.302719 18.335730 111.293091
v -168.334991 18.417053 111.244667
v -168.366592 18.496695 111.296227
v -168.365921 18.495016 111.396210
v -168.333649 18.413692 111.444633
v -166.987549 18.831722 111.393066
v -166.988159 18.833418 111.293083
v -167.018204 18.915594 111.244659
v -167.047607 18.996071 111.296219
v -167.046997 18.994375 111.396202
v -167.016953 18.912199 111.444626
v -165.631744 19.309631 111.393066
v -165.632324 19.311340 111.293083
v -165.660828 19.394062 111.244659
v -165.688721 19.475075 111.296219
v -165.688141 19.473366 111.396202
v -165.659637 19.390644 111.444626
v -164.234756 19.779617 111.393082
v -164.235336 19.781332 111.293098
v -164.262939 19.864353 111.244675
v -164.289993 19.945660 111.296234
v -164.289413 19.943945 111.396217
v -164.261810 19.860924 111.444641
v -162.797119 20.252272 111.393066
v -162.797684 20.253988 111.293083
v -162.824982 20.337114 111.244659
v -162.851715 20.418524 111.296219
v -162.851151 20.416807 111.396202
v -162.823853 20.333681 111.444626
v -161.319901 20.736565 111.393082
v -161.320465 20.738281 111.293098
v -161.347885 20.821367 111.244675
v -161.374741 20.902737 111.296234
v -161.374176 20.901020 111.396217
v -161.346756 20.817934 111.444641
v -159.804504 21.239841 111.393066
v -159.805084 21.241554 111.293083
v -159.832962 21.324486 111.244659
v -159.860260 21.405704 111.296219
v -159.859680 21.403992 111.396202
v -159.831802 21.321060 111.444626
v -158.252884 21.767824 111.393089
v -158.253464 21.769533 111.293106
v -158.282059 21.852224 111.244682
v -158.310043 21.933207 111.296242
v -158.309464 21.931498 111.396225
v -158.280869 21.848806 111.444649
v -156.667328 22.324594 111.393089
v -156.667938 22.326296 111.293106
v -156.697388 22.408684 111.244682
v -156.726227 22.489370 111.296242
v -156.725616 22.487669 111.396225
v -156.696167 22.405281 111.444649
v -155.050690 22.912607 111.393074
v -155.051331 22.914301 111.293091
v -155.081711 22.996346 111.244667
v -155.111481 23.076696 111.296227
v -155.110840 23.075003 111.396210
v -155.080460 22.992958 111.444633
v -153.406235 23.532682 111.393082
v -153.406876 23.534370 111.293098
v -153.438217 23.616056 111.244675
v -153.468918 23.696054 111.296234
v -153.468277 23.694366 111.396217
v -153.436935 23.612680 111.444641
v -151.737625 24.184002 111.393082
v -151.738297 24.185682 111.293098
v -151.770554 24.267014 111.244675
v -151.802139 24.346664 111.296234
v -151.801468 24.344984 111.396217
v -151.769211 24.263653 111.444641
v -150.049026 24.864117 111.393074
v -150.049713 24.865789 111.293091
v -150.082779 24.946793 111.244667
v -150.115158 25.026123 111.296227
v -150.114471 25.024450 111.396210
v -150.081406 24.943447 111.444633
v -148.345032 25.568937 111.393074
v -148.345734 25.570604 111.293091
v -148.379471 25.651329 111.244667
v -148.412506 25.730387 111.296227
v -148.411804 25.728720 111.396210
v -148.378067 25.647995 111.444633
v -146.630707 26.292805 111.393066
v -146.631424 26.294468 111.293083
v -146.665649 26.374983 111.244659
v -146.699188 26.453835 111.296219
v -146.698471 26.452171 111.396202
v -146.664246 26.371656 111.444626
v -144.910904 27.029259 111.393074
v -144.911621 27.030918 111.293091
v -144.946182 27.111296 111.244667
v -144.980026 27.190014 111.296227
v -144.979309 27.188354 111.396210
v -144.944748 27.107977 111.444633
v -143.189926 27.772120 111.393074
v -143.190643 27.773779 111.293091
v -143.225342 27.854094 111.244667
v -143.259323 27.932749 111.296227
v -143.258606 27.931089 111.396210
v -143.223907 27.850775 111.444633
v -141.471176 28.515579 111.393082
v -141.471893 28.517239 111.293098
v -141.506577 28.597563 111.244675
v -141.540543 28.676228 111.296234
v -141.539825 28.674568 111.396217
v -141.505142 28.594244 111.444641
v -139.757416 29.254215 111.393066
v -139.758118 29.255877 111.293083
v -139.792618 29.336283 111.244659
v -139.826385 29.415028 111.296219
v -139.825684 29.413366 111.396202
v -139.791183 29.332960 111.444626
v -138.050491 29.982998 111.393082
v -138.051193 29.984661 111.293098
v -138.085327 30.065220 111.244675
v -138.118759 30.144115 111.296234
v -138.118057 30.142452 111.396217
v -138.083923 30.061893 111.444641
v -136.351593 30.697277 111.393082
v -136.352295 30.698946 111.293098
v -136.385880 30.779730 111.244675
v -136.418793 30.858845 111.296234
v -136.418091 30.857176 111.396217
v -136.384506 30.776392 111.444641
v -134.661072 31.392782 111.393082
v -134.661743 31.394457 111.293098
v -134.694641 31.475533 111.244675
v -134.726837 31.554934 111.296234
v -134.726166 31.553259 111.396217
v -134.693268 31.472183 111.444641
v -132.978500 32.065643 111.393074
v -132.979156 32.067326 111.293091
v -133.011154 32.148758 111.244667
v -133.042496 32.228508 111.296227
v -133.041840 32.226826 111.396210
v -133.009842 32.145393 111.444633
v -131.302765 32.712376 111.393082
v -131.303406 32.714066 111.293098
v -131.334320 32.795914 111.244675
v -131.364594 32.876072 111.296234
v -131.363953 32.874382 111.396217
v -131.333038 32.792534 111.444641
v -129.631866 33.329868 111.393074
v -129.632477 33.331566 111.293091
v -129.662125 33.413883 111.244667
v -129.691162 33.494495 111.296227
v -129.690552 33.492798 111.396210
v -129.660904 33.410480 111.444633
v -127.963081 33.915409 111.393074
v -127.963669 33.917122 111.293091
v -127.991859 33.999943 111.244667
v -128.019470 34.081059 111.296227
v -128.018890 34.079346 111.396210
v -127.990700 33.996525 111.444633
v -126.292999 34.466621 111.393074
v -126.293541 34.468346 111.293091
v -126.320099 34.551708 111.244667
v -126.346100 34.633354 111.296227
v -126.345558 34.631630 111.396210
v -126.319000 34.548267 111.444633
v -124.618141 34.980946 111.393074
v -124.618652 34.982681 111.293091
v -124.643364 35.066608 111.244667
v -124.667564 35.148808 111.296227
v -124.667053 35.147072 111.396210
v -124.642342 35.063145 111.444633
v -122.935638 35.455242 111.393074
v -122.936104 35.456985 111.293091
v -122.958755 35.541496 111.244667
v -122.980942 35.624256 111.296227
v -122.980476 35.622513 111.396210
v -122.957825 35.538002 111.444633
v -121.243164 35.885727 111.393074
v -121.243584 35.887486 111.293091
v -121.263947 35.972576 111.244667
v -121.283890 36.055908 111.296227
v -121.283470 36.054150 111.396210
v -121.263107 35.969059 111.444633
v -119.538994 36.268009 111.393066
v -119.539360 36.269779 111.293083
v -119.557167 36.355438 111.244659
v -119.574608 36.439327 111.296219
v -119.574242 36.437557 111.396202
v -119.556435 36.351898 111.444626
v -117.822006 36.597042 111.393066
v -117.822319 36.598824 111.293083
v -117.837303 36.685024 111.244659
v -117.851974 36.769444 111.296219
v -117.851662 36.767662 111.396202
v -117.836678 36.681461 111.444626
v -116.091705 36.867199 111.393074
v -116.091949 36.868988 111.293091
v -116.103806 36.955673 111.244667
v -116.115417 37.040569 111.296227
v -116.115173 37.038780 111.396210
v -116.103317 36.952095 111.444633
v -114.348106 37.072174 111.393066
v -114.348274 37.073971 111.293083
v -114.356689 37.161060 111.244659
v -114.364922 37.246346 111.296219
v -114.364754 37.244549 111.396202
v -114.356339 37.157459 111.444626
v -112.591881 37.205078 111.393082
v -112.591980 37.206882 111.293098
v -112.596596 37.294250 111.244675
v -112.601128 37.379814 111.296234
v -112.601028 37.378010 111.396217
v -112.596413 37.290642 111.444641
v -110.824249 37.258366 111.393074
v -110.824265 37.260174 111.293091
v -110.824730 37.347664 111.244667
v -110.825195 37.433346 111.296227
v -110.825180 37.431538 111.396210
v -110.824715 37.344048 111.444633
v -109.047058 37.223911 111.393082
v -109.046974 37.225716 111.293098
v -109.042923 37.313114 111.244675
v -109.038956 37.398708 111.296234
v -109.039040 37.396904 111.396217
v -109.043091 37.309505 111.444641
v -107.262665 37.092926 111.393082
v -107.262482 37.094723 111.293098
v -107.253540 37.181755 111.244675
v -107.244781 37.266991 111.296234
v -107.244965 37.265194 111.396217
v -107.253906 37.178162 111.444641
v -105.474068 36.856270 111.393074
v -105.473778 36.858051 111.293091
v -105.459625 36.944393 111.244667
v -105.445763 37.028946 111.296227
v -105.446053 37.027164 111.396210
v -105.460205 36.940823 111.444633
v -103.684929 36.505852 111.393066
v -103.684525 36.507614 111.293083
v -103.664963 36.592892 111.244659
v -103.645805 36.676407 111.296219
v -103.646210 36.674644 111.396202
v -103.665771 36.589367 111.444626
v -101.899773 36.035477 111.393074
v -101.899261 36.037209 111.293091
v -101.874207 36.121037 111.244667
v -101.849678 36.203133 111.296227
v -101.850189 36.201401 111.396210
v -101.875244 36.117573 111.444633
v -100.123970 35.440853 111.393066
v -100.123337 35.442547 111.293083
v -100.092842 35.524551 111.244659
v -100.062981 35.604862 111.296219
v -100.063614 35.603168 111.396202
v -100.094109 35.521164 111.444626
v -98.363808 34.719639 111.393074
v -98.363068 34.721287 111.293091
v -98.327271 34.801121 111.244667
v -98.292213 34.879307 111.296227
v -98.292953 34.877659 111.396210
v -98.328751 34.797825 111.444633
v -96.626434 33.871407 111.393074
v -96.625587 33.873005 111.293091
v -96.584694 33.950352 111.244667
v -96.544647 34.026100 111.296227
v -96.545494 34.024502 111.396210
v -96.586388 33.947155 111.444633
v -94.919876 32.897663 111.393074
v -94.918938 32.899204 111.293091
v -94.873199 32.973793 111.244667
v -94.828415 33.046841 111.296227
v -94.829353 33.045300 111.396210
v -94.875092 32.970711 111.444633
v -93.253082 31.801899 111.393082
v -93.252045 31.803377 111.293098
v -93.201752 31.874968 111.244675
v -93.152496 31.945080 111.296234
v -93.153534 31.943602 111.396217
v -93.203827 31.872011 111.444641
v -91.635818 30.589518 111.393074
v -91.634689 30.590931 111.293091
v -91.580116 30.659317 111.244667
v -91.526672 30.726290 111.296227
v -91.527802 30.724876 111.396210
v -91.582375 30.656490 111.444633
v -90.078812 29.267912 111.393082
v -90.077599 29.269253 111.293098
v -90.019012 29.334238 111.244675
v -89.961639 29.397879 111.296234
v -89.962852 29.396538 111.396217
v -90.021439 29.331553 111.444641
v -88.593575 27.846407 111.393074
v -88.592285 27.847675 111.293091
v -88.529938 27.909060 111.244667
v -88.468880 27.969175 111.296227
v -88.470169 27.967907 111.396210
v -88.532516 27.906523 111.444633
v -87.192528 26.336309 111.393082
v -87.191170 26.337498 111.293098
v -87.125282 26.395060 111.244675
v -87.060753 26.451433 111.296234
v -87.062111 26.450245 111.396217
v -87.127998 26.392683 111.444641
v -85.888474 24.750336 111.393074
v -85.887039 24.751440 111.293091
v -85.817802 24.804922 111.244667
v -85.749985 24.857300 111.296227
v -85.751419 24.856195 111.396210
v -85.820656 24.802713 111.444633
v -84.692711 23.100693 111.393074
v -84.691216 23.101707 111.293091
v -84.618805 23.150812 111.244667
v -84.547890 23.198902 111.296227
v -84.549385 23.197887 111.396210
v -84.621796 23.148783 111.444633
v -83.614571 21.398363 111.393066
v -83.613014 21.399281 111.293083
v -83.537628 21.443682 111.244659
v -83.463799 21.487164 111.296219
v -83.465355 21.486248 111.396202
v -83.540741 21.441847 111.444626
v -82.661247 19.653082 111.393074
v -82.659630 19.653894 111.293091
v -82.581490 19.693254 111.244667
v -82.504967 19.731802 111.296227
v -82.506584 19.730989 111.396210
v -82.584724 19.691629 111.444633
v -81.837845 17.873302 111.393082
v -81.836182 17.874004 111.293098
v -81.755569 17.908007 111.244675
v -81.676620 17.941307 111.296234
v -81.678284 17.940605 111.396217
v -81.758896 17.906603 111.444641
v -81.147392 16.066233 111.393082
v -81.145683 16.066818 111.293098
v -81.062920 16.095186 111.244675
v -80.981865 16.122969 111.296234
v -80.983574 16.122383 111.396217
v -81.066338 16.094015 111.444641
v -80.590881 14.237799 111.393066
v -80.589134 14.238264 111.293083
v -80.504593 14.260804 111.244659
v -80.421799 14.282880 111.296219
v -80.423546 14.282413 111.396202
v -80.508087 14.259873 111.444626
v -80.167259 12.392665 111.393074
v -80.165482 12.393008 111.293091
v -80.079582 12.409640 111.244667
v -79.995461 12.425929 111.296227
v -79.997238 12.425586 111.396210
v -80.083138 12.408954 111.444633
v -79.873352 10.534223 111.393074
v -79.871559 10.534446 111.293091
v -79.784737 10.545230 111.244667
v -79.699707 10.555793 111.296227
v -79.701500 10.555570 111.396210
v -79.788322 10.544785 111.444633
v -79.704041 8.664619 111.393082
v -79.702232 8.664726 111.293098
v -79.614899 8.669883 111.244675
v -79.529358 8.674932 111.296234
v -79.531166 8.674826 111.396217
v -79.618500 8.669669 111.444641
v -79.652107 6.784757 111.393074
v -79.650299 6.784756 111.293091
v -79.562805 6.784663 111.244667
v -79.477119 6.784572 111.296227
v -79.478928 6.784574 111.396210
v -79.566422 6.784667 111.444633
v -79.708351 4.894360 111.393074
v -79.706551 4.894259 111.293091
v -79.619186 4.889421 111.244667
v -79.533638 4.884685 111.296227
v -79.535439 4.884786 111.396210
v -79.622803 4.889624 111.444633
v -79.862511 2.992652 111.393112
v -79.860718 2.992458 111.293129
v -79.773689 2.983404 111.244705
v -79.688469 2.974544 111.296265
v -79.690262 2.974738 111.396248
v -79.777290 2.983792 111.444672
v -80.105553 1.079774 111.393356
v -80.103767 1.079483 111.293373
v -80.017220 1.066673 111.244949
v -79.932457 1.054153 111.296509
v -79.934242 1.054443 111.396492
v -80.020790 1.067254 111.444916
v -80.430107 -0.842931 111.394127
v -80.428337 -0.843329 111.294144
v -80.342354 -0.859532 111.245720
v -80.258141 -0.875337 111.297279
v -80.259911 -0.874940 111.397263
v -80.345894 -0.858737 111.445686
v -80.830605 -2.772937 111.395866
v -80.828857 -2.773460 111.295883
v -80.743530 -2.792798 111.247459
v -80.659935 -2.811613 111.299019
v -80.661682 -2.811090 111.399002
v -80.747009 -2.791752 111.447426
v -81.303177 -4.706535 111.399162
v -81.301476 -4.707213 111.299179
v -81.216873 -4.729534 111.250763
v -81.133972 -4.751178 111.302330
v -81.135674 -4.750500 111.402313
v -81.220276 -4.728179 111.450729
v -81.845772 -6.638851 111.404793
v -81.844124 -6.639719 111.304810
v -81.760345 -6.664978 111.256401
v -81.678215 -6.689368 111.307976
v -81.679863 -6.688500 111.407959
v -81.763641 -6.663241 111.456367
v -82.458000 -8.563833 111.413612
v -82.456429 -8.564937 111.313629
v -82.373604 -8.593185 111.265236
v -82.292351 -8.620333 111.316826
v -82.293922 -8.619229 111.416809
v -82.376747 -8.590981 111.465202
v -83.141281 -10.474255 111.426689
v -83.139809 -10.475645 111.326714
v -83.058113 -10.507039 111.278336
v -82.977890 -10.537043 111.329948
v -82.979362 -10.535652 111.429924
v -83.061058 -10.504258 111.478302
v -83.898796 -12.361728 111.445213
v -83.897461 -12.363465 111.345238
v -83.817123 -12.398250 111.296898
v -83.738121 -12.431296 111.348534
v -83.739456 -12.429559 111.448509
v -83.819794 -12.394774 111.496849
v -84.735390 -14.216687 111.470482
v -84.734245 -14.218839 111.370514
v -84.655594 -14.257344 111.322227
v -84.578087 -14.293696 111.373909
v -84.579231 -14.291545 111.473877
v -84.657883 -14.253039 111.522163
v -85.657722 -16.028408 111.503998
v -85.656830 -16.031052 111.404037
v -85.580292 -16.073683 111.355827
v -85.504646 -16.113670 111.407578
v -85.505539 -16.111027 111.507538
v -85.582077 -16.068396 111.555748
v -86.674255 -17.785112 111.547539
v -86.673744 -17.788416 111.447594
v -86.599892 -17.835670 111.399506
v -86.526550 -17.879622 111.451363
v -86.527061 -17.876318 111.551308
v -86.600914 -17.829063 111.599396
v -87.797020 -19.476723 111.607025
v -87.797234 -19.481108 111.507126
v -87.726868 -19.533596 111.459229
v -87.656288 -19.581696 111.511246
v -87.656075 -19.577311 111.611145
v -87.726440 -19.524822 111.659042
v -89.044510 -21.099155 111.698204
v -89.046120 -21.105349 111.598412
v -88.980270 -21.163689 111.550873
v -88.912811 -21.215836 111.603127
v -88.911201 -21.209642 111.702919
v -88.977051 -21.151302 111.750458
v -90.442184 -22.655073 111.847542
v -90.446190 -22.663935 111.748009
v -90.385979 -22.728544 111.701103
v -90.321762 -22.784292 111.753716
v -90.317757 -22.775431 111.853249
v -90.377968 -22.710821 111.900154
v -92.022552 -24.153854 112.092140
v -92.030174 -24.166149 111.993195
v -91.976578 -24.237036 111.947342
v -91.915359 -24.295631 112.000435
v -91.907738 -24.283337 112.099380
v -91.961334 -24.212450 112.145233
v -93.825333 -25.611492 112.480011
v -93.837738 -25.627668 112.382111
v -93.791298 -25.704361 112.337822
v -93.732452 -25.764877 112.391434
v -93.720047 -25.748701 112.489334
v -93.766487 -25.672009 112.533623
v -95.897240 -27.050404 113.069962
v -95.915268 -27.070505 112.973679
v -95.875893 -27.152142 112.931427
v -95.818504 -27.213676 112.985458
v -95.800476 -27.193575 113.081741
v -95.839851 -27.111938 113.123993
v -98.291779 -28.499315 113.931702
v -98.315750 -28.523045 113.837563
v -98.282784 -28.608591 113.797623
v -98.225861 -28.670408 113.851822
v -98.201889 -28.646679 113.945961
v -98.234856 -28.561132 113.985901
v -101.069115 -29.993271 115.145752
v -101.098854 -30.020132 115.054131
v -101.071259 -30.108591 115.016533
v -101.013924 -30.170189 115.070557
v -100.984184 -30.143328 115.162178
v -101.011780 -30.054869 115.199776
v -104.295982 -31.573715 116.803352
v -104.330971 -31.603168 116.714424
v -104.307587 -31.693707 116.678986
v -104.249214 -31.754791 116.732475
v -104.214226 -31.725338 116.821404
v -104.237610 -31.634800 116.856842
v -108.045807 -33.288589 119.006393
v -108.085342 -33.320141 118.920128
v -108.065086 -33.412121 118.886520
v -108.005295 -33.472549 118.939178
v -107.965759 -33.440998 119.025444
v -107.986015 -33.349018 119.059052
vn -0.0582 0.5032 0.8622
vn 0.6811 0.4419 0.5838
vn 0.8222 0.5365 -0.1901
vn 0.2241 0.6925 -0.6857
vn -0.5153 0.7539 -0.4075
vn -0.6566 0.6592 0.3666
vn 0.4190 0.8809 0.2200
vn -0.3743 0.9034 0.2091
vn -0.7728 0.5229 -0.3597
vn -0.3820 0.1205 -0.9163
vn 0.4089 0.0957 -0.9075
vn 0.8112 0.4762 -0.3394
vn 0.5060 0.4046 0.7618
vn -0.4776 0.5031 0.7203
vn -0.9942 0.0987 -0.0432
vn -0.4923 -0.4101 -0.7678
vn 0.5122 -0.4958 -0.7013
vn 0.9942 -0.0861 0.0638
vn 0.4878 0.3005 0.8196
vn -0.4788 0.4894 0.7288
vn -0.9773 0.1899 -0.0941
vn -0.4720 -0.3076 -0.8262
vn 0.5152 -0.4864 -0.7057
vn 0.9771 -0.1786 0.1161
vn 0.4552 0.1906 0.8697
vn -0.4813 0.4789 0.7342
vn -0.9467 0.2899 -0.1405
vn -0.4380 -0.1998 -0.8765
vn 0.5174 -0.4812 -0.7076
vn 0.9460 -0.2804 0.1628
vn 0.4090 0.0817 0.9089
vn -0.4839 0.4729 0.7364
vn -0.9017 0.3935 -0.1790
vn -0.3909 -0.0929 -0.9157
vn 0.5176 -0.4807 -0.7078
vn 0.9004 -0.3861 0.2004
vn 0.3519 -0.0194 0.9358
vn -0.4848 0.4724 0.7360
vn -0.8439 0.4948 -0.2074
vn -0.3341 0.0065 -0.9425
vn 0.5144 -0.4850 -0.7072
vn 0.8421 -0.4893 0.2268
vn 0.2889 -0.1077 0.9513
vn -0.4827 0.4774 0.7342
vn -0.7767 0.5882 -0.2255
vn -0.2720 0.0935 -0.9578
vn 0.5070 -0.4933 -0.7068
vn 0.7746 -0.5844 0.2419
vn 0.2248 -0.1806 0.9575
vn -0.4761 0.4871 0.7322
vn -0.7041 0.6704 -0.2342
vn -0.2093 0.1654 -0.9638
vn 0.4953 -0.5046 -0.7072
vn 0.7020 -0.6679 0.2472
vn 0.1637 -0.2380 0.9574
vn -0.4646 0.5000 0.7308
vn -0.6298 0.7402 -0.2355
vn -0.1499 0.2223 -0.9634
vn 0.4791 -0.5178 -0.7087
vn 0.6280 -0.7385 0.2453
vn 0.1084 -0.2815 0.9534
vn -0.4483 0.5147 0.7308
vn -0.5568 0.7977 -0.2317
vn -0.0962 0.2655 -0.9593
vn 0.4589 -0.5320 -0.7116
vn 0.5554 -0.7967 0.2385
vn 0.0602 -0.3133 0.9477
vn -0.4273 0.5304 0.7322
vn -0.4865 0.8443 -0.2247
vn -0.0495 0.2972 -0.9535
vn 0.4349 -0.5466 -0.7156
vn 0.4856 -0.8437 0.2287
vn 0.0194 -0.3359 0.9417
vn -0.4021 0.5460 0.7350
vn -0.4198 0.8816 -0.2158
vn -0.0102 0.3199 -0.9474
vn 0.4074 -0.5607 -0.7209
vn 0.4195 -0.8813 0.2175
vn -0.0141 -0.3515 0.9361
vn -0.3731 0.5609 0.7390
vn -0.3568 0.9111 -0.2062
vn 0.0220 0.3355 -0.9418
vn 0.3766 -0.5742 -0.7270
vn 0.3569 -0.9112 0.2057
vn -0.0409 -0.3618 0.9313
vn -0.3405 0.5746 0.7442
vn -0.2972 0.9344 -0.1964
vn 0.0476 0.3458 -0.9371
vn 0.3428 -0.5865 -0.7338
vn 0.2977 -0.9347 0.1942
vn -0.0615 -0.3683 0.9277
vn -0.3047 0.5870 0.7501
vn -0.2407 0.9524 -0.1870
vn 0.0672 0.3523 -0.9335
vn 0.3062 -0.5975 -0.7411
vn 0.2415 -0.9530 0.1831
vn -0.0768 -0.3722 0.9250
vn -0.2660 0.5975 0.7564
vn -0.1867 0.9661 -0.1781
vn 0.0814 0.3561 -0.9309
vn 0.2667 -0.6070 -0.7486
vn 0.1878 -0.9669 0.1729
vn -0.0872 -0.3743 0.9232
vn -0.2244 0.6061 0.7631
vn -0.1349 0.9762 -0.1700
vn 0.0909 0.3579 -0.9293
vn 0.2247 -0.6148 -0.7560
vn 0.1361 -0.9771 0.1636
vn -0.0936 -0.3751 0.9223
vn -0.1802 0.6128 0.7694
vn -0.0846 0.9830 -0.1629
vn 0.0963 0.3587 -0.9285
vn 0.1802 -0.6205 -0.7632
vn 0.0859 -0.9841 0.1552
vn -0.0964 -0.3754 0.9218
vn -0.1337 0.6169 0.7756
vn -0.0357 0.9870 -0.1567
vn 0.0982 0.3588 -0.9282
vn 0.1334 -0.6241 -0.7699
vn 0.0368 -0.9883 0.1481
vn -0.0964 -0.3755 0.9218
vn -0.0851 0.6186 0.7811
vn 0.0124 0.9884 -0.1514
vn 0.0972 0.3588 -0.9284
vn 0.0846 -0.6252 -0.7758
vn -0.0114 -0.9898 0.1421
vn -0.0942 -0.3756 0.9220
vn -0.0349 0.6177 0.7857
vn 0.0600 0.9873 -0.1472
vn 0.0939 0.3587 -0.9287
vn 0.0341 -0.6240 -0.7807
vn -0.0592 -0.9888 0.1373
vn -0.0905 -0.3760 0.9222
vn 0.0167 0.6139 0.7892
vn 0.1072 0.9837 -0.1442
vn 0.0892 0.3590 -0.9291
vn -0.0176 -0.6200 -0.7844
vn -0.1067 -0.9853 0.1337
vn -0.0860 -0.3767 0.9223
vn 0.0689 0.6073 0.7915
vn 0.1542 0.9777 -0.1422
vn 0.0836 0.3596 -0.9294
vn -0.0700 -0.6134 -0.7867
vn -0.1541 -0.9793 0.1316
vn -0.0814 -0.3775 0.9224
vn 0.1212 0.5978 0.7924
vn 0.2013 0.9693 -0.1414
vn 0.0779 0.3606 -0.9295
vn -0.1225 -0.6040 -0.7875
vn -0.2016 -0.9707 0.1308
vn -0.0776 -0.3784 0.9224
vn 0.1728 0.5856 0.7920
vn 0.2486 0.9582 -0.1417
vn 0.0730 0.3618 -0.9294
vn -0.1744 -0.5918 -0.7870
vn -0.2492 -0.9595 0.1314
vn -0.0754 -0.3791 0.9223
vn 0.2232 0.5706 0.7903
vn 0.2962 0.9443 -0.1433
vn 0.0697 0.3626 -0.9293
vn -0.2251 -0.5774 -0.7848
vn -0.2971 -0.9455 0.1334
vn -0.0751 -0.3794 0.9222
vn 0.2722 0.5530 0.7875
vn 0.3445 0.9274 -0.1460
vn 0.0683 0.3630 -0.9293
vn -0.2745 -0.5603 -0.7815
vn -0.3456 -0.9284 0.1366
vn -0.0771 -0.3789 0.9222
vn 0.3201 0.5326 0.7835
vn 0.3939 0.9068 -0.1503
vn 0.0689 0.3624 -0.9295
vn -0.3230 -0.5404 -0.7769
vn -0.3952 -0.9077 0.1412
vn -0.0814 -0.3773 0.9225
vn 0.3674 0.5090 0.7784
vn 0.4449 0.8819 -0.1560
vn 0.0716 0.3606 -0.9300
vn -0.3709 -0.5176 -0.7711
vn -0.4464 -0.8826 0.1473
vn -0.0879 -0.3741 0.9232
vn 0.4143 0.4817 0.7722
vn 0.4977 0.8518 -0.1634
vn 0.0763 0.3573 -0.9309
vn -0.4187 -0.4909 -0.7640
vn -0.4994 -0.8524 0.1548
vn -0.0965 -0.3692 0.9243
vn 0.4607 0.4502 0.7649
vn 0.5522 0.8157 -0.1725
vn 0.0829 0.3521 -0.9323
vn -0.4661 -0.4601 -0.7557
vn -0.5541 -0.8162 0.1639
vn -0.1071 -0.3617 0.9261
vn 0.5062 0.4142 0.7564
vn 0.6078 0.7727 -0.1832
vn 0.0912 0.3448 -0.9342
vn -0.5128 -0.4246 -0.7461
vn -0.6098 -0.7730 0.1749
vn -0.1192 -0.3517 0.9285
vn 0.5505 0.3734 0.7467
vn 0.6634 0.7222 -0.1959
vn 0.1009 0.3352 -0.9367
vn -0.5583 -0.3841 -0.7354
vn -0.6656 -0.7224 0.1877
vn -0.1320 -0.3385 0.9317
vn 0.5922 0.3279 0.7361
vn 0.7175 0.6642 -0.2099
vn 0.1115 0.3231 -0.9398
vn -0.6013 -0.3386 -0.7238
vn -0.7198 -0.6642 0.2020
vn -0.1448 -0.3225 0.9354
vn 0.6304 0.2784 0.7246
vn 0.7682 0.5993 -0.2253
vn 0.1226 0.3085 -0.9433
vn -0.6405 -0.2887 -0.7116
vn -0.7705 -0.5991 0.2176
vn -0.1569 -0.3039 0.9397
vn 0.6641 0.2261 0.7127
vn 0.8136 0.5289 -0.2414
vn 0.1333 0.2918 -0.9472
vn -0.6751 -0.2355 -0.6991
vn -0.8160 -0.5286 0.2341
vn -0.1672 -0.2831 0.9444
vn 0.6923 0.1725 0.7007
vn 0.8523 0.4553 -0.2575
vn 0.1434 0.2735 -0.9511
vn -0.7037 -0.1807 -0.6872
vn -0.8546 -0.4548 0.2507
vn -0.1756 -0.2616 0.9491
vn 0.7147 0.1194 0.6891
vn 0.8834 0.3811 -0.2729
vn 0.1521 0.2542 -0.9551
vn -0.7260 -0.1263 -0.6759
vn -0.8855 -0.3806 0.2666
vn -0.1815 -0.2399 0.9537
vn 0.7315 0.0686 0.6784
vn 0.9067 0.3091 -0.2870
vn 0.1594 0.2348 -0.9589
vn -0.7425 -0.0741 -0.6658
vn -0.9086 -0.3085 0.2817
vn -0.1854 -0.2192 0.9579
vn 0.7434 0.0216 0.6685
vn 0.9229 0.2415 -0.2999
vn 0.1651 0.2159 -0.9624
vn -0.7535 -0.0258 -0.6569
vn -0.9246 -0.2410 0.2951
vn -0.1872 -0.2000 0.9617
vn 0.7511 -0.0208 0.6599
vn 0.9332 0.1801 -0.3110
vn 0.1693 0.1982 -0.9654
vn -0.7601 0.0177 -0.6496
vn -0.9346 -0.1796 0.3070
vn -0.1878 -0.1828 0.9650
vn 0.7554 -0.0580 0.6526
vn 0.9389 0.1258 -0.3204
vn 0.1721 0.1822 -0.9681
vn -0.7634 0.0559 -0.6435
vn -0.9401 -0.1253 0.3169
vn -0.1874 -0.1679 0.9678
vn 0.7576 -0.0900 0.6465
vn 0.9414 0.0789 -0.3280
vn 0.1740 0.1680 -0.9703
vn -0.7645 0.0885 -0.6386
vn -0.9424 -0.0785 0.3252
vn -0.1863 -0.1553 0.9701
vn 0.7584 -0.1169 0.6412
vn 0.9416 0.0393 -0.3343
vn 0.1753 0.1558 -0.9721
vn -0.7641 0.1159 -0.6346
vn -0.9425 -0.0389 0.3320
vn -0.1849 -0.1449 0.9720
vn 0.7581 -0.1392 0.6372
vn 0.9407 0.0065 -0.3393
vn 0.1759 0.1456 -0.9736
vn -0.7629 0.1386 -0.6315
vn -0.9412 -0.0062 0.3377
vn -0.1836 -0.1365 0.9735
vn 0.7575 -0.1573 0.6336
vn 0.9390 -0.0201 -0.3434
vn 0.1764 0.1372 -0.9747
vn -0.7610 0.1569 -0.6295
vn -0.9396 0.0204 0.3417
vn -0.1822 -0.1298 0.9746
vn 0.7566 -0.1718 0.6309
vn 0.9371 -0.0413 -0.3466
vn 0.1765 0.1306 -0.9756
vn -0.7596 0.1716 -0.6274
vn -0.9375 0.0416 0.3454
vn -0.1810 -0.1249 0.9755
vn 0.7556 -0.1831 0.6289
vn 0.9354 -0.0577 -0.3489
vn 0.1765 0.1255 -0.9763
vn -0.7579 0.1830 -0.6262
vn -0.9357 0.0579 0.3479
vn -0.1799 -0.1213 0.9762
vn 0.7549 -0.1917 0.6272
vn 0.9339 -0.0700 -0.3505
vn 0.1767 0.1218 -0.9767
vn -0.7565 0.1916 -0.6253
vn -0.9342 0.0702 0.3498
vn 0.6811 0.4418 0.5839
vn 0.8222 0.5366 -0.1900
vn 0.2239 0.6925 -0.6858
vn -0.5155 0.7539 -0.4073
vn -0.6566 0.6591 0.3667
vn 0.4190 0.8810 0.2200
vn -0.7729 0.5228 -0.3596
vn -0.3821 0.1204 -0.9162
vn 0.4089 0.0957 -0.9076
vn 0.8111 0.4762 -0.3395
vn 0.5059 0.4047 0.7617
vn -0.4777 0.5030 0.7203
vn -0.9942 0.0986 -0.0431
vn -0.4923 -0.4102 -0.7677
vn 0.5122 -0.4957 -0.7013
vn 0.9943 -0.0859 0.0638
vn -0.4789 0.4893 0.7288
vn -0.9773 0.1897 -0.0940
vn -0.4721 -0.3077 -0.8261
vn 0.5152 -0.4863 -0.7057
vn 0.9771 -0.1784 0.1160
vn 0.4553 0.1907 0.8697
vn -0.4813 0.4787 0.7343
vn -0.9467 0.2898 -0.1403
vn 0.5175 -0.4811 -0.7077
vn 0.9460 -0.2803 0.1627
vn 0.4089 0.0817 0.9089
vn -0.4839 0.4728 0.7364
vn -0.3909 -0.0928 -0.9157
vn 0.5177 -0.4806 -0.7078
vn 0.3518 -0.0197 0.9359
vn -0.4849 0.4723 0.7361
vn -0.8439 0.4948 -0.2075
vn -0.3340 0.0068 -0.9426
vn 0.5145 -0.4849 -0.7072
vn 0.8420 -0.4894 0.2268
vn 0.2887 -0.1080 0.9513
vn -0.4827 0.4773 0.7343
vn -0.7765 0.5884 -0.2254
vn -0.2718 0.0938 -0.9578
vn 0.5071 -0.4932 -0.7068
vn 0.7745 -0.5846 0.2418
vn 0.2246 -0.1809 0.9575
vn -0.4762 0.4869 0.7322
vn -0.7039 0.6705 -0.2342
vn -0.2090 0.1657 -0.9638
vn 0.4953 -0.5044 -0.7073
vn 0.7018 -0.6681 0.2472
vn 0.1635 -0.2382 0.9573
vn -0.4648 0.4999 0.7308
vn -0.6297 0.7403 -0.2356
vn -0.1496 0.2224 -0.9634
vn 0.4792 -0.5178 -0.7087
vn 0.6279 -0.7386 0.2453
vn 0.1082 -0.2816 0.9534
vn -0.4484 0.5147 0.7308
vn -0.5567 0.7978 -0.2317
vn -0.0960 0.2657 -0.9593
vn 0.4590 -0.5320 -0.7116
vn 0.5553 -0.7968 0.2385
vn 0.0600 -0.3134 0.9477
vn -0.4274 0.5305 0.7321
vn -0.4864 0.8443 -0.2247
vn -0.0494 0.2973 -0.9535
vn 0.4349 -0.5465 -0.7157
vn 0.4855 -0.8438 0.2287
vn 0.0193 -0.3360 0.9416
vn -0.4197 0.8816 -0.2158
vn -0.0101 0.3199 -0.9474
vn 0.4193 -0.8814 0.2175
vn -0.0142 -0.3515 0.9361
vn -0.3567 0.9112 -0.2061
vn 0.0221 0.3356 -0.9418
vn 0.3767 -0.5741 -0.7270
vn 0.3568 -0.9112 0.2057
vn -0.0410 -0.3618 0.9313
vn -0.3405 0.5747 0.7442
vn -0.2971 0.9344 -0.1964
vn 0.0477 0.3459 -0.9371
vn 0.3429 -0.5865 -0.7338
vn 0.2977 -0.9347 0.1941
vn -0.0616 -0.3684 0.9276
vn -0.3048 0.5869 0.7501
vn -0.2406 0.9524 -0.1870
vn 0.0673 0.3524 -0.9334
vn -0.0769 -0.3722 0.9249
vn -0.2660 0.5975 0.7565
vn 0.0815 0.3561 -0.9309
vn 0.2668 -0.6071 -0.7485
vn 0.1877 -0.9669 0.1729
vn -0.0873 -0.3742 0.9232
vn -0.2244 0.6062 0.7630
vn -0.1348 0.9762 -0.1700
vn 0.0910 0.3580 -0.9293
vn 0.2247 -0.6147 -0.7560
vn 0.1360 -0.9771 0.1636
vn -0.0936 -0.3751 0.9222
vn -0.1803 0.6127 0.7695
vn 0.0859 -0.9841 0.1553
vn -0.0965 -0.3754 0.9218
vn -0.0356 0.9870 -0.1567
vn 0.0125 0.9884 -0.1514
vn -0.0115 -0.9898 0.1421
vn -0.0349 0.6176 0.7857
vn 0.0940 0.3587 -0.9287
vn 0.0342 -0.6240 -0.7807
vn -0.0175 -0.6201 -0.7844
vn -0.0860 -0.3766 0.9224
vn 0.0689 0.6073 0.7914
vn 0.1542 0.9778 -0.1422
vn 0.0836 0.3597 -0.9293
vn -0.0700 -0.6133 -0.7867
vn -0.1541 -0.9792 0.1316
vn 0.1212 0.5978 0.7925
vn 0.2014 0.9693 -0.1414
vn -0.0776 -0.3785 0.9223
vn 0.1728 0.5855 0.7920
vn 0.0730 0.3617 -0.9294
vn -0.1744 -0.5919 -0.7869
vn -0.2492 -0.9595 0.1313
vn -0.0753 -0.3792 0.9222
vn 0.2962 0.9443 -0.1432
vn -0.2251 -0.5773 -0.7849
vn 0.2721 0.5531 0.7874
vn 0.3444 0.9274 -0.1461
vn -0.2745 -0.5602 -0.7816
vn -0.3455 -0.9284 0.1366
vn 0.3938 0.9068 -0.1503
vn 0.0689 0.3623 -0.9295
vn -0.3230 -0.5405 -0.7769
vn -0.3952 -0.9077 0.1413
vn -0.0813 -0.3772 0.9226
vn 0.3673 0.5091 0.7784
vn 0.0715 0.3605 -0.9300
vn -0.3709 -0.5175 -0.7711
vn -0.4464 -0.8827 0.1472
vn -0.0878 -0.3742 0.9232
vn 0.4143 0.4816 0.7723
vn -0.4186 -0.4909 -0.7641
vn 0.4606 0.4503 0.7649
vn 0.5521 0.8158 -0.1724
vn -0.4660 -0.4601 -0.7557
vn -0.5540 -0.8162 0.1639
vn -0.1071 -0.3619 0.9260
vn 0.5063 0.4142 0.7564
vn 0.6077 0.7727 -0.1832
vn 0.0912 0.3449 -0.9342
vn -0.5129 -0.4246 -0.7461
vn -0.6097 -0.7731 0.1749
vn -0.1191 -0.3517 0.9285
vn 0.5504 0.3734 0.7467
vn 0.6633 0.7223 -0.1957
vn 0.1009 0.3353 -0.9367
vn -0.5582 -0.3841 -0.7354
vn -0.6655 -0.7225 0.1876
vn -0.1320 -0.3387 0.9316
vn 0.7174 0.6642 -0.2100
vn -0.7197 -0.6643 0.2020
vn 0.7681 0.5993 -0.2254
vn 0.1225 0.3085 -0.9433
vn -0.6406 -0.2887 -0.7115
vn -0.7705 -0.5991 0.2177
vn -0.1568 -0.3038 0.9397
vn 0.6641 0.2261 0.7126
vn 0.1333 0.2918 -0.9471
vn -0.6750 -0.2355 -0.6992
vn -0.1672 -0.2832 0.9444
vn 0.6923 0.1724 0.7007
vn 0.8524 0.4552 -0.2574
vn 0.1432 0.2734 -0.9512
vn -0.7038 -0.1807 -0.6871
vn -0.1757 -0.2616 0.9490
vn 0.7147 0.1193 0.6892
vn 0.8834 0.3810 -0.2728
vn 0.1522 0.2542 -0.9551
vn -0.7262 -0.1263 -0.6758
vn -0.8855 -0.3805 0.2667
vn -0.1816 -0.2399 0.9537
vn 0.7315 0.0685 0.6784
vn 0.9067 0.3090 -0.2871
vn 0.1594 0.2347 -0.9589
vn -0.7425 -0.0741 -0.6657
vn -0.9086 -0.3084 0.2817
vn -0.1854 -0.2191 0.9579
vn 0.7434 0.0215 0.6685
vn 0.9229 0.2414 -0.2998
vn 0.1652 0.2160 -0.9623
vn -0.7535 -0.0257 -0.6569
vn -0.9246 -0.2409 0.2951
vn -0.1873 -0.1999 0.9617
vn 0.7510 -0.0209 0.6600
vn 0.9332 0.1800 -0.3110
vn 0.1692 0.1982 -0.9654
vn -0.7602 0.0178 -0.6494
vn -0.9346 -0.1795 0.3070
vn 0.7555 -0.0581 0.6525
vn 0.9389 0.1257 -0.3204
vn 0.1722 0.1821 -0.9681
vn -0.7635 0.0559 -0.6434
vn -0.9401 -0.1253 0.3170
vn -0.1875 -0.1679 0.9678
vn 0.1741 0.1680 -0.9703
vn -0.7644 0.0886 -0.6386
vn -0.9424 -0.0784 0.3251
vn 0.7583 -0.1170 0.6413
vn 0.9416 0.0393 -0.3344
vn 0.1752 0.1558 -0.9721
vn -0.7640 0.1160 -0.6347
vn 0.7581 -0.1392 0.6371
vn 0.9406 0.0065 -0.3394
vn -0.7628 0.1386 -0.6316
vn -0.9413 -0.0061 0.3376
vn -0.1836 -0.1364 0.9735
vn 0.7574 -0.1573 0.6337
vn 0.9390 -0.0202 -0.3433
vn 0.1763 0.1372 -0.9747
vn -0.7612 0.1570 -0.6292
vn -0.9395 0.0204 0.3419
vn -0.1821 -0.1298 0.9747
vn 0.7567 -0.1718 0.6308
vn 0.1764 0.1306 -0.9756
vn -0.7595 0.1716 -0.6275
vn -0.9376 0.0416 0.3453
vn 0.7557 -0.1831 0.6288
vn 0.9354 -0.0578 -0.3489
vn 0.1767 0.1255 -0.9762
vn -0.7580 0.1830 -0.6261
vn -0.9357 0.0579 0.3480
vn -0.1800 -0.1213 0.9762
vn 0.9339 -0.0700 -0.3506
vn 0.1768 0.1218 -0.9767
vn -0.0005 -0.3040 0.9527
vn -0.3738 0.3862 0.8433
vn -0.8470 0.4857 0.2159
vn -0.9473 -0.1053 -0.3026
vn -0.5740 -0.7958 -0.1933
vn -0.1004 -0.8950 0.4345
vn 0.8379 0.3105 -0.4489
vn 0.2142 0.7854 -0.5808
vn -0.5003 0.4691 -0.7278
vn -0.5871 -0.3197 -0.7438
vn 0.0352 -0.7883 -0.6143
vn 0.7449 -0.4768 -0.4666
vn 0.8665 0.4245 0.2626
vn 0.0703 0.9764 0.2040
vn -0.7897 0.6118 -0.0459
vn -0.8999 -0.3533 -0.2558
vn -0.0802 -0.9754 -0.2053
vn 0.8278 -0.5573 0.0645
vn 0.8381 0.3885 0.3830
vn 0.0126 0.8789 0.4768
vn -0.8220 0.5547 0.1290
vn -0.8833 -0.3110 -0.3508
vn -0.0249 -0.8777 -0.4785
vn 0.8639 -0.4958 -0.0884
vn 0.8182 0.3051 0.4873
vn -0.0370 0.6937 0.7193
vn -0.8553 0.4351 0.2812
vn -0.8639 -0.2491 -0.4378
vn 0.0258 -0.6923 -0.7211
vn 0.8908 -0.3923 -0.2291
vn 0.8114 0.2103 0.5453
vn -0.0661 0.4879 0.8704
vn -0.8791 0.3017 0.3690
vn -0.8465 -0.1816 -0.5005
vn 0.0584 -0.4869 -0.8715
vn 0.9038 -0.2795 -0.3240
vn 0.8111 0.1351 0.5690
vn -0.0791 0.3232 0.9430
vn -0.8921 0.1988 0.4058
vn -0.8346 -0.1227 -0.5370
vn 0.0751 -0.3228 -0.9435
vn 0.9083 -0.1889 -0.3733
vn 0.8129 0.0821 0.5766
vn -0.0844 0.2110 0.9738
vn -0.8988 0.1334 0.4176
vn -0.8271 -0.0771 -0.5568
vn 0.0835 -0.2109 -0.9739
vn 0.9090 -0.1292 -0.3963
vn 0.8144 0.0442 0.5786
vn -0.0863 0.1409 0.9863
vn -0.9022 0.0984 0.4200
vn -0.8222 -0.0423 -0.5676
vn 0.0883 -0.1409 -0.9861
vn 0.9087 -0.0968 -0.4060
vn 0.8154 0.0146 0.5787
vn -0.0869 0.1010 0.9911
vn -0.9039 0.0870 0.4187
vn -0.8184 -0.0140 -0.5745
vn 0.0916 -0.1012 -0.9906
vn 0.9081 -0.0864 -0.4097
vn 0.8158 -0.0120 0.5783
vn -0.0863 0.0827 0.9928
vn -0.9042 0.0950 0.4165
vn -0.8149 0.0118 -0.5795
vn 0.0942 -0.0832 -0.9921
vn 0.9068 -0.0948 -0.4107
vn 0.8150 -0.0401 0.5781
vn -0.0845 0.0807 0.9932
vn -0.9024 0.1210 0.4136
vn -0.8108 0.0392 -0.5841
vn 0.0962 -0.0818 -0.9920
vn 0.9043 -0.1209 -0.4095
vn 0.8125 -0.0743 0.5782
vn -0.0803 0.0914 0.9926
vn -0.8968 0.1659 0.4101
vn -0.8049 0.0723 -0.5890
vn 0.0974 -0.0938 -0.9908
vn 0.8985 -0.1659 -0.4064
vn 0.8062 -0.1195 0.5794
vn -0.0729 0.1129 0.9909
vn -0.8846 0.2328 0.4041
vn -0.7949 0.1154 -0.5957
vn 0.0966 -0.1178 -0.9883
vn 0.8863 -0.2328 -0.4003
vn 0.7923 -0.1800 0.5830
vn -0.0596 0.1441 0.9878
vn -0.8595 0.3252 0.3944
vn -0.7771 0.1722 -0.6053
vn 0.0914 -0.1539 -0.9839
vn 0.8617 -0.3253 -0.3894
vn 0.7648 -0.2572 0.5907
vn -0.0380 0.1850 0.9820
vn -0.8125 0.4444 0.3772
vn -0.7461 0.2434 -0.6198
vn 0.0776 -0.2026 -0.9762
vn 0.8151 -0.4446 -0.3714
vn 0.7161 -0.3485 0.6047
vn -0.0033 0.2339 0.9722
vn -0.7310 0.5861 0.3493
vn -0.6954 0.3256 -0.6406
vn 0.0486 -0.2632 -0.9635
vn 0.7339 -0.5865 -0.3426
vn 0.6388 -0.4442 0.6282
vn 0.0479 0.2863 0.9569
vn -0.6036 0.7360 0.3064
vn -0.6199 0.4102 -0.6689
vn -0.0024 -0.3294 -0.9442
vn 0.6066 -0.7365 -0.2993
vn 0.5329 -0.5273 0.6618
vn 0.1158 0.3340 0.9354
vn -0.4294 0.8682 0.2486
vn -0.5211 0.4838 -0.7031
vn -0.0781 -0.3884 -0.9182
vn 0.4321 -0.8688 -0.2419
vn 0.4108 -0.5818 0.7020
vn 0.1957 0.3683 0.9089
vn -0.2257 0.9572 0.1812
vn -0.4090 0.5346 -0.7396
vn -0.1714 -0.4265 -0.8881
vn 0.2277 -0.9578 -0.1756
vn 0.2909 -0.6034 0.7425
vn 0.2789 0.3840 0.8802
vn -0.0205 0.9934 0.1131
vn -0.2986 0.5584 -0.7739
vn -0.2682 -0.4382 -0.8579
vn 0.0218 -0.9938 -0.1092
vn 0.1870 -0.5997 0.7781
vn 0.3577 0.3810 0.8526
vn 0.1637 0.9851 0.0523
vn -0.2013 0.5606 -0.8032
vn -0.3570 -0.4269 -0.8309
vn -0.1631 -0.9853 -0.0502
vn 0.1029 -0.5823 0.8065
vn 0.4279 0.3623 0.8281
vn 0.3190 0.9477 0.0016
vn -0.1209 0.5497 -0.8266
vn -0.4333 -0.3996 -0.8078
vn -0.3189 -0.9478 -0.0013
vn 0.0352 -0.5600 0.8278
vn 0.4890 0.3308 0.8071
vn 0.4482 0.8931 -0.0391
vn -0.0556 0.5326 -0.8446
vn -0.4980 -0.3613 -0.7883
vn -0.4486 -0.8929 0.0378
vn -0.0214 -0.5371 0.8432
vn 0.5427 0.2879 0.7891
vn 0.5581 0.8266 -0.0724
vn -0.0014 0.5130 -0.8584
vn -0.5539 -0.3138 -0.7712
vn -0.5590 -0.8262 0.0693
vn -0.0726 -0.5141 0.8547
vn 0.5898 0.2331 0.7732
vn 0.6556 0.7485 -0.1002
vn 0.0459 0.4925 -0.8691
vn -0.6036 -0.2558 -0.7551
vn -0.6570 -0.7478 0.0956
vn -0.1218 -0.4896 0.8634
vn 0.6303 0.1647 0.7587
vn 0.7444 0.6560 -0.1247
vn 0.0906 0.4702 -0.8779
vn -0.6469 -0.1854 -0.7397
vn -0.7463 -0.6549 0.1188
vn -0.1712 -0.4610 0.8707
vn 0.6619 0.0829 0.7450
vn 0.8245 0.5463 -0.1471
vn 0.1352 0.4447 -0.8854
vn -0.6818 -0.1017 -0.7244
vn -0.8267 -0.5449 0.1403
vn -0.2213 -0.4254 0.8775
vn 0.6805 -0.0106 0.7326
vn 0.8927 0.4183 -0.1677
vn 0.1806 0.4136 -0.8923
vn -0.7037 -0.0054 -0.7105
vn -0.8950 -0.4165 0.1598
vn -0.2705 -0.3806 0.8843
vn 0.6824 -0.1122 0.7224
vn 0.9439 0.2732 -0.1855
vn 0.2270 0.3746 -0.8990
vn -0.7086 0.0994 -0.6986
vn -0.9460 -0.2711 0.1777
vn -0.3171 -0.3256 0.8908
vn 0.6641 -0.2160 0.7157
vn 0.9732 0.1154 -0.1988
vn 0.2724 0.3266 -0.9050
vn -0.6930 0.2079 -0.6904
vn -0.9749 -0.1133 0.1916
vn -0.3582 -0.2604 0.8966
vn 0.6258 -0.3147 0.7137
vn 0.9774 -0.0479 -0.2061
vn 0.3152 0.2682 -0.9103
vn -0.6553 0.3118 -0.6880
vn -0.9785 0.0499 0.2000
vn -0.3921 -0.1860 0.9009
vn 0.5687 -0.4010 0.7182
vn 0.9562 -0.2088 -0.2050
vn 0.3529 0.2000 -0.9140
vn -0.5976 0.4039 -0.6926
vn -0.9570 0.2104 0.1998
vn -0.4179 -0.1059 0.9023
vn 0.4967 -0.4715 0.7287
vn 0.9124 -0.3602 -0.1944
vn 0.3841 0.1236 -0.9150
vn -0.5242 0.4788 -0.7042
vn -0.9127 0.3614 0.1908
vn -0.4362 -0.0208 0.8996
vn 0.4149 -0.5230 0.7445
vn 0.8498 -0.4974 -0.1743
vn 0.4071 0.0411 -0.9124
vn -0.4400 0.5338 -0.7221
vn -0.8499 0.4983 0.1716
vn -0.4452 0.0679 0.8928
vn 0.3276 -0.5544 0.7651
vn 0.7723 -0.6184 -0.1458
vn 0.4212 -0.0453 -0.9058
vn -0.3494 0.5689 -0.7445
vn -0.7722 0.6189 0.1436
vn -0.4454 0.1574 0.8814
vn 0.2365 -0.5685 0.7880
vn 0.6822 -0.7227 -0.1107
vn 0.4258 -0.1333 -0.8949
vn -0.2557 0.5858 -0.7691
vn -0.6821 0.7231 0.1088
vn -0.4355 0.2467 0.8657
vn 0.1433 -0.5675 0.8108
vn 0.5797 -0.8116 -0.0725
vn 0.4195 -0.2205 -0.8806
vn -0.1601 0.5879 -0.7929
vn -0.5794 0.8120 0.0704
vn -0.4123 0.3346 0.8474
vn 0.0483 -0.5533 0.8316
vn 0.4624 -0.8860 -0.0343
vn 0.4003 -0.3048 -0.8642
vn -0.0625 0.5778 -0.8138
vn -0.4620 0.8863 0.0321
vn -0.3719 0.4190 0.8283
vn -0.0477 -0.5271 0.8485
vn 0.3266 -0.9452 -0.0001
vn 0.3631 -0.3854 -0.8483
vn 0.0354 0.5563 -0.8302
vn -0.3263 0.9453 -0.0020
vn -0.3099 0.4957 0.8113
vn -0.1428 -0.4888 0.8606
vn 0.1702 -0.9850 0.0271
vn 0.3065 -0.4580 -0.8345
vn 0.1341 0.5245 -0.8408
vn -0.1699 0.9851 -0.0284
vn -0.2243 0.5583 0.7988
vn -0.2343 -0.4382 0.8678
vn -0.0068 -0.9989 0.0453
vn 0.2280 -0.5175 -0.8247
vn 0.2313 0.4802 -0.8461
vn 0.0067 0.9990 -0.0451
vn -0.1165 0.5988 0.7924
vn -0.3173 -0.3756 0.8707
vn -0.1980 -0.9787 0.0538
vn 0.1281 -0.5573 -0.8204
vn 0.3222 0.4226 -0.8471
vn 0.1975 0.9789 -0.0517
vn 0.0060 0.6101 0.7923
vn -0.3861 -0.3031 0.8713
vn -0.3906 -0.9189 0.0548
vn 0.0143 -0.5717 -0.8203
vn 0.4014 0.3509 -0.8460
vn 0.3898 0.9195 -0.0504
vn 0.1315 0.5896 0.7969
vn -0.4354 -0.2255 0.8715
vn -0.5676 -0.8217 0.0522
vn -0.1049 -0.5578 -0.8233
vn 0.4603 0.2690 -0.8460
vn 0.5666 0.8227 -0.0458
vn 0.2464 0.5431 0.8027
vn -0.4650 -0.1487 0.8727
vn -0.7141 -0.6982 0.0504
vn -0.2179 -0.5190 -0.8265
vn 0.4955 0.1850 -0.8487
vn 0.7132 0.6997 -0.0426
vn 0.3442 0.4800 0.8069
vn -0.4758 -0.0793 0.8760
vn -0.8238 -0.5645 0.0524
vn -0.3164 -0.4637 -0.8276
vn 0.5084 0.1063 -0.8545
vn 0.8232 0.5660 -0.0443
vn 0.4220 0.4104 0.8084
vn -0.4727 -0.0199 0.8810
vn -0.8989 -0.4341 0.0590
vn -0.3972 -0.4003 -0.8259
vn 0.5041 0.0387 -0.8628
vn 0.8986 0.4357 -0.0511
vn 0.4817 0.3419 0.8069
vn -0.4604 0.0289 0.8872
vn -0.9463 -0.3157 0.0694
vn -0.4605 -0.3362 -0.8215
vn 0.4890 -0.0167 -0.8721
vn 0.9464 0.3170 -0.0620
vn 0.5272 0.2779 0.8030
vn -0.4427 0.0686 0.8940
vn -0.9740 -0.2112 0.0818
vn -0.5089 -0.2750 -0.8157
vn 0.4683 -0.0609 -0.8815
vn 0.9743 0.2124 -0.0754
vn 0.5618 0.2185 0.7979
vn -0.4228 0.1012 0.9006
vn -0.9884 -0.1186 0.0947
vn -0.5458 -0.2175 -0.8092
vn 0.4462 -0.0966 -0.8897
vn 0.9888 0.1196 -0.0888
vn 0.5882 0.1621 0.7923
vn -0.4020 0.1294 0.9064
vn -0.9937 -0.0337 0.1066
vn -0.5731 -0.1623 -0.8032
vn 0.4242 -0.1268 -0.8966
vn 0.9943 0.0345 -0.1012
vn 0.6073 0.1063 0.7873
vn -0.3815 0.1542 0.9114
vn -0.9921 0.0473 0.1166
vn -0.5925 -0.1079 -0.7983
vn 0.4032 -0.1538 -0.9021
vn 0.9927 -0.0466 -0.1115
vn 0.6195 0.0501 0.7834
vn -0.3611 0.1779 0.9154
vn -0.9841 0.1274 0.1241
vn -0.6043 -0.0532 -0.7949
vn 0.3832 -0.1795 -0.9060
vn 0.9847 -0.1268 -0.1193
vn 0.6247 -0.0081 0.7809
vn -0.3409 0.2013 0.9183
vn -0.9693 0.2093 0.1292
vn -0.6091 0.0037 -0.7931
vn 0.3641 -0.2049 -0.9085
vn 0.9701 -0.2088 -0.1238
vn 0.6222 -0.0694 0.7798
vn -0.3203 0.2254 0.9201
vn -0.9465 0.2950 0.1311
vn -0.6056 0.0631 -0.7933
vn 0.3450 -0.2315 -0.9096
vn 0.9473 -0.2946 -0.1257
vn 0.6106 -0.1343 0.7804
vn -0.2985 0.2506 0.9209
vn -0.9134 0.3856 0.1305
vn -0.5931 0.1257 -0.7952
vn 0.3250 -0.2599 -0.9093
vn 0.9144 -0.3852 -0.1244
vn 0.5882 -0.2027 0.7829
vn -0.2746 0.2770 0.9208
vn -0.8675 0.4810 0.1268
vn -0.5700 0.1911 -0.7991
vn 0.3025 -0.2904 -0.9079
vn 0.8686 -0.4807 -0.1202
vn 0.5537 -0.2728 0.7867
vn -0.2479 0.3042 0.9198
vn -0.8064 0.5789 0.1208
vn -0.5352 0.2579 -0.8044
vn 0.2762 -0.3222 -0.9055
vn 0.8075 -0.5788 -0.1138
vn 0.5063 -0.3413 0.7920
vn -0.2181 0.3311 0.9180
vn -0.7291 0.6750 0.1131
vn -0.4887 0.3231 -0.8104
vn 0.2454 -0.3538 -0.9026
vn 0.7302 -0.6750 -0.1057
vn 0.4477 -0.4033 0.7981
vn -0.1860 0.3565 0.9156
vn -0.6378 0.7631 0.1045
vn -0.4324 0.3830 -0.8163
vn 0.2100 -0.3825 -0.8998
vn 0.6389 -0.7631 -0.0971
vn 0.3821 -0.4552 0.8042
vn -0.1524 0.3787 0.9129
vn -0.5380 0.8375 0.0961
vn -0.3698 0.4340 -0.8215
vn 0.1720 -0.4064 -0.8974
vn 0.5388 -0.8377 -0.0889
vn 0.3139 -0.4953 0.8100
vn -0.1184 0.3973 0.9100
vn -0.4350 0.8961 0.0879
vn -0.3046 0.4739 -0.8262
vn 0.1334 -0.4252 -0.8952
vn 0.4357 -0.8964 -0.0814
vn 0.2465 -0.5242 0.8152
vn -0.0847 0.4119 0.9073
vn -0.3333 0.9394 0.0808
vn -0.2401 0.5033 -0.8301
vn 0.0955 -0.4390 -0.8934
vn 0.3338 -0.9397 -0.0750
vn 0.1823 -0.5429 0.8198
vn -0.0518 0.4230 0.9047
vn -0.2355 0.9690 0.0743
vn -0.1781 0.5230 -0.8335
vn 0.0589 -0.4487 -0.8917
vn 0.2358 -0.9693 -0.0691
vn 0.1222 -0.5535 0.8238
vn -0.0198 0.4311 0.9021
vn -0.1430 0.9874 0.0683
vn -0.1201 0.5347 -0.8365
vn 0.0240 -0.4551 -0.8901
vn 0.1432 -0.9876 -0.0639
vn 0.0665 -0.5578 0.8273
vn 0.0112 0.4362 0.8998
vn -0.0559 0.9964 0.0630
vn -0.0660 0.5400 -0.8391
vn -0.0094 -0.4586 -0.8886
vn 0.0561 -0.9967 -0.0592
vn 0.0149 -0.5570 0.8304
vn 0.0414 0.4387 0.8977
vn 0.0262 0.9980 0.0582
vn -0.0158 0.5400 -0.8415
vn -0.0415 -0.4599 -0.8870
vn -0.0260 -0.9982 -0.0548
vn -0.0333 -0.5523 0.8330
vn 0.0710 0.4388 0.8958
vn 0.1042 0.9931 0.0539
vn 0.0312 0.5359 -0.8437
vn -0.0727 -0.4589 -0.8855
vn -0.1041 -0.9933 -0.0508
vn -0.0790 -0.5443 0.8352
vn 0.1002 0.4364 0.8942
vn 0.1792 0.9825 0.0502
vn 0.0758 0.5284 -0.8456
vn -0.1034 -0.4557 -0.8841
vn -0.1792 -0.9827 -0.0474
vn -0.1229 -0.5335 0.8368
vn 0.1290 0.4313 0.8929
vn 0.2522 0.9665 0.0473
vn 0.1186 0.5180 -0.8471
vn -0.1337 -0.4501 -0.8829
vn -0.2521 -0.9667 -0.0447
vn -0.1659 -0.5201 0.8378
vn 0.1575 0.4232 0.8922
vn 0.3238 0.9450 0.0455
vn 0.1605 0.5047 -0.8483
vn -0.1637 -0.4417 -0.8821
vn -0.3239 -0.9451 -0.0429
vn -0.2084 -0.5040 0.8381
vn 0.1854 0.4121 0.8921
vn 0.3945 0.9178 0.0448
vn 0.2019 0.4888 -0.8487
vn -0.1931 -0.4303 -0.8818
vn -0.3945 -0.9179 -0.0422
vn -0.2507 -0.4853 0.8376
vn 0.2122 0.3979 0.8925
vn 0.4638 0.8848 0.0458
vn 0.2430 0.4704 -0.8484
vn -0.2215 -0.4157 -0.8821
vn -0.4638 -0.8849 -0.0431
vn -0.2922 -0.4641 0.8362
vn 0.2374 0.3806 0.8937
vn 0.5307 0.8462 0.0484
vn 0.2835 0.4499 -0.8469
vn -0.2481 -0.3975 -0.8834
vn -0.5308 -0.8463 -0.0457
vn -0.3327 -0.4409 0.8336
vn 0.2601 0.3605 0.8958
vn 0.5941 0.8026 0.0531
vn 0.3232 0.4274 -0.8443
vn -0.2722 -0.3764 -0.8856
vn -0.5942 -0.8027 -0.0504
vn -0.3719 -0.4158 0.8299
vn 0.2799 0.3378 0.8986
vn 0.6533 0.7547 0.0600
vn 0.3617 0.4034 -0.8405
vn -0.2931 -0.3524 -0.8888
vn -0.6535 -0.7548 -0.0572
vn -0.4095 -0.3892 0.8251
vn 0.2964 0.3130 0.9023
vn 0.7077 0.7032 0.0687
vn 0.3988 0.3778 -0.8356
vn -0.3105 -0.3264 -0.8928
vn -0.7078 -0.7034 -0.0658
vn -0.4455 -0.3613 0.8191
vn 0.3093 0.2867 0.9067
vn 0.7567 0.6489 0.0793
vn 0.4345 0.3510 -0.8295
vn -0.3243 -0.2988 -0.8975
vn -0.7570 -0.6490 -0.0763
vn -0.4799 -0.3321 0.8120
vn 0.3187 0.2594 0.9117
vn 0.8006 0.5922 0.0917
vn 0.4686 0.3229 -0.8223
vn -0.3342 -0.2700 -0.9030
vn -0.8009 -0.5922 -0.0888
vn -0.5126 -0.3017 0.8038
vn 0.3245 0.2311 0.9172
vn 0.8392 0.5334 0.1056
vn 0.5010 0.2935 -0.8142
vn -0.3406 -0.2405 -0.9089
vn -0.8396 -0.5335 -0.1027
vn -0.5433 -0.2699 0.7950
vn 0.3272 0.2026 0.9230
vn 0.8728 0.4729 0.1204
vn 0.5316 0.2626 -0.8052
vn -0.3439 -0.2108 -0.9150
vn -0.8732 -0.4730 -0.1173
vn -0.5721 -0.2365 0.7853
vn 0.3270 0.1740 0.9289
vn 0.9015 0.4108 0.1359
vn 0.5601 0.2301 -0.7958
vn -0.3442 -0.1810 -0.9213
vn -0.9020 -0.4108 -0.1331
vn -0.5983 -0.2011 0.7756
vn 0.3247 0.1455 0.9346
vn 0.9256 0.3468 0.1515
vn 0.5861 0.1957 -0.7862
vn -0.3424 -0.1514 -0.9273
vn -0.9261 -0.3468 -0.1485
vn -0.6219 -0.1636 0.7659
vn 0.3207 0.1172 0.9399
vn 0.9452 0.2808 0.1665
vn 0.6092 0.1590 -0.7769
vn -0.3392 -0.1219 -0.9328
vn -0.9457 -0.2809 -0.1635
vn -0.6419 -0.1236 0.7568
vn 0.3156 0.0890 0.9447
vn 0.9604 0.2126 0.1803
vn 0.6288 0.1200 -0.7683
vn -0.3349 -0.0926 -0.9377
vn -0.9609 -0.2126 -0.1772
vn -0.6578 -0.0812 0.7488
vn 0.3102 0.0612 0.9487
vn 0.9710 0.1423 0.1922
vn 0.6445 0.0787 -0.7605
vn -0.3300 -0.0635 -0.9418
vn -0.9716 -0.1424 -0.1891
vn -0.6690 -0.0368 0.7424
vn 0.3047 0.0338 0.9518
vn 0.9769 0.0704 0.2017
vn 0.6554 0.0354 -0.7545
vn -0.3253 -0.0348 -0.9450
vn -0.9776 -0.0704 -0.1984
vn -0.6751 0.0092 0.7377
vn 0.2998 0.0066 0.9540
vn 0.9781 -0.0029 0.2083
vn 0.6612 -0.0094 -0.7502
vn -0.3206 -0.0062 -0.9472
vn -0.9787 0.0029 -0.2052
vn -0.6754 0.0560 0.7353
vn 0.2956 -0.0205 0.9551
vn 0.9743 -0.0769 0.2117
vn 0.6615 -0.0550 -0.7479
vn -0.3164 0.0223 -0.9484
vn -0.9750 0.0770 -0.2087
vn -0.6702 0.1027 0.7350
vn 0.2919 -0.0478 0.9552
vn 0.9655 -0.1510 0.2122
vn 0.6562 -0.1005 -0.7478
vn -0.3130 0.0510 -0.9484
vn -0.9662 0.1511 -0.2089
vn -0.6592 0.1486 0.7372
vn 0.2893 -0.0756 0.9543
vn 0.9518 -0.2248 0.2088
vn 0.6454 -0.1452 -0.7499
vn -0.3099 0.0802 -0.9474
vn -0.9524 0.2249 -0.2057
vn -0.6426 0.1928 0.7416
vn 0.2873 -0.1040 0.9522
vn 0.9330 -0.2974 0.2026
vn 0.6293 -0.1881 -0.7540
vn -0.3074 0.1100 -0.9452
vn -0.9337 0.2975 -0.1994
vn -0.6209 0.2342 0.7481
vn 0.2856 -0.1334 0.9490
vn 0.9096 -0.3682 0.1926
vn 0.6079 -0.2283 -0.7605
vn -0.3050 0.1406 -0.9419
vn -0.9101 0.3684 -0.1897
vn -0.5946 0.2723 0.7565
vn 0.2840 -0.1637 0.9447
vn 0.8814 -0.4367 0.1800
vn 0.5821 -0.2653 -0.7686
vn -0.3025 0.1720 -0.9375
vn -0.8819 0.4367 -0.1773
vn -0.5642 0.3066 0.7666
vn 0.2821 -0.1949 0.9394
vn 0.8490 -0.5021 0.1645
vn 0.5524 -0.2986 -0.7783
vn -0.2995 0.2042 -0.9320
vn -0.8494 0.5022 -0.1620
vn -0.5308 0.3368 0.7777
vn 0.2793 -0.2267 0.9331
vn 0.8125 -0.5640 0.1472
vn 0.5196 -0.3278 -0.7890
vn -0.2956 0.2369 -0.9255
vn -0.8129 0.5642 -0.1448
vn -0.4948 0.3628 0.7896
vn 0.2751 -0.2590 0.9259
vn 0.7721 -0.6224 0.1280
vn 0.4842 -0.3530 -0.8006
vn -0.2904 0.2700 -0.9180
vn -0.7725 0.6225 -0.1257
vn -0.4570 0.3847 0.8020
vn 0.2694 -0.2915 0.9179
vn 0.7284 -0.6766 0.1077
vn 0.4473 -0.3741 -0.8124
vn -0.2833 0.3031 -0.9099
vn -0.7286 0.6767 -0.1057
vn -0.4184 0.4024 0.8143
vn 0.2615 -0.3236 0.9093
vn 0.6816 -0.7265 0.0869
vn 0.4093 -0.3913 -0.8242
vn -0.2742 0.3356 -0.9012
vn -0.6819 0.7265 -0.0851
vn -0.3795 0.4163 0.8262
vn 0.2517 -0.3549 0.9004
vn 0.6327 -0.7716 0.0661
vn 0.3714 -0.4046 -0.8357
vn -0.2630 0.3673 -0.8921
vn -0.6328 0.7716 -0.0645
vn -0.3415 0.4262 0.8377
vn 0.2401 -0.3848 0.8912
vn 0.5829 -0.8113 0.0458
vn 0.3342 -0.4146 -0.8464
vn -0.2500 0.3970 -0.8831
vn -0.5830 0.8113 -0.0443
vn -0.3049 0.4327 0.8484
vn 0.2273 -0.4127 0.8821
vn 0.5332 -0.8456 0.0264
vn 0.2989 -0.4209 -0.8565
vn -0.2353 0.4245 -0.8743
vn -0.5333 0.8455 -0.0252
vn -0.2708 0.4362 0.8582
vn 0.2140 -0.4379 0.8732
vn 0.4855 -0.8742 0.0083
vn 0.2654 -0.4250 -0.8654
vn -0.2207 0.4488 -0.8659
vn -0.4856 0.8742 -0.0073
vn -0.2397 0.4370 0.8670
vn 0.2009 -0.4603 0.8647
vn 0.4412 -0.8974 -0.0081
vn 0.2353 -0.4270 -0.8731
vn -0.2063 0.4700 -0.8582
vn -0.4413 0.8973 0.0091
vn -0.2123 0.4361 0.8745
vn 0.1892 -0.4793 0.8570
vn 0.4018 -0.9154 -0.0223
vn 0.2089 -0.4275 -0.8795
vn -0.1933 0.4877 -0.8514
vn -0.4019 0.9154 0.0233
vn -0.1889 0.4342 0.8808
vn 0.1795 -0.4946 0.8504
vn 0.3687 -0.9289 -0.0342
vn 0.1865 -0.4272 -0.8847
vn -0.1825 0.5016 -0.8456
vn -0.3688 0.9289 0.0353
vn -0.1699 0.4318 0.8858
vn 0.1728 -0.5063 0.8449
vn 0.3430 -0.9383 -0.0434
vn 0.1683 -0.4270 -0.8884
vn -0.1749 0.5115 -0.8413
vn -0.3430 0.9383 0.0447
vn -0.1555 0.4299 0.8894
vn 0.1696 -0.5139 0.8409
vn 0.3253 -0.9443 -0.0496
vn 0.1546 -0.4273 -0.8908
vn -0.1709 0.5174 -0.8385
vn -0.3253 0.9442 0.0511
vn -0.1453 0.4294 0.8913
vn 0.1696 -0.5175 0.8387
vn 0.3151 -0.9476 -0.0528
vn 0.1450 -0.4285 -0.8918
vn -0.1703 0.5196 -0.8372
vn -0.3151 0.9475 0.0545
vn -0.1390 0.4306 0.8918
vn 0.1723 -0.5174 0.8382
vn 0.3116 -0.9488 -0.0529
vn 0.1392 -0.4311 -0.8915
vn -0.1726 0.5183 -0.8376
vn -0.3115 0.9487 0.0545
vn -0.1361 0.4338 0.8907
vn 0.1766 -0.5137 0.8396
vn 0.3130 -0.9485 -0.0496
vn 0.1367 -0.4358 -0.8896
vn -0.1766 0.5134 -0.8398
vn -0.3130 0.9484 0.0513
vn -0.1362 0.4396 0.8878
vn 0.1819 -0.5065 0.8428
vn 0.3184 -0.9470 -0.0432
vn 0.1371 -0.4422 -0.8864
vn -0.1816 0.5055 -0.8435
vn -0.3183 0.9469 0.0448
vn -0.1392 0.4476 0.8834
vn 0.1871 -0.4964 0.8477
vn 0.3266 -0.9446 -0.0336
vn 0.1401 -0.4506 -0.8816
vn -0.1868 0.4947 -0.8488
vn -0.3265 0.9445 0.0349
vn -0.1442 0.4577 0.8773
vn 0.1920 -0.4834 0.8541
vn 0.3365 -0.9414 -0.0209
vn 0.1454 -0.4610 -0.8754
vn -0.1914 0.4811 -0.8555
vn -0.3364 0.9414 0.0222
vn -0.1514 0.4698 0.8697
vn 0.1957 -0.4676 0.8620
vn 0.3474 -0.9377 -0.0055
vn 0.1526 -0.4730 -0.8678
vn -0.1950 0.4652 -0.8635
vn -0.3473 0.9377 0.0065
vn -0.1602 0.4835 0.8605
vn 0.1978 -0.4500 0.8708
vn 0.3582 -0.9336 0.0123
vn 0.1615 -0.4865 -0.8586
vn -0.1971 0.4474 -0.8723
vn -0.3582 0.9336 -0.0116
vn -0.1703 0.4984 0.8500
vn 0.1980 -0.4307 0.8805
vn 0.3684 -0.9291 0.0323
vn 0.1715 -0.5011 -0.8483
vn -0.1972 0.4283 -0.8819
vn -0.3684 0.9291 -0.0318
vn -0.1812 0.5143 0.8382
vn 0.1961 -0.4104 0.8906
vn 0.3774 -0.9245 0.0538
vn 0.1822 -0.5165 -0.8367
vn -0.1953 0.4081 -0.8918
vn -0.3773 0.9245 -0.0536
vn -0.1924 0.5307 0.8254
vn 0.1921 -0.3896 0.9007
vn 0.3845 -0.9200 0.0763
vn 0.1932 -0.5323 -0.8242
vn -0.1914 0.3876 -0.9017
vn -0.3845 0.9200 -0.0764
vn -0.2033 0.5471 0.8120
vn 0.1862 -0.3689 0.9106
vn 0.3894 -0.9157 0.0993
vn 0.2038 -0.5482 -0.8111
vn -0.1856 0.3674 -0.9114
vn -0.3894 0.9157 -0.0996
vn -0.2136 0.5634 0.7981
vn 0.1785 -0.3488 0.9200
vn 0.3920 -0.9118 0.1221
vn 0.2139 -0.5639 -0.7977
vn -0.1781 0.3478 -0.9205
vn -0.3920 0.9118 -0.1226
vn -0.2228 0.5789 0.7844
vn 0.1698 -0.3298 0.9286
vn 0.3925 -0.9084 0.1442
vn 0.2229 -0.5790 -0.7843
vn -0.1695 0.3292 -0.9289
vn -0.3925 0.9083 -0.1447
vn -0.2308 0.5937 0.7709
vn 0.1603 -0.3122 0.9364
vn 0.3909 -0.9055 0.1650
vn 0.2307 -0.5933 -0.7712
vn -0.1602 0.3121 -0.9364
vn -0.3909 0.9054 -0.1656
vn -0.2372 0.6072 0.7583
vn 0.1504 -0.2963 0.9432
vn 0.3875 -0.9033 0.1842
vn 0.2369 -0.6065 -0.7589
vn -0.1505 0.2967 -0.9430
vn -0.3875 0.9032 -0.1847
vn -0.2419 0.6196 0.7467
vn 0.1403 -0.2824 0.9490
vn 0.3821 -0.9019 0.2013
vn 0.2415 -0.6185 -0.7477
vn -0.1406 0.2834 -0.9487
vn -0.3821 0.9018 -0.2019
vn -0.2447 0.6308 0.7364
vn 0.1303 -0.2708 0.9538
vn 0.3749 -0.9015 0.2162
vn 0.2440 -0.6294 -0.7378
vn -0.1308 0.2722 -0.9533
vn -0.3749 0.9014 -0.2167
vn -0.2454 0.6408 0.7274
vn 0.1206 -0.2612 0.9577
vn 0.3659 -0.9021 0.2288
vn 0.2447 -0.6388 -0.7294
vn -0.1212 0.2633 -0.9571
vn -0.3659 0.9020 -0.2291
vn -0.2438 0.6493 0.7203
vn 0.1112 -0.2542 0.9607
vn 0.3551 -0.9038 0.2388
vn 0.2429 -0.6471 -0.7227
vn -0.1122 0.2568 -0.9599
vn -0.3551 0.9038 -0.2389
vn -0.2401 0.6568 0.7148
vn 0.1023 -0.2495 0.9630
vn 0.3424 -0.9067 0.2463
vn 0.2390 -0.6542 -0.7176
vn -0.1035 0.2529 -0.9620
vn -0.3424 0.9067 -0.2463
vn -0.2340 0.6628 0.7113
vn 0.0938 -0.2473 0.9644
vn 0.3280 -0.9107 0.2512
vn 0.2329 -0.6600 -0.7142
vn -0.0953 0.2512 -0.9632
vn -0.3280 0.9107 -0.2510
vn -0.2256 0.6678 0.7093
vn 0.0859 -0.2471 0.9652
vn 0.3117 -0.9157 0.2538
vn 0.2245 -0.6647 -0.7126
vn -0.0874 0.2518 -0.9638
vn -0.3117 0.9158 -0.2533
vn -0.2150 0.6717 0.7089
vn 0.0783 -0.2489 0.9654
vn 0.2936 -0.9215 0.2541
vn 0.2139 -0.6681 -0.7126
vn -0.0800 0.2545 -0.9638
vn -0.2936 0.9217 -0.2534
vn -0.2022 0.6744 0.7102
vn 0.0708 -0.2528 0.9649
vn 0.2733 -0.9282 0.2524
vn 0.2011 -0.6705 -0.7141
vn -0.0727 0.2589 -0.9632
vn -0.2734 0.9284 -0.2515
vn -0.1871 0.6760 0.7127
vn 0.0633 -0.2583 0.9640
vn 0.2508 -0.9356 0.2487
vn 0.1861 -0.6718 -0.7170
vn -0.0652 0.2652 -0.9620
vn -0.2509 0.9358 -0.2475
vn -0.1699 0.6766 0.7165
vn 0.0554 -0.2653 0.9626
vn 0.2257 -0.9433 0.2433
vn 0.1688 -0.6719 -0.7212
vn -0.0574 0.2732 -0.9603
vn -0.2258 0.9437 -0.2419
vn -0.1504 0.6760 0.7214
vn 0.0469 -0.2739 0.9606
vn 0.1978 -0.9514 0.2361
vn 0.1495 -0.6707 -0.7265
vn -0.0489 0.2825 -0.9580
vn -0.1979 0.9517 -0.2346
vn -0.1288 0.6740 0.7275
vn 0.0375 -0.2837 0.9582
vn 0.1668 -0.9594 0.2274
vn 0.1280 -0.6681 -0.7330
vn -0.0393 0.2933 -0.9552
vn -0.1668 0.9598 -0.2257
vn -0.1050 0.6706 0.7344
vn 0.0268 -0.2947 0.9552
vn 0.1322 -0.9671 0.2172
vn 0.1044 -0.6641 -0.7404
vn -0.0284 0.3053 -0.9518
vn -0.1323 0.9676 -0.2152
vn -0.0791 0.6654 0.7423
vn 0.0144 -0.3067 0.9517
vn 0.0940 -0.9742 0.2053
vn 0.0787 -0.6581 -0.7488
vn -0.0158 0.3182 -0.9479
vn -0.0941 0.9746 -0.2033
vn -0.0512 0.6584 0.7510
vn 0.0001 -0.3195 0.9476
vn 0.0517 -0.9800 0.1920
vn 0.0511 -0.6502 -0.7580
vn -0.0011 0.3322 -0.9432
vn -0.0518 0.9804 -0.1899
vn -0.0214 0.6490 0.7605
vn -0.0166 -0.3329 0.9428
vn 0.0052 -0.9842 0.1771
vn 0.0218 -0.6399 -0.7681
vn 0.0161 0.3467 -0.9379
vn -0.0053 0.9846 -0.1749
vn 0.0101 0.6369 0.7708
vn -0.0361 -0.3467 0.9373
vn -0.0458 -0.9859 0.1607
vn -0.0091 -0.6268 -0.7791
vn 0.0363 0.3614 -0.9317
vn 0.0458 0.9863 -0.1585
vn 0.0426 0.6220 0.7819
vn -0.0591 -0.3605 0.9309
vn -0.1013 -0.9846 0.1424
vn -0.0411 -0.6106 -0.7909
vn 0.0598 0.3762 -0.9246
vn 0.1012 0.9849 -0.1405
vn 0.0761 0.6035 0.7937
vn -0.0849 -0.3741 0.9235
vn -0.1607 -0.9794 0.1226
vn -0.0734 -0.5912 -0.8032
vn 0.0868 0.3902 -0.9166
vn 0.1606 0.9796 -0.1207
vn 0.1087 0.5813 0.8064
vn -0.1142 -0.3869 0.9150
vn -0.2225 -0.9697 0.1008
vn -0.1049 -0.5682 -0.8162
vn 0.1172 0.4032 -0.9076
vn 0.2225 0.9699 -0.0993
vn 0.1396 0.5553 0.8198
vn -0.1464 -0.3986 0.9054
vn -0.2855 -0.9553 0.0773
vn -0.1347 -0.5419 -0.8296
vn 0.1503 0.4147 -0.8974
vn 0.2855 0.9554 -0.0762
vn 0.1676 0.5263 0.8336
vn -0.1810 -0.4087 0.8945
vn -0.3481 -0.9360 0.0523
vn -0.1616 -0.5128 -0.8432
vn 0.1859 0.4243 -0.8862
vn 0.3480 0.9361 -0.0515
vn 0.1921 0.4944 0.8477
vn -0.2176 -0.4170 0.8825
vn -0.4090 -0.9121 0.0260
vn -0.1851 -0.4811 -0.8569
vn 0.2233 0.4318 -0.8739
vn 0.4090 0.9122 -0.0257
vn 0.2126 0.4608 0.8617
vn -0.2556 -0.4228 0.8694
vn -0.4674 -0.8840 -0.0011
vn -0.2047 -0.4477 -0.8704
vn 0.2619 0.4367 -0.8607
vn 0.4674 0.8840 0.0011
vn 0.2292 0.4258 0.8753
vn -0.2943 -0.4263 0.8554
vn -0.5225 -0.8522 -0.0287
vn -0.2204 -0.4132 -0.8836
vn 0.3011 0.4390 -0.8465
vn 0.5225 0.8522 0.0282
vn 0.2419 0.3905 0.8883
vn -0.3332 -0.4266 0.8408
vn -0.5739 -0.8170 -0.0562
vn -0.2324 -0.3784 -0.8960
vn 0.3404 0.4384 -0.8318
vn 0.5740 0.8170 0.0555
vn 0.2514 0.3555 0.9002
vn -0.3716 -0.4239 0.8260
vn -0.6216 -0.7789 -0.0829
vn -0.2412 -0.3440 -0.9075
vn 0.3792 0.4346 -0.8169
vn 0.6217 0.7790 0.0819
vn 0.2583 0.3215 0.9110
vn -0.4088 -0.4175 0.8115
vn -0.6656 -0.7384 -0.1081
vn -0.2475 -0.3105 -0.9178
vn 0.4167 0.4274 -0.8023
vn 0.6657 0.7385 0.1069
vn 0.2638 0.2888 0.9203
vn -0.4443 -0.4075 0.7978
vn -0.7064 -0.6956 -0.1311
vn -0.2524 -0.2784 -0.9267
vn 0.4526 0.4165 -0.7885
vn 0.7066 0.6956 0.1298
vn 0.2689 0.2579 0.9280
vn -0.4773 -0.3933 0.7858
vn -0.7445 -0.6504 -0.1508
vn -0.2567 -0.2480 -0.9341
vn 0.4861 0.4017 -0.7761
vn 0.7447 0.6505 0.1494
vn 0.2750 0.2289 0.9338
vn -0.5074 -0.3749 0.7759
vn -0.7804 -0.6027 -0.1666
vn -0.2620 -0.2193 -0.9398
vn 0.5167 0.3825 -0.7660
vn 0.7806 0.6028 0.1651
vn 0.2829 0.2016 0.9377
vn -0.5336 -0.3517 0.7692
vn -0.8145 -0.5523 -0.1775
vn -0.2690 -0.1927 -0.9437
vn 0.5437 0.3587 -0.7587
vn 0.8148 0.5524 0.1761
vn 0.2934 0.1761 0.9396
vn -0.5557 -0.3238 0.7657
vn -0.8471 -0.4988 -0.1832
vn -0.2786 -0.1675 -0.9457
vn 0.5666 0.3303 -0.7549
vn 0.8474 0.4990 0.1816
vn 0.3071 0.1516 0.9395
vn -0.5730 -0.2919 0.7658
vn -0.8780 -0.4423 -0.1833
vn -0.2912 -0.1434 -0.9458
vn 0.5846 0.2977 -0.7547
vn 0.8782 0.4424 0.1816
vn 0.3241 0.1273 0.9374
vn -0.5847 -0.2563 0.7697
vn -0.9067 -0.3825 -0.1776
vn -0.3075 -0.1199 -0.9440
vn 0.5972 0.2614 -0.7583
vn 0.9070 0.3826 0.1759
vn 0.3442 0.1028 0.9332
vn -0.5906 -0.2181 0.7769
vn -0.9328 -0.3197 -0.1662
vn -0.3271 -0.0964 -0.9401
vn 0.6038 0.2222 -0.7655
vn 0.9330 0.3199 0.1647
vn 0.3671 0.0775 0.9269
vn -0.5901 -0.1784 0.7874
vn -0.9554 -0.2547 -0.1495
vn -0.3497 -0.0721 -0.9341
vn 0.6040 0.1814 -0.7761
vn 0.9556 0.2548 0.1480
vn 0.3919 0.0510 0.9186
vn -0.5832 -0.1387 0.8004
vn -0.9737 -0.1885 -0.1279
vn -0.3747 -0.0468 -0.9260
vn 0.5975 0.1406 -0.7894
vn 0.9738 0.1886 0.1269
vn 0.4180 0.0235 0.9081
vn -0.5704 -0.1003 0.8152
vn -0.9872 -0.1226 -0.1023
vn -0.4013 -0.0205 -0.9157
vn 0.5847 0.1011 -0.8049
vn 0.9873 0.1227 0.1013
vn 0.4441 -0.0047 0.8959
vn -0.5523 -0.0646 0.8311
vn -0.9955 -0.0588 -0.0737
vn -0.4285 0.0066 -0.9035
vn 0.5662 0.0644 -0.8217
vn 0.9956 0.0589 0.0730
vn 0.4693 -0.0330 0.8824
vn -0.5300 -0.0330 0.8473
vn -0.9991 0.0010 -0.0432
vn -0.4553 0.0335 -0.8897
vn 0.5431 0.0316 -0.8391
vn 0.9991 -0.0009 0.0425
vn 0.4929 -0.0590 0.8681
vn -0.5052 -0.0047 0.8630
vn -0.9984 0.0552 -0.0124
vn -0.4807 0.0592 -0.8749
vn 0.5173 0.0032 -0.8558
vn 0.9984 -0.0552 0.0118
vn 0.5146 -0.0830 0.8534
vn -0.4799 0.0197 0.8771
vn -0.9945 0.1034 0.0171
vn -0.5038 0.0829 -0.8599
vn 0.4904 -0.0211 -0.8712
vn 0.9945 -0.1033 -0.0180
vn 0.5334 -0.1054 0.8393
vn -0.4553 0.0402 0.8894
vn -0.9883 0.1461 0.0441
vn -0.5236 0.1044 -0.8455
vn 0.4645 -0.0422 -0.8846
vn 0.9882 -0.1460 -0.0451
vn 0.5484 -0.1252 0.8268
vn -0.4323 0.0589 0.8998
vn -0.9805 0.1845 0.0674
vn -0.5397 0.1239 -0.8327
vn 0.4406 -0.0609 -0.8956
vn 0.9805 -0.1844 -0.0685
vn 0.5599 -0.1431 0.8161
vn -0.4121 0.0762 0.9080
vn -0.9718 0.2196 0.0864
vn -0.5516 0.1415 -0.8220
vn 0.4199 -0.0784 -0.9042
vn 0.9717 -0.2196 -0.0876
vn 0.5671 -0.1594 0.8081
vn -0.3953 0.0933 0.9138
vn -0.9623 0.2529 0.1005
vn -0.5594 0.1575 -0.8138
vn 0.4028 -0.0955 -0.9103
vn 0.9622 -0.2528 -0.1016
vn 0.5701 -0.1747 0.8028
vn -0.3820 0.1107 0.9175
vn -0.9521 0.2855 0.1095
vn -0.5624 0.1724 -0.8087
vn 0.3896 -0.1131 -0.9140
vn 0.9520 -0.2854 -0.1106
vn 0.5688 -0.1894 0.8004
vn -0.3722 0.1291 0.9191
vn -0.9411 0.3185 0.1132
vn -0.5609 0.1867 -0.8066
vn 0.3802 -0.1318 -0.9155
vn 0.9410 -0.3185 -0.1144
vn 0.5632 -0.2040 0.8008
vn -0.3652 0.1492 0.9189
vn -0.9288 0.3532 0.1124
vn -0.5550 0.2008 -0.8073
vn 0.3739 -0.1524 -0.9149
vn 0.9287 -0.3532 -0.1133
vn 0.5534 -0.2193 0.8035
vn -0.3603 0.1714 0.9170
vn -0.9142 0.3907 0.1073
vn -0.5447 0.2153 -0.8105
vn 0.3698 -0.1752 -0.9124
vn 0.9142 -0.3906 -0.1081
vn 0.5396 -0.2359 0.8082
vn -0.3562 0.1959 0.9136
vn -0.8966 0.4318 0.0987
vn -0.5302 0.2309 -0.8158
vn 0.3669 -0.2008 -0.9084
vn 0.8965 -0.4318 -0.0993
vn 0.5221 -0.2543 0.8141
vn -0.3514 0.2229 0.9093
vn -0.8744 0.4772 0.0878
vn -0.5118 0.2482 -0.8225
vn 0.3633 -0.2289 -0.9031
vn 0.8744 -0.4771 -0.0881
vn 0.5018 -0.2747 0.8202
vn -0.3436 0.2529 0.9044
vn -0.8462 0.5274 0.0754
vn -0.4901 0.2667 -0.8299
vn 0.3567 -0.2604 -0.8972
vn 0.8462 -0.5274 -0.0762
vn 0.4806 -0.2950 0.8258
vn -0.3296 0.2882 0.8991
vn -0.8105 0.5825 0.0621
vn -0.4672 0.2844 -0.8372
vn 0.3431 -0.2972 -0.8911
vn 0.8102 -0.5825 -0.0649
vn 0.4615 -0.3116 0.8306
vn -0.3053 0.3312 0.8928
vn -0.7662 0.6408 0.0481
vn -0.4464 0.2977 -0.8438
vn 0.3182 -0.3409 -0.8846
vn 0.7656 -0.6410 -0.0546
vn 0.4479 -0.3214 0.8343
vn -0.2677 0.3819 0.8846
vn -0.7141 0.6992 0.0333
vn -0.4322 0.3039 -0.8490
vn 0.2790 -0.3915 -0.8769
vn 0.7130 -0.6998 -0.0444
vn 0.4431 -0.3225 0.8365
vn -0.2162 0.4376 0.8728
vn -0.6572 0.7535 0.0170
vn -0.4279 0.3018 -0.8519
vn 0.2250 -0.4461 -0.8662
vn 0.6552 -0.7547 -0.0329
vn 0.4491 -0.3143 0.8364
vn -0.1531 0.4946 0.8555
vn -0.6005 0.7996 -0.0008
vn -0.4361 0.2919 -0.8512
vn 0.1592 -0.5008 -0.8508
vn 0.5971 -0.8019 -0.0188
vn 0.4661 -0.2981 0.8330
vn -0.0841 0.5486 0.8319
vn -0.5492 0.8354 -0.0200
vn -0.4560 0.2759 -0.8461
vn 0.0872 -0.5519 -0.8294
vn 0.5443 -0.8389 -0.0016
vn 0.4921 -0.2760 0.8256
vn -0.0160 0.5968 0.8022
vn -0.5080 0.8604 -0.0401
vn -0.4848 0.2556 -0.8364
vn 0.0166 -0.5974 -0.8018
vn 0.5016 -0.8649 0.0184
vn 0.5233 -0.2485 0.8151
vn 0.0445 0.6393 0.7677
vn -0.4793 0.8755 -0.0610
vn -0.5183 0.2312 -0.8233
vn -0.0458 -0.6375 -0.7691
vn 0.4720 -0.8807 0.0408
vn 0.5559 -0.2155 0.8028
vn 0.0925 0.6778 0.7294
vn -0.4642 0.8817 -0.0840
vn -0.5526 0.2017 -0.8087
vn -0.0954 -0.6744 -0.7322
vn 0.4564 -0.8873 0.0661
vn 0.5866 -0.1748 0.7908
vn 0.1245 0.7151 0.6878
vn -0.4627 0.8795 -0.1108
vn -0.5843 0.1643 -0.7947
vn -0.1286 -0.7108 -0.6915
vn 0.4551 -0.8853 0.0954
vn -0.6214 0.5287 0.5782
vn -0.9591 0.2686 -0.0898
vn -0.8132 -0.4672 -0.3470
vn -0.3295 -0.9420 0.0646
vn 0.0075 -0.6806 0.7326
vn -0.1386 0.0542 0.9889
vn 0.8379 0.3112 -0.4485
vn 0.2140 0.7860 -0.5800
vn -0.5004 0.4697 -0.7273
vn -0.5870 -0.3190 -0.7441
vn 0.0354 -0.7876 -0.6152
vn 0.7450 -0.4762 -0.4671
vn 0.8662 0.4244 0.2638
vn 0.0699 0.9760 0.2064
vn -0.7900 0.6115 -0.0442
vn -0.8997 -0.3530 -0.2566
vn -0.0797 -0.9749 -0.2080
vn 0.8282 -0.5569 0.0631
vn 0.8383 0.3878 0.3832
vn 0.0125 0.8787 0.4773
vn -0.8224 0.5541 0.1291
vn -0.8830 -0.3116 -0.3511
vn -0.0247 -0.8775 -0.4790
vn 0.8637 -0.4961 -0.0890
vn 0.8186 0.3059 0.4861
vn -0.0365 0.6958 0.7173
vn -0.8552 0.4364 0.2797
vn -0.8638 -0.2501 -0.4374
vn 0.0253 -0.6947 -0.7189
vn 0.8904 -0.3938 -0.2283
vn 0.8114 0.2117 0.5448
vn -0.0658 0.4909 0.8687
vn -0.8788 0.3039 0.3679
vn -0.8466 -0.1825 -0.4999
vn 0.0580 -0.4901 -0.8697
vn 0.9037 -0.2813 -0.3227
vn 0.8111 0.1359 0.5689
vn -0.0791 0.3249 0.9425
vn -0.8919 0.2000 0.4056
vn -0.8348 -0.1232 -0.5365
vn 0.0749 -0.3246 -0.9429
vn 0.9082 -0.1900 -0.3728
vn 0.8128 0.0823 0.5767
vn -0.0844 0.2116 0.9737
vn -0.8987 0.1338 0.4177
vn -0.8272 -0.0773 -0.5565
vn 0.0834 -0.2115 -0.9738
vn 0.9090 -0.1297 -0.3960
vn 0.8143 0.0442 0.5787
vn -0.0864 0.1411 0.9862
vn -0.9022 0.0986 0.4198
vn 0.0883 -0.1411 -0.9861
vn 0.9088 -0.0969 -0.4058
vn -0.0867 0.1010 0.9911
vn -0.9039 0.0871 0.4187
vn -0.8184 -0.0141 -0.5745
vn 0.0914 -0.1011 -0.9907
vn 0.9081 -0.0864 -0.4098
vn 0.8157 -0.0120 0.5783
vn -0.0864 0.0827 0.9928
vn 0.9069 -0.0947 -0.4106
vn 0.8151 -0.0401 0.5780
vn -0.0844 0.0806 0.9932
vn -0.9024 0.1209 0.4137
vn -0.8108 0.0392 -0.5840
vn 0.0962 -0.0817 -0.9920
vn 0.9042 -0.1207 -0.4096
vn 0.8125 -0.0741 0.5782
vn -0.0805 0.0913 0.9926
vn -0.8970 0.1656 0.4099
vn -0.8049 0.0721 -0.5891
vn 0.0974 -0.0937 -0.9908
vn 0.8986 -0.1656 -0.4064
vn 0.8063 -0.1191 0.5794
vn -0.0729 0.1127 0.9910
vn -0.8846 0.2323 0.4043
vn -0.7950 0.1151 -0.5956
vn 0.0966 -0.1176 -0.9884
vn 0.8864 -0.2323 -0.4005
vn 0.7924 -0.1794 0.5831
vn -0.0600 0.1438 0.9878
vn -0.8598 0.3243 0.3944
vn -0.7772 0.1717 -0.6053
vn 0.0915 -0.1535 -0.9839
vn 0.8619 -0.3245 -0.3896
vn 0.7652 -0.2564 0.5905
vn -0.0383 0.1847 0.9820
vn -0.8131 0.4431 0.3775
vn -0.7465 0.2426 -0.6196
vn 0.0778 -0.2022 -0.9762
vn 0.8156 -0.4434 -0.3717
vn 0.7167 -0.3474 0.6047
vn -0.0038 0.2339 0.9722
vn -0.7321 0.5848 0.3492
vn -0.6959 0.3244 -0.6407
vn 0.0491 -0.2630 -0.9636
vn 0.7349 -0.5853 -0.3427
vn 0.6396 -0.4428 0.6283
vn 0.0474 0.2869 0.9568
vn -0.6050 0.7351 0.3060
vn -0.6206 0.4086 -0.6692
vn -0.0017 -0.3300 -0.9440
vn 0.6078 -0.7357 -0.2990
vn 0.5338 -0.5254 0.6626
vn 0.1158 0.3361 0.9347
vn -0.4305 0.8682 0.2468
vn -0.5218 0.4815 -0.7042
vn -0.0778 -0.3905 -0.9173
vn 0.4330 -0.8688 -0.2402
vn 0.4121 -0.5786 0.7038
vn 0.1966 0.3727 0.9069
vn -0.2265 0.9578 0.1768
vn -0.4105 0.5306 -0.7416
vn -0.1721 -0.4306 -0.8860
vn 0.2283 -0.9583 -0.1719
vn 0.2943 -0.5975 0.7459
vn 0.2814 0.3913 0.8762
vn -0.0218 0.9942 0.1052
vn -0.3024 0.5518 -0.7772
vn -0.2704 -0.4448 -0.8538
vn 0.0229 -0.9945 -0.1023
vn 0.1945 -0.5906 0.7832
vn 0.3628 0.3920 0.8454
vn 0.1606 0.9862 0.0395
vn -0.2093 0.5508 -0.8080
vn -0.3616 -0.4369 -0.8236
vn -0.1603 -0.9863 -0.0387
vn 0.1168 -0.5695 0.8137
vn 0.4369 0.3779 0.8163
vn 0.3131 0.9496 -0.0181
vn -0.1356 0.5358 -0.8334
vn -0.4415 -0.4142 -0.7960
vn -0.3135 -0.9494 0.0167
vn 0.0584 -0.5427 0.8379
vn 0.5040 0.3523 0.7886
vn 0.4384 0.8962 -0.0685
vn -0.0798 0.5141 -0.8540
vn -0.5116 -0.3817 -0.7698
vn -0.4395 -0.8959 0.0653
vn 0.0145 -0.5152 0.8569
vn 0.5659 0.3161 0.7615
vn 0.5432 0.8318 -0.1143
vn -0.0389 0.4899 -0.8709
vn -0.5754 -0.3407 -0.7435
vn -0.5452 -0.8312 0.1089
vn -0.0187 -0.4883 0.8725
vn 0.6248 0.2686 0.7331
vn 0.6337 0.7571 -0.1589
vn -0.0096 0.4652 -0.8852
vn -0.6359 -0.2900 -0.7152
vn -0.6368 -0.7561 0.1510
vn -0.0444 -0.4622 0.8857
vn 0.6813 0.2076 0.7019
vn 0.7136 0.6701 -0.2045
vn 0.0111 0.4412 -0.8973
vn -0.6941 -0.2268 -0.6832
vn -0.7179 -0.6685 0.1941
vn -0.0638 -0.4365 0.8975
vn 0.7334 0.1314 0.6669
vn 0.7825 0.5691 -0.2526
vn 0.0250 0.4184 -0.9079
vn -0.7478 -0.1488 -0.6470
vn -0.7881 -0.5668 0.2399
vn -0.0776 -0.4112 0.9082
vn 0.7773 0.0402 0.6279
vn 0.8377 0.4543 -0.3033
vn 0.0335 0.3977 -0.9169
vn -0.7932 -0.0552 -0.6065
vn -0.8446 -0.4508 0.2889
vn -0.0859 -0.3874 0.9179
vn 0.8086 -0.0647 0.5848
vn 0.8749 0.3279 -0.3563
vn 0.0377 0.3798 -0.9243
vn -0.8252 0.0522 -0.5624
vn -0.8831 -0.3231 0.3402
vn -0.0891 -0.3663 0.9262
vn 0.8230 -0.1790 0.5390
vn 0.8910 0.1952 -0.4099
vn 0.0391 0.3657 -0.9299
vn -0.8395 0.1695 -0.5162
vn -0.9001 -0.1889 0.3927
vn -0.0878 -0.3494 0.9328
vn 0.8181 -0.2971 0.4923
vn 0.8847 0.0633 -0.4618
vn 0.0387 0.3561 -0.9336
vn -0.8336 0.2905 -0.4699
vn -0.8943 -0.0553 0.4441
vn -0.0846 -0.3380 0.9373
vn 0.7940 -0.4125 0.4465
vn 0.8580 -0.0607 -0.5101
vn 0.0389 0.3512 -0.9355
vn -0.8077 0.4084 -0.4253
vn -0.8674 0.0704 0.4925
vn -0.0810 -0.3327 0.9395
vn 0.7531 -0.5202 0.4029
vn 0.8149 -0.1716 -0.5536
vn 0.0402 0.3507 -0.9356
vn -0.7644 0.5180 -0.3838
vn -0.8240 0.1827 0.5363
vn -0.0797 -0.3332 0.9395
vn 0.6985 -0.6170 0.3625
vn 0.7609 -0.2662 -0.5917
vn 0.0442 0.3546 -0.9340
vn -0.7078 0.6162 -0.3454
vn -0.7692 0.2786 0.5750
vn -0.0822 -0.3389 0.9372
vn 0.6335 -0.7023 0.3246
vn 0.7004 -0.3444 -0.6251
vn 0.0522 0.3626 -0.9305
vn -0.6407 0.7024 -0.3103
vn -0.7080 0.3583 0.6086
vn -0.0911 -0.3489 0.9327
vn 0.5595 -0.7769 0.2889
vn 0.6369 -0.4071 -0.6546
vn 0.0655 0.3744 -0.9250
vn -0.5648 0.7773 -0.2772
vn -0.6437 0.4229 0.6378
vn -0.1081 -0.3625 0.9257
vn 0.4758 -0.8422 0.2536
vn 0.5719 -0.4566 -0.6815
vn 0.0861 0.3900 -0.9168
vn -0.4797 0.8428 -0.2443
vn -0.5776 0.4751 0.6638
vn -0.1354 -0.3780 0.9158
vn 0.3798 -0.8994 0.2166
vn 0.5046 -0.4948 -0.7075
vn 0.1162 0.4084 -0.9054
vn -0.3825 0.8999 -0.2095
vn -0.5090 0.5171 0.6881
vn -0.1744 -0.3931 0.9028
vn 0.2674 -0.9473 0.1763
vn 0.4335 -0.5231 -0.7338
vn 0.1582 0.4276 -0.8900
vn -0.2693 0.9478 -0.1709
vn -0.4355 0.5501 0.7125
vn -0.2265 -0.4049 0.8859
vn 0.1353 -0.9822 0.1302
vn 0.3572 -0.5408 -0.7616
vn 0.2140 0.4440 -0.8701
vn -0.1366 0.9825 -0.1264
vn -0.3552 0.5733 0.7383
vn -0.2920 -0.4089 0.8646
vn -0.0171 -0.9968 0.0774
vn 0.2757 -0.5461 -0.7910
vn 0.2848 0.4526 -0.8450
vn 0.0164 0.9970 -0.0751
vn -0.2676 0.5841 0.7663
vn -0.3686 -0.4006 0.8388
vn -0.1857 -0.9824 0.0180
vn 0.1915 -0.5366 -0.8218
vn 0.3687 0.4469 -0.8151
vn 0.1855 0.9825 -0.0173
vn -0.1751 0.5782 0.7969
vn -0.4513 -0.3760 0.8093
vn -0.3591 -0.9322 -0.0455
vn 0.1094 -0.5113 -0.8524
vn 0.4594 0.4213 -0.7820
vn 0.3594 0.9321 0.0447
vn -0.0838 0.5531 0.8289
vn -0.5321 -0.3341 0.7780
vn -0.5213 -0.8465 -0.1083
vn 0.0353 -0.4724 -0.8807
vn 0.5472 0.3743 -0.7486
vn 0.5220 0.8463 0.1064
vn -0.0022 0.5099 0.8602
vn -0.6034 -0.2780 0.7474
vn -0.6577 -0.7349 -0.1656
vn -0.0258 -0.4247 -0.9050
vn 0.6227 0.3103 -0.7183
vn 0.6587 0.7346 0.1627
vn 0.0629 0.4548 0.8884
vn -0.6604 -0.2143 0.7197
vn -0.7613 -0.6121 -0.2140
vn -0.0719 -0.3741 -0.9246
vn 0.6808 0.2382 -0.6926
vn 0.7625 0.6118 0.2106
vn 0.1093 0.3960 0.9117
vn -0.7024 -0.1489 0.6960
vn -0.8335 -0.4912 -0.2529
vn -0.1042 -0.3261 -0.9396
vn 0.7218 0.1656 -0.6720
vn 0.8349 0.4908 0.2490
vn 0.1392 0.3408 0.9298
vn -0.7313 -0.0863 0.6766
vn -0.8805 -0.3805 -0.2829
vn -0.1254 -0.2836 -0.9507
vn 0.7484 0.0975 -0.6561
vn 0.8819 0.3801 0.2788
vn 0.1566 0.2928 0.9433
vn -0.7501 -0.0281 0.6608
vn -0.9090 -0.2825 -0.3063
vn -0.1383 -0.2477 -0.9589
vn 0.7649 0.0356 -0.6432
vn 0.9106 0.2820 0.3021
vn 0.1659 0.2530 0.9531
vn -0.7613 0.0265 0.6478
vn -0.9253 -0.1954 -0.3252
vn -0.1453 -0.2177 -0.9651
vn 0.7745 -0.0215 -0.6322
vn 0.9270 0.1947 0.3207
vn 0.1706 0.2203 0.9604
vn -0.7671 0.0794 0.6366
vn -0.9329 -0.1152 -0.3412
vn -0.1485 -0.1922 -0.9701
vn 0.7792 -0.0760 -0.6221
vn 0.9348 0.1144 0.3363
vn 0.1726 0.1927 0.9659
vn -0.7682 0.1325 0.6264
vn -0.9338 -0.0386 -0.3557
vn -0.1490 -0.1701 -0.9741
vn 0.7796 -0.1303 -0.6126
vn 0.9360 0.0375 0.3501
vn 0.1728 0.1688 0.9704
vn -0.7645 0.1876 0.6168
vn -0.9285 0.0374 -0.3693
vn -0.1473 -0.1506 -0.9776
vn 0.7758 -0.1865 -0.6028
vn 0.9310 -0.0388 0.3630
vn 0.1718 0.1473 0.9741
vn -0.7555 0.2462 0.6071
vn -0.9165 0.1151 -0.3830
vn -0.1437 -0.1329 -0.9807
vn 0.7669 -0.2460 -0.5927
vn 0.9195 -0.1169 0.3754
vn 0.1697 0.1273 0.9772
vn -0.7399 0.3093 0.5974
vn -0.8967 0.1964 -0.3968
vn -0.1386 -0.1166 -0.9835
vn 0.7517 -0.3103 -0.5820
vn 0.8999 -0.1987 0.3881
vn 0.1661 0.1081 0.9802
vn -0.7158 0.3777 0.5873
vn -0.8669 0.2821 -0.4110
vn -0.1319 -0.1014 -0.9861
vn 0.7282 -0.3801 -0.5703
vn 0.8705 -0.2851 0.4011
vn 0.1613 0.0892 0.9829
vn -0.6812 0.4513 0.5764
vn -0.8247 0.3722 -0.4259
vn -0.1234 -0.0875 -0.9885
vn 0.6939 -0.4552 -0.5580
vn 0.8286 -0.3762 0.4145
vn 0.1543 0.0706 0.9855
vn -0.6339 0.5277 0.5654
vn -0.7679 0.4648 -0.4409
vn -0.1138 -0.0746 -0.9907
vn 0.6466 -0.5335 -0.5453
vn 0.7721 -0.4697 0.4282
vn 0.1452 0.0523 0.9880
vn -0.5733 0.6037 0.5540
vn -0.6956 0.5555 -0.4556
vn -0.1031 -0.0629 -0.9927
vn 0.5853 -0.6112 -0.5327
vn 0.6997 -0.5613 0.4421
vn 0.1332 0.0354 0.9905
vn -0.5012 0.6740 0.5427
vn -0.6102 0.6385 -0.4690
vn -0.0921 -0.0523 -0.9944
vn 0.5118 -0.6828 -0.5214
vn 0.6139 -0.6450 0.4552
vn 0.1186 0.0211 0.9927
vn -0.4219 0.7339 0.5324
vn -0.5167 0.7087 -0.4803
vn -0.0812 -0.0432 -0.9958
vn 0.4304 -0.7435 -0.5119
vn 0.5197 -0.7155 0.4669
vn 0.1027 0.0101 0.9947
vn -0.3395 0.7814 0.5235
vn -0.4205 0.7639 -0.4895
vn -0.0705 -0.0357 -0.9969
vn 0.3460 -0.7912 -0.5043
vn 0.4227 -0.7707 0.4768
vn 0.0868 0.0025 0.9962
vn -0.2576 0.8168 0.5162
vn -0.3256 0.8045 -0.4967
vn -0.0605 -0.0300 -0.9977
vn 0.2623 -0.8263 -0.4984
vn 0.3272 -0.8112 0.4848
vn 0.0722 -0.0023 0.9974
vn -0.1783 0.8414 0.5102
vn -0.2348 0.8323 -0.5021
vn -0.0515 -0.0256 -0.9983
vn 0.1815 -0.8503 -0.4941
vn 0.2358 -0.8386 0.4910
vn 0.0591 -0.0049 0.9982
vn -0.1028 0.8567 0.5054
vn -0.1494 0.8493 -0.5063
vn -0.0437 -0.0230 -0.9988
vn 0.1047 -0.8651 -0.4906
vn 0.1498 -0.8554 0.4958
vn 0.0479 -0.0059 0.9988
vn -0.0312 0.8645 0.5017
vn -0.0696 0.8577 -0.5095
vn -0.0371 -0.0213 -0.9991
vn 0.0322 -0.8721 -0.4882
vn 0.0696 -0.8635 0.4995
vn 0.0387 -0.0058 0.9992
vn 0.0368 0.8659 0.4988
vn 0.0051 0.8590 -0.5119
vn -0.0317 -0.0204 -0.9993
vn -0.0366 -0.8730 -0.4863
vn -0.0055 -0.8647 0.5023
vn 0.0311 -0.0051 0.9995
vn 0.1019 0.8620 0.4966
vn 0.0755 0.8545 -0.5139
vn -0.0275 -0.0202 -0.9994
vn -0.1023 -0.8686 -0.4848
vn -0.0763 -0.8601 0.5043
vn 0.0250 -0.0042 0.9997
vn 0.1650 0.8531 0.4950
vn 0.1426 0.8450 -0.5154
vn -0.0244 -0.0203 -0.9995
vn -0.1659 -0.8594 -0.4836
vn -0.1438 -0.8505 0.5059
vn 0.0202 -0.0033 0.9998
vn 0.2268 0.8397 0.4935
vn 0.2073 0.8307 -0.5167
vn -0.0223 -0.0207 -0.9995
vn -0.2281 -0.8456 -0.4825
vn -0.2089 -0.8362 0.5071
vn 0.0163 -0.0023 0.9999
vn 0.2877 0.8214 0.4926
vn 0.2704 0.8117 -0.5177
vn -0.0210 -0.0212 -0.9996
vn -0.2895 -0.8272 -0.4816
vn -0.2725 -0.8172 0.5079
vn 0.0133 -0.0015 0.9999
vn 0.3481 0.7981 0.4918
vn 0.3324 0.7877 -0.5187
vn -0.0204 -0.0216 -0.9996
vn -0.3504 -0.8037 -0.4809
vn -0.3348 -0.7933 0.5085
vn 0.0108 -0.0008 0.9999
vn 0.4075 0.7698 0.4913
vn 0.3928 0.7589 -0.5194
vn -0.0203 -0.0218 -0.9996
vn -0.4103 -0.7753 -0.4802
vn -0.3958 -0.7643 0.5091
vn 0.0089 -0.0000 1.0000
vn 0.4652 0.7367 0.4908
vn 0.4511 0.7254 -0.5199
vn -0.0206 -0.0217 -0.9996
vn -0.4684 -0.7419 -0.4799
vn -0.4544 -0.7307 0.5094
vn 0.0075 0.0007 1.0000
vn 0.5201 0.6993 0.4903
vn 0.5062 0.6878 -0.5202
vn -0.0210 -0.0213 -0.9996
vn -0.5236 -0.7041 -0.4796
vn -0.5100 -0.6928 0.5098
vn 0.0065 0.0017 1.0000
vn 0.5716 0.6582 0.4900
vn 0.5576 0.6467 -0.5205
vn -0.0217 -0.0205 -0.9996
vn -0.5754 -0.6627 -0.4794
vn -0.5617 -0.6513 0.5102
vn 0.0059 0.0023 1.0000
vn 0.6191 0.6140 0.4896
vn 0.6049 0.6026 -0.5205
vn -0.0224 -0.0196 -0.9996
vn -0.6231 -0.6180 -0.4794
vn -0.6092 -0.6069 0.5103
vn 0.0056 0.0029 1.0000
vn 0.6624 0.5672 0.4894
vn 0.6477 0.5563 -0.5206
vn -0.0232 -0.0182 -0.9996
vn -0.6666 -0.5707 -0.4795
vn -0.6524 -0.5602 0.5104
vn 0.0056 0.0032 1.0000
vn 0.7014 0.5183 0.4893
vn 0.6863 0.5080 -0.5206
vn -0.0240 -0.0170 -0.9996
vn -0.7057 -0.5215 -0.4796
vn -0.6911 -0.5115 0.5106
vn 0.0058 0.0035 1.0000
vn 0.7362 0.4677 0.4891
vn 0.7206 0.4582 -0.5205
vn -0.0248 -0.0153 -0.9996
vn -0.7406 -0.4705 -0.4797
vn -0.7256 -0.4613 0.5107
vn 0.0060 0.0034 1.0000
vn 0.7670 0.4155 0.4890
vn 0.7507 0.4068 -0.5205
vn -0.0257 -0.0138 -0.9996
vn -0.7715 -0.4180 -0.4796
vn -0.7559 -0.4096 0.5108
vn 0.0063 0.0033 1.0000
vn 0.7938 0.3616 0.4889
vn 0.7770 0.3540 -0.5205
vn -0.0265 -0.0120 -0.9996
vn -0.7985 -0.3637 -0.4796
vn -0.7823 -0.3564 0.5108
vn 0.0065 0.0029 1.0000
vn 0.8169 0.3061 0.4889
vn 0.7996 0.2996 -0.5205
vn -0.0272 -0.0102 -0.9996
vn -0.8217 -0.3078 -0.4796
vn -0.8050 -0.3016 0.5109
vn 0.0067 0.0025 1.0000
vn 0.8362 0.2484 0.4889
vn 0.8184 0.2431 -0.5207
vn -0.0281 -0.0084 -0.9996
vn -0.8412 -0.2499 -0.4796
vn -0.8242 -0.2448 0.5106
vn 0.0066 0.0020 1.0000
vn 0.8516 0.1885 0.4892
vn 0.8336 0.1845 -0.5207
vn -0.0288 -0.0064 -0.9996
vn -0.8567 -0.1896 -0.4796
vn -0.8395 -0.1858 0.5105
vn 0.0065 0.0014 1.0000
vn 0.8629 0.1265 0.4893
vn 0.8447 0.1239 -0.5207
vn -0.0294 -0.0043 -0.9996
vn -0.8683 -0.1273 -0.4794
vn -0.8508 -0.1247 0.5105
vn 0.0064 0.0009 1.0000
vn 0.8698 0.0627 0.4894
vn 0.8515 0.0614 -0.5208
vn -0.0298 -0.0021 -0.9996
vn -0.8753 -0.0631 -0.4794
vn -0.8577 -0.0618 0.5104
vn 0.0063 0.0004 1.0000
vn 0.8721 -0.0025 0.4894
vn 0.8536 -0.0025 -0.5209
vn -0.0300 0.0001 -0.9996
vn -0.8777 0.0025 -0.4793
vn -0.8600 0.0025 0.5103
vn 0.0061 -0.0000 1.0000
vn 0.8693 -0.0685 0.4895
vn 0.8510 -0.0671 -0.5209
vn -0.0301 0.0024 -0.9995
vn -0.8750 0.0690 -0.4792
vn -0.8573 0.0676 0.5103
vn 0.0060 -0.0005 1.0000
vn 0.8615 -0.1348 0.4895
vn 0.8433 -0.1319 -0.5210
vn -0.0299 0.0047 -0.9995
vn -0.8672 0.1357 -0.4791
vn -0.8496 0.1329 0.5103
vn 0.0058 -0.0009 1.0000
vn 0.8487 -0.2004 0.4895
vn 0.8307 -0.1962 -0.5210
vn -0.0295 0.0070 -0.9995
vn -0.8542 0.2017 -0.4792
vn -0.8370 0.1977 0.5103
vn 0.0058 -0.0013 1.0000
vn 0.8309 -0.2648 0.4894
vn 0.8132 -0.2592 -0.5211
vn -0.0288 0.0091 -0.9995
vn -0.8362 0.2665 -0.4793
vn -0.8194 0.2612 0.5102
vn 0.0057 -0.0018 1.0000
vn 0.8083 -0.3272 0.4894
vn 0.7912 -0.3203 -0.5210
vn -0.0280 0.0114 -0.9995
vn -0.8135 0.3294 -0.4793
vn -0.7972 0.3227 0.5103
vn 0.0056 -0.0023 1.0000
vn 0.7814 -0.3871 0.4894
vn 0.7649 -0.3789 -0.5208
vn -0.0268 0.0133 -0.9996
vn -0.7865 0.3896 -0.4793
vn -0.7706 0.3817 0.5104
vn 0.0055 -0.0027 1.0000
vn 0.7507 -0.4439 0.4893
vn 0.7348 -0.4345 -0.5208
vn -0.0256 0.0151 -0.9996
vn -0.7555 0.4467 -0.4793
vn -0.7401 0.4377 0.5105
vn 0.0055 -0.0032 1.0000
vn 0.7164 -0.4974 0.4892
vn 0.7013 -0.4869 -0.5207
vn -0.0243 0.0169 -0.9996
vn -0.7208 0.5004 -0.4795
vn -0.7064 0.4904 0.5105
vn 0.0054 -0.0038 1.0000
vn 0.6792 -0.5473 0.4891
vn 0.6648 -0.5358 -0.5206
vn -0.0229 0.0184 -0.9996
vn -0.6832 0.5507 -0.4795
vn -0.6694 0.5395 0.5106
vn 0.0053 -0.0043 1.0000
vn 0.6391 -0.5937 0.4890
vn 0.6256 -0.5811 -0.5205
vn -0.0213 0.0198 -0.9996
vn -0.6429 0.5972 -0.4797
vn -0.6299 0.5851 0.5108
vn 0.0051 -0.0048 1.0000
vn 0.5969 -0.6362 0.4889
vn 0.5843 -0.6227 -0.5204
vn -0.0198 0.0211 -0.9996
vn -0.6003 0.6399 -0.4797
vn -0.5882 0.6270 0.5108
vn 0.0050 -0.0053 1.0000
vn 0.5532 -0.6746 0.4887
vn 0.5415 -0.6604 -0.5202
vn -0.0181 0.0220 -0.9996
vn -0.5563 0.6784 -0.4799
vn -0.5450 0.6647 0.5110
vn 0.0049 -0.0059 1.0000
vn 0.5091 -0.7087 0.4885
vn 0.4983 -0.6937 -0.5200
vn -0.0164 0.0228 -0.9996
vn -0.5118 0.7124 -0.4801
vn -0.5014 0.6980 0.5112
vn 0.0048 -0.0067 1.0000
vn 0.4655 -0.7382 0.4883
vn 0.4557 -0.7227 -0.5196
vn -0.0146 0.0231 -0.9996
vn -0.4678 0.7419 -0.4804
vn -0.4583 0.7268 0.5115
vn 0.0047 -0.0075 1.0000
vn 0.4238 -0.7632 0.4878
vn 0.4149 -0.7471 -0.5194
vn -0.0128 0.0231 -0.9996
vn -0.4257 0.7666 -0.4807
vn -0.4170 0.7510 0.5119
vn 0.0047 -0.0084 1.0000
vn 0.3852 -0.7836 0.4875
vn 0.3771 -0.7672 -0.5189
vn -0.0113 0.0229 -0.9997
vn -0.3868 0.7867 -0.4811
vn -0.3789 0.7707 0.5123
vn 0.0047 -0.0095 0.9999
vn 0.3510 -0.7998 0.4870
vn 0.3436 -0.7830 -0.5184
vn -0.0098 0.0225 -0.9997
vn -0.3522 0.8025 -0.4816
vn -0.3450 0.7862 0.5127
vn 0.0047 -0.0108 0.9999
vn 0.3223 -0.8121 0.4865
vn 0.3156 -0.7952 -0.5178
vn -0.0086 0.0215 -0.9997
vn -0.3232 0.8143 -0.4822
vn -0.3165 0.7976 0.5134
vn 0.0048 -0.0121 0.9999
vn 0.3000 -0.8210 0.4858
vn 0.2938 -0.8039 -0.5171
vn -0.0075 0.0204 -0.9998
vn -0.3006 0.8226 -0.4827
vn -0.2945 0.8057 0.5140
vn 0.0050 -0.0136 0.9999
vn 0.2847 -0.8267 0.4852
vn 0.2788 -0.8095 -0.5166
vn -0.0066 0.0192 -0.9998
vn -0.2851 0.8277 -0.4833
vn -0.2792 0.8107 0.5145
vn 0.0052 -0.0149 0.9999
vn 0.2760 -0.8300 0.4848
vn 0.2703 -0.8128 -0.5160
vn -0.0060 0.0182 -0.9998
vn -0.2762 0.8305 -0.4837
vn -0.2705 0.8133 0.5151
vn 0.0054 -0.0161 0.9999
vn 0.2729 -0.8313 0.4843
vn 0.2673 -0.8140 -0.5157
vn -0.0057 0.0174 -0.9998
vn -0.2729 0.8313 -0.4842
vn -0.2673 0.8141 0.5155
vn 0.0056 -0.0171 0.9998
vn 0.2742 -0.8310 0.4840
vn 0.2686 -0.8138 -0.5153
vn -0.0055 0.0166 -0.9998
vn -0.2741 0.8307 -0.4846
vn -0.2684 0.8135 0.5158
vn 0.0059 -0.0178 0.9998
vn 0.2789 -0.8296 0.4837
vn 0.2731 -0.8124 -0.5151
vn -0.0054 0.0161 -0.9999
vn -0.2787 0.8291 -0.4847
vn -0.2730 0.8119 0.5161
vn 0.0061 -0.0183 0.9998
vn 0.2860 -0.8272 0.4837
vn 0.2801 -0.8102 -0.5149
vn -0.0054 0.0156 -0.9999
vn -0.2857 0.8265 -0.4850
vn -0.2798 0.8094 0.5162
vn 0.0064 -0.0186 0.9998
vn 0.2946 -0.8243 0.4835
vn 0.2885 -0.8073 -0.5148
vn -0.0055 0.0154 -0.9999
vn -0.2943 0.8235 -0.4850
vn -0.2882 0.8064 0.5164
vn 0.0067 -0.0187 0.9998
vn 0.3040 -0.8209 0.4835
vn 0.2978 -0.8040 -0.5147
vn -0.0056 0.0153 -0.9999
vn -0.3037 0.8201 -0.4850
vn -0.2974 0.8030 0.5164
vn 0.0069 -0.0187 0.9998
vn 0.3136 -0.8173 0.4835
vn 0.3071 -0.8004 -0.5148
vn -0.0058 0.0152 -0.9999
vn -0.3133 0.8165 -0.4850
vn -0.3068 0.7995 0.5164
vn 0.0071 -0.0186 0.9998
vn 0.3227 -0.8137 0.4836
vn 0.3160 -0.7969 -0.5149
vn -0.0060 0.0152 -0.9999
vn -0.3224 0.8129 -0.4850
vn -0.3157 0.7961 0.5163
vn 0.0073 -0.0184 0.9998
vn 0.3308 -0.8104 0.4836
vn 0.3239 -0.7937 -0.5149
vn -0.0063 0.0153 -0.9999
vn -0.3305 0.8097 -0.4849
vn -0.3236 0.7929 0.5163
vn 0.0074 -0.0182 0.9998
vn 0.3375 -0.8076 0.4837
vn 0.3305 -0.7908 -0.5152
vn -0.0065 0.0157 -0.9999
vn -0.3373 0.8070 -0.4847
vn -0.3303 0.7903 0.5161
vn 0.0074 -0.0178 0.9998
vn 0.3425 -0.8053 0.4839
vn 0.3354 -0.7887 -0.5152
vn -0.0068 0.0159 -0.9999
vn -0.3423 0.8050 -0.4846
vn -0.3352 0.7883 0.5159
vn 0.0074 -0.0174 0.9998
vn 0.3456 -0.8038 0.4841
vn 0.3385 -0.7873 -0.5153
vn -0.0070 0.0161 -0.9998
vn -0.3455 0.8037 -0.4845
vn -0.3384 0.7870 0.5159
vn 0.0073 -0.0171 0.9998
vn 0.3471 -0.8032 0.4842
vn 0.3399 -0.7866 -0.5155
vn -0.0071 0.0165 -0.9998
vn -0.3470 0.8031 -0.4843
vn -0.3398 0.7866 0.5156
vn 0.0072 -0.0166 0.9998
vn 0.3468 -0.8032 0.4843
vn 0.3396 -0.7865 -0.5157
vn -0.0073 0.0169 -0.9998
vn -0.3469 0.8033 -0.4841
vn -0.3397 0.7867 0.5155
vn 0.0071 -0.0165 0.9998
vn 0.3449 -0.8040 0.4845
vn 0.3377 -0.7874 -0.5158
vn -0.0073 0.0171 -0.9998
vn -0.3450 0.8042 -0.4840
vn -0.3379 0.7875 0.5154
vn 0.0069 -0.0162 0.9998
vn 0.3413 -0.8054 0.4846
vn 0.3342 -0.7887 -0.5160
vn -0.0074 0.0174 -0.9998
vn -0.3414 0.8057 -0.4840
vn -0.3344 0.7892 0.5151
vn 0.0067 -0.0158 0.9999
vn 0.3359 -0.8075 0.4848
vn 0.3290 -0.7908 -0.5161
vn -0.0074 0.0179 -0.9998
vn -0.3361 0.8082 -0.4837
vn -0.3291 0.7914 0.5151
vn 0.0065 -0.0155 0.9999
vn 0.3287 -0.8104 0.4849
vn 0.3219 -0.7936 -0.5162
vn -0.0074 0.0182 -0.9998
vn -0.3291 0.8111 -0.4836
vn -0.3223 0.7944 0.5149
vn 0.0062 -0.0153 0.9999
vn 0.3198 -0.8139 0.4851
vn 0.3131 -0.7970 -0.5165
vn -0.0073 0.0187 -0.9998
vn -0.3201 0.8147 -0.4835
vn -0.3135 0.7980 0.5147
vn 0.0059 -0.0150 0.9999
vn 0.3090 -0.8180 0.4852
vn 0.3026 -0.8010 -0.5166
vn -0.0072 0.0191 -0.9998
vn -0.3094 0.8190 -0.4833
vn -0.3030 0.8021 0.5146
vn 0.0056 -0.0147 0.9999
vn 0.2963 -0.8226 0.4853
vn 0.2901 -0.8055 -0.5168
vn -0.0070 0.0196 -0.9998
vn -0.2967 0.8237 -0.4831
vn -0.2906 0.8068 0.5145
vn 0.0052 -0.0147 0.9999
vn 0.2817 -0.8276 0.4855
vn 0.2759 -0.8104 -0.5169
vn -0.0068 0.0200 -0.9998
vn -0.2822 0.8289 -0.4830
vn -0.2764 0.8119 0.5142
vn 0.0049 -0.0142 0.9999
vn 0.2653 -0.8329 0.4857
vn 0.2598 -0.8156 -0.5170
vn -0.0065 0.0204 -0.9998
vn -0.2658 0.8344 -0.4829
vn -0.2603 0.8172 0.5141
vn 0.0045 -0.0141 0.9999
vn 0.2469 -0.8385 0.4858
vn 0.2417 -0.8210 -0.5172
vn -0.0062 0.0209 -0.9998
vn -0.2474 0.8401 -0.4827
vn -0.2423 0.8229 0.5140
vn 0.0041 -0.0138 0.9999
vn 0.2263 -0.8441 0.4860
vn 0.2216 -0.8266 -0.5174
vn -0.0057 0.0215 -0.9998
vn -0.2268 0.8460 -0.4825
vn -0.2222 0.8287 0.5138
vn 0.0036 -0.0135 0.9999
vn 0.2034 -0.8499 0.4862
vn 0.1991 -0.8322 -0.5175
vn -0.0053 0.0220 -0.9997
vn -0.2038 0.8520 -0.4823
vn -0.1997 0.8345 0.5136
vn 0.0032 -0.0132 0.9999
vn 0.1779 -0.8554 0.4864
vn 0.1742 -0.8376 -0.5178
vn -0.0047 0.0226 -0.9997
vn -0.1783 0.8577 -0.4822
vn -0.1747 0.8402 0.5134
vn 0.0027 -0.0128 0.9999
vn 0.1496 -0.8607 0.4866
vn 0.1465 -0.8427 -0.5180
vn -0.0040 0.0232 -0.9997
vn -0.1501 0.8633 -0.4819
vn -0.1470 0.8456 0.5132
vn 0.0022 -0.0125 0.9999
vn 0.1184 -0.8654 0.4868
vn 0.1159 -0.8474 -0.5182
vn -0.0033 0.0239 -0.9997
vn -0.1188 0.8682 -0.4817
vn -0.1163 0.8505 0.5130
vn 0.0016 -0.0120 0.9999
vn 0.0840 -0.8693 0.4871
vn 0.0822 -0.8511 -0.5185
vn -0.0024 0.0245 -0.9997
vn -0.0843 0.8724 -0.4815
vn -0.0825 0.8546 0.5127
vn 0.0011 -0.0114 0.9999
vn 0.0461 -0.8720 0.4874
vn 0.0452 -0.8537 -0.5188
vn -0.0013 0.0253 -0.9997
vn -0.0463 0.8754 -0.4813
vn -0.0453 0.8576 0.5124
vn 0.0006 -0.0108 0.9999
vn 0.0047 -0.8730 0.4876
vn 0.0046 -0.8547 -0.5191
vn -0.0001 0.0259 -0.9997
vn -0.0047 0.8767 -0.4810
vn -0.0046 0.8589 0.5121
vn 0.0001 -0.0102 0.9999
vn -0.0404 -0.8720 0.4879
vn -0.0396 -0.8536 -0.5194
vn 0.0012 0.0267 -0.9996
vn 0.0406 0.8760 -0.4806
vn 0.0398 0.8582 0.5118
vn -0.0004 -0.0095 1.0000
vn -0.0892 -0.8681 0.4883
vn -0.0873 -0.8498 -0.5197
vn 0.0028 0.0272 -0.9996
vn 0.0897 0.8724 -0.4804
vn 0.0879 0.8548 0.5115
vn -0.0009 -0.0087 1.0000
vn -0.1411 -0.8611 0.4884
vn -0.1382 -0.8429 -0.5200
vn 0.0045 0.0276 -0.9996
vn 0.1419 0.8657 -0.4801
vn 0.1390 0.8481 0.5113
vn -0.0013 -0.0083 1.0000
vn -0.1951 -0.8504 0.4886
vn -0.1910 -0.8324 -0.5202
vn 0.0063 0.0276 -0.9996
vn 0.1962 0.8551 -0.4800
vn 0.1922 0.8377 0.5111
vn -0.0018 -0.0077 1.0000
vn -0.2498 -0.8359 0.4887
vn -0.2445 -0.8183 -0.5202
vn 0.0082 0.0273 -0.9996
vn 0.2512 0.8406 -0.4799
vn 0.2461 0.8236 0.5110
vn -0.0022 -0.0074 1.0000
vn -0.3041 -0.8177 0.4888
vn -0.2977 -0.8005 -0.5203
vn 0.0100 0.0267 -0.9996
vn 0.3058 0.8223 -0.4799
vn 0.2996 0.8057 0.5110
vn -0.0027 -0.0071 1.0000
vn -0.3569 -0.7961 0.4887
vn -0.3494 -0.7793 -0.5202
vn 0.0116 0.0260 -0.9996
vn 0.3590 0.8005 -0.4799
vn 0.3517 0.7843 0.5110
vn -0.0032 -0.0071 1.0000
vn -0.4078 -0.7713 0.4886
vn -0.3992 -0.7550 -0.5202
vn 0.0132 0.0250 -0.9996
vn 0.4100 0.7756 -0.4800
vn 0.4017 0.7599 0.5111
vn -0.0037 -0.0070 1.0000
vn -0.4561 -0.7438 0.4886
vn -0.4465 -0.7281 -0.5201
vn 0.0147 0.0240 -0.9996
vn 0.4586 0.7478 -0.4801
vn 0.4493 0.7327 0.5112
vn -0.0042 -0.0069 1.0000
vn -0.5016 -0.7140 0.4885
vn -0.4910 -0.6989 -0.5200
vn 0.0160 0.0229 -0.9996
vn 0.5042 0.7178 -0.4802
vn 0.4940 0.7033 0.5112
vn -0.0048 -0.0068 1.0000
vn -0.5443 -0.6821 0.4884
vn -0.5328 -0.6677 -0.5199
vn 0.0173 0.0217 -0.9996
vn 0.5472 0.6856 -0.4801
vn 0.5360 0.6717 0.5114
vn -0.0053 -0.0066 1.0000
vn -0.5843 -0.6482 0.4883
vn -0.5720 -0.6345 -0.5199
vn 0.0185 0.0205 -0.9996
vn 0.5873 0.6515 -0.4803
vn 0.5754 0.6382 0.5115
vn -0.0058 -0.0064 1.0000
vn -0.6218 -0.6123 0.4883
vn -0.6087 -0.5993 -0.5199
vn 0.0196 0.0193 -0.9996
vn 0.6250 0.6153 -0.4803
vn 0.6123 0.6029 0.5114
vn -0.0062 -0.0060 1.0000
vn -0.6572 -0.5742 0.4883
vn -0.6433 -0.5621 -0.5198
vn 0.0208 0.0181 -0.9996
vn 0.6606 0.5771 -0.4802
vn 0.6471 0.5653 0.5115
vn -0.0065 -0.0057 1.0000
vn -0.6906 -0.5335 0.4884
vn -0.6760 -0.5222 -0.5199
vn 0.0220 0.0170 -0.9996
vn 0.6942 0.5362 -0.4802
vn 0.6801 0.5253 0.5113
vn -0.0066 -0.0052 1.0000
vn -0.7221 -0.4897 0.4885
vn -0.7070 -0.4794 -0.5200
vn 0.0232 0.0158 -0.9996
vn 0.7260 0.4924 -0.4800
vn 0.7113 0.4824 0.5113
vn -0.0067 -0.0046 1.0000
vn -0.7518 -0.4428 0.4887
vn -0.7359 -0.4334 -0.5201
vn 0.0244 0.0144 -0.9996
vn 0.7559 0.4452 -0.4800
vn 0.7406 0.4362 0.5110
vn -0.0067 -0.0040 1.0000
vn -0.7792 -0.3925 0.4888
vn -0.7626 -0.3842 -0.5204
vn 0.0257 0.0129 -0.9996
vn 0.7836 0.3947 -0.4798
vn 0.7677 0.3867 0.5110
vn -0.0067 -0.0034 1.0000
vn -0.8037 -0.3390 0.4890
vn -0.7868 -0.3318 -0.5204
vn 0.0267 0.0113 -0.9996
vn 0.8085 0.3410 -0.4796
vn 0.7921 0.3341 0.5109
vn -0.0066 -0.0028 1.0000
vn -0.8252 -0.2828 0.4890
vn -0.8077 -0.2769 -0.5205
vn 0.0276 0.0094 -0.9996
vn 0.8301 0.2845 -0.4796
vn 0.8133 0.2788 0.5107
vn -0.0066 -0.0023 1.0000
vn -0.8428 -0.2247 0.4890
vn -0.8250 -0.2200 -0.5206
vn 0.0282 0.0075 -0.9996
vn 0.8479 0.2261 -0.4796
vn 0.8307 0.2215 0.5108
vn -0.0068 -0.0018 1.0000
vn -0.8564 -0.1658 0.4889
vn -0.8383 -0.1623 -0.5205
vn 0.0285 0.0055 -0.9996
vn 0.8614 0.1668 -0.4797
vn 0.8440 0.1634 0.5108
vn -0.0070 -0.0014 1.0000
vn -0.8658 -0.1075 0.4888
vn -0.8474 -0.1053 -0.5204
vn 0.0285 0.0035 -0.9996
vn 0.8707 0.1082 -0.4798
vn 0.8531 0.1060 0.5109
vn -0.0074 -0.0009 1.0000
vn -0.8710 -0.0514 0.4886
vn -0.8527 -0.0503 -0.5200
vn 0.0280 0.0017 -0.9996
vn 0.8757 0.0517 -0.4800
vn 0.8579 0.0507 0.5112
vn -0.0081 -0.0005 1.0000
vn -0.8727 0.0009 0.4882
vn -0.8544 0.0009 -0.5196
vn 0.0272 -0.0000 -0.9996
vn 0.8771 -0.0009 -0.4803
vn 0.8592 -0.0009 0.5117
vn -0.0090 -0.0000 1.0000
vn -0.8716 0.0483 0.4878
vn -0.8534 0.0472 -0.5192
vn 0.0262 -0.0015 -0.9997
vn 0.8754 -0.0485 -0.4809
vn 0.8577 -0.0475 0.5120
vn -0.0099 0.0006 1.0000
vn -0.8686 0.0904 0.4873
vn -0.8503 0.0884 -0.5188
vn 0.0252 -0.0027 -0.9997
vn 0.8719 -0.0907 -0.4812
vn 0.8541 -0.0888 0.5124
vn -0.0108 0.0012 0.9999
vn -0.8640 0.1279 0.4870
vn -0.8459 0.1249 -0.5185
vn 0.0243 -0.0038 -0.9997
vn 0.8670 -0.1283 -0.4816
vn 0.8494 -0.1254 0.5127
vn -0.0114 0.0020 0.9999
vn -0.8584 0.1618 0.4868
vn -0.8405 0.1578 -0.5183
vn 0.0236 -0.0051 -0.9997
vn 0.8611 -0.1623 -0.4818
vn 0.8437 -0.1584 0.5130
vn -0.0118 0.0029 0.9999
vn -0.8521 0.1931 0.4865
vn -0.8344 0.1878 -0.5182
vn 0.0228 -0.0065 -0.9997
vn 0.8545 -0.1937 -0.4819
vn 0.8374 -0.1885 0.5131
vn -0.0119 0.0040 0.9999
vn -0.8449 0.2229 0.4863
vn -0.8275 0.2160 -0.5182
vn 0.0223 -0.0081 -0.9997
vn 0.8472 -0.2235 -0.4821
vn 0.8305 -0.2169 0.5131
vn -0.0118 0.0054 0.9999
vn -0.8366 0.2523 0.4862
vn -0.8198 0.2434 -0.5184
vn 0.0217 -0.0102 -0.9997
vn 0.8389 -0.2529 -0.4820
vn 0.8228 -0.2443 0.5132
vn -0.0112 0.0071 0.9999
vn -0.8271 0.2821 0.4861
vn -0.8110 0.2709 -0.5186
vn 0.0211 -0.0128 -0.9997
vn 0.8294 -0.2828 -0.4818
vn 0.8141 -0.2720 0.5131
vn -0.0104 0.0092 0.9999
vn -0.8158 0.3135 0.4859
vn -0.8006 0.2994 -0.5191
vn 0.0203 -0.0161 -0.9997
vn 0.8181 -0.3144 -0.4815
vn 0.8039 -0.3007 0.5131
vn -0.0090 0.0118 0.9999
vn -0.8021 0.3473 0.4858
vn -0.7882 0.3296 -0.5198
vn 0.0194 -0.0199 -0.9996
vn 0.8046 -0.3483 -0.4810
vn 0.7918 -0.3312 0.5131
vn -0.0072 0.0148 0.9999
vn -0.7851 0.3844 0.4856
vn -0.7730 0.3625 -0.5206
vn 0.0182 -0.0247 -0.9995
vn 0.7879 -0.3857 -0.4801
vn 0.7771 -0.3645 0.5131
vn -0.0047 0.0182 0.9998
vn -0.7639 0.4256 0.4851
vn -0.7542 0.3985 -0.5219
vn 0.0164 -0.0306 -0.9994
vn 0.7669 -0.4270 -0.4792
vn 0.7588 -0.4012 0.5132
vn -0.0014 0.0223 0.9997
vn -0.7370 0.4717 0.4841
vn -0.7308 0.4377 -0.5239
vn 0.0134 -0.0382 -0.9992
vn 0.7401 -0.4734 -0.4777
vn 0.7360 -0.4413 0.5134
vn 0.0032 0.0279 0.9996
vn -0.7023 0.5241 0.4817
vn -0.7025 0.4784 -0.5269
vn 0.0068 -0.0503 -0.9987
vn 0.7049 -0.5257 -0.4762
vn 0.7089 -0.4835 0.5135
vn 0.0111 0.0374 0.9992
vn -0.6576 0.5829 0.4773
vn -0.6708 0.5177 -0.5311
vn -0.0069 -0.0695 -0.9976
vn 0.6593 -0.5839 -0.4737
vn 0.6782 -0.5251 0.5142
vn 0.0254 0.0543 0.9982
vn -0.6020 0.6460 0.4694
vn -0.6381 0.5522 -0.5366
vn -0.0312 -0.0972 -0.9948
vn 0.6022 -0.6461 -0.4689
vn 0.6460 -0.5626 0.5159
vn 0.0491 0.0798 0.9956
vn -0.5367 0.7094 0.4568
vn -0.6084 0.5792 -0.5426
vn -0.0683 -0.1318 -0.9889
vn 0.5352 -0.7084 -0.4601
vn 0.6158 -0.5925 0.5194
vn 0.0843 0.1138 0.9899
vn -0.4660 0.7679 0.4394
vn -0.5855 0.5972 -0.5482
vn -0.1176 -0.1702 -0.9784
vn 0.4628 -0.7659 -0.4462
vn 0.5913 -0.6130 0.5240
vn 0.1307 0.1530 0.9795
vn -0.3962 0.8177 0.4175
vn -0.5721 0.6067 -0.5519
vn -0.1753 -0.2082 -0.9622
vn 0.3913 -0.8150 -0.4274
vn 0.5757 -0.6238 0.5287
vn 0.1852 0.1935 0.9634
vn -0.3328 0.8569 0.3936
vn -0.5685 0.6098 -0.5522
vn -0.2363 -0.2427 -0.9409
vn 0.3265 -0.8540 -0.4051
vn 0.5699 -0.6265 0.5317
vn 0.2431 0.2316 0.9420
vn -0.2796 0.8860 0.3699
vn -0.5734 0.6082 -0.5489
vn -0.2952 -0.2725 -0.9158
vn 0.2724 -0.8832 -0.3819
vn 0.5732 -0.6237 0.5315
vn 0.2996 0.2646 0.9166
vn -0.2377 0.9067 0.3485
vn -0.5843 0.6041 -0.5418
vn -0.3486 -0.2968 -0.8890
vn 0.2301 -0.9041 -0.3601
vn 0.5830 -0.6176 0.5279
vn 0.3512 0.2922 0.8896
vn -0.2064 0.9209 0.3306
vn -0.5988 0.5987 -0.5320
vn -0.3948 -0.3166 -0.8625
vn 0.1988 -0.9187 -0.3413
vn 0.5971 -0.6099 0.5211
vn 0.3960 0.3144 0.8628
vt 0.298261 0.397223
vt 0.361658 0.287392
vt 0.361653 0.360612
vt 0.234835 0.360626
vt 0.298243 0.250791
vt 0.234835 0.287403
vt 0.280275 0.543651
vt 0.234822 0.658190
vt 0.234822 0.585552
vt 0.280281 0.688922
vt 0.325734 0.574389
vt 0.325734 0.647016
vt 0.020408 1.000000
vt 0.000000 0.833333
vt 0.000000 1.000000
vt 0.020408 0.166667
vt 0.234819 0.250793
vt 0.000000 0.166667
vt 0.020408 0.333333
vt 0.000000 0.333333
vt 0.000000 0.500000
vt 0.000000 0.666667
vt 0.020408 0.500000
vt 0.020408 0.666667
vt 0.040816 1.000000
vt 0.020408 0.833333
vt 0.040816 0.166667
vt 0.020408 0.000000
vt 0.040816 0.333333
vt 0.040816 0.500000
vt 0.040816 0.666667
vt 0.061224 1.000000
vt 0.040816 0.833333
vt 0.061224 0.166667
vt 0.040816 0.000000
vt 0.061224 0.333333
vt 0.061224 0.500000
vt 0.061224 0.666667
vt 0.081633 1.000000
vt 0.061224 0.833333
vt 0.081633 0.166667
vt 0.061224 0.000000
vt 0.081633 0.333333
vt 0.081633 0.500000
vt 0.081633 0.833333
vt 0.102041 1.000000
vt 0.102041 0.000000
vt 0.081633 0.000000
vt 0.102041 0.166667
vt 0.102041 0.333333
vt 0.102041 0.666667
vt 0.081633 0.666667
vt 0.102041 0.833333
vt 0.122449 1.000000
vt 0.122449 0.000000
vt 0.122449 0.166667
vt 0.102041 0.500000
vt 0.122449 0.333333
vt 0.122449 0.666667
vt 0.122449 0.833333
vt 0.142857 1.000000
vt 0.142857 0.000000
vt 0.142857 0.166667
vt 0.122449 0.500000
vt 0.142857 0.333333
vt 0.142857 0.666667
vt 0.142857 0.833333
vt 0.163265 1.000000
vt 0.163265 0.000000
vt 0.163265 0.166667
vt 0.142857 0.500000
vt 0.163265 0.333333
vt 0.163265 0.666667
vt 0.163265 0.833333
vt 0.183673 1.000000
vt 0.183673 0.000000
vt 0.183673 0.166667
vt 0.163265 0.500000
vt 0.183673 0.333333
vt 0.183673 0.666667
vt 0.183673 0.833333
vt 0.204082 1.000000
vt 0.204082 0.000000
vt 0.204082 0.166667
vt 0.183673 0.500000
vt 0.204082 0.333333
vt 0.204082 0.666667
vt 0.204082 0.833333
vt 0.224490 1.000000
vt 0.224490 0.000000
vt 0.224490 0.166667
vt 0.204082 0.500000
vt 0.224490 0.333333
vt 0.224490 0.666667
vt 0.224490 0.833333
vt 0.244898 1.000000
vt 0.244898 0.000000
vt 0.244898 0.166667
vt 0.224490 0.500000
vt 0.244898 0.333333
vt 0.244898 0.666667
vt 0.244898 0.833333
vt 0.265306 1.000000
vt 0.265306 0.000000
vt 0.265306 0.166667
vt 0.244898 0.500000
vt 0.265306 0.333333
vt 0.265306 0.666667
vt 0.265306 0.833333
vt 0.285714 1.000000
vt 0.285714 0.000000
vt 0.285714 0.166667
vt 0.265306 0.500000
vt 0.285714 0.333333
vt 0.285714 0.666667
vt 0.285714 0.833333
vt 0.306122 1.000000
vt 0.306122 0.000000
vt 0.306122 0.166667
vt 0.285714 0.500000
vt 0.306122 0.333333
vt 0.306122 0.666667
vt 0.306122 0.833333
vt 0.326531 1.000000
vt 0.326531 0.000000
vt 0.326531 0.166667
vt 0.306122 0.500000
vt 0.326531 0.333333
vt 0.326531 0.666667
vt 0.326531 0.833333
vt 0.346939 1.000000
vt 0.346939 0.000000
vt 0.346939 0.166667
vt 0.326531 0.500000
vt 0.346939 0.333333
vt 0.346939 0.666667
vt 0.346939 0.833333
vt 0.367347 1.000000
vt 0.367347 0.000000
vt 0.367347 0.166667
vt 0.346939 0.500000
vt 0.367347 0.333333
vt 0.367347 0.666667
vt 0.367347 0.833333
vt 0.387755 1.000000
vt 0.387755 0.000000
vt 0.387755 0.166667
vt 0.367347 0.500000
vt 0.387755 0.333333
vt 0.387755 0.666667
vt 0.387755 0.833333
vt 0.408163 1.000000
vt 0.408163 0.000000
vt 0.408163 0.166667
vt 0.387755 0.500000
vt 0.408163 0.333333
vt 0.408163 0.666667
vt 0.408163 0.833333
vt 0.428571 1.000000
vt 0.428571 0.000000
vt 0.428571 0.166667
vt 0.408163 0.500000
vt 0.428571 0.333333
vt 0.428571 0.666667
vt 0.428571 0.833333
vt 0.448980 1.000000
vt 0.448980 0.166667
vt 0.428571 0.500000
vt 0.448980 0.333333
vt 0.448980 0.500000
vt 0.448980 0.833333
vt 0.469388 1.000000
vt 0.469388 0.166667
vt 0.448980 0.000000
vt 0.469388 0.333333
vt 0.448980 0.666667
vt 0.469388 0.500000
vt 0.469388 0.666667
vt 0.489796 0.833333
vt 0.469388 0.833333
vt 0.489796 0.166667
vt 0.469388 0.000000
vt 0.489796 0.333333
vt 0.489796 0.500000
vt 0.489796 0.666667
vt 0.489796 1.000000
vt 0.510204 0.833333
vt 0.510204 0.166667
vt 0.489796 0.000000
vt 0.510204 0.333333
vt 0.510204 0.500000
vt 0.510204 0.666667
vt 0.510204 1.000000
vt 0.530612 0.833333
vt 0.530612 0.166667
vt 0.510204 0.000000
vt 0.530612 0.333333
vt 0.530612 0.500000
vt 0.530612 0.666667
vt 0.551020 1.000000
vt 0.530612 1.000000
vt 0.551020 0.166667
vt 0.530612 0.000000
vt 0.551020 0.333333
vt 0.551020 0.500000
vt 0.551020 0.666667
vt 0.571429 1.000000
vt 0.551020 0.833333
vt 0.571429 0.166667
vt 0.551020 0.000000
vt 0.571429 0.333333
vt 0.571429 0.500000
vt 0.571429 0.666667
vt 0.591837 1.000000
vt 0.571429 0.833333
vt 0.591837 0.166667
vt 0.571429 0.000000
vt 0.591837 0.333333
vt 0.591837 0.500000
vt 0.591837 0.666667
vt 0.612245 1.000000
vt 0.591837 0.833333
vt 0.612245 0.166667
vt 0.591837 0.000000
vt 0.612245 0.333333
vt 0.612245 0.500000
vt 0.612245 0.666667
vt 0.632653 1.000000
vt 0.612245 0.833333
vt 0.632653 0.166667
vt 0.612245 0.000000
vt 0.632653 0.333333
vt 0.632653 0.500000
vt 0.632653 0.666667
vt 0.653061 1.000000
vt 0.632653 0.833333
vt 0.653061 0.166667
vt 0.632653 0.000000
vt 0.653061 0.333333
vt 0.653061 0.500000
vt 0.653061 0.666667
vt 0.673469 1.000000
vt 0.653061 0.833333
vt 0.673469 0.166667
vt 0.653061 0.000000
vt 0.673469 0.333333
vt 0.673469 0.500000
vt 0.673469 0.666667
vt 0.693878 1.000000
vt 0.673469 0.833333
vt 0.693878 0.166667
vt 0.673469 0.000000
vt 0.693878 0.333333
vt 0.693878 0.500000
vt 0.693878 0.666667
vt 0.714286 0.833333
vt 0.693878 0.833333
vt 0.714286 0.166667
vt 0.693878 0.000000
vt 0.714286 0.333333
vt 0.714286 0.500000
vt 0.714286 0.666667
vt 0.714286 1.000000
vt 0.734694 0.833333
vt 0.734694 0.000000
vt 0.714286 0.000000
vt 0.734694 0.333333
vt 0.734694 0.500000
vt 0.734694 0.666667
vt 0.734694 1.000000
vt 0.755102 0.833333
vt 0.734694 0.166667
vt 0.755102 0.000000
vt 0.755102 0.166667
vt 0.755102 0.500000
vt 0.755102 0.666667
vt 0.755102 1.000000
vt 0.775510 0.833333
vt 0.775510 0.000000
vt 0.755102 0.333333
vt 0.775510 0.166667
vt 0.775510 0.500000
vt 0.775510 0.666667
vt 0.775510 1.000000
vt 0.795918 0.833333
vt 0.795918 0.000000
vt 0.775510 0.333333
vt 0.795918 0.166667
vt 0.795918 0.500000
vt 0.795918 0.666667
vt 0.795918 1.000000
vt 0.816327 0.833333
vt 0.816327 0.000000
vt 0.795918 0.333333
vt 0.816327 0.166667
vt 0.816327 0.500000
vt 0.816327 0.666667
vt 0.816327 1.000000
vt 0.836735 0.833333
vt 0.836735 0.000000
vt 0.816327 0.333333
vt 0.836735 0.166667
vt 0.836735 0.500000
vt 0.836735 0.666667
vt 0.836735 1.000000
vt 0.857143 0.833333
vt 0.857143 0.000000
vt 0.836735 0.333333
vt 0.857143 0.166667
vt 0.857143 0.500000
vt 0.857143 0.666667
vt 0.857143 1.000000
vt 0.877551 0.833333
vt 0.877551 0.000000
vt 0.857143 0.333333
vt 0.877551 0.166667
vt 0.877551 0.500000
vt 0.877551 0.666667
vt 0.877551 1.000000
vt 0.897959 0.833333
vt 0.897959 0.000000
vt 0.877551 0.333333
vt 0.897959 0.166667
vt 0.897959 0.500000
vt 0.897959 0.666667
vt 0.897959 1.000000
vt 0.918367 0.833333
vt 0.918367 0.000000
vt 0.897959 0.333333
vt 0.918367 0.166667
vt 0.918367 0.500000
vt 0.918367 0.666667
vt 0.918367 1.000000
vt 0.938776 0.833333
vt 0.938776 0.000000
vt 0.918367 0.333333
vt 0.938776 0.166667
vt 0.938776 0.500000
vt 0.938776 0.666667
vt 0.938776 1.000000
vt 0.959184 0.833333
vt 0.959184 0.000000
vt 0.938776 0.333333
vt 0.959184 0.166667
vt 0.959184 0.500000
vt 0.959184 0.666667
vt 0.959184 1.000000
vt 0.979592 0.833333
vt 0.979592 0.000000
vt 0.959184 0.333333
vt 0.979592 0.166667
vt 0.979592 0.500000
vt 0.979592 0.666667
vt 0.979592 1.000000
vt 1.000000 0.833333
vt 1.000000 0.000000
vt 0.979592 0.333333
vt 1.000000 0.166667
vt 1.000000 0.500000
vt 1.000000 0.666667
vt 0.234825 0.507044
vt 0.361637 0.507061
vt 0.298220 0.543658
vt 0.234825 0.433830
vt 0.361650 0.433837
vt 0.298243 0.397227
vt 0.502645 0.543658
vt 0.529140 0.663986
vt 0.488461 0.603820
vt 0.584008 0.663986
vt 0.557517 0.543655
vt 0.598201 0.603817
vt 0.488464 0.360615
vt 0.615282 0.360619
vt 0.551874 0.397228
vt 0.488466 0.287398
vt 0.615282 0.287400
vt 0.551873 0.250794
vt 0.425070 0.543684
vt 0.488470 0.433844
vt 0.488470 0.507058
vt 0.425063 0.397247
vt 0.361651 0.507068
vt 0.361654 0.433853
vt 0.005291 0.833333
vt 0.005291 0.000000
vt 0.000000 0.000000
vt 0.005291 0.333333
vt 0.005291 0.500000
vt 0.005291 0.666667
vt 0.005291 1.000000
vt 0.010582 0.833333
vt 0.005291 0.166667
vt 0.010582 0.000000
vt 0.010582 0.333333
vt 0.010582 0.500000
vt 0.010582 0.666667
vt 0.015873 1.000000
vt 0.010582 1.000000
vt 0.015873 0.166667
vt 0.010582 0.166667
vt 0.015873 0.333333
vt 0.015873 0.500000
vt 0.015873 0.833333
vt 0.021164 1.000000
vt 0.021164 0.166667
vt 0.015873 0.000000
vt 0.021164 0.333333
vt 0.015873 0.666667
vt 0.021164 0.500000
vt 0.021164 0.833333
vt 0.026455 1.000000
vt 0.026455 0.166667
vt 0.021164 0.000000
vt 0.026455 0.333333
vt 0.021164 0.666667
vt 0.026455 0.500000
vt 0.026455 0.833333
vt 0.031746 1.000000
vt 0.031746 0.166667
vt 0.026455 0.000000
vt 0.031746 0.333333
vt 0.026455 0.666667
vt 0.031746 0.500000
vt 0.031746 0.833333
vt 0.037037 1.000000
vt 0.037037 0.166667
vt 0.031746 0.000000
vt 0.037037 0.333333
vt 0.031746 0.666667
vt 0.037037 0.500000
vt 0.037037 0.833333
vt 0.042328 1.000000
vt 0.042328 0.166667
vt 0.037037 0.000000
vt 0.042328 0.333333
vt 0.037037 0.666667
vt 0.042328 0.500000
vt 0.042328 0.833333
vt 0.047619 1.000000
vt 0.047619 0.166667
vt 0.042328 0.000000
vt 0.047619 0.333333
vt 0.042328 0.666667
vt 0.047619 0.500000
vt 0.047619 0.833333
vt 0.052910 1.000000
vt 0.052910 0.166667
vt 0.047619 0.000000
vt 0.052910 0.333333
vt 0.047619 0.666667
vt 0.052910 0.500000
vt 0.052910 0.666667
vt 0.058201 1.000000
vt 0.052910 0.833333
vt 0.058201 0.166667
vt 0.052910 0.000000
vt 0.058201 0.333333
vt 0.058201 0.500000
vt 0.058201 0.666667
vt 0.063492 1.000000
vt 0.058201 0.833333
vt 0.063492 0.166667
vt 0.058201 0.000000
vt 0.063492 0.333333
vt 0.063492 0.500000
vt 0.063492 0.666667
vt 0.068783 1.000000
vt 0.063492 0.833333
vt 0.068783 0.166667
vt 0.063492 0.000000
vt 0.068783 0.333333
vt 0.068783 0.500000
vt 0.068783 0.666667
vt 0.074074 1.000000
vt 0.068783 0.833333
vt 0.074074 0.166667
vt 0.068783 0.000000
vt 0.074074 0.333333
vt 0.074074 0.500000
vt 0.074074 0.666667
vt 0.079365 1.000000
vt 0.074074 0.833333
vt 0.079365 0.166667
vt 0.074074 0.000000
vt 0.079365 0.333333
vt 0.079365 0.500000
vt 0.079365 0.666667
vt 0.084656 1.000000
vt 0.079365 0.833333
vt 0.084656 0.166667
vt 0.079365 0.000000
vt 0.084656 0.333333
vt 0.084656 0.500000
vt 0.084656 0.666667
vt 0.089947 1.000000
vt 0.084656 0.833333
vt 0.089947 0.166667
vt 0.084656 0.000000
vt 0.089947 0.333333
vt 0.089947 0.500000
vt 0.089947 0.666667
vt 0.095238 1.000000
vt 0.089947 0.833333
vt 0.095238 0.000000
vt 0.089947 0.000000
vt 0.095238 0.166667
vt 0.095238 0.333333
vt 0.095238 0.666667
vt 0.095238 0.833333
vt 0.100529 1.000000
vt 0.100529 0.000000
vt 0.100529 0.166667
vt 0.095238 0.500000
vt 0.100529 0.333333
vt 0.100529 0.666667
vt 0.100529 0.833333
vt 0.105820 1.000000
vt 0.105820 0.000000
vt 0.105820 0.166667
vt 0.100529 0.500000
vt 0.105820 0.333333
vt 0.105820 0.666667
vt 0.105820 0.833333
vt 0.111111 1.000000
vt 0.111111 0.000000
vt 0.111111 0.166667
vt 0.105820 0.500000
vt 0.111111 0.333333
vt 0.111111 0.666667
vt 0.111111 0.833333
vt 0.116402 1.000000
vt 0.116402 0.000000
vt 0.116402 0.166667
vt 0.111111 0.500000
vt 0.116402 0.333333
vt 0.116402 0.666667
vt 0.116402 0.833333
vt 0.121693 1.000000
vt 0.121693 0.000000
vt 0.121693 0.166667
vt 0.116402 0.500000
vt 0.121693 0.333333
vt 0.121693 0.666667
vt 0.121693 0.833333
vt 0.126984 1.000000
vt 0.126984 0.166667
vt 0.121693 0.500000
vt 0.126984 0.333333
vt 0.126984 0.666667
vt 0.126984 0.833333
vt 0.132275 1.000000
vt 0.132275 0.166667
vt 0.126984 0.000000
vt 0.126984 0.500000
vt 0.132275 0.333333
vt 0.132275 0.500000
vt 0.132275 0.833333
vt 0.137566 1.000000
vt 0.137566 0.166667
vt 0.132275 0.000000
vt 0.137566 0.333333
vt 0.132275 0.666667
vt 0.137566 0.500000
vt 0.137566 0.833333
vt 0.137566 0.000000
vt 0.137566 0.666667
vt 0.148148 1.000000
vt 0.148148 0.166667
vt 0.148148 0.333333
vt 0.148148 0.500000
vt 0.148148 0.833333
vt 0.153439 1.000000
vt 0.153439 0.166667
vt 0.148148 0.000000
vt 0.153439 0.333333
vt 0.153439 0.666667
vt 0.148148 0.666667
vt 0.153439 0.833333
vt 0.158730 1.000000
vt 0.158730 0.166667
vt 0.153439 0.000000
vt 0.153439 0.500000
vt 0.158730 0.333333
vt 0.158730 0.666667
vt 0.158730 0.833333
vt 0.164021 1.000000
vt 0.164021 0.166667
vt 0.158730 0.000000
vt 0.158730 0.500000
vt 0.164021 0.333333
vt 0.164021 0.666667
vt 0.164021 0.833333
vt 0.169312 1.000000
vt 0.169312 0.000000
vt 0.164021 0.000000
vt 0.169312 0.166667
vt 0.164021 0.500000
vt 0.169312 0.333333
vt 0.169312 0.666667
vt 0.169312 0.833333
vt 0.174603 1.000000
vt 0.174603 0.000000
vt 0.174603 0.166667
vt 0.169312 0.500000
vt 0.174603 0.333333
vt 0.174603 0.666667
vt 0.174603 0.833333
vt 0.179894 1.000000
vt 0.179894 0.166667
vt 0.174603 0.500000
vt 0.179894 0.333333
vt 0.179894 0.666667
vt 0.179894 0.833333
vt 0.185185 1.000000
vt 0.185185 0.166667
vt 0.179894 0.000000
vt 0.179894 0.500000
vt 0.185185 0.333333
vt 0.185185 0.666667
vt 0.185185 0.833333
vt 0.190476 1.000000
vt 0.190476 0.166667
vt 0.185185 0.000000
vt 0.185185 0.500000
vt 0.190476 0.333333
vt 0.190476 0.666667
vt 0.190476 0.833333
vt 0.195767 1.000000
vt 0.195767 0.166667
vt 0.190476 0.000000
vt 0.190476 0.500000
vt 0.195767 0.333333
vt 0.195767 0.666667
vt 0.195767 0.833333
vt 0.201058 1.000000
vt 0.201058 0.166667
vt 0.195767 0.000000
vt 0.195767 0.500000
vt 0.201058 0.333333
vt 0.201058 0.500000
vt 0.201058 0.833333
vt 0.206349 1.000000
vt 0.206349 0.166667
vt 0.201058 0.000000
vt 0.206349 0.333333
vt 0.201058 0.666667
vt 0.206349 0.500000
vt 0.206349 0.833333
vt 0.211640 1.000000
vt 0.211640 0.166667
vt 0.206349 0.000000
vt 0.211640 0.333333
vt 0.206349 0.666667
vt 0.211640 0.500000
vt 0.211640 0.833333
vt 0.216931 1.000000
vt 0.216931 0.166667
vt 0.211640 0.000000
vt 0.216931 0.333333
vt 0.211640 0.666667
vt 0.216931 0.500000
vt 0.216931 0.833333
vt 0.222222 1.000000
vt 0.222222 0.166667
vt 0.216931 0.000000
vt 0.222222 0.333333
vt 0.222222 0.666667
vt 0.216931 0.666667
vt 0.222222 0.833333
vt 0.227513 1.000000
vt 0.227513 0.166667
vt 0.222222 0.000000
vt 0.222222 0.500000
vt 0.227513 0.333333
vt 0.227513 0.666667
vt 0.227513 0.833333
vt 0.232804 1.000000
vt 0.232804 0.000000
vt 0.227513 0.000000
vt 0.232804 0.166667
vt 0.227513 0.500000
vt 0.232804 0.333333
vt 0.232804 0.666667
vt 0.232804 0.833333
vt 0.238095 1.000000
vt 0.238095 0.000000
vt 0.238095 0.166667
vt 0.232804 0.500000
vt 0.238095 0.333333
vt 0.238095 0.666667
vt 0.238095 0.833333
vt 0.243386 1.000000
vt 0.243386 0.000000
vt 0.243386 0.166667
vt 0.238095 0.500000
vt 0.243386 0.333333
vt 0.243386 0.666667
vt 0.243386 0.833333
vt 0.248677 1.000000
vt 0.248677 0.000000
vt 0.248677 0.166667
vt 0.243386 0.500000
vt 0.248677 0.333333
vt 0.248677 0.666667
vt 0.248677 0.833333
vt 0.253968 1.000000
vt 0.253968 0.000000
vt 0.253968 0.166667
vt 0.248677 0.500000
vt 0.253968 0.333333
vt 0.253968 0.666667
vt 0.253968 0.833333
vt 0.259259 1.000000
vt 0.259259 0.000000
vt 0.259259 0.166667
vt 0.253968 0.500000
vt 0.259259 0.333333
vt 0.259259 0.666667
vt 0.259259 0.833333
vt 0.264550 1.000000
vt 0.264550 0.000000
vt 0.264550 0.166667
vt 0.259259 0.500000
vt 0.264550 0.333333
vt 0.264550 0.666667
vt 0.264550 0.833333
vt 0.269841 1.000000
vt 0.269841 0.166667
vt 0.264550 0.500000
vt 0.269841 0.333333
vt 0.269841 0.666667
vt 0.269841 0.833333
vt 0.275132 1.000000
vt 0.275132 0.166667
vt 0.269841 0.000000
vt 0.269841 0.500000
vt 0.275132 0.333333
vt 0.275132 0.666667
vt 0.275132 0.833333
vt 0.280423 1.000000
vt 0.280423 0.166667
vt 0.275132 0.000000
vt 0.275132 0.500000
vt 0.280423 0.333333
vt 0.280423 0.500000
vt 0.280423 0.833333
vt 0.280423 0.000000
vt 0.280423 0.666667
vt 0.291005 1.000000
vt 0.291005 0.166667
vt 0.291005 0.333333
vt 0.291005 0.500000
vt 0.291005 0.833333
vt 0.296296 1.000000
vt 0.296296 0.166667
vt 0.291005 0.000000
vt 0.296296 0.333333
vt 0.291005 0.666667
vt 0.296296 0.500000
vt 0.296296 0.833333
vt 0.301587 1.000000
vt 0.301587 0.166667
vt 0.296296 0.000000
vt 0.301587 0.333333
vt 0.296296 0.666667
vt 0.301587 0.500000
vt 0.301587 0.833333
vt 0.306878 1.000000
vt 0.306878 0.166667
vt 0.301587 0.000000
vt 0.306878 0.333333
vt 0.301587 0.666667
vt 0.306878 0.500000
vt 0.306878 0.833333
vt 0.312169 1.000000
vt 0.312169 0.166667
vt 0.306878 0.000000
vt 0.312169 0.333333
vt 0.312169 0.666667
vt 0.306878 0.666667
vt 0.312169 0.833333
vt 0.317460 1.000000
vt 0.317460 0.000000
vt 0.312169 0.000000
vt 0.317460 0.166667
vt 0.312169 0.500000
vt 0.317460 0.333333
vt 0.317460 0.666667
vt 0.317460 0.833333
vt 0.322751 1.000000
vt 0.322751 0.000000
vt 0.322751 0.166667
vt 0.317460 0.500000
vt 0.322751 0.333333
vt 0.322751 0.666667
vt 0.322751 0.833333
vt 0.328042 1.000000
vt 0.328042 0.000000
vt 0.328042 0.166667
vt 0.322751 0.500000
vt 0.328042 0.333333
vt 0.328042 0.666667
vt 0.328042 0.833333
vt 0.333333 0.833333
vt 0.333333 0.000000
vt 0.333333 0.166667
vt 0.333333 0.500000
vt 0.328042 0.500000
vt 0.333333 0.666667
vt 0.333333 1.000000
vt 0.338624 0.833333
vt 0.338624 0.000000
vt 0.333333 0.333333
vt 0.338624 0.166667
vt 0.338624 0.500000
vt 0.338624 0.666667
vt 0.338624 1.000000
vt 0.343915 0.833333
vt 0.343915 0.000000
vt 0.343915 0.333333
vt 0.338624 0.333333
vt 0.343915 0.500000
vt 0.343915 0.666667
vt 0.343915 1.000000
vt 0.349206 0.833333
vt 0.343915 0.166667
vt 0.349206 0.000000
vt 0.349206 0.333333
vt 0.349206 0.500000
vt 0.349206 0.666667
vt 0.349206 1.000000
vt 0.354497 0.833333
vt 0.349206 0.166667
vt 0.354497 0.000000
vt 0.354497 0.333333
vt 0.354497 0.500000
vt 0.354497 0.666667
vt 0.354497 1.000000
vt 0.359788 0.833333
vt 0.354497 0.166667
vt 0.359788 0.000000
vt 0.359788 0.333333
vt 0.359788 0.500000
vt 0.359788 0.666667
vt 0.359788 1.000000
vt 0.365079 0.833333
vt 0.359788 0.166667
vt 0.365079 0.000000
vt 0.365079 0.333333
vt 0.365079 0.500000
vt 0.365079 0.666667
vt 0.365079 1.000000
vt 0.370370 0.833333
vt 0.370370 0.166667
vt 0.365079 0.166667
vt 0.370370 0.333333
vt 0.370370 0.500000
vt 0.370370 0.666667
vt 0.375661 1.000000
vt 0.370370 1.000000
vt 0.375661 0.166667
vt 0.370370 0.000000
vt 0.375661 0.333333
vt 0.375661 0.500000
vt 0.375661 0.833333
vt 0.380952 1.000000
vt 0.380952 0.166667
vt 0.375661 0.000000
vt 0.380952 0.333333
vt 0.375661 0.666667
vt 0.380952 0.500000
vt 0.380952 0.833333
vt 0.386243 1.000000
vt 0.386243 0.166667
vt 0.380952 0.000000
vt 0.386243 0.333333
vt 0.386243 0.666667
vt 0.380952 0.666667
vt 0.386243 0.833333
vt 0.391534 1.000000
vt 0.391534 0.166667
vt 0.386243 0.000000
vt 0.386243 0.500000
vt 0.391534 0.333333
vt 0.391534 0.666667
vt 0.391534 0.833333
vt 0.396825 1.000000
vt 0.396825 0.166667
vt 0.391534 0.000000
vt 0.391534 0.500000
vt 0.396825 0.333333
vt 0.396825 0.666667
vt 0.396825 0.833333
vt 0.402116 1.000000
vt 0.402116 0.166667
vt 0.396825 0.000000
vt 0.396825 0.500000
vt 0.402116 0.333333
vt 0.402116 0.666667
vt 0.402116 0.833333
vt 0.407407 1.000000
vt 0.407407 0.166667
vt 0.402116 0.000000
vt 0.402116 0.500000
vt 0.407407 0.333333
vt 0.407407 0.666667
vt 0.407407 0.833333
vt 0.412698 1.000000
vt 0.412698 0.166667
vt 0.407407 0.000000
vt 0.407407 0.500000
vt 0.412698 0.333333
vt 0.412698 0.666667
vt 0.412698 0.833333
vt 0.417989 1.000000
vt 0.417989 0.166667
vt 0.412698 0.000000
vt 0.412698 0.500000
vt 0.417989 0.333333
vt 0.417989 0.666667
vt 0.417989 0.833333
vt 0.423280 1.000000
vt 0.423280 0.166667
vt 0.417989 0.000000
vt 0.417989 0.500000
vt 0.423280 0.333333
vt 0.423280 0.666667
vt 0.423280 0.833333
vt 0.423280 0.000000
vt 0.423280 0.500000
vt 0.433862 1.000000
vt 0.433862 0.166667
vt 0.433862 0.333333
vt 0.433862 0.666667
vt 0.433862 0.833333
vt 0.439153 1.000000
vt 0.439153 0.166667
vt 0.433862 0.000000
vt 0.433862 0.500000
vt 0.439153 0.333333
vt 0.439153 0.666667
vt 0.439153 0.833333
vt 0.444444 1.000000
vt 0.444444 0.166667
vt 0.439153 0.000000
vt 0.439153 0.500000
vt 0.444444 0.333333
vt 0.444444 0.666667
vt 0.444444 0.833333
vt 0.449735 1.000000
vt 0.449735 0.166667
vt 0.444444 0.000000
vt 0.444444 0.500000
vt 0.449735 0.333333
vt 0.449735 0.666667
vt 0.449735 0.833333
vt 0.455026 1.000000
vt 0.455026 0.166667
vt 0.449735 0.000000
vt 0.449735 0.500000
vt 0.455026 0.333333
vt 0.455026 0.666667
vt 0.455026 0.833333
vt 0.460317 1.000000
vt 0.460317 0.166667
vt 0.455026 0.000000
vt 0.455026 0.500000
vt 0.460317 0.333333
vt 0.460317 0.666667
vt 0.460317 0.833333
vt 0.465608 1.000000
vt 0.465608 0.166667
vt 0.460317 0.000000
vt 0.460317 0.500000
vt 0.465608 0.333333
vt 0.465608 0.666667
vt 0.465608 0.833333
vt 0.470899 1.000000
vt 0.470899 0.166667
vt 0.465608 0.000000
vt 0.465608 0.500000
vt 0.470899 0.333333
vt 0.470899 0.500000
vt 0.470899 0.833333
vt 0.476190 0.833333
vt 0.476190 0.000000
vt 0.470899 0.000000
vt 0.476190 0.333333
vt 0.476190 0.500000
vt 0.470899 0.666667
vt 0.476190 0.666667
vt 0.476190 1.000000
vt 0.481481 0.833333
vt 0.476190 0.166667
vt 0.481481 0.000000
vt 0.481481 0.333333
vt 0.481481 0.500000
vt 0.481481 0.666667
vt 0.481481 1.000000
vt 0.486772 0.833333
vt 0.481481 0.166667
vt 0.486772 0.000000
vt 0.486772 0.333333
vt 0.486772 0.500000
vt 0.486772 0.666667
vt 0.486772 1.000000
vt 0.492063 0.833333
vt 0.486772 0.166667
vt 0.492063 0.000000
vt 0.492063 0.333333
vt 0.492063 0.500000
vt 0.492063 0.666667
vt 0.492063 1.000000
vt 0.497355 0.833333
vt 0.492063 0.166667
vt 0.497355 0.000000
vt 0.497355 0.333333
vt 0.497355 0.500000
vt 0.497355 0.666667
vt 0.497355 1.000000
vt 0.502645 0.833333
vt 0.497355 0.166667
vt 0.502645 0.000000
vt 0.502645 0.333333
vt 0.502645 0.500000
vt 0.502645 0.666667
vt 0.502645 1.000000
vt 0.507937 0.833333
vt 0.502645 0.166667
vt 0.507937 0.000000
vt 0.507937 0.333333
vt 0.507937 0.500000
vt 0.507937 0.666667
vt 0.507937 1.000000
vt 0.513228 0.833333
vt 0.507937 0.166667
vt 0.513228 0.000000
vt 0.513228 0.333333
vt 0.513228 0.500000
vt 0.513228 0.666667
vt 0.513228 1.000000
vt 0.518519 0.833333
vt 0.513228 0.166667
vt 0.518519 0.000000
vt 0.518519 0.333333
vt 0.518519 0.500000
vt 0.518519 0.666667
vt 0.518519 1.000000
vt 0.523810 0.833333
vt 0.518519 0.166667
vt 0.523810 0.000000
vt 0.523810 0.333333
vt 0.523810 0.500000
vt 0.523810 0.666667
vt 0.523810 1.000000
vt 0.529101 0.833333
vt 0.523810 0.166667
vt 0.529101 0.000000
vt 0.529101 0.333333
vt 0.529101 0.500000
vt 0.529101 0.666667
vt 0.529101 1.000000
vt 0.534392 0.833333
vt 0.529101 0.166667
vt 0.534392 0.000000
vt 0.534392 0.333333
vt 0.534392 0.500000
vt 0.534392 0.666667
vt 0.534392 1.000000
vt 0.539683 0.833333
vt 0.534392 0.166667
vt 0.539683 0.000000
vt 0.539683 0.333333
vt 0.539683 0.500000
vt 0.539683 0.666667
vt 0.539683 1.000000
vt 0.544974 0.833333
vt 0.539683 0.166667
vt 0.544974 0.000000
vt 0.544974 0.333333
vt 0.544974 0.500000
vt 0.544974 0.666667
vt 0.544974 1.000000
vt 0.550265 0.833333
vt 0.544974 0.166667
vt 0.550265 0.000000
vt 0.550265 0.333333
vt 0.550265 0.500000
vt 0.550265 0.666667
vt 0.550265 1.000000
vt 0.555556 0.833333
vt 0.550265 0.166667
vt 0.555556 0.000000
vt 0.555556 0.333333
vt 0.555556 0.500000
vt 0.555556 0.666667
vt 0.555556 1.000000
vt 0.560847 0.833333
vt 0.555556 0.166667
vt 0.560847 0.000000
vt 0.560847 0.333333
vt 0.560847 0.500000
vt 0.560847 0.666667
vt 0.560847 1.000000
vt 0.566138 0.833333
vt 0.560847 0.166667
vt 0.566138 0.000000
vt 0.566138 0.333333
vt 0.566138 0.500000
vt 0.566138 0.666667
vt 0.566138 1.000000
vt 0.566138 0.166667
vt 0.576720 0.833333
vt 0.576720 0.000000
vt 0.576720 0.166667
vt 0.576720 0.500000
vt 0.576720 0.666667
vt 0.582011 1.000000
vt 0.576720 1.000000
vt 0.582011 0.000000
vt 0.576720 0.333333
vt 0.582011 0.166667
vt 0.582011 0.333333
vt 0.582011 0.666667
vt 0.582011 0.833333
vt 0.587302 1.000000
vt 0.587302 0.000000
vt 0.587302 0.166667
vt 0.582011 0.500000
vt 0.587302 0.333333
vt 0.587302 0.666667
vt 0.587302 0.833333
vt 0.592593 1.000000
vt 0.592593 0.000000
vt 0.592593 0.166667
vt 0.587302 0.500000
vt 0.592593 0.333333
vt 0.592593 0.666667
vt 0.592593 0.833333
vt 0.597884 1.000000
vt 0.597884 0.166667
vt 0.592593 0.500000
vt 0.597884 0.333333
vt 0.597884 0.666667
vt 0.597884 0.833333
vt 0.603175 1.000000
vt 0.603175 0.166667
vt 0.597884 0.000000
vt 0.597884 0.500000
vt 0.603175 0.333333
vt 0.603175 0.666667
vt 0.603175 0.833333
vt 0.608466 1.000000
vt 0.608466 0.166667
vt 0.603175 0.000000
vt 0.603175 0.500000
vt 0.608466 0.333333
vt 0.608466 0.666667
vt 0.608466 0.833333
vt 0.613757 1.000000
vt 0.613757 0.166667
vt 0.608466 0.000000
vt 0.608466 0.500000
vt 0.613757 0.333333
vt 0.613757 0.666667
vt 0.613757 0.833333
vt 0.619048 1.000000
vt 0.619048 0.166667
vt 0.613757 0.000000
vt 0.613757 0.500000
vt 0.619048 0.333333
vt 0.619048 0.666667
vt 0.619048 0.833333
vt 0.624339 1.000000
vt 0.624339 0.166667
vt 0.619048 0.000000
vt 0.619048 0.500000
vt 0.624339 0.333333
vt 0.624339 0.666667
vt 0.624339 0.833333
vt 0.629630 1.000000
vt 0.629630 0.166667
vt 0.624339 0.000000
vt 0.624339 0.500000
vt 0.629630 0.333333
vt 0.629630 0.666667
vt 0.629630 0.833333
vt 0.634921 1.000000
vt 0.634921 0.166667
vt 0.629630 0.000000
vt 0.629630 0.500000
vt 0.634921 0.333333
vt 0.634921 0.666667
vt 0.634921 0.833333
vt 0.640212 1.000000
vt 0.640212 0.166667
vt 0.634921 0.000000
vt 0.634921 0.500000
vt 0.640212 0.333333
vt 0.640212 0.666667
vt 0.640212 0.833333
vt 0.645503 1.000000
vt 0.645503 0.166667
vt 0.640212 0.000000
vt 0.640212 0.500000
vt 0.645503 0.333333
vt 0.645503 0.666667
vt 0.645503 0.833333
vt 0.650794 1.000000
vt 0.650794 0.166667
vt 0.645503 0.000000
vt 0.645503 0.500000
vt 0.650794 0.333333
vt 0.650794 0.666667
vt 0.650794 0.833333
vt 0.656085 1.000000
vt 0.656085 0.166667
vt 0.650794 0.000000
vt 0.650794 0.500000
vt 0.656085 0.333333
vt 0.656085 0.666667
vt 0.656085 0.833333
vt 0.661376 1.000000
vt 0.661376 0.166667
vt 0.656085 0.000000
vt 0.656085 0.500000
vt 0.661376 0.333333
vt 0.661376 0.666667
vt 0.661376 0.833333
vt 0.666667 1.000000
vt 0.666667 0.166667
vt 0.661376 0.000000
vt 0.661376 0.500000
vt 0.666667 0.333333
vt 0.666667 0.666667
vt 0.666667 0.833333
vt 0.671958 1.000000
vt 0.671958 0.166667
vt 0.666667 0.000000
vt 0.666667 0.500000
vt 0.671958 0.333333
vt 0.671958 0.500000
vt 0.671958 0.833333
vt 0.677249 1.000000
vt 0.677249 0.166667
vt 0.671958 0.000000
vt 0.677249 0.333333
vt 0.671958 0.666667
vt 0.677249 0.500000
vt 0.677249 0.833333
vt 0.682540 1.000000
vt 0.682540 0.166667
vt 0.677249 0.000000
vt 0.682540 0.333333
vt 0.677249 0.666667
vt 0.682540 0.500000
vt 0.682540 0.833333
vt 0.687831 1.000000
vt 0.687831 0.166667
vt 0.682540 0.000000
vt 0.687831 0.333333
vt 0.682540 0.666667
vt 0.687831 0.500000
vt 0.687831 0.833333
vt 0.693122 1.000000
vt 0.693122 0.166667
vt 0.687831 0.000000
vt 0.693122 0.333333
vt 0.687831 0.666667
vt 0.693122 0.500000
vt 0.693122 0.666667
vt 0.698413 0.833333
vt 0.693122 0.833333
vt 0.698413 0.166667
vt 0.693122 0.000000
vt 0.698413 0.333333
vt 0.698413 0.500000
vt 0.698413 0.666667
vt 0.698413 1.000000
vt 0.703704 0.833333
vt 0.703704 0.166667
vt 0.698413 0.000000
vt 0.703704 0.333333
vt 0.703704 0.500000
vt 0.703704 0.666667
vt 0.703704 1.000000
vt 0.708995 0.833333
vt 0.708995 0.166667
vt 0.703704 0.000000
vt 0.708995 0.333333
vt 0.708995 0.500000
vt 0.708995 0.666667
vt 0.708995 1.000000
vt 0.708995 0.000000
vt 0.719577 0.833333
vt 0.719577 0.166667
vt 0.719577 0.333333
vt 0.719577 0.500000
vt 0.719577 0.666667
vt 0.719577 1.000000
vt 0.724868 0.833333
vt 0.724868 0.166667
vt 0.719577 0.000000
vt 0.724868 0.333333
vt 0.724868 0.500000
vt 0.724868 0.666667
vt 0.724868 1.000000
vt 0.730159 0.833333
vt 0.730159 0.166667
vt 0.724868 0.000000
vt 0.730159 0.333333
vt 0.730159 0.500000
vt 0.730159 0.666667
vt 0.730159 1.000000
vt 0.735450 0.833333
vt 0.735450 0.166667
vt 0.730159 0.000000
vt 0.735450 0.333333
vt 0.735450 0.500000
vt 0.735450 0.666667
vt 0.735450 1.000000
vt 0.740741 0.833333
vt 0.740741 0.166667
vt 0.735450 0.000000
vt 0.740741 0.333333
vt 0.740741 0.500000
vt 0.740741 0.666667
vt 0.740741 1.000000
vt 0.746032 0.833333
vt 0.746032 0.166667
vt 0.740741 0.000000
vt 0.746032 0.333333
vt 0.746032 0.500000
vt 0.746032 0.666667
vt 0.746032 1.000000
vt 0.751323 0.833333
vt 0.751323 0.166667
vt 0.746032 0.000000
vt 0.751323 0.333333
vt 0.751323 0.500000
vt 0.751323 0.666667
vt 0.751323 1.000000
vt 0.756614 0.833333
vt 0.756614 0.000000
vt 0.751323 0.000000
vt 0.756614 0.333333
vt 0.756614 0.500000
vt 0.756614 0.666667
vt 0.756614 1.000000
vt 0.761905 0.833333
vt 0.756614 0.166667
vt 0.761905 0.000000
vt 0.761905 0.333333
vt 0.761905 0.500000
vt 0.761905 0.666667
vt 0.761905 1.000000
vt 0.767196 0.833333
vt 0.761905 0.166667
vt 0.767196 0.000000
vt 0.767196 0.333333
vt 0.767196 0.500000
vt 0.767196 0.666667
vt 0.767196 1.000000
vt 0.772487 0.833333
vt 0.767196 0.166667
vt 0.772487 0.000000
vt 0.772487 0.333333
vt 0.772487 0.500000
vt 0.772487 0.666667
vt 0.772487 1.000000
vt 0.777778 0.833333
vt 0.772487 0.166667
vt 0.777778 0.000000
vt 0.777778 0.333333
vt 0.777778 0.500000
vt 0.777778 0.666667
vt 0.777778 1.000000
vt 0.783069 0.833333
vt 0.777778 0.166667
vt 0.783069 0.000000
vt 0.783069 0.333333
vt 0.783069 0.500000
vt 0.783069 0.666667
vt 0.783069 1.000000
vt 0.788360 0.833333
vt 0.783069 0.166667
vt 0.788360 0.000000
vt 0.788360 0.333333
vt 0.788360 0.500000
vt 0.788360 0.666667
vt 0.788360 1.000000
vt 0.793651 0.833333
vt 0.788360 0.166667
vt 0.793651 0.000000
vt 0.793651 0.333333
vt 0.793651 0.500000
vt 0.793651 0.666667
vt 0.793651 1.000000
vt 0.798942 0.833333
vt 0.793651 0.166667
vt 0.798942 0.000000
vt 0.798942 0.333333
vt 0.798942 0.500000
vt 0.798942 0.666667
vt 0.798942 1.000000
vt 0.804233 0.833333
vt 0.798942 0.166667
vt 0.804233 0.000000
vt 0.804233 0.333333
vt 0.804233 0.500000
vt 0.804233 0.666667
vt 0.804233 1.000000
vt 0.809524 0.833333
vt 0.804233 0.166667
vt 0.809524 0.000000
vt 0.809524 0.333333
vt 0.809524 0.500000
vt 0.809524 0.666667
vt 0.809524 1.000000
vt 0.814815 0.833333
vt 0.809524 0.166667
vt 0.814815 0.000000
vt 0.814815 0.333333
vt 0.814815 0.500000
vt 0.814815 0.666667
vt 0.814815 1.000000
vt 0.820106 0.833333
vt 0.814815 0.166667
vt 0.820106 0.000000
vt 0.820106 0.333333
vt 0.820106 0.500000
vt 0.820106 0.666667
vt 0.820106 1.000000
vt 0.825397 0.833333
vt 0.820106 0.166667
vt 0.825397 0.000000
vt 0.825397 0.333333
vt 0.825397 0.500000
vt 0.825397 0.666667
vt 0.825397 1.000000
vt 0.830688 0.833333
vt 0.830688 0.166667
vt 0.825397 0.166667
vt 0.830688 0.333333
vt 0.830688 0.500000
vt 0.830688 0.666667
vt 0.835979 1.000000
vt 0.830688 1.000000
vt 0.835979 0.166667
vt 0.830688 0.000000
vt 0.835979 0.333333
vt 0.835979 0.500000
vt 0.835979 0.666667
vt 0.841270 1.000000
vt 0.835979 0.833333
vt 0.841270 0.166667
vt 0.835979 0.000000
vt 0.841270 0.333333
vt 0.841270 0.500000
vt 0.841270 0.833333
vt 0.846561 1.000000
vt 0.846561 0.166667
vt 0.841270 0.000000
vt 0.846561 0.333333
vt 0.846561 0.666667
vt 0.841270 0.666667
vt 0.846561 0.833333
vt 0.851852 1.000000
vt 0.851852 0.166667
vt 0.846561 0.000000
vt 0.846561 0.500000
vt 0.851852 0.333333
vt 0.851852 0.666667
vt 0.851852 0.833333
vt 0.851852 0.000000
vt 0.851852 0.500000
vt 0.862434 1.000000
vt 0.862434 0.166667
vt 0.862434 0.333333
vt 0.862434 0.666667
vt 0.862434 0.833333
vt 0.867725 1.000000
vt 0.867725 0.166667
vt 0.862434 0.000000
vt 0.862434 0.500000
vt 0.867725 0.333333
vt 0.867725 0.666667
vt 0.867725 0.833333
vt 0.873016 1.000000
vt 0.873016 0.166667
vt 0.867725 0.000000
vt 0.867725 0.500000
vt 0.873016 0.333333
vt 0.873016 0.666667
vt 0.873016 0.833333
vt 0.878307 1.000000
vt 0.878307 0.000000
vt 0.873016 0.000000
vt 0.878307 0.166667
vt 0.873016 0.500000
vt 0.878307 0.333333
vt 0.878307 0.666667
vt 0.878307 0.833333
vt 0.883598 1.000000
vt 0.883598 0.000000
vt 0.883598 0.166667
vt 0.878307 0.500000
vt 0.883598 0.333333
vt 0.883598 0.666667
vt 0.883598 0.833333
vt 0.888889 1.000000
vt 0.888889 0.166667
vt 0.883598 0.500000
vt 0.888889 0.333333
vt 0.888889 0.666667
vt 0.888889 0.833333
vt 0.894180 1.000000
vt 0.894180 0.166667
vt 0.888889 0.000000
vt 0.888889 0.500000
vt 0.894180 0.333333
vt 0.894180 0.666667
vt 0.894180 0.833333
vt 0.899471 1.000000
vt 0.899471 0.166667
vt 0.894180 0.000000
vt 0.894180 0.500000
vt 0.899471 0.333333
vt 0.899471 0.666667
vt 0.899471 0.833333
vt 0.904762 1.000000
vt 0.904762 0.166667
vt 0.899471 0.000000
vt 0.899471 0.500000
vt 0.904762 0.333333
vt 0.904762 0.666667
vt 0.904762 0.833333
vt 0.910053 1.000000
vt 0.910053 0.166667
vt 0.904762 0.000000
vt 0.904762 0.500000
vt 0.910053 0.333333
vt 0.910053 0.666667
vt 0.910053 0.833333
vt 0.915344 1.000000
vt 0.915344 0.166667
vt 0.910053 0.000000
vt 0.910053 0.500000
vt 0.915344 0.333333
vt 0.915344 0.500000
vt 0.915344 0.833333
vt 0.920635 0.833333
vt 0.920635 0.166667
vt 0.915344 0.000000
vt 0.920635 0.333333
vt 0.920635 0.500000
vt 0.915344 0.666667
vt 0.920635 0.666667
vt 0.920635 1.000000
vt 0.925926 0.833333
vt 0.925926 0.166667
vt 0.920635 0.000000
vt 0.925926 0.333333
vt 0.925926 0.500000
vt 0.925926 0.666667
vt 0.925926 1.000000
vt 0.931217 0.833333
vt 0.931217 0.166667
vt 0.925926 0.000000
vt 0.931217 0.333333
vt 0.931217 0.500000
vt 0.931217 0.666667
vt 0.931217 1.000000
vt 0.936508 0.833333
vt 0.936508 0.166667
vt 0.931217 0.000000
vt 0.936508 0.333333
vt 0.936508 0.500000
vt 0.936508 0.666667
vt 0.936508 1.000000
vt 0.941799 0.833333
vt 0.941799 0.166667
vt 0.936508 0.000000
vt 0.941799 0.333333
vt 0.941799 0.500000
vt 0.941799 0.666667
vt 0.941799 1.000000
vt 0.947090 0.833333
vt 0.947090 0.166667
vt 0.941799 0.000000
vt 0.947090 0.333333
vt 0.947090 0.500000
vt 0.947090 0.666667
vt 0.947090 1.000000
vt 0.952381 0.833333
vt 0.952381 0.166667
vt 0.947090 0.000000
vt 0.952381 0.333333
vt 0.952381 0.500000
vt 0.952381 0.666667
vt 0.952381 1.000000
vt 0.957672 0.833333
vt 0.957672 0.166667
vt 0.952381 0.000000
vt 0.957672 0.333333
vt 0.957672 0.500000
vt 0.957672 0.666667
vt 0.957672 1.000000
vt 0.962963 0.833333
vt 0.962963 0.000000
vt 0.957672 0.000000
vt 0.962963 0.333333
vt 0.962963 0.500000
vt 0.962963 0.666667
vt 0.962963 1.000000
vt 0.968254 0.833333
vt 0.962963 0.166667
vt 0.968254 0.000000
vt 0.968254 0.166667
vt 0.968254 0.500000
vt 0.968254 0.666667
vt 0.968254 1.000000
vt 0.973545 0.833333
vt 0.973545 0.000000
vt 0.968254 0.333333
vt 0.973545 0.166667
vt 0.973545 0.500000
vt 0.973545 0.666667
vt 0.973545 1.000000
vt 0.978836 0.833333
vt 0.978836 0.000000
vt 0.978836 0.333333
vt 0.973545 0.333333
vt 0.978836 0.500000
vt 0.978836 0.666667
vt 0.978836 1.000000
vt 0.984127 0.833333
vt 0.978836 0.166667
vt 0.984127 0.000000
vt 0.984127 0.333333
vt 0.984127 0.500000
vt 0.984127 0.666667
vt 0.984127 1.000000
vt 0.989418 0.833333
vt 0.984127 0.166667
vt 0.989418 0.000000
vt 0.989418 0.333333
vt 0.989418 0.500000
vt 0.989418 0.666667
vt 0.989418 1.000000
vt 0.994709 0.833333
vt 0.989418 0.166667
vt 0.994709 0.000000
vt 0.994709 0.333333
vt 0.994709 0.500000
vt 0.994709 0.666667
vt 0.994709 1.000000
vt 0.994709 0.166667
vt 1.000000 0.333333
vt 0.425058 0.397234
vt 0.488462 0.287400
vt 0.488462 0.360623
vt 0.425057 0.250791
vt 0.361645 0.360622
vt 0.361644 0.287401
vt 0.551876 0.543655
vt 0.615281 0.433813
vt 0.615283 0.507038
vt 0.551881 0.397225
vt 0.488467 0.507047
vt 0.488467 0.433833
vt 1.000000 1.000000
s 1
g metalMesh_metalMesh
usemtl metalMesh
f 5/1/5 3/2/3 4/3/4
f 6/4/6 3/2/3 5/1/5
f 6/4/6 2/5/2 3/2/3
f 1/6/1 2/5/2 6/4/6
f 9/7/9 11/8/11 10/9/10
f 9/7/9 12/10/12 11/8/11
f 8/11/8 12/10/12 9/7/9
f 8/11/8 7/12/7 12/10/12
f 13/13/13 12/14/12 7/15/7
f 14/16/14 7/17/7 8/18/8
f 15/19/15 8/18/8 9/20/9
f 10/21/10 15/19/15 9/20/9
f 11/22/11 16/23/16 10/21/10
f 12/14/12 17/24/17 11/22/11
f 19/25/19 18/26/18 13/13/13
f 20/27/20 13/28/13 14/16/14
f 21/29/21 14/16/14 15/19/15
f 16/23/16 21/29/21 15/19/15
f 17/24/17 22/30/22 16/23/16
f 18/26/18 23/31/23 17/24/17
f 25/32/25 24/33/24 19/25/19
f 26/34/26 19/35/19 20/27/20
f 27/36/27 20/27/20 21/29/21
f 22/30/22 27/36/27 21/29/21
f 23/31/23 28/37/28 22/30/22
f 24/33/24 29/38/29 23/31/23
f 31/39/31 30/40/30 25/32/25
f 32/41/32 25/42/25 26/34/26
f 27/36/27 32/41/32 26/34/26
f 28/37/28 33/43/33 27/36/27
f 29/38/29 34/44/34 28/37/28
f 36/45/36 29/38/29 30/40/30
f 37/46/37 36/45/36 31/39/31
f 32/41/32 37/47/37 31/48/31
f 33/43/33 38/49/38 32/41/32
f 34/44/34 39/50/39 33/43/33
f 41/51/41 34/44/34 35/52/35
f 42/53/42 35/52/35 36/45/36
f 43/54/43 42/53/42 37/46/37
f 38/49/38 43/55/43 37/47/37
f 39/50/39 44/56/44 38/49/38
f 40/57/40 45/58/45 39/50/39
f 47/59/47 40/57/40 41/51/41
f 48/60/48 41/51/41 42/53/42
f 49/61/49 48/60/48 43/54/43
f 44/56/44 49/62/49 43/55/43
f 45/58/45 50/63/50 44/56/44
f 46/64/46 51/65/51 45/58/45
f 53/66/53 46/64/46 47/59/47
f 54/67/54 47/59/47 48/60/48
f 55/68/55 54/67/54 49/61/49
f 50/63/50 55/69/55 49/62/49
f 51/65/51 56/70/56 50/63/50
f 52/71/52 57/72/57 51/65/51
f 59/73/59 52/71/52 53/66/53
f 60/74/60 53/66/53 54/67/54
f 61/75/61 60/74/60 55/68/55
f 56/70/56 61/76/61 55/69/55
f 57/72/57 62/77/62 56/70/56
f 58/78/58 63/79/63 57/72/57
f 65/80/65 58/78/58 59/73/59
f 66/81/66 59/73/59 60/74/60
f 67/82/67 66/81/66 61/75/61
f 62/77/62 67/83/67 61/76/61
f 63/79/63 68/84/68 62/77/62
f 64/85/64 69/86/69 63/79/63
f 71/87/71 64/85/64 65/80/65
f 72/88/72 65/80/65 66/81/66
f 73/89/73 72/88/72 67/82/67
f 68/84/68 73/90/73 67/83/67
f 69/86/69 74/91/74 68/84/68
f 70/92/70 75/93/75 69/86/69
f 77/94/77 70/92/70 71/87/71
f 78/95/78 71/87/71 72/88/72
f 79/96/79 78/95/78 73/89/73
f 74/91/74 79/97/79 73/90/73
f 75/93/75 80/98/80 74/91/74
f 76/99/76 81/100/81 75/93/75
f 83/101/83 76/99/76 77/94/77
f 84/102/84 77/94/77 78/95/78
f 85/103/85 84/102/84 79/96/79
f 80/98/80 85/104/85 79/97/79
f 81/100/81 86/105/86 80/98/80
f 82/106/82 87/107/87 81/100/81
f 89/108/89 82/106/82 83/101/83
f 90/109/90 83/101/83 84/102/84
f 91/110/91 90/109/90 85/103/85
f 86/105/86 91/111/91 85/104/85
f 87/107/87 92/112/92 86/105/86
f 88/113/88 93/114/93 87/107/87
f 95/115/95 88/113/88 89/108/89
f 96/116/96 89/108/89 90/109/90
f 97/117/97 96/116/96 91/110/91
f 92/112/92 97/118/97 91/111/91
f 93/114/93 98/119/98 92/112/92
f 94/120/94 99/121/99 93/114/93
f 101/122/101 94/120/94 95/115/95
f 102/123/102 95/115/95 96/116/96
f 103/124/103 102/123/102 97/117/97
f 98/119/98 103/125/103 97/118/97
f 99/121/99 104/126/104 98/119/98
f 100/127/100 105/128/105 99/121/99
f 107/129/107 100/127/100 101/122/101
f 108/130/108 101/122/101 102/123/102
f 109/131/109 108/130/108 103/124/103
f 104/126/104 109/132/109 103/125/103
f 105/128/105 110/133/110 104/126/104
f 106/134/106 111/135/111 105/128/105
f 113/136/113 106/134/106 107/129/107
f 114/137/114 107/129/107 108/130/108
f 115/138/115 114/137/114 109/131/109
f 110/133/110 115/139/115 109/132/109
f 111/135/111 116/140/116 110/133/110
f 112/141/112 117/142/117 111/135/111
f 119/143/119 112/141/112 113/136/113
f 120/144/120 113/136/113 114/137/114
f 121/145/121 120/144/120 115/138/115
f 116/140/116 121/146/121 115/139/115
f 117/142/117 122/147/122 116/140/116
f 118/148/118 123/149/123 117/142/117
f 125/150/125 118/148/118 119/143/119
f 126/151/126 119/143/119 120/144/120
f 127/152/127 126/151/126 121/145/121
f 122/147/122 127/153/127 121/146/121
f 123/149/123 128/154/128 122/147/122
f 124/155/124 129/156/129 123/149/123
f 131/157/131 124/155/124 125/150/125
f 132/158/132 125/150/125 126/151/126
f 133/159/133 132/158/132 127/152/127
f 128/154/128 133/160/133 127/153/127
f 129/156/129 134/161/134 128/154/128
f 130/162/130 135/163/135 129/156/129
f 137/164/137 130/162/130 131/157/131
f 138/165/138 131/157/131 132/158/132
f 139/166/139 138/165/138 133/159/133
f 140/167/140 133/160/133 134/161/134
f 135/163/135 140/167/140 134/161/134
f 136/168/136 141/169/141 135/163/135
f 137/164/137 142/170/142 136/168/136
f 144/171/144 137/164/137 138/165/138
f 145/172/145 144/171/144 139/166/139
f 146/173/146 139/174/139 140/167/140
f 147/175/147 140/167/140 141/169/141
f 142/170/142 147/175/147 141/169/141
f 143/176/143 148/177/148 142/170/142
f 144/171/144 149/178/149 143/176/143
f 145/172/145 156/179/156 150/180/150
f 152/181/152 145/182/145 146/173/146
f 153/183/153 146/173/146 147/175/147
f 154/184/154 147/175/147 148/177/148
f 149/178/149 154/184/154 148/177/148
f 150/180/150 155/185/155 149/178/149
f 151/186/151 162/187/162 156/179/156
f 158/188/158 151/189/151 152/181/152
f 159/190/159 152/181/152 153/183/153
f 160/191/160 153/183/153 154/184/154
f 155/185/155 160/191/160 154/184/154
f 156/179/156 161/192/161 155/185/155
f 157/193/157 168/194/168 162/187/162
f 164/195/164 157/196/157 158/188/158
f 165/197/165 158/188/158 159/190/159
f 166/198/166 159/190/159 160/191/160
f 161/192/161 166/198/166 160/191/160
f 162/187/162 167/199/167 161/192/161
f 169/200/169 168/194/168 163/201/163
f 170/202/170 163/203/163 164/195/164
f 171/204/171 164/195/164 165/197/165
f 166/198/166 171/204/171 165/197/165
f 167/199/167 172/205/172 166/198/166
f 168/194/168 173/206/173 167/199/167
f 175/207/175 174/208/174 169/200/169
f 176/209/176 169/210/169 170/202/170
f 177/211/177 170/202/170 171/204/171
f 172/205/172 177/211/177 171/204/171
f 173/206/173 178/212/178 172/205/172
f 174/208/174 179/213/179 173/206/173
f 181/214/181 180/215/180 175/207/175
f 182/216/182 175/217/175 176/209/176
f 183/218/183 176/209/176 177/211/177
f 178/212/178 183/218/183 177/211/177
f 179/213/179 184/219/184 178/212/178
f 180/215/180 185/220/185 179/213/179
f 187/221/187 186/222/186 181/214/181
f 188/223/188 181/224/181 182/216/182
f 189/225/189 182/216/182 183/218/183
f 184/219/184 189/225/189 183/218/183
f 185/220/185 190/226/190 184/219/184
f 186/222/186 191/227/191 185/220/185
f 193/228/193 192/229/192 187/221/187
f 194/230/194 187/231/187 188/223/188
f 195/232/195 188/223/188 189/225/189
f 190/226/190 195/232/195 189/225/189
f 191/227/191 196/233/196 190/226/190
f 192/229/192 197/234/197 191/227/191
f 199/235/199 198/236/198 193/228/193
f 200/237/200 193/238/193 194/230/194
f 201/239/201 194/230/194 195/232/195
f 196/233/196 201/239/201 195/232/195
f 197/234/197 202/240/202 196/233/196
f 198/236/198 203/241/203 197/234/197
f 205/242/205 204/243/204 199/235/199
f 206/244/206 199/245/199 200/237/200
f 207/246/207 200/237/200 201/239/201
f 202/240/202 207/246/207 201/239/201
f 203/241/203 208/247/208 202/240/202
f 204/243/204 209/248/209 203/241/203
f 211/249/211 210/250/210 205/242/205
f 212/251/212 205/252/205 206/244/206
f 213/253/213 206/244/206 207/246/207
f 208/247/208 213/253/213 207/246/207
f 209/248/209 214/254/214 208/247/208
f 210/250/210 215/255/215 209/248/209
f 211/249/211 222/256/222 216/257/216
f 218/258/218 211/259/211 212/251/212
f 219/260/219 212/251/212 213/253/213
f 220/261/220 213/253/213 214/254/214
f 215/255/215 220/261/220 214/254/214
f 216/257/216 221/262/221 215/255/215
f 217/263/217 228/264/228 222/256/222
f 218/258/218 223/265/223 217/266/217
f 225/267/225 218/258/218 219/260/219
f 226/268/226 219/260/219 220/261/220
f 227/269/227 220/261/220 221/262/221
f 222/256/222 227/269/227 221/262/221
f 223/270/223 234/271/234 228/264/228
f 224/272/224 229/273/229 223/265/223
f 225/267/225 230/274/230 224/272/224
f 232/275/232 225/267/225 226/268/226
f 233/276/233 226/268/226 227/269/227
f 234/271/234 227/269/227 228/264/228
f 229/277/229 240/278/240 234/271/234
f 230/274/230 235/279/235 229/273/229
f 231/280/231 236/281/236 230/274/230
f 238/282/238 231/280/231 232/275/232
f 239/283/239 232/275/232 233/276/233
f 240/278/240 233/276/233 234/271/234
f 235/284/235 246/285/246 240/278/240
f 236/281/236 241/286/241 235/279/235
f 237/287/237 242/288/242 236/281/236
f 244/289/244 237/287/237 238/282/238
f 245/290/245 238/282/238 239/283/239
f 246/285/246 239/283/239 240/278/240
f 241/291/241 252/292/252 246/285/246
f 242/288/242 247/293/247 241/286/241
f 243/294/243 248/295/248 242/288/242
f 250/296/250 243/294/243 244/289/244
f 251/297/251 244/289/244 245/290/245
f 252/292/252 245/290/245 246/285/246
f 247/298/247 258/299/258 252/292/252
f 248/295/248 253/300/253 247/293/247
f 249/301/249 254/302/254 248/295/248
f 256/303/256 249/301/249 250/296/250
f 257/304/257 250/296/250 251/297/251
f 258/299/258 251/297/251 252/292/252
f 253/305/253 264/306/264 258/299/258
f 254/302/254 259/307/259 253/300/253
f 255/308/255 260/309/260 254/302/254
f 262/310/262 255/308/255 256/303/256
f 263/311/263 256/303/256 257/304/257
f 264/306/264 257/304/257 258/299/258
f 259/312/259 270/313/270 264/306/264
f 260/309/260 265/314/265 259/307/259
f 261/315/261 266/316/266 260/309/260
f 268/317/268 261/315/261 262/310/262
f 269/318/269 262/310/262 263/311/263
f 270/313/270 263/311/263 264/306/264
f 265/319/265 276/320/276 270/313/270
f 266/316/266 271/321/271 265/314/265
f 267/322/267 272/323/272 266/316/266
f 274/324/274 267/322/267 268/317/268
f 275/325/275 268/317/268 269/318/269
f 276/320/276 269/318/269 270/313/270
f 271/326/271 282/327/282 276/320/276
f 272/323/272 277/328/277 271/321/271
f 273/329/273 278/330/278 272/323/272
f 280/331/280 273/329/273 274/324/274
f 281/332/281 274/324/274 275/325/275
f 282/327/282 275/325/275 276/320/276
f 277/333/277 288/334/288 282/327/282
f 278/330/278 283/335/283 277/328/277
f 279/336/279 284/337/284 278/330/278
f 286/338/286 279/336/279 280/331/280
f 287/339/287 280/331/280 281/332/281
f 288/334/288 281/332/281 282/327/282
f 283/340/283 294/341/294 288/334/288
f 284/337/284 289/342/289 283/335/283
f 285/343/285 290/344/290 284/337/284
f 292/345/292 285/343/285 286/338/286
f 293/346/293 286/338/286 287/339/287
f 294/341/294 287/339/287 288/334/288
f 289/347/289 300/348/300 294/341/294
f 290/344/290 295/349/295 289/342/289
f 291/350/291 296/351/296 290/344/290
f 298/352/298 291/350/291 292/345/292
f 299/353/299 292/345/292 293/346/293
f 300/348/300 293/346/293 294/341/294
f 295/354/295 6/355/6 300/348/300
f 296/351/296 1/356/1 295/349/295
f 297/357/297 2/358/2 296/351/296
f 4/359/4 297/357/297 298/352/298
f 5/360/5 298/352/298 299/353/299
f 6/355/6 299/353/299 300/348/300
f 305/361/304 303/362/302 304/363/303
f 306/364/305 303/362/302 305/361/304
f 306/364/305 302/365/301 303/362/302
f 301/366/1 302/365/301 306/364/305
f 309/367/307 311/368/309 310/369/308
f 309/367/307 312/370/310 311/368/309
f 308/371/8 312/370/310 309/367/307
f 308/371/8 307/372/306 312/370/310
f 313/13/311 312/14/310 307/15/306
f 314/16/312 307/17/306 308/18/8
f 315/19/313 308/18/8 309/20/307
f 310/21/308 315/19/313 309/20/307
f 311/22/309 316/23/314 310/21/308
f 312/14/310 317/24/315 311/22/309
f 319/25/19 318/26/316 313/13/311
f 320/27/317 313/28/311 314/16/312
f 321/29/318 314/16/312 315/19/313
f 316/23/314 321/29/318 315/19/313
f 317/24/315 322/30/319 316/23/314
f 318/26/316 323/31/320 317/24/315
f 325/32/322 324/33/321 319/25/19
f 326/34/323 319/35/19 320/27/317
f 327/36/324 320/27/317 321/29/318
f 322/30/319 327/36/324 321/29/318
f 323/31/320 328/37/28 322/30/319
f 324/33/321 329/38/325 323/31/320
f 331/39/327 330/40/326 325/32/322
f 332/41/328 325/42/322 326/34/323
f 327/36/324 332/41/328 326/34/323
f 328/37/28 333/43/33 327/36/324
f 329/38/325 334/44/329 328/37/28
f 336/45/36 329/38/325 330/40/326
f 337/46/331 336/45/36 331/39/327
f 332/41/328 337/47/331 331/48/327
f 333/43/33 338/49/332 332/41/328
f 334/44/329 339/50/333 333/43/33
f 341/51/335 334/44/329 335/52/330
f 342/53/336 335/52/330 336/45/36
f 343/54/337 342/53/336 337/46/331
f 338/49/332 343/55/337 337/47/331
f 339/50/333 344/56/338 338/49/332
f 340/57/334 345/58/339 339/50/333
f 347/59/341 340/57/334 341/51/335
f 348/60/342 341/51/335 342/53/336
f 349/61/343 348/60/342 343/54/337
f 344/56/338 349/62/343 343/55/337
f 345/58/339 350/63/344 344/56/338
f 346/64/340 351/65/345 345/58/339
f 353/66/347 346/64/340 347/59/341
f 354/67/348 347/59/341 348/60/342
f 355/68/349 354/67/348 349/61/343
f 350/63/344 355/69/349 349/62/343
f 351/65/345 356/70/350 350/63/344
f 352/71/346 357/72/351 351/65/345
f 359/73/353 352/71/346 353/66/347
f 360/74/354 353/66/347 354/67/348
f 361/75/355 360/74/354 355/68/349
f 356/70/350 361/76/355 355/69/349
f 357/72/351 362/77/356 356/70/350
f 358/78/352 363/79/357 357/72/351
f 365/80/359 358/78/352 359/73/353
f 366/81/360 359/73/353 360/74/354
f 367/82/361 366/81/360 361/75/355
f 362/77/356 367/83/361 361/76/355
f 363/79/357 368/84/362 362/77/356
f 364/85/358 369/86/363 363/79/357
f 371/87/365 364/85/358 365/80/359
f 372/88/366 365/80/359 366/81/360
f 373/89/367 372/88/366 367/82/361
f 368/84/362 373/90/367 367/83/361
f 369/86/363 374/91/74 368/84/362
f 370/92/364 375/93/368 369/86/363
f 377/94/77 370/92/364 371/87/365
f 378/95/370 371/87/365 372/88/366
f 379/96/371 378/95/370 373/89/367
f 374/91/74 379/97/371 373/90/367
f 375/93/368 380/98/80 374/91/74
f 376/99/369 381/100/372 375/93/368
f 383/101/374 376/99/369 377/94/77
f 384/102/375 377/94/77 378/95/370
f 385/103/376 384/102/375 379/96/371
f 380/98/80 385/104/376 379/97/371
f 381/100/372 386/105/377 380/98/80
f 382/106/373 387/107/378 381/100/372
f 389/108/380 382/106/373 383/101/374
f 390/109/381 383/101/374 384/102/375
f 391/110/382 390/109/381 385/103/376
f 386/105/377 391/111/382 385/104/376
f 387/107/378 392/112/383 386/105/377
f 388/113/379 393/114/384 387/107/378
f 395/115/95 388/113/379 389/108/380
f 396/116/96 389/108/380 390/109/381
f 397/117/386 396/116/96 391/110/382
f 392/112/383 397/118/386 391/111/382
f 393/114/384 398/119/387 392/112/383
f 394/120/385 399/121/99 393/114/384
f 401/122/389 394/120/385 395/115/95
f 402/123/390 395/115/95 396/116/96
f 403/124/391 402/123/390 397/117/386
f 398/119/387 403/125/391 397/118/386
f 399/121/99 404/126/392 398/119/387
f 400/127/388 405/128/393 399/121/99
f 407/129/395 400/127/388 401/122/389
f 408/130/396 401/122/389 402/123/390
f 409/131/397 408/130/396 403/124/391
f 404/126/392 409/132/397 403/125/391
f 405/128/393 410/133/398 404/126/392
f 406/134/394 411/135/111 405/128/393
f 413/136/113 406/134/394 407/129/395
f 414/137/399 407/129/395 408/130/396
f 415/138/400 414/137/399 409/131/397
f 410/133/398 415/139/400 409/132/397
f 411/135/111 416/140/116 410/133/398
f 412/141/112 417/142/401 411/135/111
f 419/143/119 412/141/112 413/136/113
f 420/144/120 413/136/113 414/137/399
f 421/145/121 420/144/120 415/138/400
f 416/140/116 421/146/121 415/139/400
f 417/142/401 422/147/122 416/140/116
f 418/148/118 423/149/402 417/142/401
f 425/150/125 418/148/118 419/143/119
f 426/151/403 419/143/119 420/144/120
f 427/152/127 426/151/403 421/145/121
f 422/147/122 427/153/127 421/146/121
f 423/149/402 428/154/404 422/147/122
f 424/155/124 429/156/129 423/149/402
f 431/157/406 424/155/124 425/150/125
f 432/158/132 425/150/125 426/151/403
f 433/159/133 432/158/132 427/152/127
f 428/154/404 433/160/133 427/153/127
f 429/156/129 434/161/134 428/154/404
f 430/162/405 435/163/135 429/156/129
f 437/164/407 430/162/405 431/157/406
f 438/165/138 431/157/406 432/158/132
f 439/166/408 438/165/138 433/159/133
f 440/167/409 433/160/133 434/161/134
f 435/163/135 440/167/409 434/161/134
f 436/168/136 441/169/410 435/163/135
f 437/164/407 442/170/411 436/168/136
f 444/171/413 437/164/407 438/165/138
f 445/172/145 444/171/413 439/166/408
f 446/173/414 439/174/408 440/167/409
f 447/175/415 440/167/409 441/169/410
f 442/170/411 447/175/415 441/169/410
f 443/176/412 448/177/148 442/170/411
f 444/171/413 449/178/149 443/176/412
f 445/172/145 456/179/420 450/180/150
f 452/181/417 445/182/145 446/173/414
f 453/183/153 446/173/414 447/175/415
f 454/184/418 447/175/415 448/177/148
f 449/178/149 454/184/418 448/177/148
f 450/180/150 455/185/419 449/178/149
f 451/186/416 462/187/162 456/179/420
f 458/188/158 451/189/416 452/181/417
f 459/190/422 452/181/417 453/183/153
f 460/191/160 453/183/153 454/184/418
f 455/185/419 460/191/160 454/184/418
f 456/179/420 461/192/423 455/185/419
f 457/193/421 468/194/427 462/187/162
f 464/195/424 457/196/421 458/188/158
f 465/197/425 458/188/158 459/190/422
f 466/198/166 459/190/422 460/191/160
f 461/192/423 466/198/166 460/191/160
f 462/187/162 467/199/426 461/192/423
f 469/200/169 468/194/427 463/201/163
f 470/202/170 463/203/163 464/195/424
f 471/204/428 464/195/424 465/197/425
f 466/198/166 471/204/428 465/197/425
f 467/199/426 472/205/429 466/198/166
f 468/194/427 473/206/430 467/199/426
f 475/207/432 474/208/431 469/200/169
f 476/209/433 469/210/169 470/202/170
f 477/211/177 470/202/170 471/204/428
f 472/205/429 477/211/177 471/204/428
f 473/206/430 478/212/434 472/205/429
f 474/208/431 479/213/435 473/206/430
f 481/214/437 480/215/436 475/207/432
f 482/216/438 475/217/432 476/209/433
f 483/218/183 476/209/433 477/211/177
f 478/212/434 483/218/183 477/211/177
f 479/213/435 484/219/184 478/212/434
f 480/215/436 485/220/439 479/213/435
f 487/221/187 486/222/186 481/214/437
f 488/223/440 481/224/437 482/216/438
f 489/225/441 482/216/438 483/218/183
f 484/219/184 489/225/441 483/218/183
f 485/220/439 490/226/190 484/219/184
f 486/222/186 491/227/442 485/220/439
f 493/228/444 492/229/443 487/221/187
f 494/230/445 487/231/187 488/223/440
f 495/232/446 488/223/440 489/225/441
f 490/226/190 495/232/446 489/225/441
f 491/227/442 496/233/447 490/226/190
f 492/229/443 497/234/448 491/227/442
f 499/235/450 498/236/449 493/228/444
f 500/237/451 493/238/444 494/230/445
f 501/239/452 494/230/445 495/232/446
f 496/233/447 501/239/452 495/232/446
f 497/234/448 502/240/453 496/233/447
f 498/236/449 503/241/454 497/234/448
f 505/242/456 504/243/455 499/235/450
f 506/244/206 499/245/450 500/237/451
f 507/246/457 500/237/451 501/239/452
f 502/240/453 507/246/457 501/239/452
f 503/241/454 508/247/208 502/240/453
f 504/243/455 509/248/209 503/241/454
f 511/249/211 510/250/458 505/242/456
f 512/251/212 505/252/456 506/244/206
f 513/253/459 506/244/206 507/246/457
f 508/247/208 513/253/459 507/246/457
f 509/248/209 514/254/460 508/247/208
f 510/250/458 515/255/461 509/248/209
f 511/249/211 522/256/222 516/257/462
f 518/258/464 511/259/211 512/251/212
f 519/260/219 512/251/212 513/253/459
f 520/261/465 513/253/459 514/254/460
f 515/255/461 520/261/465 514/254/460
f 516/257/462 521/262/466 515/255/461
f 517/263/463 528/264/228 522/256/222
f 518/258/464 523/265/467 517/266/463
f 525/267/469 518/258/464 519/260/219
f 526/268/470 519/260/219 520/261/465
f 527/269/471 520/261/465 521/262/466
f 522/256/222 527/269/471 521/262/466
f 523/270/467 534/271/477 528/264/228
f 524/272/468 529/273/472 523/265/467
f 525/267/469 530/274/473 524/272/468
f 532/275/475 525/267/469 526/268/470
f 533/276/476 526/268/470 527/269/471
f 534/271/477 527/269/471 528/264/228
f 529/277/472 540/278/483 534/271/477
f 530/274/473 535/279/478 529/273/472
f 531/280/474 536/281/479 530/274/473
f 538/282/481 531/280/474 532/275/475
f 539/283/482 532/275/475 533/276/476
f 540/278/483 533/276/476 534/271/477
f 535/284/478 546/285/489 540/278/483
f 536/281/479 541/286/484 535/279/478
f 537/287/480 542/288/485 536/281/479
f 544/289/487 537/287/480 538/282/481
f 545/290/488 538/282/481 539/283/482
f 546/285/489 539/283/482 540/278/483
f 541/291/484 552/292/495 546/285/489
f 542/288/485 547/293/490 541/286/484
f 543/294/486 548/295/491 542/288/485
f 550/296/493 543/294/486 544/289/487
f 551/297/494 544/289/487 545/290/488
f 552/292/495 545/290/488 546/285/489
f 547/298/490 558/299/500 552/292/495
f 548/295/491 553/300/253 547/293/490
f 549/301/492 554/302/496 548/295/491
f 556/303/498 549/301/492 550/296/493
f 557/304/499 550/296/493 551/297/494
f 558/299/500 551/297/494 552/292/495
f 553/305/253 564/306/504 558/299/500
f 554/302/496 559/307/501 553/300/253
f 555/308/497 560/309/260 554/302/496
f 562/310/502 555/308/497 556/303/498
f 563/311/503 556/303/498 557/304/499
f 564/306/504 557/304/499 558/299/500
f 559/312/501 570/313/270 564/306/504
f 560/309/260 565/314/265 559/307/501
f 561/315/261 566/316/505 560/309/260
f 568/317/507 561/315/261 562/310/502
f 569/318/508 562/310/502 563/311/503
f 570/313/270 563/311/503 564/306/504
f 565/319/265 576/320/512 570/313/270
f 566/316/505 571/321/271 565/314/265
f 567/322/506 572/323/509 566/316/505
f 574/324/274 567/322/506 568/317/507
f 575/325/511 568/317/507 569/318/508
f 576/320/512 569/318/508 570/313/270
f 571/326/271 582/327/518 576/320/512
f 572/323/509 577/328/513 571/321/271
f 573/329/510 578/330/514 572/323/509
f 580/331/516 573/329/510 574/324/274
f 581/332/517 574/324/274 575/325/511
f 582/327/518 575/325/511 576/320/512
f 577/333/513 588/334/523 582/327/518
f 578/330/514 583/335/519 577/328/513
f 579/336/515 584/337/520 578/330/514
f 586/338/521 579/336/515 580/331/516
f 587/339/522 580/331/516 581/332/517
f 588/334/523 581/332/517 582/327/518
f 583/340/519 594/341/528 588/334/523
f 584/337/520 589/342/289 583/335/519
f 585/343/285 590/344/524 584/337/520
f 592/345/526 585/343/285 586/338/521
f 593/346/527 586/338/521 587/339/522
f 594/341/528 587/339/522 588/334/523
f 589/347/289 600/348/300 594/341/528
f 590/344/524 595/349/529 589/342/289
f 591/350/525 596/351/296 590/344/524
f 598/352/531 591/350/525 592/345/526
f 599/353/299 592/345/526 593/346/527
f 600/348/300 593/346/527 594/341/528
f 595/354/529 306/355/305 600/348/300
f 596/351/296 301/356/1 595/349/529
f 597/357/530 302/358/301 596/351/296
f 304/359/303 597/357/530 598/352/531
f 305/360/304 598/352/531 599/353/299
f 306/355/305 599/353/299 600/348/300
f 605/373/536 603/374/534 604/375/535
f 606/376/537 603/374/534 605/373/536
f 606/376/537 602/377/533 603/374/534
f 601/378/532 602/377/533 606/376/537
f 609/379/540 611/380/542 610/381/541
f 609/379/540 612/382/543 611/380/542
f 608/383/539 612/382/543 609/379/540
f 608/383/539 607/384/538 612/382/543
f 607/15/538 618/385/549 612/14/543
f 608/18/539 613/386/544 607/387/538
f 615/388/546 608/18/539 609/20/540
f 616/389/547 609/20/540 610/21/541
f 617/390/548 610/21/541 611/22/542
f 612/14/543 617/390/548 611/22/542
f 613/391/544 624/392/555 618/385/549
f 614/393/545 619/394/550 613/386/544
f 621/395/552 614/393/545 615/388/546
f 622/396/553 615/388/546 616/389/547
f 623/397/554 616/389/547 617/390/548
f 618/385/549 623/397/554 617/390/548
f 625/398/556 624/392/555 619/399/550
f 626/400/557 619/394/550 620/401/551
f 621/395/552 626/400/557 620/401/551
f 622/396/553 627/402/558 621/395/552
f 623/397/554 628/403/559 622/396/553
f 630/404/561 623/397/554 624/392/555
f 631/405/562 630/404/561 625/398/556
f 632/406/563 625/407/556 626/400/557
f 627/402/558 632/406/563 626/400/557
f 628/403/559 633/408/564 627/402/558
f 629/409/560 634/410/565 628/403/559
f 636/411/567 629/409/560 630/404/561
f 637/412/568 636/411/567 631/405/562
f 638/413/569 631/414/562 632/406/563
f 633/408/564 638/413/569 632/406/563
f 634/410/565 639/415/570 633/408/564
f 635/416/566 640/417/571 634/410/565
f 642/418/573 635/416/566 636/411/567
f 643/419/574 642/418/573 637/412/568
f 644/420/575 637/421/568 638/413/569
f 639/415/570 644/420/575 638/413/569
f 640/417/571 645/422/576 639/415/570
f 641/423/572 646/424/577 640/417/571
f 648/425/579 641/423/572 642/418/573
f 649/426/580 648/425/579 643/419/574
f 650/427/581 643/428/574 644/420/575
f 645/422/576 650/427/581 644/420/575
f 646/424/577 651/429/582 645/422/576
f 647/430/578 652/431/583 646/424/577
f 654/432/585 647/430/578 648/425/579
f 655/433/586 654/432/585 649/426/580
f 656/434/587 649/435/580 650/427/581
f 651/429/582 656/434/587 650/427/581
f 652/431/583 657/436/588 651/429/582
f 653/437/584 658/438/589 652/431/583
f 660/439/591 653/437/584 654/432/585
f 661/440/592 660/439/591 655/433/586
f 662/441/593 655/442/586 656/434/587
f 657/436/588 662/441/593 656/434/587
f 658/438/589 663/443/594 657/436/588
f 659/444/590 664/445/595 658/438/589
f 666/446/597 659/444/590 660/439/591
f 667/447/598 666/446/597 661/440/592
f 668/448/599 661/449/592 662/441/593
f 669/450/600 662/441/593 663/443/594
f 664/445/595 669/450/600 663/443/594
f 665/451/596 670/452/601 664/445/595
f 666/446/597 671/453/602 665/451/596
f 673/454/604 672/455/603 667/447/598
f 674/456/605 667/457/598 668/448/599
f 675/458/606 668/448/599 669/450/600
f 670/452/601 675/458/606 669/450/600
f 671/453/602 676/459/607 670/452/601
f 672/455/603 677/460/608 671/453/602
f 679/461/610 678/462/609 673/454/604
f 680/463/611 673/464/604 674/456/605
f 681/465/612 674/456/605 675/458/606
f 676/459/607 681/465/612 675/458/606
f 677/460/608 682/466/613 676/459/607
f 678/462/609 683/467/614 677/460/608
f 685/468/616 684/469/615 679/461/610
f 686/470/617 679/471/610 680/463/611
f 687/472/618 680/463/611 681/465/612
f 682/466/613 687/472/618 681/465/612
f 683/467/614 688/473/619 682/466/613
f 684/469/615 689/474/620 683/467/614
f 691/475/622 690/476/621 685/468/616
f 692/477/623 685/478/616 686/470/617
f 693/479/624 686/470/617 687/472/618
f 688/473/619 693/479/624 687/472/618
f 689/474/620 694/480/625 688/473/619
f 690/476/621 695/481/626 689/474/620
f 697/482/628 696/483/627 691/475/622
f 698/484/629 691/485/622 692/477/623
f 699/486/630 692/477/623 693/479/624
f 694/480/625 699/486/630 693/479/624
f 695/481/626 700/487/631 694/480/625
f 696/483/627 701/488/632 695/481/626
f 703/489/634 702/490/633 697/482/628
f 704/491/635 697/492/628 698/484/629
f 705/493/636 698/484/629 699/486/630
f 700/487/631 705/493/636 699/486/630
f 701/488/632 706/494/637 700/487/631
f 702/490/633 707/495/638 701/488/632
f 709/496/640 708/497/639 703/489/634
f 710/498/641 703/499/634 704/491/635
f 711/500/642 704/491/635 705/493/636
f 706/494/637 711/500/642 705/493/636
f 707/495/638 712/501/643 706/494/637
f 708/497/639 713/502/644 707/495/638
f 715/503/646 714/504/645 709/496/640
f 710/498/641 715/505/646 709/506/640
f 711/500/642 716/507/647 710/498/641
f 712/501/643 717/508/648 711/500/642
f 719/509/650 712/501/643 713/502/644
f 720/510/651 713/502/644 714/504/645
f 721/511/652 720/510/651 715/503/646
f 716/507/647 721/512/652 715/505/646
f 717/508/648 722/513/653 716/507/647
f 718/514/649 723/515/654 717/508/648
f 725/516/656 718/514/649 719/509/650
f 726/517/657 719/509/650 720/510/651
f 727/518/658 726/517/657 721/511/652
f 722/513/653 727/519/658 721/512/652
f 723/515/654 728/520/659 722/513/653
f 724/521/655 729/522/660 723/515/654
f 731/523/662 724/521/655 725/516/656
f 732/524/663 725/516/656 726/517/657
f 733/525/664 732/524/663 727/518/658
f 728/520/659 733/526/664 727/519/658
f 729/522/660 734/527/665 728/520/659
f 730/528/661 735/529/666 729/522/660
f 737/530/668 730/528/661 731/523/662
f 738/531/669 731/523/662 732/524/663
f 739/532/670 738/531/669 733/525/664
f 734/527/665 739/533/670 733/526/664
f 735/529/666 740/534/671 734/527/665
f 736/535/667 741/536/672 735/529/666
f 743/537/674 736/535/667 737/530/668
f 744/538/675 737/530/668 738/531/669
f 745/539/676 744/538/675 739/532/670
f 740/534/671 745/540/676 739/533/670
f 741/536/672 746/541/677 740/534/671
f 742/542/673 747/543/678 741/536/672
f 749/544/680 742/542/673 743/537/674
f 750/545/681 743/537/674 744/538/675
f 751/546/682 750/545/681 745/539/676
f 752/547/683 745/540/676 746/541/677
f 747/543/678 752/547/683 746/541/677
f 748/548/679 753/549/684 747/543/678
f 755/550/686 748/548/679 749/544/680
f 756/551/687 749/544/680 750/545/681
f 757/552/688 756/551/687 751/546/682
f 758/553/689 751/554/682 752/547/683
f 753/549/684 758/553/689 752/547/683
f 754/555/685 759/556/690 753/549/684
f 755/550/686 760/557/691 754/555/685
f 762/558/693 755/550/686 756/551/687
f 763/559/694 762/558/693 757/552/688
f 764/560/695 757/561/688 758/553/689
f 759/556/690 764/560/695 758/553/689
f 760/557/691 765/562/696 759/556/690
f 761/563/692 766/564/697 760/557/691
f 768/565/699 761/563/692 762/558/693
f 769/61/700 768/565/699 763/559/694
f 770/63/701 763/566/694 764/560/695
f 765/562/696 770/63/701 764/560/695
f 766/564/697 771/65/702 765/562/696
f 767/567/698 772/71/703 766/564/697
f 774/67/705 767/567/698 768/565/699
f 775/568/706 774/67/705 769/61/700
f 776/569/707 769/62/700 770/63/701
f 771/65/702 776/569/707 770/63/701
f 772/71/703 777/570/708 771/65/702
f 773/66/704 778/571/709 772/71/703
f 780/572/711 773/66/704 774/67/705
f 781/573/712 780/572/711 775/568/706
f 782/574/713 775/575/706 776/569/707
f 777/570/708 782/574/713 776/569/707
f 778/571/709 783/576/714 777/570/708
f 785/577/716 778/571/709 779/578/710
f 786/579/717 779/578/710 780/572/711
f 787/580/718 786/579/717 781/573/712
f 788/581/719 781/582/712 782/574/713
f 783/576/714 788/581/719 782/574/713
f 784/583/715 789/584/720 783/576/714
f 791/585/722 784/583/715 785/577/716
f 792/586/723 785/577/716 786/579/717
f 793/587/724 792/586/723 787/580/718
f 794/588/725 787/589/718 788/581/719
f 789/584/720 794/588/725 788/581/719
f 790/590/721 795/591/726 789/584/720
f 797/592/728 790/590/721 791/585/722
f 798/593/729 791/585/722 792/586/723
f 799/594/730 798/593/729 793/587/724
f 794/588/725 799/595/730 793/596/724
f 795/591/726 800/597/731 794/588/725
f 796/598/727 801/599/732 795/591/726
f 803/600/734 796/598/727 797/592/728
f 804/601/735 797/592/728 798/593/729
f 805/602/736 804/601/735 799/594/730
f 800/597/731 805/603/736 799/595/730
f 801/599/732 806/604/737 800/597/731
f 802/605/733 807/606/738 801/599/732
f 809/607/740 802/605/733 803/600/734
f 810/608/741 803/600/734 804/601/735
f 811/609/742 810/608/741 805/602/736
f 812/610/743 805/603/736 806/604/737
f 807/606/738 812/610/743 806/604/737
f 808/611/739 813/612/744 807/606/738
f 815/613/746 808/611/739 809/607/740
f 816/614/747 809/607/740 810/608/741
f 817/615/748 816/614/747 811/609/742
f 818/616/749 811/617/742 812/610/743
f 813/612/744 818/616/749 812/610/743
f 814/618/745 819/619/750 813/612/744
f 821/620/752 814/618/745 815/613/746
f 822/621/753 815/613/746 816/614/747
f 823/622/754 822/621/753 817/615/748
f 824/623/755 817/624/748 818/616/749
f 819/619/750 824/623/755 818/616/749
f 820/625/751 825/626/756 819/619/750
f 827/627/758 820/625/751 821/620/752
f 828/628/759 821/620/752 822/621/753
f 829/629/760 828/628/759 823/622/754
f 830/630/761 823/631/754 824/623/755
f 825/626/756 830/630/761 824/623/755
f 826/632/757 831/633/762 825/626/756
f 833/634/764 826/632/757 827/627/758
f 834/635/765 827/627/758 828/628/759
f 835/636/766 834/635/765 829/629/760
f 836/637/767 829/638/760 830/630/761
f 831/633/762 836/637/767 830/630/761
f 832/639/763 837/640/768 831/633/762
f 833/634/764 838/641/769 832/639/763
f 840/642/771 833/634/764 834/635/765
f 841/643/772 840/642/771 835/636/766
f 842/644/773 835/645/766 836/637/767
f 837/640/768 842/644/773 836/637/767
f 838/641/769 843/646/774 837/640/768
f 839/647/770 844/648/775 838/641/769
f 846/649/777 839/647/770 840/642/771
f 847/650/778 846/649/777 841/643/772
f 848/651/779 841/652/772 842/644/773
f 843/646/774 848/651/779 842/644/773
f 844/648/775 849/653/780 843/646/774
f 845/654/776 850/655/781 844/648/775
f 852/656/783 845/654/776 846/649/777
f 853/657/784 852/656/783 847/650/778
f 854/658/785 847/659/778 848/651/779
f 849/653/780 854/658/785 848/651/779
f 850/655/781 855/660/786 849/653/780
f 851/661/782 856/662/787 850/655/781
f 858/663/789 851/661/782 852/656/783
f 859/664/790 858/663/789 853/657/784
f 860/665/791 853/666/784 854/658/785
f 855/660/786 860/665/791 854/658/785
f 856/662/787 861/667/792 855/660/786
f 863/668/794 856/662/787 857/669/788
f 864/670/795 857/669/788 858/663/789
f 865/671/796 864/670/795 859/664/790
f 866/672/797 859/673/790 860/665/791
f 861/667/792 866/672/797 860/665/791
f 862/674/793 867/675/798 861/667/792
f 869/676/800 862/674/793 863/668/794
f 870/677/801 863/668/794 864/670/795
f 871/678/802 870/677/801 865/671/796
f 866/672/797 871/679/802 865/680/796
f 867/675/798 872/681/803 866/672/797
f 868/682/799 873/683/804 867/675/798
f 875/684/806 868/682/799 869/676/800
f 876/685/807 869/676/800 870/677/801
f 877/686/808 876/685/807 871/678/802
f 872/681/803 877/687/808 871/679/802
f 873/683/804 878/688/809 872/681/803
f 874/689/805 879/690/810 873/683/804
f 881/691/812 874/689/805 875/684/806
f 882/692/813 875/684/806 876/685/807
f 883/693/814 882/692/813 877/686/808
f 878/688/809 883/694/814 877/687/808
f 879/690/810 884/695/815 878/688/809
f 880/696/811 885/697/816 879/690/810
f 887/698/818 880/696/811 881/691/812
f 888/699/819 881/691/812 882/692/813
f 889/700/820 888/699/819 883/693/814
f 884/695/815 889/701/820 883/694/814
f 885/697/816 890/702/821 884/695/815
f 886/703/817 891/704/822 885/697/816
f 893/705/824 886/703/817 887/698/818
f 894/706/825 887/698/818 888/699/819
f 895/707/826 894/706/825 889/700/820
f 890/702/821 895/708/826 889/701/820
f 891/704/822 896/709/827 890/702/821
f 892/710/823 897/711/828 891/704/822
f 899/712/830 892/710/823 893/705/824
f 900/713/831 893/705/824 894/706/825
f 901/714/832 900/713/831 895/707/826
f 896/709/827 901/715/832 895/708/826
f 897/711/828 902/716/833 896/709/827
f 898/717/829 903/718/834 897/711/828
f 905/719/836 898/717/829 899/712/830
f 906/720/837 899/712/830 900/713/831
f 907/721/838 906/720/837 901/714/832
f 902/716/833 907/722/838 901/715/832
f 903/718/834 908/723/839 902/716/833
f 904/724/835 909/725/840 903/718/834
f 911/726/842 904/724/835 905/719/836
f 912/727/843 905/719/836 906/720/837
f 913/728/844 912/727/843 907/721/838
f 914/729/845 907/722/838 908/723/839
f 909/725/840 914/729/845 908/723/839
f 910/730/841 915/731/846 909/725/840
f 917/732/848 910/730/841 911/726/842
f 918/733/849 911/726/842 912/727/843
f 919/734/850 918/733/849 913/728/844
f 920/735/851 913/736/844 914/729/845
f 915/731/846 920/735/851 914/729/845
f 916/737/847 921/738/852 915/731/846
f 923/739/854 916/737/847 917/732/848
f 924/740/855 917/732/848 918/733/849
f 925/741/856 924/740/855 919/734/850
f 926/742/857 919/743/850 920/735/851
f 921/738/852 926/742/857 920/735/851
f 922/744/853 927/745/858 921/738/852
f 923/739/854 928/746/859 922/744/853
f 930/747/861 923/739/854 924/740/855
f 931/110/862 930/747/861 925/741/856
f 932/112/863 925/748/856 926/742/857
f 927/745/858 932/112/863 926/742/857
f 928/746/859 933/114/864 927/745/858
f 929/749/860 934/120/865 928/746/859
f 936/116/867 929/749/860 930/747/861
f 937/750/868 936/116/867 931/110/862
f 938/751/869 931/111/862 932/112/863
f 933/114/864 938/751/869 932/112/863
f 934/120/865 939/752/870 933/114/864
f 935/115/866 940/753/871 934/120/865
f 942/754/873 935/115/866 936/116/867
f 943/755/874 942/754/873 937/750/868
f 944/756/875 937/757/868 938/751/869
f 939/752/870 944/756/875 938/751/869
f 940/753/871 945/758/876 939/752/870
f 941/759/872 946/760/877 940/753/871
f 948/761/879 941/759/872 942/754/873
f 949/762/880 948/761/879 943/755/874
f 950/763/881 943/764/874 944/756/875
f 945/758/876 950/763/881 944/756/875
f 946/760/877 951/765/882 945/758/876
f 947/766/878 952/767/883 946/760/877
f 954/768/885 947/766/878 948/761/879
f 955/769/886 954/768/885 949/762/880
f 956/770/887 949/771/880 950/763/881
f 951/765/882 956/770/887 950/763/881
f 952/767/883 957/772/888 951/765/882
f 953/773/884 958/774/889 952/767/883
f 960/775/891 953/773/884 954/768/885
f 961/776/892 960/775/891 955/769/886
f 962/777/893 955/778/886 956/770/887
f 957/772/888 962/777/893 956/770/887
f 958/774/889 963/779/894 957/772/888
f 965/780/896 958/774/889 959/781/890
f 966/782/897 959/781/890 960/775/891
f 967/783/898 966/782/897 961/776/892
f 962/777/893 967/784/898 961/785/892
f 963/779/894 968/786/899 962/777/893
f 964/787/895 969/788/900 963/779/894
f 971/789/902 964/787/895 965/780/896
f 972/790/903 965/780/896 966/782/897
f 973/791/904 972/790/903 967/783/898
f 968/786/899 973/792/904 967/784/898
f 969/788/900 974/793/905 968/786/899
f 970/794/901 975/795/906 969/788/900
f 977/796/908 970/794/901 971/789/902
f 978/797/909 971/789/902 972/790/903
f 979/798/910 978/797/909 973/791/904
f 974/793/905 979/799/910 973/792/904
f 975/795/906 980/800/911 974/793/905
f 976/801/907 981/802/912 975/795/906
f 983/803/914 976/801/907 977/796/908
f 984/804/915 977/796/908 978/797/909
f 979/798/910 990/805/921 984/804/915
f 980/800/911 985/806/916 979/799/910
f 981/802/912 986/807/917 980/800/911
f 988/808/919 981/802/912 982/809/913
f 989/810/920 982/809/913 983/803/914
f 990/805/921 983/803/914 984/804/915
f 985/811/916 996/812/927 990/805/921
f 986/807/917 991/813/922 985/806/916
f 987/814/918 992/815/923 986/807/917
f 994/816/925 987/814/918 988/808/919
f 995/817/926 988/808/919 989/810/920
f 996/812/927 989/810/920 990/805/921
f 991/818/922 1002/819/933 996/812/927
f 992/815/923 997/820/928 991/813/922
f 999/821/930 992/815/923 993/822/924
f 1000/823/931 993/822/924 994/816/925
f 1001/824/932 994/816/925 995/817/926
f 996/812/927 1001/824/932 995/817/926
f 997/825/928 1008/826/939 1002/819/933
f 998/827/929 1003/828/934 997/820/928
f 1005/829/936 998/827/929 999/821/930
f 1006/830/937 999/821/930 1000/823/931
f 1007/831/938 1000/823/931 1001/824/932
f 1002/819/933 1007/831/938 1001/824/932
f 1003/832/934 1014/833/945 1008/826/939
f 1004/834/935 1009/835/940 1003/828/934
f 1011/836/942 1004/834/935 1005/829/936
f 1012/837/943 1005/829/936 1006/830/937
f 1013/838/944 1006/830/937 1007/831/938
f 1008/826/939 1013/838/944 1007/831/938
f 1009/839/940 1020/840/951 1014/833/945
f 1010/841/941 1015/842/946 1009/835/940
f 1017/843/948 1010/841/941 1011/836/942
f 1018/844/949 1011/836/942 1012/837/943
f 1019/845/950 1012/837/943 1013/838/944
f 1014/833/945 1019/845/950 1013/838/944
f 1015/846/946 1026/847/957 1020/840/951
f 1016/848/947 1021/849/952 1015/842/946
f 1023/850/954 1016/848/947 1017/843/948
f 1024/851/955 1017/843/948 1018/844/949
f 1019/845/950 1024/851/955 1018/844/949
f 1020/840/951 1025/852/956 1019/845/950
f 1021/853/952 1032/854/963 1026/847/957
f 1028/855/959 1021/849/952 1022/856/953
f 1029/857/960 1022/856/953 1023/850/954
f 1030/858/961 1023/850/954 1024/851/955
f 1025/852/956 1030/858/961 1024/851/955
f 1026/847/957 1031/859/962 1025/852/956
f 1033/860/964 1032/854/963 1027/861/958
f 1034/862/965 1027/863/958 1028/855/959
f 1029/857/960 1034/862/965 1028/855/959
f 1030/858/961 1035/864/966 1029/857/960
f 1031/859/962 1036/865/967 1030/858/961
f 1038/866/969 1031/859/962 1032/854/963
f 1039/867/970 1038/866/969 1033/860/964
f 1040/868/971 1033/869/964 1034/862/965
f 1035/864/966 1040/868/971 1034/862/965
f 1036/865/967 1041/870/972 1035/864/966
f 1037/871/968 1042/872/973 1036/865/967
f 1044/873/975 1037/871/968 1038/866/969
f 1045/874/976 1044/873/975 1039/867/970
f 1046/875/977 1039/876/970 1040/868/971
f 1041/870/972 1046/875/977 1040/868/971
f 1042/872/973 1047/877/978 1041/870/972
f 1049/878/980 1042/872/973 1043/879/974
f 1050/880/981 1043/879/974 1044/873/975
f 1051/881/982 1050/880/981 1045/874/976
f 1052/882/983 1045/883/976 1046/875/977
f 1047/877/978 1052/882/983 1046/875/977
f 1048/884/979 1053/885/984 1047/877/978
f 1055/886/986 1048/884/979 1049/878/980
f 1056/887/987 1049/878/980 1050/880/981
f 1057/888/988 1056/887/987 1051/881/982
f 1058/889/989 1051/890/982 1052/882/983
f 1053/885/984 1058/889/989 1052/882/983
f 1054/891/985 1059/892/990 1053/885/984
f 1061/893/992 1054/891/985 1055/886/986
f 1062/894/993 1055/886/986 1056/887/987
f 1063/895/994 1062/894/993 1057/888/988
f 1064/896/995 1057/897/988 1058/889/989
f 1059/892/990 1064/896/995 1058/889/989
f 1060/898/991 1065/899/996 1059/892/990
f 1067/900/998 1060/898/991 1061/893/992
f 1068/901/999 1061/893/992 1062/894/993
f 1069/902/1000 1068/901/999 1063/895/994
f 1070/903/1001 1063/904/994 1064/896/995
f 1065/899/996 1070/903/1001 1064/896/995
f 1066/905/997 1071/906/1002 1065/899/996
f 1073/907/1004 1066/905/997 1067/900/998
f 1074/908/1005 1067/900/998 1068/901/999
f 1075/909/1006 1074/908/1005 1069/902/1000
f 1076/910/1007 1069/911/1000 1070/903/1001
f 1071/906/1002 1076/910/1007 1070/903/1001
f 1072/912/1003 1077/913/1008 1071/906/1002
f 1079/914/1010 1072/912/1003 1073/907/1004
f 1080/915/1011 1073/907/1004 1074/908/1005
f 1081/916/1012 1080/915/1011 1075/909/1006
f 1082/917/1013 1075/918/1006 1076/910/1007
f 1077/913/1008 1082/917/1013 1076/910/1007
f 1078/919/1009 1083/920/1014 1077/913/1008
f 1085/921/1016 1078/919/1009 1079/914/1010
f 1086/922/1017 1079/914/1010 1080/915/1011
f 1087/923/1018 1086/922/1017 1081/916/1012
f 1088/924/1019 1081/925/1012 1082/917/1013
f 1083/920/1014 1088/924/1019 1082/917/1013
f 1084/926/1015 1089/927/1020 1083/920/1014
f 1091/928/1022 1084/926/1015 1085/921/1016
f 1092/929/1023 1085/921/1016 1086/922/1017
f 1093/159/1024 1092/929/1023 1087/923/1018
f 1094/161/1025 1087/930/1018 1088/924/1019
f 1089/927/1020 1094/161/1025 1088/924/1019
f 1090/931/1021 1095/163/1026 1089/927/1020
f 1097/164/1028 1090/931/1021 1091/928/1022
f 1098/165/1029 1091/928/1022 1092/929/1023
f 1099/932/1030 1098/165/1029 1093/159/1024
f 1100/933/1031 1093/160/1024 1094/161/1025
f 1095/163/1026 1100/933/1031 1094/161/1025
f 1096/168/1027 1101/934/1032 1095/163/1026
f 1103/935/1034 1096/168/1027 1097/164/1028
f 1104/936/1035 1097/164/1028 1098/165/1029
f 1105/937/1036 1104/936/1035 1099/932/1030
f 1106/938/1037 1099/939/1030 1100/933/1031
f 1101/934/1032 1106/938/1037 1100/933/1031
f 1102/940/1033 1107/941/1038 1101/934/1032
f 1109/942/1040 1102/940/1033 1103/935/1034
f 1110/943/1041 1103/935/1034 1104/936/1035
f 1111/944/1042 1110/943/1041 1105/937/1036
f 1112/945/1043 1105/946/1036 1106/938/1037
f 1107/941/1038 1112/945/1043 1106/938/1037
f 1108/947/1039 1113/948/1044 1107/941/1038
f 1115/949/1046 1108/947/1039 1109/942/1040
f 1116/950/1047 1109/942/1040 1110/943/1041
f 1117/951/1048 1116/950/1047 1111/944/1042
f 1118/952/1049 1111/953/1042 1112/945/1043
f 1113/948/1044 1118/952/1049 1112/945/1043
f 1114/954/1045 1119/955/1050 1113/948/1044
f 1121/956/1052 1114/954/1045 1115/949/1046
f 1122/957/1053 1115/949/1046 1116/950/1047
f 1123/958/1054 1122/957/1053 1117/951/1048
f 1124/959/1055 1117/960/1048 1118/952/1049
f 1119/955/1050 1124/959/1055 1118/952/1049
f 1120/961/1051 1125/962/1056 1119/955/1050
f 1127/963/1058 1120/961/1051 1121/956/1052
f 1128/964/1059 1121/956/1052 1122/957/1053
f 1129/965/1060 1128/964/1059 1123/958/1054
f 1130/966/1061 1123/967/1054 1124/959/1055
f 1125/962/1056 1130/966/1061 1124/959/1055
f 1126/968/1057 1131/969/1062 1125/962/1056
f 1133/970/1064 1126/968/1057 1127/963/1058
f 1134/971/1065 1127/963/1058 1128/964/1059
f 1135/972/1066 1134/971/1065 1129/965/1060
f 1136/973/1067 1129/974/1060 1130/966/1061
f 1131/969/1062 1136/973/1067 1130/966/1061
f 1132/975/1063 1137/976/1068 1131/969/1062
f 1139/977/1070 1132/975/1063 1133/970/1064
f 1140/978/1071 1133/970/1064 1134/971/1065
f 1141/979/1072 1140/978/1071 1135/972/1066
f 1142/980/1073 1135/981/1066 1136/973/1067
f 1137/976/1068 1142/980/1073 1136/973/1067
f 1138/982/1069 1143/983/1074 1137/976/1068
f 1139/977/1070 1144/984/1075 1138/982/1069
f 1146/985/1077 1139/977/1070 1140/978/1071
f 1141/979/1072 1152/986/1083 1146/985/1077
f 1142/980/1073 1147/987/1078 1141/988/1072
f 1149/989/1080 1142/980/1073 1143/983/1074
f 1150/990/1081 1143/983/1074 1144/984/1075
f 1145/991/1076 1150/990/1081 1144/984/1075
f 1146/985/1077 1151/992/1082 1145/991/1076
f 1147/993/1078 1158/994/1089 1152/986/1083
f 1148/995/1079 1153/996/1084 1147/987/1078
f 1155/997/1086 1148/995/1079 1149/989/1080
f 1156/998/1087 1149/989/1080 1150/990/1081
f 1151/992/1082 1156/998/1087 1150/990/1081
f 1152/986/1083 1157/999/1088 1151/992/1082
f 1153/1000/1084 1164/1001/1095 1158/994/1089
f 1154/1002/1085 1159/1003/1090 1153/996/1084
f 1161/1004/1092 1154/1002/1085 1155/997/1086
f 1162/1005/1093 1155/997/1086 1156/998/1087
f 1157/999/1088 1162/1005/1093 1156/998/1087
f 1158/994/1089 1163/1006/1094 1157/999/1088
f 1159/1007/1090 1170/1008/1101 1164/1001/1095
f 1160/1009/1091 1165/1010/1096 1159/1003/1090
f 1167/1011/1098 1160/1009/1091 1161/1004/1092
f 1168/1012/1099 1161/1004/1092 1162/1005/1093
f 1163/1006/1094 1168/1012/1099 1162/1005/1093
f 1164/1001/1095 1169/1013/1100 1163/1006/1094
f 1165/1014/1096 1176/1015/1107 1170/1008/1101
f 1166/1016/1097 1171/1017/1102 1165/1010/1096
f 1173/1018/1104 1166/1016/1097 1167/1011/1098
f 1174/1019/1105 1167/1011/1098 1168/1012/1099
f 1169/1013/1100 1174/1019/1105 1168/1012/1099
f 1170/1008/1101 1175/1020/1106 1169/1013/1100
f 1171/1021/1102 1182/1022/1113 1176/1015/1107
f 1172/1023/1103 1177/1024/1108 1171/1017/1102
f 1179/1025/1110 1172/1023/1103 1173/1018/1104
f 1180/1026/1111 1173/1018/1104 1174/1019/1105
f 1175/1020/1106 1180/1026/1111 1174/1019/1105
f 1176/1015/1107 1181/1027/1112 1175/1020/1106
f 1177/1028/1108 1188/1029/1119 1182/1022/1113
f 1178/1030/1109 1183/1031/1114 1177/1024/1108
f 1185/1032/1116 1178/1030/1109 1179/1025/1110
f 1186/1033/1117 1179/1025/1110 1180/1026/1111
f 1181/1027/1112 1186/1033/1117 1180/1026/1111
f 1182/1022/1113 1187/1034/1118 1181/1027/1112
f 1183/1035/1114 1194/1036/1125 1188/1029/1119
f 1184/1037/1115 1189/1038/1120 1183/1031/1114
f 1191/1039/1122 1184/1037/1115 1185/1032/1116
f 1192/1040/1123 1185/1032/1116 1186/1033/1117
f 1187/1034/1118 1192/1040/1123 1186/1033/1117
f 1188/1029/1119 1193/1041/1124 1187/1034/1118
f 1189/1042/1120 1200/1043/1131 1194/1036/1125
f 1190/1044/1121 1195/1045/1126 1189/1038/1120
f 1197/1046/1128 1190/1044/1121 1191/1039/1122
f 1198/1047/1129 1191/1039/1122 1192/1040/1123
f 1193/1041/1124 1198/1047/1129 1192/1040/1123
f 1194/1036/1125 1199/1048/1130 1193/1041/1124
f 1195/1049/1126 1206/1050/1137 1200/1043/1131
f 1196/1051/1127 1201/1052/1132 1195/1045/1126
f 1203/1053/1134 1196/1051/1127 1197/1046/1128
f 1204/1054/1135 1197/1046/1128 1198/1047/1129
f 1199/1048/1130 1204/1054/1135 1198/1047/1129
f 1200/1043/1131 1205/1055/1136 1199/1048/1130
f 1201/1056/1132 1212/1057/1143 1206/1050/1137
f 1202/1058/1133 1207/1059/1138 1201/1052/1132
f 1209/1060/1140 1202/1058/1133 1203/1053/1134
f 1210/1061/1141 1203/1053/1134 1204/1054/1135
f 1205/1055/1136 1210/1061/1141 1204/1054/1135
f 1206/1050/1137 1211/1062/1142 1205/1055/1136
f 1207/1063/1138 1218/1064/1149 1212/1057/1143
f 1208/1065/1139 1213/1066/1144 1207/1059/1138
f 1215/1067/1146 1208/1065/1139 1209/1060/1140
f 1216/1068/1147 1209/1060/1140 1210/1061/1141
f 1211/1062/1142 1216/1068/1147 1210/1061/1141
f 1212/1057/1143 1217/1069/1148 1211/1062/1142
f 1213/1070/1144 1224/1071/1155 1218/1064/1149
f 1214/1072/1145 1219/1073/1150 1213/1066/1144
f 1221/1074/1152 1214/1072/1145 1215/1067/1146
f 1222/1075/1153 1215/1067/1146 1216/1068/1147
f 1223/1076/1154 1216/1068/1147 1217/1069/1148
f 1218/1064/1149 1223/1076/1154 1217/1069/1148
f 1219/1077/1150 1230/1078/1161 1224/1071/1155
f 1220/1079/1151 1225/1080/1156 1219/1073/1150
f 1227/1081/1158 1220/1079/1151 1221/1074/1152
f 1228/1082/1159 1221/1074/1152 1222/1075/1153
f 1229/1083/1160 1222/1075/1153 1223/1076/1154
f 1224/1071/1155 1229/1083/1160 1223/1076/1154
f 1225/1084/1156 1236/1085/1167 1230/1078/1161
f 1226/1086/1157 1231/1087/1162 1225/1080/1156
f 1233/1088/1164 1226/1086/1157 1227/1081/1158
f 1234/1089/1165 1227/1081/1158 1228/1082/1159
f 1235/1090/1166 1228/1082/1159 1229/1083/1160
f 1230/1078/1161 1235/1090/1166 1229/1083/1160
f 1231/1091/1162 1242/1092/1173 1236/1085/1167
f 1232/1093/1163 1237/1094/1168 1231/1087/1162
f 1239/1095/1170 1232/1093/1163 1233/1088/1164
f 1240/1096/1171 1233/1088/1164 1234/1089/1165
f 1241/1097/1172 1234/1089/1165 1235/1090/1166
f 1236/1085/1167 1241/1097/1172 1235/1090/1166
f 1237/1098/1168 1248/1099/1179 1242/1092/1173
f 1238/1100/1169 1243/1101/1174 1237/1094/1168
f 1245/1102/1176 1238/1100/1169 1239/1095/1170
f 1246/1103/1177 1239/1095/1170 1240/1096/1171
f 1247/1104/1178 1240/1096/1171 1241/1097/1172
f 1242/1092/1173 1247/1104/1178 1241/1097/1172
f 1243/1105/1174 1254/1106/1185 1248/1099/1179
f 1244/1107/1175 1249/1108/1180 1243/1101/1174
f 1251/1109/1182 1244/1107/1175 1245/1102/1176
f 1252/1110/1183 1245/1102/1176 1246/1103/1177
f 1253/1111/1184 1246/1103/1177 1247/1104/1178
f 1248/1099/1179 1253/1111/1184 1247/1104/1178
f 1249/1112/1180 1260/215/1191 1254/1106/1185
f 1250/1113/1181 1255/217/1186 1249/1108/1180
f 1257/211/1188 1250/1113/1181 1251/1109/1182
f 1258/212/1189 1251/1109/1182 1252/1110/1183
f 1259/213/1190 1252/1110/1183 1253/1111/1184
f 1254/1106/1185 1259/213/1190 1253/1111/1184
f 1255/207/1186 1266/1114/1197 1260/215/1191
f 1256/209/1187 1261/1115/1192 1255/217/1186
f 1257/211/1188 1262/1116/1193 1256/209/1187
f 1264/1117/1195 1257/211/1188 1258/212/1189
f 1265/1118/1196 1258/212/1189 1259/213/1190
f 1266/1114/1197 1259/213/1190 1260/215/1191
f 1267/1119/1198 1266/1114/1197 1261/1120/1192
f 1262/1116/1193 1267/1121/1198 1261/1115/1192
f 1263/1122/1194 1268/1123/1199 1262/1116/1193
f 1264/1117/1195 1269/1124/1200 1263/1122/1194
f 1271/1125/1202 1264/1117/1195 1265/1118/1196
f 1272/1126/1203 1265/1118/1196 1266/1114/1197
f 1273/1127/1204 1272/1126/1203 1267/1119/1198
f 1268/1123/1199 1273/1128/1204 1267/1121/1198
f 1269/1124/1200 1274/1129/1205 1268/1123/1199
f 1270/1130/1201 1275/1131/1206 1269/1124/1200
f 1277/1132/1208 1270/1130/1201 1271/1125/1202
f 1278/1133/1209 1271/1125/1202 1272/1126/1203
f 1279/1134/1210 1278/1133/1209 1273/1127/1204
f 1274/1129/1205 1279/1135/1210 1273/1128/1204
f 1275/1131/1206 1280/1136/1211 1274/1129/1205
f 1276/1137/1207 1281/1138/1212 1275/1131/1206
f 1283/1139/1214 1276/1137/1207 1277/1132/1208
f 1284/1140/1215 1277/1132/1208 1278/1133/1209
f 1285/1141/1216 1284/1140/1215 1279/1134/1210
f 1286/1142/1217 1279/1135/1210 1280/1136/1211
f 1281/1138/1212 1286/1142/1217 1280/1136/1211
f 1282/1143/1213 1287/1144/1218 1281/1138/1212
f 1289/1145/1220 1282/1143/1213 1283/1139/1214
f 1290/1146/1221 1283/1139/1214 1284/1140/1215
f 1291/1147/1222 1290/1146/1221 1285/1141/1216
f 1292/1148/1223 1285/1149/1216 1286/1142/1217
f 1287/1144/1218 1292/1148/1223 1286/1142/1217
f 1288/1150/1219 1293/1151/1224 1287/1144/1218
f 1295/1152/1226 1288/1150/1219 1289/1145/1220
f 1296/1153/1227 1289/1145/1220 1290/1146/1221
f 1297/1154/1228 1296/1153/1227 1291/1147/1222
f 1298/1155/1229 1291/1156/1222 1292/1148/1223
f 1293/1151/1224 1298/1155/1229 1292/1148/1223
f 1294/1157/1225 1299/1158/1230 1293/1151/1224
f 1301/1159/1232 1294/1157/1225 1295/1152/1226
f 1302/1160/1233 1295/1152/1226 1296/1153/1227
f 1303/1161/1234 1302/1160/1233 1297/1154/1228
f 1304/1162/1235 1297/1163/1228 1298/1155/1229
f 1299/1158/1230 1304/1162/1235 1298/1155/1229
f 1300/1164/1231 1305/1165/1236 1299/1158/1230
f 1307/1166/1238 1300/1164/1231 1301/1159/1232
f 1308/1167/1239 1301/1159/1232 1302/1160/1233
f 1309/1168/1240 1308/1167/1239 1303/1161/1234
f 1310/1169/1241 1303/1170/1234 1304/1162/1235
f 1305/1165/1236 1310/1169/1241 1304/1162/1235
f 1306/1171/1237 1311/1172/1242 1305/1165/1236
f 1313/1173/1244 1306/1171/1237 1307/1166/1238
f 1314/1174/1245 1307/1166/1238 1308/1167/1239
f 1315/1175/1246 1314/1174/1245 1309/1168/1240
f 1316/1176/1247 1309/1177/1240 1310/1169/1241
f 1311/1172/1242 1316/1176/1247 1310/1169/1241
f 1312/1178/1243 1317/1179/1248 1311/1172/1242
f 1319/1180/1250 1312/1178/1243 1313/1173/1244
f 1320/1181/1251 1313/1173/1244 1314/1174/1245
f 1321/1182/1252 1320/1181/1251 1315/1175/1246
f 1322/1183/1253 1315/1184/1246 1316/1176/1247
f 1317/1179/1248 1322/1183/1253 1316/1176/1247
f 1318/1185/1249 1323/1186/1254 1317/1179/1248
f 1325/1187/1256 1318/1185/1249 1319/1180/1250
f 1326/1188/1257 1319/1180/1250 1320/1181/1251
f 1327/1189/1258 1326/1188/1257 1321/1182/1252
f 1328/1190/1259 1321/1191/1252 1322/1183/1253
f 1323/1186/1254 1328/1190/1259 1322/1183/1253
f 1324/1192/1255 1329/1193/1260 1323/1186/1254
f 1331/1194/1262 1324/1192/1255 1325/1187/1256
f 1332/1195/1263 1325/1187/1256 1326/1188/1257
f 1333/1196/1264 1332/1195/1263 1327/1189/1258
f 1334/1197/1265 1327/1198/1258 1328/1190/1259
f 1329/1193/1260 1334/1197/1265 1328/1190/1259
f 1330/1199/1261 1335/1200/1266 1329/1193/1260
f 1337/1201/1268 1330/1199/1261 1331/1194/1262
f 1338/1202/1269 1331/1194/1262 1332/1195/1263
f 1339/1203/1270 1338/1202/1269 1333/1196/1264
f 1340/1204/1271 1333/1205/1264 1334/1197/1265
f 1335/1200/1266 1340/1204/1271 1334/1197/1265
f 1336/1206/1267 1341/1207/1272 1335/1200/1266
f 1343/1208/1274 1336/1206/1267 1337/1201/1268
f 1344/1209/1275 1337/1201/1268 1338/1202/1269
f 1345/1210/1276 1344/1209/1275 1339/1203/1270
f 1346/1211/1277 1339/1212/1270 1340/1204/1271
f 1341/1207/1272 1346/1211/1277 1340/1204/1271
f 1342/1213/1273 1347/1214/1278 1341/1207/1272
f 1349/1215/1280 1342/1213/1273 1343/1208/1274
f 1350/1216/1281 1343/1208/1274 1344/1209/1275
f 1351/1217/1282 1350/1216/1281 1345/1210/1276
f 1352/1218/1283 1345/1219/1276 1346/1211/1277
f 1347/1214/1278 1352/1218/1283 1346/1211/1277
f 1348/1220/1279 1353/1221/1284 1347/1214/1278
f 1355/1222/1286 1348/1220/1279 1349/1215/1280
f 1356/1223/1287 1349/1215/1280 1350/1216/1281
f 1357/1224/1288 1356/1223/1287 1351/1217/1282
f 1358/1225/1289 1351/1226/1282 1352/1218/1283
f 1353/1221/1284 1358/1225/1289 1352/1218/1283
f 1354/1227/1285 1359/1228/1290 1353/1221/1284
f 1361/1229/1292 1354/1227/1285 1355/1222/1286
f 1362/1230/1293 1355/1222/1286 1356/1223/1287
f 1363/1231/1294 1362/1230/1293 1357/1224/1288
f 1364/1232/1295 1357/1233/1288 1358/1225/1289
f 1359/1228/1290 1364/1232/1295 1358/1225/1289
f 1360/1234/1291 1365/1235/1296 1359/1228/1290
f 1367/1236/1298 1360/1234/1291 1361/1229/1292
f 1368/1237/1299 1361/1229/1292 1362/1230/1293
f 1369/1238/1300 1368/1237/1299 1363/1231/1294
f 1370/1239/1301 1363/1240/1294 1364/1232/1295
f 1365/1235/1296 1370/1239/1301 1364/1232/1295
f 1366/1241/1297 1371/1242/1302 1365/1235/1296
f 1367/1236/1298 1372/1243/1303 1366/1241/1297
f 1374/1244/1305 1367/1236/1298 1368/1237/1299
f 1375/1245/1306 1374/1244/1305 1369/1238/1300
f 1376/1246/1307 1369/1247/1300 1370/1239/1301
f 1371/1242/1302 1376/1246/1307 1370/1239/1301
f 1372/1243/1303 1377/1248/1308 1371/1242/1302
f 1373/1249/1304 1378/1250/1309 1372/1243/1303
f 1380/1251/1311 1373/1249/1304 1374/1244/1305
f 1381/1252/1312 1380/1251/1311 1375/1245/1306
f 1382/1253/1313 1375/1254/1306 1376/1246/1307
f 1377/1248/1308 1382/1253/1313 1376/1246/1307
f 1378/1250/1309 1383/1255/1314 1377/1248/1308
f 1379/1256/1310 1384/1257/1315 1378/1250/1309
f 1386/1258/1317 1379/1256/1310 1380/1251/1311
f 1387/1259/1318 1386/1258/1317 1381/1252/1312
f 1388/1260/1319 1381/1261/1312 1382/1253/1313
f 1383/1255/1314 1388/1260/1319 1382/1253/1313
f 1384/1257/1315 1389/1262/1320 1383/1255/1314
f 1385/1263/1316 1390/1264/1321 1384/1257/1315
f 1392/1265/1323 1385/1263/1316 1386/1258/1317
f 1393/1266/1324 1392/1265/1323 1387/1259/1318
f 1394/1267/1325 1387/1268/1318 1388/1260/1319
f 1395/1269/1326 1388/1260/1319 1389/1262/1320
f 1390/1264/1321 1395/1269/1326 1389/1262/1320
f 1391/1270/1322 1396/1271/1327 1390/1264/1321
f 1392/1265/1323 1397/1272/1328 1391/1270/1322
f 1393/1266/1324 1404/1273/1335 1398/1274/1329
f 1400/1275/1331 1393/1276/1324 1394/1267/1325
f 1401/1277/1332 1394/1267/1325 1395/1269/1326
f 1402/1278/1333 1395/1269/1326 1396/1271/1327
f 1397/1272/1328 1402/1278/1333 1396/1271/1327
f 1398/1274/1329 1403/1279/1334 1397/1272/1328
f 1399/1280/1330 1410/1281/1341 1404/1273/1335
f 1406/1282/1337 1399/1283/1330 1400/1275/1331
f 1407/1284/1338 1400/1275/1331 1401/1277/1332
f 1408/1285/1339 1401/1277/1332 1402/1278/1333
f 1403/1279/1334 1408/1285/1339 1402/1278/1333
f 1404/1273/1335 1409/1286/1340 1403/1279/1334
f 1405/1287/1336 1416/1288/1347 1410/1281/1341
f 1412/1289/1343 1405/1290/1336 1406/1282/1337
f 1413/1291/1344 1406/1282/1337 1407/1284/1338
f 1414/1292/1345 1407/1284/1338 1408/1285/1339
f 1409/1286/1340 1414/1292/1345 1408/1285/1339
f 1410/1281/1341 1415/1293/1346 1409/1286/1340
f 1411/1294/1342 1422/256/1353 1416/1288/1347
f 1418/258/1349 1411/1295/1342 1412/1289/1343
f 1419/260/1350 1412/1289/1343 1413/1291/1344
f 1420/261/1351 1413/1291/1344 1414/1292/1345
f 1415/1293/1346 1420/261/1351 1414/1292/1345
f 1416/1288/1347 1421/262/1352 1415/1293/1346
f 1417/263/1348 1428/1296/1359 1422/256/1353
f 1424/1297/1355 1417/266/1348 1418/258/1349
f 1425/1298/1356 1418/258/1349 1419/260/1350
f 1426/1299/1357 1419/260/1350 1420/261/1351
f 1421/262/1352 1426/1299/1357 1420/261/1351
f 1422/256/1353 1427/1300/1358 1421/262/1352
f 1423/1301/1354 1434/1302/1365 1428/1296/1359
f 1430/1303/1361 1423/1304/1354 1424/1297/1355
f 1431/1305/1362 1424/1297/1355 1425/1298/1356
f 1432/1306/1363 1425/1298/1356 1426/1299/1357
f 1427/1300/1358 1432/1306/1363 1426/1299/1357
f 1428/1296/1359 1433/1307/1364 1427/1300/1358
f 1429/1308/1360 1440/1309/1371 1434/1302/1365
f 1436/1310/1367 1429/1311/1360 1430/1303/1361
f 1437/1312/1368 1430/1303/1361 1431/1305/1362
f 1438/1313/1369 1431/1305/1362 1432/1306/1363
f 1433/1307/1364 1438/1313/1369 1432/1306/1363
f 1434/1302/1365 1439/1314/1370 1433/1307/1364
f 1435/1315/1366 1446/1316/1377 1440/1309/1371
f 1442/1317/1373 1435/1318/1366 1436/1310/1367
f 1443/1319/1374 1436/1310/1367 1437/1312/1368
f 1444/1320/1375 1437/1312/1368 1438/1313/1369
f 1439/1314/1370 1444/1320/1375 1438/1313/1369
f 1440/1309/1371 1445/1321/1376 1439/1314/1370
f 1441/1322/1372 1452/1323/1383 1446/1316/1377
f 1448/1324/1379 1441/1325/1372 1442/1317/1373
f 1449/1326/1380 1442/1317/1373 1443/1319/1374
f 1450/1327/1381 1443/1319/1374 1444/1320/1375
f 1445/1321/1376 1450/1327/1381 1444/1320/1375
f 1446/1316/1377 1451/1328/1382 1445/1321/1376
f 1447/1329/1378 1458/1330/1389 1452/1323/1383
f 1454/1331/1385 1447/1332/1378 1448/1324/1379
f 1455/1333/1386 1448/1324/1379 1449/1326/1380
f 1456/1334/1387 1449/1326/1380 1450/1327/1381
f 1451/1328/1382 1456/1334/1387 1450/1327/1381
f 1452/1323/1383 1457/1335/1388 1451/1328/1382
f 1453/1336/1384 1464/1337/1395 1458/1330/1389
f 1460/1338/1391 1453/1339/1384 1454/1331/1385
f 1461/1340/1392 1454/1331/1385 1455/1333/1386
f 1462/1341/1393 1455/1333/1386 1456/1334/1387
f 1457/1335/1388 1462/1341/1393 1456/1334/1387
f 1458/1330/1389 1463/1342/1394 1457/1335/1388
f 1459/1343/1390 1470/1344/1401 1464/1337/1395
f 1460/1338/1391 1465/1345/1396 1459/1346/1390
f 1467/1347/1398 1460/1338/1391 1461/1340/1392
f 1468/1348/1399 1461/1340/1392 1462/1341/1393
f 1463/1342/1394 1468/1348/1399 1462/1341/1393
f 1464/1337/1395 1469/1349/1400 1463/1342/1394
f 1465/1350/1396 1476/1351/1407 1470/1344/1401
f 1466/1352/1397 1471/1353/1402 1465/1345/1396
f 1473/1354/1404 1466/1352/1397 1467/1347/1398
f 1474/1355/1405 1467/1347/1398 1468/1348/1399
f 1469/1349/1400 1474/1355/1405 1468/1348/1399
f 1470/1344/1401 1475/1356/1406 1469/1349/1400
f 1471/1357/1402 1482/1358/1413 1476/1351/1407
f 1472/1359/1403 1477/1360/1408 1471/1353/1402
f 1479/1361/1410 1472/1359/1403 1473/1354/1404
f 1480/1362/1411 1473/1354/1404 1474/1355/1405
f 1475/1356/1406 1480/1362/1411 1474/1355/1405
f 1476/1351/1407 1481/1363/1412 1475/1356/1406
f 1477/1364/1408 1488/1365/1419 1482/1358/1413
f 1478/1366/1409 1483/1367/1414 1477/1360/1408
f 1485/1368/1416 1478/1366/1409 1479/1361/1410
f 1486/1369/1417 1479/1361/1410 1480/1362/1411
f 1481/1363/1412 1486/1369/1417 1480/1362/1411
f 1482/1358/1413 1487/1370/1418 1481/1363/1412
f 1483/1371/1414 1494/1372/1425 1488/1365/1419
f 1484/1373/1415 1489/1374/1420 1483/1367/1414
f 1491/1375/1422 1484/1373/1415 1485/1368/1416
f 1492/1376/1423 1485/1368/1416 1486/1369/1417
f 1487/1370/1418 1492/1376/1423 1486/1369/1417
f 1488/1365/1419 1493/1377/1424 1487/1370/1418
f 1489/1378/1420 1500/1379/1431 1494/1372/1425
f 1490/1380/1421 1495/1381/1426 1489/1374/1420
f 1497/1382/1428 1490/1380/1421 1491/1375/1422
f 1498/1383/1429 1491/1375/1422 1492/1376/1423
f 1493/1377/1424 1498/1383/1429 1492/1376/1423
f 1494/1372/1425 1499/1384/1430 1493/1377/1424
f 1495/1385/1426 1506/1386/1437 1500/1379/1431
f 1496/1387/1427 1501/1388/1432 1495/1381/1426
f 1503/1389/1434 1496/1387/1427 1497/1382/1428
f 1504/1390/1435 1497/1382/1428 1498/1383/1429
f 1499/1384/1430 1504/1390/1435 1498/1383/1429
f 1500/1379/1431 1505/1391/1436 1499/1384/1430
f 1501/1392/1432 1512/1393/1443 1506/1386/1437
f 1502/1394/1433 1507/1395/1438 1501/1388/1432
f 1509/1396/1440 1502/1394/1433 1503/1389/1434
f 1510/1397/1441 1503/1389/1434 1504/1390/1435
f 1505/1391/1436 1510/1397/1441 1504/1390/1435
f 1506/1386/1437 1511/1398/1442 1505/1391/1436
f 1507/1399/1438 1518/1400/1449 1512/1393/1443
f 1508/1401/1439 1513/1402/1444 1507/1395/1438
f 1515/1403/1446 1508/1401/1439 1509/1396/1440
f 1516/1404/1447 1509/1396/1440 1510/1397/1441
f 1511/1398/1442 1516/1404/1447 1510/1397/1441
f 1512/1393/1443 1517/1405/1448 1511/1398/1442
f 1513/1406/1444 1524/1407/1455 1518/1400/1449
f 1514/1408/1445 1519/1409/1450 1513/1402/1444
f 1521/1410/1452 1514/1408/1445 1515/1403/1446
f 1522/1411/1453 1515/1403/1446 1516/1404/1447
f 1517/1405/1448 1522/1411/1453 1516/1404/1447
f 1518/1400/1449 1523/1412/1454 1517/1405/1448
f 1519/1413/1450 1530/1414/1461 1524/1407/1455
f 1520/1415/1451 1525/1416/1456 1519/1409/1450
f 1527/1417/1458 1520/1415/1451 1521/1410/1452
f 1528/1418/1459 1521/1410/1452 1522/1411/1453
f 1523/1412/1454 1528/1418/1459 1522/1411/1453
f 1524/1407/1455 1529/1419/1460 1523/1412/1454
f 1525/1420/1456 1536/1421/1467 1530/1414/1461
f 1526/1422/1457 1531/1423/1462 1525/1416/1456
f 1533/1424/1464 1526/1422/1457 1527/1417/1458
f 1534/1425/1465 1527/1417/1458 1528/1418/1459
f 1529/1419/1460 1534/1425/1465 1528/1418/1459
f 1530/1414/1461 1535/1426/1466 1529/1419/1460
f 1531/1427/1462 1542/1428/1473 1536/1421/1467
f 1532/1429/1463 1537/1430/1468 1531/1423/1462
f 1539/1431/1470 1532/1429/1463 1533/1424/1464
f 1540/1432/1471 1533/1424/1464 1534/1425/1465
f 1535/1426/1466 1540/1432/1471 1534/1425/1465
f 1536/1421/1467 1541/1433/1472 1535/1426/1466
f 1537/1434/1468 1548/1435/1479 1542/1428/1473
f 1538/1436/1469 1543/1437/1474 1537/1430/1468
f 1545/1438/1476 1538/1436/1469 1539/1431/1470
f 1546/1439/1477 1539/1431/1470 1540/1432/1471
f 1541/1433/1472 1546/1439/1477 1540/1432/1471
f 1542/1428/1473 1547/1440/1478 1541/1433/1472
f 1543/1441/1474 1554/1442/1485 1548/1435/1479
f 1550/1443/1481 1543/1437/1474 1544/1444/1475
f 1551/1445/1482 1544/1444/1475 1545/1438/1476
f 1552/1446/1483 1545/1438/1476 1546/1439/1477
f 1547/1440/1478 1552/1446/1483 1546/1439/1477
f 1548/1435/1479 1553/1447/1484 1547/1440/1478
f 1555/1448/1486 1554/1442/1485 1549/1449/1480
f 1556/1450/1487 1549/1451/1480 1550/1443/1481
f 1557/1452/1488 1550/1443/1481 1551/1445/1482
f 1552/1446/1483 1557/1452/1488 1551/1445/1482
f 1553/1447/1484 1558/1453/1489 1552/1446/1483
f 1554/1442/1485 1559/1454/1490 1553/1447/1484
f 1561/1455/1492 1560/1456/1491 1555/1448/1486
f 1562/1457/1493 1555/1458/1486 1556/1450/1487
f 1557/1452/1488 1562/1457/1493 1556/1450/1487
f 1558/1453/1489 1563/1459/1494 1557/1452/1488
f 1559/1454/1490 1564/1460/1495 1558/1453/1489
f 1566/1461/1497 1559/1454/1490 1560/1456/1491
f 1567/1462/1498 1566/1461/1497 1561/1455/1492
f 1568/1463/1499 1561/1464/1492 1562/1457/1493
f 1563/1459/1494 1568/1463/1499 1562/1457/1493
f 1564/1460/1495 1569/1465/1500 1563/1459/1494
f 1571/1466/1502 1564/1460/1495 1565/1467/1496
f 1572/1468/1503 1565/1467/1496 1566/1461/1497
f 1573/1469/1504 1572/1468/1503 1567/1462/1498
f 1574/1470/1505 1567/1471/1498 1568/1463/1499
f 1569/1465/1500 1574/1470/1505 1568/1463/1499
f 1570/1472/1501 1575/1473/1506 1569/1465/1500
f 1577/1474/1508 1570/1472/1501 1571/1466/1502
f 1578/1475/1509 1571/1466/1502 1572/1468/1503
f 1579/312/1510 1578/1475/1509 1573/1469/1504
f 1580/309/1511 1573/1476/1504 1574/1470/1505
f 1575/1473/1506 1580/309/1511 1574/1470/1505
f 1576/1477/1507 1581/315/1512 1575/1473/1506
f 1583/311/1514 1576/1477/1507 1577/1474/1508
f 1584/306/1515 1577/1474/1508 1578/1475/1509
f 1585/1478/1516 1584/306/1515 1579/312/1510
f 1586/1479/1517 1579/307/1510 1580/309/1511
f 1581/315/1512 1586/1479/1517 1580/309/1511
f 1582/310/1513 1587/1480/1518 1581/315/1512
f 1589/1481/1520 1582/310/1513 1583/311/1514
f 1590/1482/1521 1583/311/1514 1584/306/1515
f 1591/1483/1522 1590/1482/1521 1585/1478/1516
f 1592/1484/1523 1585/1485/1516 1586/1479/1517
f 1587/1480/1518 1592/1484/1523 1586/1479/1517
f 1588/1486/1519 1593/1487/1524 1587/1480/1518
f 1595/1488/1526 1588/1486/1519 1589/1481/1520
f 1596/1489/1527 1589/1481/1520 1590/1482/1521
f 1597/1490/1528 1596/1489/1527 1591/1483/1522
f 1598/1491/1529 1591/1492/1522 1592/1484/1523
f 1593/1487/1524 1598/1491/1529 1592/1484/1523
f 1594/1493/1525 1599/1494/1530 1593/1487/1524
f 1601/1495/1532 1594/1493/1525 1595/1488/1526
f 1602/1496/1533 1595/1488/1526 1596/1489/1527
f 1603/1497/1534 1602/1496/1533 1597/1490/1528
f 1598/1491/1529 1603/1498/1534 1597/1499/1528
f 1599/1494/1530 1604/1500/1535 1598/1491/1529
f 1600/1501/1531 1605/1502/1536 1599/1494/1530
f 1607/1503/1538 1600/1501/1531 1601/1495/1532
f 1608/1504/1539 1601/1495/1532 1602/1496/1533
f 1609/1505/1540 1608/1504/1539 1603/1497/1534
f 1604/1500/1535 1609/1506/1540 1603/1498/1534
f 1605/1502/1536 1610/1507/1541 1604/1500/1535
f 1606/1508/1537 1611/1509/1542 1605/1502/1536
f 1613/1510/1544 1606/1508/1537 1607/1503/1538
f 1614/1511/1545 1607/1503/1538 1608/1504/1539
f 1615/1512/1546 1614/1511/1545 1609/1505/1540
f 1616/1513/1547 1609/1506/1540 1610/1507/1541
f 1611/1509/1542 1616/1513/1547 1610/1507/1541
f 1612/1514/1543 1617/1515/1548 1611/1509/1542
f 1619/1516/1550 1612/1514/1543 1613/1510/1544
f 1620/1517/1551 1613/1510/1544 1614/1511/1545
f 1621/1518/1552 1620/1517/1551 1615/1512/1546
f 1622/1519/1553 1615/1520/1546 1616/1513/1547
f 1617/1515/1548 1622/1519/1553 1616/1513/1547
f 1618/1521/1549 1623/1522/1554 1617/1515/1548
f 1625/1523/1556 1618/1521/1549 1619/1516/1550
f 1626/1524/1557 1619/1516/1550 1620/1517/1551
f 1627/1525/1558 1626/1524/1557 1621/1518/1552
f 1628/1526/1559 1621/1527/1552 1622/1519/1553
f 1623/1522/1554 1628/1526/1559 1622/1519/1553
f 1624/1528/1555 1629/1529/1560 1623/1522/1554
f 1631/1530/1562 1624/1528/1555 1625/1523/1556
f 1632/1531/1563 1625/1523/1556 1626/1524/1557
f 1633/1532/1564 1632/1531/1563 1627/1525/1558
f 1634/1533/1565 1627/1534/1558 1628/1526/1559
f 1629/1529/1560 1634/1533/1565 1628/1526/1559
f 1630/1535/1561 1635/1536/1566 1629/1529/1560
f 1637/1537/1568 1630/1535/1561 1631/1530/1562
f 1638/1538/1569 1631/1530/1562 1632/1531/1563
f 1639/1539/1570 1638/1538/1569 1633/1532/1564
f 1640/1540/1571 1633/1541/1564 1634/1533/1565
f 1635/1536/1566 1640/1540/1571 1634/1533/1565
f 1636/1542/1567 1641/1543/1572 1635/1536/1566
f 1643/1544/1574 1636/1542/1567 1637/1537/1568
f 1644/1545/1575 1637/1537/1568 1638/1538/1569
f 1645/1546/1576 1644/1545/1575 1639/1539/1570
f 1646/1547/1577 1639/1548/1570 1640/1540/1571
f 1641/1543/1572 1646/1547/1577 1640/1540/1571
f 1642/1549/1573 1647/1550/1578 1641/1543/1572
f 1643/1544/1574 1648/1551/1579 1642/1549/1573
f 1650/1552/1581 1643/1544/1574 1644/1545/1575
f 1645/1546/1576 1656/1553/1587 1650/1552/1581
f 1652/1554/1583 1645/1555/1576 1646/1547/1577
f 1653/1556/1584 1646/1547/1577 1647/1550/1578
f 1654/1557/1585 1647/1550/1578 1648/1551/1579
f 1649/1558/1580 1654/1557/1585 1648/1551/1579
f 1650/1552/1581 1655/1559/1586 1649/1558/1580
f 1651/1560/1582 1662/1561/1593 1656/1553/1587
f 1658/1562/1589 1651/1563/1582 1652/1554/1583
f 1659/1564/1590 1652/1554/1583 1653/1556/1584
f 1660/1565/1591 1653/1556/1584 1654/1557/1585
f 1655/1559/1586 1660/1565/1591 1654/1557/1585
f 1656/1553/1587 1661/1566/1592 1655/1559/1586
f 1657/1567/1588 1668/1568/1599 1662/1561/1593
f 1664/1569/1595 1657/1570/1588 1658/1562/1589
f 1665/1571/1596 1658/1562/1589 1659/1564/1590
f 1666/1572/1597 1659/1564/1590 1660/1565/1591
f 1661/1566/1592 1666/1572/1597 1660/1565/1591
f 1662/1561/1593 1667/1573/1598 1661/1566/1592
f 1663/1574/1594 1674/1575/1605 1668/1568/1599
f 1670/1576/1601 1663/1577/1594 1664/1569/1595
f 1671/1578/1602 1664/1569/1595 1665/1571/1596
f 1672/1579/1603 1665/1571/1596 1666/1572/1597
f 1667/1573/1598 1672/1579/1603 1666/1572/1597
f 1668/1568/1599 1673/1580/1604 1667/1573/1598
f 1669/1581/1600 1680/1582/1611 1674/1575/1605
f 1676/1583/1607 1669/1584/1600 1670/1576/1601
f 1677/1585/1608 1670/1576/1601 1671/1578/1602
f 1678/1586/1609 1671/1578/1602 1672/1579/1603
f 1673/1580/1604 1678/1586/1609 1672/1579/1603
f 1674/1575/1605 1679/1587/1610 1673/1580/1604
f 1675/1588/1606 1686/1589/1617 1680/1582/1611
f 1682/1590/1613 1675/1591/1606 1676/1583/1607
f 1683/1592/1614 1676/1583/1607 1677/1585/1608
f 1684/1593/1615 1677/1585/1608 1678/1586/1609
f 1679/1587/1610 1684/1593/1615 1678/1586/1609
f 1680/1582/1611 1685/1594/1616 1679/1587/1610
f 1681/1595/1612 1692/1596/1623 1686/1589/1617
f 1688/1597/1619 1681/1598/1612 1682/1590/1613
f 1689/1599/1620 1682/1590/1613 1683/1592/1614
f 1690/1600/1621 1683/1592/1614 1684/1593/1615
f 1685/1594/1616 1690/1600/1621 1684/1593/1615
f 1686/1589/1617 1691/1601/1622 1685/1594/1616
f 1687/1602/1618 1698/1603/1629 1692/1596/1623
f 1694/1604/1625 1687/1605/1618 1688/1597/1619
f 1695/1606/1626 1688/1597/1619 1689/1599/1620
f 1696/1607/1627 1689/1599/1620 1690/1600/1621
f 1691/1601/1622 1696/1607/1627 1690/1600/1621
f 1692/1596/1623 1697/1608/1628 1691/1601/1622
f 1693/1609/1624 1704/1610/1635 1698/1603/1629
f 1694/1604/1625 1699/1611/1630 1693/1612/1624
f 1701/1613/1632 1694/1604/1625 1695/1606/1626
f 1702/1614/1633 1695/1606/1626 1696/1607/1627
f 1703/1615/1634 1696/1607/1627 1697/1608/1628
f 1698/1603/1629 1703/1615/1634 1697/1608/1628
f 1699/1616/1630 1710/1617/1641 1704/1610/1635
f 1700/1618/1631 1705/1619/1636 1699/1611/1630
f 1701/1613/1632 1706/1620/1637 1700/1618/1631
f 1708/1621/1639 1701/1613/1632 1702/1614/1633
f 1709/1622/1640 1702/1614/1633 1703/1615/1634
f 1710/1617/1641 1703/1615/1634 1704/1610/1635
f 1705/1623/1636 1716/1624/1647 1710/1617/1641
f 1706/1620/1637 1711/1625/1642 1705/1619/1636
f 1707/1626/1638 1712/1627/1643 1706/1620/1637
f 1714/1628/1645 1707/1626/1638 1708/1621/1639
f 1715/1629/1646 1708/1621/1639 1709/1622/1640
f 1716/1624/1647 1709/1622/1640 1710/1617/1641
f 1711/1630/1642 1722/1631/1653 1716/1624/1647
f 1712/1627/1643 1717/1632/1648 1711/1625/1642
f 1719/1633/1650 1712/1627/1643 1713/1634/1644
f 1720/1635/1651 1713/1634/1644 1714/1628/1645
f 1721/1636/1652 1714/1628/1645 1715/1629/1646
f 1716/1624/1647 1721/1636/1652 1715/1629/1646
f 1717/1637/1648 1728/1638/1659 1722/1631/1653
f 1718/1639/1649 1723/1640/1654 1717/1632/1648
f 1725/1641/1656 1718/1639/1649 1719/1633/1650
f 1726/1642/1657 1719/1633/1650 1720/1635/1651
f 1727/1643/1658 1720/1635/1651 1721/1636/1652
f 1722/1631/1653 1727/1643/1658 1721/1636/1652
f 1723/1644/1654 1734/1645/1665 1728/1638/1659
f 1724/1646/1655 1729/1647/1660 1723/1640/1654
f 1731/1648/1662 1724/1646/1655 1725/1641/1656
f 1732/1649/1663 1725/1641/1656 1726/1642/1657
f 1733/1650/1664 1726/1642/1657 1727/1643/1658
f 1728/1638/1659 1733/1650/1664 1727/1643/1658
f 1729/1651/1660 1740/1652/1671 1734/1645/1665
f 1730/1653/1661 1735/1654/1666 1729/1647/1660
f 1737/1655/1668 1730/1653/1661 1731/1648/1662
f 1738/1656/1669 1731/1648/1662 1732/1649/1663
f 1739/1657/1670 1732/1649/1663 1733/1650/1664
f 1734/1645/1665 1739/1657/1670 1733/1650/1664
f 1735/1658/1666 606/355/537 1740/1652/1671
f 1736/1659/1667 601/356/532 1735/1654/1666
f 603/1660/534 1736/1659/1667 1737/1655/1668
f 604/359/535 1737/1655/1668 1738/1656/1669
f 605/360/536 1738/1656/1669 1739/1657/1670
f 1740/1652/1671 605/360/536 1739/1657/1670
f 1744/1661/1675 1742/1662/1673 1743/1663/1674
f 1744/1661/1675 1741/1664/1672 1742/1662/1673
f 1745/1665/1676 1741/1664/1672 1744/1661/1675
f 1745/1665/1676 1746/1666/1677 1741/1664/1672
f 1749/1667/1680 1751/1668/1682 1750/1669/1681
f 1749/1667/1680 1752/1670/1683 1751/1668/1682
f 1748/1671/1679 1752/1670/1683 1749/1667/1680
f 1748/1671/1679 1747/1672/1678 1752/1670/1683
f 1747/15/1678 1758/385/1689 1752/14/1683
f 1748/18/1679 1753/386/1684 1747/387/1678
f 1755/388/1686 1748/18/1679 1749/20/1680
f 1756/389/1687 1749/20/1680 1750/21/1681
f 1757/390/1688 1750/21/1681 1751/22/1682
f 1752/14/1683 1757/390/1688 1751/22/1682
f 1753/391/1684 1764/392/1695 1758/385/1689
f 1754/393/1685 1759/394/1690 1753/386/1684
f 1761/395/1692 1754/393/1685 1755/388/1686
f 1762/396/1693 1755/388/1686 1756/389/1687
f 1763/397/1694 1756/389/1687 1757/390/1688
f 1758/385/1689 1763/397/1694 1757/390/1688
f 1765/398/1696 1764/392/1695 1759/399/1690
f 1766/400/1697 1759/394/1690 1760/401/1691
f 1761/395/1692 1766/400/1697 1760/401/1691
f 1762/396/1693 1767/402/1698 1761/395/1692
f 1763/397/1694 1768/403/1699 1762/396/1693
f 1770/404/1701 1763/397/1694 1764/392/1695
f 1771/405/1702 1770/404/1701 1765/398/1696
f 1772/406/1703 1765/407/1696 1766/400/1697
f 1767/402/1698 1772/406/1703 1766/400/1697
f 1768/403/1699 1773/408/1704 1767/402/1698
f 1769/409/1700 1774/410/1705 1768/403/1699
f 1776/411/1707 1769/409/1700 1770/404/1701
f 1777/412/1708 1776/411/1707 1771/405/1702
f 1778/413/1709 1771/414/1702 1772/406/1703
f 1773/408/1704 1778/413/1709 1772/406/1703
f 1774/410/1705 1779/415/1710 1773/408/1704
f 1775/416/1706 1780/417/1711 1774/410/1705
f 1782/418/1713 1775/416/1706 1776/411/1707
f 1783/419/1714 1782/418/1713 1777/412/1708
f 1784/420/1715 1777/421/1708 1778/413/1709
f 1779/415/1710 1784/420/1715 1778/413/1709
f 1780/417/1711 1785/422/1716 1779/415/1710
f 1781/423/1712 1786/424/1717 1780/417/1711
f 1788/425/1719 1781/423/1712 1782/418/1713
f 1789/426/1720 1788/425/1719 1783/419/1714
f 1790/427/1721 1783/428/1714 1784/420/1715
f 1785/422/1716 1790/427/1721 1784/420/1715
f 1786/424/1717 1791/429/1722 1785/422/1716
f 1787/430/1718 1792/431/583 1786/424/1717
f 1794/432/1724 1787/430/1718 1788/425/1719
f 1795/433/586 1794/432/1724 1789/426/1720
f 1796/434/1725 1789/435/1720 1790/427/1721
f 1791/429/1722 1796/434/1725 1790/427/1721
f 1792/431/583 1797/436/1726 1791/429/1722
f 1793/437/1723 1798/438/1727 1792/431/583
f 1800/439/1729 1793/437/1723 1794/432/1724
f 1801/440/1730 1800/439/1729 1795/433/586
f 1802/441/1731 1795/442/586 1796/434/1725
f 1797/436/1726 1802/441/1731 1796/434/1725
f 1798/438/1727 1803/443/594 1797/436/1726
f 1799/444/1728 1804/445/595 1798/438/1727
f 1806/446/1732 1799/444/1728 1800/439/1729
f 1807/447/1733 1806/446/1732 1801/440/1730
f 1808/448/1734 1801/449/1730 1802/441/1731
f 1809/450/1735 1802/441/1731 1803/443/594
f 1804/445/595 1809/450/1735 1803/443/594
f 1805/451/596 1810/452/1736 1804/445/595
f 1806/446/1732 1811/453/1737 1805/451/596
f 1813/454/1739 1812/455/1738 1807/447/1733
f 1814/456/1740 1807/457/1733 1808/448/1734
f 1815/458/1741 1808/448/1734 1809/450/1735
f 1810/452/1736 1815/458/1741 1809/450/1735
f 1811/453/1737 1816/459/1742 1810/452/1736
f 1812/455/1738 1817/460/1743 1811/453/1737
f 1819/461/1745 1818/462/1744 1813/454/1739
f 1820/463/1746 1813/464/1739 1814/456/1740
f 1821/465/1747 1814/456/1740 1815/458/1741
f 1816/459/1742 1821/465/1747 1815/458/1741
f 1817/460/1743 1822/466/1748 1816/459/1742
f 1818/462/1744 1823/467/1749 1817/460/1743
f 1825/468/1751 1824/469/1750 1819/461/1745
f 1826/470/1752 1819/471/1745 1820/463/1746
f 1827/472/1753 1820/463/1746 1821/465/1747
f 1822/466/1748 1827/472/1753 1821/465/1747
f 1823/467/1749 1828/473/1754 1822/466/1748
f 1824/469/1750 1829/474/1755 1823/467/1749
f 1831/475/1757 1830/476/1756 1825/468/1751
f 1832/477/1758 1825/478/1751 1826/470/1752
f 1833/479/1759 1826/470/1752 1827/472/1753
f 1828/473/1754 1833/479/1759 1827/472/1753
f 1829/474/1755 1834/480/1760 1828/473/1754
f 1830/476/1756 1835/481/1761 1829/474/1755
f 1837/482/1763 1836/483/1762 1831/475/1757
f 1838/484/1764 1831/485/1757 1832/477/1758
f 1839/486/1765 1832/477/1758 1833/479/1759
f 1834/480/1760 1839/486/1765 1833/479/1759
f 1835/481/1761 1840/487/1766 1834/480/1760
f 1836/483/1762 1841/488/1767 1835/481/1761
f 1843/489/1769 1842/490/1768 1837/482/1763
f 1844/491/1770 1837/492/1763 1838/484/1764
f 1845/493/1771 1838/484/1764 1839/486/1765
f 1840/487/1766 1845/493/1771 1839/486/1765
f 1841/488/1767 1846/494/1772 1840/487/1766
f 1842/490/1768 1847/495/1773 1841/488/1767
f 1849/496/1775 1848/497/1774 1843/489/1769
f 1850/498/1776 1843/499/1769 1844/491/1770
f 1851/500/1777 1844/491/1770 1845/493/1771
f 1846/494/1772 1851/500/1777 1845/493/1771
f 1847/495/1773 1852/501/1778 1846/494/1772
f 1848/497/1774 1853/502/1779 1847/495/1773
f 1855/503/1781 1854/504/1780 1849/496/1775
f 1850/498/1776 1855/505/1781 1849/506/1775
f 1851/500/1777 1856/507/1782 1850/498/1776
f 1852/501/1778 1857/508/1783 1851/500/1777
f 1859/509/1785 1852/501/1778 1853/502/1779
f 1860/510/1786 1853/502/1779 1854/504/1780
f 1855/503/1781 1866/517/1792 1860/510/1786
f 1856/507/1782 1861/512/1787 1855/505/1781
f 1857/508/1783 1862/513/1788 1856/507/1782
f 1864/521/1790 1857/508/1783 1858/514/1784
f 1865/516/1791 1858/514/1784 1859/509/1785
f 1866/517/1792 1859/509/1785 1860/510/1786
f 1861/511/1787 1872/524/1798 1866/517/1792
f 1862/513/1788 1867/519/1793 1861/512/1787
f 1863/515/1789 1868/520/1794 1862/513/1788
f 1870/528/1796 1863/515/1789 1864/521/1790
f 1871/523/1797 1864/521/1790 1865/516/1791
f 1872/524/1798 1865/516/1791 1866/517/1792
f 1867/518/1793 1878/531/1804 1872/524/1798
f 1868/520/1794 1873/526/1799 1867/519/1793
f 1869/522/1795 1874/527/1800 1868/520/1794
f 1876/535/1802 1869/522/1795 1870/528/1796
f 1877/530/1803 1870/528/1796 1871/523/1797
f 1878/531/1804 1871/523/1797 1872/524/1798
f 1873/525/1799 1884/538/1810 1878/531/1804
f 1874/527/1800 1879/533/1805 1873/526/1799
f 1875/529/1801 1880/534/1806 1874/527/1800
f 1882/542/1808 1875/529/1801 1876/535/1802
f 1883/537/1809 1876/535/1802 1877/530/1803
f 1884/538/1810 1877/530/1803 1878/531/1804
f 1885/539/1811 1884/538/1810 1879/532/1805
f 1880/534/1806 1885/540/1811 1879/533/1805
f 1881/536/1807 1886/541/1812 1880/534/1806
f 1882/542/1808 1887/543/1813 1881/536/1807
f 1889/544/1815 1882/542/1808 1883/537/1809
f 1890/545/1816 1883/537/1809 1884/538/1810
f 1891/546/1817 1890/545/1816 1885/539/1811
f 1886/541/1812 1891/554/1817 1885/540/1811
f 1887/543/1813 1892/547/1818 1886/541/1812
f 1888/548/1814 1893/549/1819 1887/543/1813
f 1895/550/1821 1888/548/1814 1889/544/1815
f 1896/551/1822 1889/544/1815 1890/545/1816
f 1897/552/1823 1896/551/1822 1891/546/1817
f 1898/553/1824 1891/554/1817 1892/547/1818
f 1893/549/1819 1898/553/1824 1892/547/1818
f 1894/555/1820 1899/556/1825 1893/549/1819
f 1895/550/1821 1900/557/1826 1894/555/1820
f 1902/558/1828 1895/550/1821 1896/551/1822
f 1903/559/1829 1902/558/1828 1897/552/1823
f 1904/560/1830 1897/561/1823 1898/553/1824
f 1899/556/1825 1904/560/1830 1898/553/1824
f 1900/557/1826 1905/562/1831 1899/556/1825
f 1901/563/1827 1906/564/1832 1900/557/1826
f 1908/565/1834 1901/563/1827 1902/558/1828
f 1909/61/1835 1908/565/1834 1903/559/1829
f 1910/63/1836 1903/566/1829 1904/560/1830
f 1905/562/1831 1910/63/1836 1904/560/1830
f 1906/564/1832 1911/65/1837 1905/562/1831
f 1907/567/1833 1912/71/1838 1906/564/1832
f 1914/67/1840 1907/567/1833 1908/565/1834
f 1915/568/1841 1914/67/1840 1909/61/1835
f 1916/569/1842 1909/62/1835 1910/63/1836
f 1911/65/1837 1916/569/1842 1910/63/1836
f 1912/71/1838 1917/570/1843 1911/65/1837
f 1913/66/1839 1918/571/1844 1912/71/1838
f 1920/572/1846 1913/66/1839 1914/67/1840
f 1921/573/1847 1920/572/1846 1915/568/1841
f 1922/574/1848 1915/575/1841 1916/569/1842
f 1917/570/1843 1922/574/1848 1916/569/1842
f 1918/571/1844 1923/576/1849 1917/570/1843
f 1919/578/1845 1924/583/1850 1918/571/1844
f 1926/579/1852 1919/578/1845 1920/572/1846
f 1927/580/1853 1926/579/1852 1921/573/1847
f 1922/574/1848 1927/589/1853 1921/582/1847
f 1923/576/1849 1928/581/1854 1922/574/1848
f 1924/583/1850 1929/584/1855 1923/576/1849
f 1931/585/1857 1924/583/1850 1925/577/1851
f 1932/586/1858 1925/577/1851 1926/579/1852
f 1927/580/1853 1938/593/1864 1932/586/1858
f 1928/581/1854 1933/596/1859 1927/589/1853
f 1929/584/1855 1934/588/1860 1928/581/1854
f 1936/598/1862 1929/584/1855 1930/590/1856
f 1937/592/1863 1930/590/1856 1931/585/1857
f 1938/593/1864 1931/585/1857 1932/586/1858
f 1933/587/1859 1944/601/1870 1938/593/1864
f 1934/588/1860 1939/595/1865 1933/596/1859
f 1935/591/1861 1940/597/1866 1934/588/1860
f 1942/605/1868 1935/591/1861 1936/598/1862
f 1943/600/1869 1936/598/1862 1937/592/1863
f 1944/601/1870 1937/592/1863 1938/593/1864
f 1939/594/1865 1950/608/1876 1944/601/1870
f 1940/597/1866 1945/603/1871 1939/595/1865
f 1941/599/1867 1946/604/1872 1940/597/1866
f 1948/611/1874 1941/599/1867 1942/605/1868
f 1949/607/1875 1942/605/1868 1943/600/1869
f 1950/608/1876 1943/600/1869 1944/601/1870
f 1945/602/1871 1956/614/1882 1950/608/1876
f 1946/604/1872 1951/617/1877 1945/603/1871
f 1947/606/1873 1952/610/1878 1946/604/1872
f 1954/618/1880 1947/606/1873 1948/611/1874
f 1955/613/1881 1948/611/1874 1949/607/1875
f 1956/614/1882 1949/607/1875 1950/608/1876
f 1951/609/1877 1962/621/1888 1956/614/1882
f 1952/610/1878 1957/624/1883 1951/617/1877
f 1953/612/1879 1958/616/1884 1952/610/1878
f 1960/625/1886 1953/612/1879 1954/618/1880
f 1961/620/1887 1954/618/1880 1955/613/1881
f 1962/621/1888 1955/613/1881 1956/614/1882
f 1963/622/1889 1962/621/1888 1957/615/1883
f 1958/616/1884 1963/631/1889 1957/624/1883
f 1959/619/1885 1964/623/1890 1958/616/1884
f 1960/625/1886 1965/626/1891 1959/619/1885
f 1967/627/1893 1960/625/1886 1961/620/1887
f 1968/628/1894 1961/620/1887 1962/621/1888
f 1969/629/1895 1968/628/1894 1963/622/1889
f 1964/623/1890 1969/638/1895 1963/631/1889
f 1965/626/1891 1970/630/1896 1964/623/1890
f 1966/632/1892 1971/633/1897 1965/626/1891
f 1973/634/1899 1966/632/1892 1967/627/1893
f 1974/635/1900 1967/627/1893 1968/628/1894
f 1975/636/1901 1974/635/1900 1969/629/1895
f 1976/637/1902 1969/638/1895 1970/630/1896
f 1971/633/1897 1976/637/1902 1970/630/1896
f 1972/639/1898 1977/640/1903 1971/633/1897
f 1973/634/1899 1978/641/1904 1972/639/1898
f 1980/642/1906 1973/634/1899 1974/635/1900
f 1981/643/1907 1980/642/1906 1975/636/1901
f 1982/644/1908 1975/645/1901 1976/637/1902
f 1977/640/1903 1982/644/1908 1976/637/1902
f 1978/641/1904 1983/646/1909 1977/640/1903
f 1979/647/1905 1984/648/1910 1978/641/1904
f 1986/649/1912 1979/647/1905 1980/642/1906
f 1987/650/1913 1986/649/1912 1981/643/1907
f 1988/651/1914 1981/652/1907 1982/644/1908
f 1983/646/1909 1988/651/1914 1982/644/1908
f 1984/648/1910 1989/653/1915 1983/646/1909
f 1985/654/1911 1990/655/1916 1984/648/1910
f 1992/656/1918 1985/654/1911 1986/649/1912
f 1993/657/1919 1992/656/1918 1987/650/1913
f 1994/658/1920 1987/659/1913 1988/651/1914
f 1989/653/1915 1994/658/1920 1988/651/1914
f 1990/655/1916 1995/660/1921 1989/653/1915
f 1991/661/1917 1996/662/1922 1990/655/1916
f 1998/663/1924 1991/661/1917 1992/656/1918
f 1999/664/1925 1998/663/1924 1993/657/1919
f 1994/658/1920 1999/673/1925 1993/666/1919
f 1995/660/1921 2000/665/1926 1994/658/1920
f 1996/662/1922 2001/667/1927 1995/660/1921
f 2003/668/1929 1996/662/1922 1997/669/1923
f 2004/670/1930 1997/669/1923 1998/663/1924
f 1999/664/1925 2010/677/1936 2004/670/1930
f 2000/665/1926 2005/680/1931 1999/673/1925
f 2001/667/1927 2006/672/1932 2000/665/1926
f 2008/682/1934 2001/667/1927 2002/674/1928
f 2009/676/1935 2002/674/1928 2003/668/1929
f 2010/677/1936 2003/668/1929 2004/670/1930
f 2005/671/1931 2016/685/1942 2010/677/1936
f 2006/672/1932 2011/679/1937 2005/680/1931
f 2013/683/1939 2006/672/1932 2007/675/1933
f 2014/689/1940 2007/675/1933 2008/682/1934
f 2015/684/1941 2008/682/1934 2009/676/1935
f 2010/677/1936 2015/684/1941 2009/676/1935
f 2011/678/1937 2022/692/1948 2016/685/1942
f 2012/681/1938 2017/687/1943 2011/679/1937
f 2019/690/1945 2012/681/1938 2013/683/1939
f 2020/696/1946 2013/683/1939 2014/689/1940
f 2021/691/1947 2014/689/1940 2015/684/1941
f 2016/685/1942 2021/691/1947 2015/684/1941
f 2017/686/1943 2028/699/1954 2022/692/1948
f 2018/688/1944 2023/694/1949 2017/687/1943
f 2025/697/1951 2018/688/1944 2019/690/1945
f 2026/703/1952 2019/690/1945 2020/696/1946
f 2027/698/1953 2020/696/1946 2021/691/1947
f 2022/692/1948 2027/698/1953 2021/691/1947
f 2023/693/1949 2034/706/1960 2028/699/1954
f 2024/695/1950 2029/701/1955 2023/694/1949
f 2031/704/1957 2024/695/1950 2025/697/1951
f 2032/710/1958 2025/697/1951 2026/703/1952
f 2033/705/1959 2026/703/1952 2027/698/1953
f 2028/699/1954 2033/705/1959 2027/698/1953
f 2029/700/1955 2040/713/1966 2034/706/1960
f 2030/702/1956 2035/708/1961 2029/701/1955
f 2037/711/1963 2030/702/1956 2031/704/1957
f 2038/717/1964 2031/704/1957 2032/710/1958
f 2039/712/1965 2032/710/1958 2033/705/1959
f 2034/706/1960 2039/712/1965 2033/705/1959
f 2035/707/1961 2046/720/1972 2040/713/1966
f 2036/709/1962 2041/715/1967 2035/708/1961
f 2043/718/1969 2036/709/1962 2037/711/1963
f 2044/724/1970 2037/711/1963 2038/717/1964
f 2045/719/1971 2038/717/1964 2039/712/1965
f 2040/713/1966 2045/719/1971 2039/712/1965
f 2041/714/1967 2052/727/1978 2046/720/1972
f 2042/716/1968 2047/722/1973 2041/715/1967
f 2049/725/1975 2042/716/1968 2043/718/1969
f 2050/730/1976 2043/718/1969 2044/724/1970
f 2051/726/1977 2044/724/1970 2045/719/1971
f 2046/720/1972 2051/726/1977 2045/719/1971
f 2047/721/1973 2058/733/1984 2052/727/1978
f 2048/723/1974 2053/736/1979 2047/722/1973
f 2049/725/1975 2054/729/1980 2048/723/1974
f 2056/737/1982 2049/725/1975 2050/730/1976
f 2057/732/1983 2050/730/1976 2051/726/1977
f 2058/733/1984 2051/726/1977 2052/727/1978
f 2059/734/1985 2058/733/1984 2053/728/1979
f 2054/729/1980 2059/743/1985 2053/736/1979
f 2055/731/1981 2060/735/1986 2054/729/1980
f 2056/737/1982 2061/738/1987 2055/731/1981
f 2063/739/1989 2056/737/1982 2057/732/1983
f 2064/740/1990 2057/732/1983 2058/733/1984
f 2065/741/1991 2064/740/1990 2059/734/1985
f 2060/735/1986 2065/748/1991 2059/743/1985
f 2061/738/1987 2066/742/1992 2060/735/1986
f 2062/744/1988 2067/745/1993 2061/738/1987
f 2069/749/1995 2062/744/1988 2063/739/1989
f 2070/747/1996 2063/739/1989 2064/740/1990
f 2071/110/1997 2070/747/1996 2065/741/1991
f 2066/742/1992 2071/111/1997 2065/748/1991
f 2067/745/1993 2072/112/1998 2066/742/1992
f 2068/746/1994 2073/114/1999 2067/745/1993
f 2075/115/2001 2068/746/1994 2069/749/1995
f 2076/116/2002 2069/749/1995 2070/747/1996
f 2077/750/2003 2076/116/2002 2071/110/1997
f 2072/112/1998 2077/757/2003 2071/111/1997
f 2073/114/1999 2078/751/2004 2072/112/1998
f 2074/120/2000 2079/752/2005 2073/114/1999
f 2081/759/2007 2074/120/2000 2075/115/2001
f 2082/754/2008 2075/115/2001 2076/116/2002
f 2083/755/2009 2082/754/2008 2077/750/2003
f 2084/756/2010 2077/757/2003 2078/751/2004
f 2079/752/2005 2084/756/2010 2078/751/2004
f 2080/753/2006 2085/758/2011 2079/752/2005
f 2081/759/2007 2086/760/2012 2080/753/2006
f 2088/761/2014 2081/759/2007 2082/754/2008
f 2089/762/2015 2088/761/2014 2083/755/2009
f 2090/763/2016 2083/764/2009 2084/756/2010
f 2085/758/2011 2090/763/2016 2084/756/2010
f 2086/760/2012 2091/765/2017 2085/758/2011
f 2087/766/2013 2092/767/2018 2086/760/2012
f 2094/768/2020 2087/766/2013 2088/761/2014
f 2095/769/2021 2094/768/2020 2089/762/2015
f 2090/763/2016 2095/778/2021 2089/771/2015
f 2091/765/2017 2096/770/2022 2090/763/2016
f 2092/767/2018 2097/772/2023 2091/765/2017
f 2099/781/2025 2092/767/2018 2093/773/2019
f 2100/775/2026 2093/773/2019 2094/768/2020
f 2101/776/2027 2100/775/2026 2095/769/2021
f 2096/770/2022 2101/785/2027 2095/778/2021
f 2097/772/2023 2102/777/2028 2096/770/2022
f 2098/774/2024 2103/779/2029 2097/772/2023
f 2105/780/2031 2098/774/2024 2099/781/2025
f 2106/782/2032 2099/781/2025 2100/775/2026
f 2101/776/2027 2112/790/2038 2106/782/2032
f 2102/777/2028 2107/784/2033 2101/785/2027
f 2109/788/2035 2102/777/2028 2103/779/2029
f 2110/794/2036 2103/779/2029 2104/787/2030
f 2111/789/2037 2104/787/2030 2105/780/2031
f 2106/782/2032 2111/789/2037 2105/780/2031
f 2107/783/2033 2118/797/2044 2112/790/2038
f 2108/786/2034 2113/792/2039 2107/784/2033
f 2115/795/2041 2108/786/2034 2109/788/2035
f 2116/801/2042 2109/788/2035 2110/794/2036
f 2117/796/2043 2110/794/2036 2111/789/2037
f 2112/790/2038 2117/796/2043 2111/789/2037
f 2113/791/2039 2124/804/2050 2118/797/2044
f 2114/793/2040 2119/799/2045 2113/792/2039
f 2121/802/2047 2114/793/2040 2115/795/2041
f 2122/809/2048 2115/795/2041 2116/801/2042
f 2123/803/2049 2116/801/2042 2117/796/2043
f 2118/797/2044 2123/803/2049 2117/796/2043
f 2119/798/2045 2130/805/2056 2124/804/2050
f 2120/800/2046 2125/806/2051 2119/799/2045
f 2127/814/2053 2120/800/2046 2121/802/2047
f 2128/808/2054 2121/802/2047 2122/809/2048
f 2129/810/2055 2122/809/2048 2123/803/2049
f 2124/804/2050 2129/810/2055 2123/803/2049
f 2125/811/2051 2136/812/2062 2130/805/2056
f 2126/807/2052 2131/813/2057 2125/806/2051
f 2133/822/2059 2126/807/2052 2127/814/2053
f 2134/816/2060 2127/814/2053 2128/808/2054
f 2135/817/2061 2128/808/2054 2129/810/2055
f 2130/805/2056 2135/817/2061 2129/810/2055
f 2131/818/2057 2142/819/2068 2136/812/2062
f 2132/815/2058 2137/820/2063 2131/813/2057
f 2139/821/2065 2132/815/2058 2133/822/2059
f 2140/823/2066 2133/822/2059 2134/816/2060
f 2141/824/2067 2134/816/2060 2135/817/2061
f 2136/812/2062 2141/824/2067 2135/817/2061
f 2137/825/2063 2148/826/2074 2142/819/2068
f 2138/827/2064 2143/828/2069 2137/820/2063
f 2145/829/2071 2138/827/2064 2139/821/2065
f 2146/830/2072 2139/821/2065 2140/823/2066
f 2147/831/2073 2140/823/2066 2141/824/2067
f 2142/819/2068 2147/831/2073 2141/824/2067
f 2143/832/2069 2154/833/2080 2148/826/2074
f 2144/834/2070 2149/835/2075 2143/828/2069
f 2151/836/2077 2144/834/2070 2145/829/2071
f 2152/837/2078 2145/829/2071 2146/830/2072
f 2153/838/2079 2146/830/2072 2147/831/2073
f 2148/826/2074 2153/838/2079 2147/831/2073
f 2149/839/2075 2160/840/2086 2154/833/2080
f 2150/841/2076 2155/842/2081 2149/835/2075
f 2157/843/2083 2150/841/2076 2151/836/2077
f 2158/844/2084 2151/836/2077 2152/837/2078
f 2159/845/2085 2152/837/2078 2153/838/2079
f 2154/833/2080 2159/845/2085 2153/838/2079
f 2155/846/2081 2166/847/2092 2160/840/2086
f 2156/848/2082 2161/849/2087 2155/842/2081
f 2163/850/2089 2156/848/2082 2157/843/2083
f 2164/851/2090 2157/843/2083 2158/844/2084
f 2165/852/2091 2158/844/2084 2159/845/2085
f 2160/840/2086 2165/852/2091 2159/845/2085
f 2167/861/2093 2166/847/2092 2161/853/2087
f 2162/856/2088 2167/863/2093 2161/849/2087
f 2163/850/2089 2168/855/2094 2162/856/2088
f 2164/851/2090 2169/857/2095 2163/850/2089
f 2171/859/2097 2164/851/2090 2165/852/2091
f 2172/854/2098 2165/852/2091 2166/847/2092
f 2173/860/2099 2172/854/2098 2167/861/2093
f 2168/855/2094 2173/869/2099 2167/863/2093
f 2169/857/2095 2174/862/2100 2168/855/2094
f 2170/858/2096 2175/864/2101 2169/857/2095
f 2177/871/2103 2170/858/2096 2171/859/2097
f 2178/866/2104 2171/859/2097 2172/854/2098
f 2179/867/2105 2178/866/2104 2173/860/2099
f 2174/862/2100 2179/876/2105 2173/869/2099
f 2175/864/2101 2180/868/2106 2174/862/2100
f 2176/865/2102 2181/870/2107 2175/864/2101
f 2183/879/2109 2176/865/2102 2177/871/2103
f 2184/873/2110 2177/871/2103 2178/866/2104
f 2179/867/2105 2190/880/2116 2184/873/2110
f 2180/868/2106 2185/883/2111 2179/876/2105
f 2181/870/2107 2186/875/2112 2180/868/2106
f 2188/884/2114 2181/870/2107 2182/872/2108
f 2189/878/2115 2182/872/2108 2183/879/2109
f 2190/880/2116 2183/879/2109 2184/873/2110
f 2185/874/2111 2196/887/2122 2190/880/2116
f 2186/875/2112 2191/890/2117 2185/883/2111
f 2193/885/2119 2186/875/2112 2187/877/2113
f 2194/891/2120 2187/877/2113 2188/884/2114
f 2195/886/2121 2188/884/2114 2189/878/2115
f 2190/880/2116 2195/886/2121 2189/878/2115
f 2191/881/2117 2202/894/2128 2196/887/2122
f 2192/882/2118 2197/897/2123 2191/890/2117
f 2199/892/2125 2192/882/2118 2193/885/2119
f 2200/898/2126 2193/885/2119 2194/891/2120
f 2201/893/2127 2194/891/2120 2195/886/2121
f 2196/887/2122 2201/893/2127 2195/886/2121
f 2197/888/2123 2208/901/2134 2202/894/2128
f 2198/889/2124 2203/904/2129 2197/897/2123
f 2205/899/2131 2198/889/2124 2199/892/2125
f 2206/905/2132 2199/892/2125 2200/898/2126
f 2207/900/2133 2200/898/2126 2201/893/2127
f 2202/894/2128 2207/900/2133 2201/893/2127
f 2203/895/2129 2214/908/2140 2208/901/2134
f 2204/896/2130 2209/911/2135 2203/904/2129
f 2211/906/2137 2204/896/2130 2205/899/2131
f 2212/912/2138 2205/899/2131 2206/905/2132
f 2213/907/2139 2206/905/2132 2207/900/2133
f 2208/901/2134 2213/907/2139 2207/900/2133
f 2209/902/2135 2220/915/2146 2214/908/2140
f 2210/903/2136 2215/918/2141 2209/911/2135
f 2217/913/2143 2210/903/2136 2211/906/2137
f 2218/919/2144 2211/906/2137 2212/912/2138
f 2219/914/2145 2212/912/2138 2213/907/2139
f 2214/908/2140 2219/914/2145 2213/907/2139
f 2215/909/2141 2226/922/2152 2220/915/2146
f 2216/910/2142 2221/925/2147 2215/918/2141
f 2223/920/2149 2216/910/2142 2217/913/2143
f 2224/926/2150 2217/913/2143 2218/919/2144
f 2225/921/2151 2218/919/2144 2219/914/2145
f 2220/915/2146 2225/921/2151 2219/914/2145
f 2221/916/2147 2232/929/2158 2226/922/2152
f 2222/917/2148 2227/930/2153 2221/925/2147
f 2229/927/2155 2222/917/2148 2223/920/2149
f 2230/931/2156 2223/920/2149 2224/926/2150
f 2231/928/2157 2224/926/2150 2225/921/2151
f 2226/922/2152 2231/928/2157 2225/921/2151
f 2227/923/2153 2238/165/2164 2232/929/2158
f 2228/924/2154 2233/160/2159 2227/930/2153
f 2235/163/2161 2228/924/2154 2229/927/2155
f 2236/168/2162 2229/927/2155 2230/931/2156
f 2237/164/2163 2230/931/2156 2231/928/2157
f 2232/929/2158 2237/164/2163 2231/928/2157
f 2239/932/2165 2238/165/2164 2233/159/2159
f 2234/161/2160 2239/939/2165 2233/160/2159
f 2235/163/2161 2240/933/2166 2234/161/2160
f 2236/168/2162 2241/934/2167 2235/163/2161
f 2243/935/2169 2236/168/2162 2237/164/2163
f 2244/936/2170 2237/164/2163 2238/165/2164
f 2245/937/2171 2244/936/2170 2239/932/2165
f 2246/938/2172 2239/939/2165 2240/933/2166
f 2241/934/2167 2246/938/2172 2240/933/2166
f 2242/940/2168 2247/941/2173 2241/934/2167
f 2243/935/2169 2248/947/2174 2242/940/2168
f 2250/943/2176 2243/935/2169 2244/936/2170
f 2251/944/2177 2250/943/2176 2245/937/2171
f 2252/945/2178 2245/946/2171 2246/938/2172
f 2247/941/2173 2252/945/2178 2246/938/2172
f 2248/947/2174 2253/948/2179 2247/941/2173
f 2249/942/2175 2254/954/2180 2248/947/2174
f 2256/950/2182 2249/942/2175 2250/943/2176
f 2257/951/2183 2256/950/2182 2251/944/2177
f 2252/945/2178 2257/960/2183 2251/953/2177
f 2253/948/2179 2258/952/2184 2252/945/2178
f 2254/954/2180 2259/955/2185 2253/948/2179
f 2261/956/2187 2254/954/2180 2255/949/2181
f 2262/957/2188 2255/949/2181 2256/950/2182
f 2263/958/2189 2262/957/2188 2257/951/2183
f 2264/959/2190 2257/960/2183 2258/952/2184
f 2259/955/2185 2264/959/2190 2258/952/2184
f 2260/961/2186 2265/962/2191 2259/955/2185
f 2261/956/2187 2266/968/2192 2260/961/2186
f 2268/964/2194 2261/956/2187 2262/957/2188
f 2269/965/2195 2268/964/2194 2263/958/2189
f 2264/959/2190 2269/974/2195 2263/967/2189
f 2265/962/2191 2270/966/2196 2264/959/2190
f 2266/968/2192 2271/969/2197 2265/962/2191
f 2273/970/2199 2266/968/2192 2267/963/2193
f 2274/971/2200 2267/963/2193 2268/964/2194
f 2275/972/2201 2274/971/2200 2269/965/2195
f 2276/973/2202 2269/974/2195 2270/966/2196
f 2271/969/2197 2276/973/2202 2270/966/2196
f 2272/975/2198 2277/976/2203 2271/969/2197
f 2273/970/2199 2278/982/2204 2272/975/2198
f 2280/978/2206 2273/970/2199 2274/971/2200
f 2281/979/2207 2280/978/2206 2275/972/2201
f 2276/973/2202 2281/988/2207 2275/981/2201
f 2277/976/2203 2282/980/2208 2276/973/2202
f 2278/982/2204 2283/983/2209 2277/976/2203
f 2285/991/2211 2278/982/2204 2279/977/2205
f 2286/985/2212 2279/977/2205 2280/978/2206
f 2287/993/2213 2286/985/2212 2281/979/2207
f 2288/995/2214 2281/988/2207 2282/980/2208
f 2283/983/2209 2288/995/2214 2282/980/2208
f 2284/984/2210 2289/989/2215 2283/983/2209
f 2285/991/2211 2290/990/2216 2284/984/2210
f 2292/986/2218 2285/991/2211 2286/985/2212
f 2287/993/2213 2298/994/2224 2292/986/2218
f 2288/995/2214 2293/996/2219 2287/987/2213
f 2295/997/2221 2288/995/2214 2289/989/2215
f 2296/998/2222 2289/989/2215 2290/990/2216
f 2297/999/2223 2290/990/2216 2291/992/2217
f 2292/986/2218 2297/999/2223 2291/992/2217
f 2293/1000/2219 2304/1001/2230 2298/994/2224
f 2300/1009/2226 2293/996/2219 2294/1002/2220
f 2301/1004/2227 2294/1002/2220 2295/997/2221
f 2302/1005/2228 2295/997/2221 2296/998/2222
f 2297/999/2223 2302/1005/2228 2296/998/2222
f 2298/994/2224 2303/1006/2229 2297/999/2223
f 2299/1007/2225 2310/1008/2236 2304/1001/2230
f 2306/1016/2232 2299/1003/2225 2300/1009/2226
f 2307/1011/2233 2300/1009/2226 2301/1004/2227
f 2308/1012/2234 2301/1004/2227 2302/1005/2228
f 2303/1006/2229 2308/1012/2234 2302/1005/2228
f 2304/1001/2230 2309/1013/2235 2303/1006/2229
f 2305/1014/2231 2316/1015/2242 2310/1008/2236
f 2306/1016/2232 2311/1017/2237 2305/1010/2231
f 2313/1018/2239 2306/1016/2232 2307/1011/2233
f 2314/1019/2240 2307/1011/2233 2308/1012/2234
f 2315/1020/2241 2308/1012/2234 2309/1013/2235
f 2310/1008/2236 2315/1020/2241 2309/1013/2235
f 2311/1021/2237 2322/1022/2248 2316/1015/2242
f 2318/1030/2244 2311/1017/2237 2312/1023/2238
f 2319/1025/2245 2312/1023/2238 2313/1018/2239
f 2320/1026/2246 2313/1018/2239 2314/1019/2240
f 2315/1020/2241 2320/1026/2246 2314/1019/2240
f 2316/1015/2242 2321/1027/2247 2315/1020/2241
f 2317/1028/2243 2328/1029/2254 2322/1022/2248
f 2318/1030/2244 2323/1031/2249 2317/1024/2243
f 2325/1032/2251 2318/1030/2244 2319/1025/2245
f 2326/1033/2252 2319/1025/2245 2320/1026/2246
f 2327/1034/2253 2320/1026/2246 2321/1027/2247
f 2322/1022/2248 2327/1034/2253 2321/1027/2247
f 2323/1035/2249 2334/1036/2260 2328/1029/2254
f 2330/1044/2256 2323/1031/2249 2324/1037/2250
f 2331/1039/2257 2324/1037/2250 2325/1032/2251
f 2332/1040/2258 2325/1032/2251 2326/1033/2252
f 2327/1034/2253 2332/1040/2258 2326/1033/2252
f 2328/1029/2254 2333/1041/2259 2327/1034/2253
f 2329/1042/2255 2340/1043/2266 2334/1036/2260
f 2336/1051/2262 2329/1038/2255 2330/1044/2256
f 2337/1046/2263 2330/1044/2256 2331/1039/2257
f 2338/1047/2264 2331/1039/2257 2332/1040/2258
f 2333/1041/2259 2338/1047/2264 2332/1040/2258
f 2334/1036/2260 2339/1048/2265 2333/1041/2259
f 2335/1049/2261 2346/1050/2272 2340/1043/2266
f 2342/1058/2268 2335/1045/2261 2336/1051/2262
f 2343/1053/2269 2336/1051/2262 2337/1046/2263
f 2344/1054/2270 2337/1046/2263 2338/1047/2264
f 2339/1048/2265 2344/1054/2270 2338/1047/2264
f 2340/1043/2266 2345/1055/2271 2339/1048/2265
f 2341/1056/2267 2352/1057/2278 2346/1050/2272
f 2348/1065/2274 2341/1052/2267 2342/1058/2268
f 2349/1060/2275 2342/1058/2268 2343/1053/2269
f 2350/1061/2276 2343/1053/2269 2344/1054/2270
f 2345/1055/2271 2350/1061/2276 2344/1054/2270
f 2346/1050/2272 2351/1062/2277 2345/1055/2271
f 2347/1063/2273 2358/1064/2284 2352/1057/2278
f 2354/1072/2280 2347/1059/2273 2348/1065/2274
f 2355/1067/2281 2348/1065/2274 2349/1060/2275
f 2356/1068/2282 2349/1060/2275 2350/1061/2276
f 2357/1069/2283 2350/1061/2276 2351/1062/2277
f 2352/1057/2278 2357/1069/2283 2351/1062/2277
f 2353/1070/2279 2364/1071/2290 2358/1064/2284
f 2360/1079/2286 2353/1066/2279 2354/1072/2280
f 2361/1074/2287 2354/1072/2280 2355/1067/2281
f 2362/1075/2288 2355/1067/2281 2356/1068/2282
f 2357/1069/2283 2362/1075/2288 2356/1068/2282
f 2358/1064/2284 2363/1076/2289 2357/1069/2283
f 2359/1077/2285 2370/1078/2296 2364/1071/2290
f 2366/1086/2292 2359/1073/2285 2360/1079/2286
f 2367/1081/2293 2360/1079/2286 2361/1074/2287
f 2368/1082/2294 2361/1074/2287 2362/1075/2288
f 2363/1076/2289 2368/1082/2294 2362/1075/2288
f 2364/1071/2290 2369/1083/2295 2363/1076/2289
f 2365/1084/2291 2376/1085/2302 2370/1078/2296
f 2366/1086/2292 2371/1087/2297 2365/1080/2291
f 2373/1088/2299 2366/1086/2292 2367/1081/2293
f 2374/1089/2300 2367/1081/2293 2368/1082/2294
f 2375/1090/2301 2368/1082/2294 2369/1083/2295
f 2370/1078/2296 2375/1090/2301 2369/1083/2295
f 2371/1091/2297 2382/1092/2308 2376/1085/2302
f 2378/1100/2304 2371/1087/2297 2372/1093/2298
f 2379/1095/2305 2372/1093/2298 2373/1088/2299
f 2380/1096/2306 2373/1088/2299 2374/1089/2300
f 2375/1090/2301 2380/1096/2306 2374/1089/2300
f 2376/1085/2302 2381/1097/2307 2375/1090/2301
f 2377/1098/2303 2388/1099/2314 2382/1092/2308
f 2384/1107/2310 2377/1094/2303 2378/1100/2304
f 2385/1102/2311 2378/1100/2304 2379/1095/2305
f 2386/1103/2312 2379/1095/2305 2380/1096/2306
f 2381/1097/2307 2386/1103/2312 2380/1096/2306
f 2382/1092/2308 2387/1104/2313 2381/1097/2307
f 2383/1105/2309 2394/1106/2320 2388/1099/2314
f 2384/1107/2310 2389/1108/2315 2383/1101/2309
f 2391/1109/2317 2384/1107/2310 2385/1102/2311
f 2392/1110/2318 2385/1102/2311 2386/1103/2312
f 2393/1111/2319 2386/1103/2312 2387/1104/2313
f 2388/1099/2314 2393/1111/2319 2387/1104/2313
f 2389/1112/2315 2400/215/2326 2394/1106/2320
f 2396/209/2322 2389/1108/2315 2390/1113/2316
f 2397/211/2323 2390/1113/2316 2391/1109/2317
f 2398/212/2324 2391/1109/2317 2392/1110/2318
f 2393/1111/2319 2398/212/2324 2392/1110/2318
f 2394/1106/2320 2399/213/2325 2393/1111/2319
f 2395/207/2321 2406/1114/2332 2400/215/2326
f 2402/1116/2328 2395/217/2321 2396/209/2322
f 2403/1122/2329 2396/209/2322 2397/211/2323
f 2404/1117/2330 2397/211/2323 2398/212/2324
f 2399/213/2325 2404/1117/2330 2398/212/2324
f 2400/215/2326 2405/1118/2331 2399/213/2325
f 2401/1120/2327 2412/1126/2338 2406/1114/2332
f 2408/1123/2334 2401/1115/2327 2402/1116/2328
f 2409/1124/2335 2402/1116/2328 2403/1122/2329
f 2410/1130/2336 2403/1122/2329 2404/1117/2330
f 2405/1118/2331 2410/1130/2336 2404/1117/2330
f 2406/1114/2332 2411/1125/2337 2405/1118/2331
f 2407/1119/2333 2418/1133/2344 2412/1126/2338
f 2414/1129/2340 2407/1121/2333 2408/1123/2334
f 2415/1131/2341 2408/1123/2334 2409/1124/2335
f 2416/1137/2342 2409/1124/2335 2410/1130/2336
f 2411/1125/2337 2416/1137/2342 2410/1130/2336
f 2412/1126/2338 2417/1132/2343 2411/1125/2337
f 2413/1127/2339 2424/1140/2350 2418/1133/2344
f 2414/1129/2340 2419/1135/2345 2413/1128/2339
f 2421/1138/2347 2414/1129/2340 2415/1131/2341
f 2422/1143/2348 2415/1131/2341 2416/1137/2342
f 2423/1139/2349 2416/1137/2342 2417/1132/2343
f 2418/1133/2344 2423/1139/2349 2417/1132/2343
f 2419/1134/2345 2430/1146/2356 2424/1140/2350
f 2420/1136/2346 2425/1149/2351 2419/1135/2345
f 2427/1144/2353 2420/1136/2346 2421/1138/2347
f 2428/1150/2354 2421/1138/2347 2422/1143/2348
f 2429/1145/2355 2422/1143/2348 2423/1139/2349
f 2424/1140/2350 2429/1145/2355 2423/1139/2349
f 2425/1141/2351 2436/1153/2362 2430/1146/2356
f 2432/1148/2358 2425/1149/2351 2426/1142/2352
f 2433/1151/2359 2426/1142/2352 2427/1144/2353
f 2434/1157/2360 2427/1144/2353 2428/1150/2354
f 2429/1145/2355 2434/1157/2360 2428/1150/2354
f 2430/1146/2356 2435/1152/2361 2429/1145/2355
f 2431/1147/2357 2442/1160/2368 2436/1153/2362
f 2438/1155/2364 2431/1156/2357 2432/1148/2358
f 2433/1151/2359 2438/1155/2364 2432/1148/2358
f 2440/1164/2366 2433/1151/2359 2434/1157/2360
f 2435/1152/2361 2440/1164/2366 2434/1157/2360
f 2442/1160/2368 2435/1152/2361 2436/1153/2362
f 2443/1161/2369 2442/1160/2368 2437/1154/2363
f 2438/1155/2364 2443/1170/2369 2437/1163/2363
f 2439/1158/2365 2444/1162/2370 2438/1155/2364
f 2440/1164/2366 2445/1165/2371 2439/1158/2365
f 2447/1166/2373 2440/1164/2366 2441/1159/2367
f 2448/1167/2374 2441/1159/2367 2442/1160/2368
f 2449/1168/2375 2448/1167/2374 2443/1161/2369
f 2450/1169/2376 2443/1170/2369 2444/1162/2370
f 2445/1165/2371 2450/1169/2376 2444/1162/2370
f 2446/1171/2372 2451/1172/2377 2445/1165/2371
f 2447/1166/2373 2452/1178/2378 2446/1171/2372
f 2454/1174/2380 2447/1166/2373 2448/1167/2374
f 2455/1175/2381 2454/1174/2380 2449/1168/2375
f 2456/1176/2382 2449/1177/2375 2450/1169/2376
f 2451/1172/2377 2456/1176/2382 2450/1169/2376
f 2452/1178/2378 2457/1179/2383 2451/1172/2377
f 2453/1173/2379 2458/1185/2384 2452/1178/2378
f 2460/1181/2386 2453/1173/2379 2454/1174/2380
f 2461/1182/2387 2460/1181/2386 2455/1175/2381
f 2462/1183/2388 2455/1184/2381 2456/1176/2382
f 2457/1179/2383 2462/1183/2388 2456/1176/2382
f 2458/1185/2384 2463/1186/2389 2457/1179/2383
f 2459/1180/2385 2464/1192/2390 2458/1185/2384
f 2466/1188/2392 2459/1180/2385 2460/1181/2386
f 2467/1189/2393 2466/1188/2392 2461/1182/2387
f 2468/1190/2394 2461/1191/2387 2462/1183/2388
f 2463/1186/2389 2468/1190/2394 2462/1183/2388
f 2464/1192/2390 2469/1193/2395 2463/1186/2389
f 2465/1187/2391 2470/1199/2396 2464/1192/2390
f 2472/1195/2398 2465/1187/2391 2466/1188/2392
f 2473/1196/2399 2472/1195/2398 2467/1189/2393
f 2474/1197/2400 2467/1198/2393 2468/1190/2394
f 2469/1193/2395 2474/1197/2400 2468/1190/2394
f 2470/1199/2396 2475/1200/2401 2469/1193/2395
f 2471/1194/2397 2476/1206/2402 2470/1199/2396
f 2478/1202/2404 2471/1194/2397 2472/1195/2398
f 2479/1203/2405 2478/1202/2404 2473/1196/2399
f 2474/1197/2400 2479/1212/2405 2473/1205/2399
f 2475/1200/2401 2480/1204/2406 2474/1197/2400
f 2476/1206/2402 2481/1207/2407 2475/1200/2401
f 2483/1208/2409 2476/1206/2402 2477/1201/2403
f 2484/1209/2410 2477/1201/2403 2478/1202/2404
f 2485/1210/2411 2484/1209/2410 2479/1203/2405
f 2480/1204/2406 2485/1219/2411 2479/1212/2405
f 2481/1207/2407 2486/1211/2412 2480/1204/2406
f 2482/1213/2408 2487/1214/2413 2481/1207/2407
f 2489/1215/2415 2482/1213/2408 2483/1208/2409
f 2490/1216/2416 2483/1208/2409 2484/1209/2410
f 2491/1217/2417 2490/1216/2416 2485/1210/2411
f 2486/1211/2412 2491/1226/2417 2485/1219/2411
f 2487/1214/2413 2492/1218/2418 2486/1211/2412
f 2488/1220/2414 2493/1221/2419 2487/1214/2413
f 2495/1222/2421 2488/1220/2414 2489/1215/2415
f 2496/1223/2422 2489/1215/2415 2490/1216/2416
f 2497/1224/2423 2496/1223/2422 2491/1217/2417
f 2498/1225/2424 2491/1226/2417 2492/1218/2418
f 2493/1221/2419 2498/1225/2424 2492/1218/2418
f 2494/1227/2420 2499/1228/2425 2493/1221/2419
f 2495/1222/2421 2500/1234/2426 2494/1227/2420
f 2502/1230/2428 2495/1222/2421 2496/1223/2422
f 2503/1231/2429 2502/1230/2428 2497/1224/2423
f 2498/1225/2424 2503/1240/2429 2497/1233/2423
f 2499/1228/2425 2504/1232/2430 2498/1225/2424
f 2500/1234/2426 2505/1235/2431 2499/1228/2425
f 2507/1236/2433 2500/1234/2426 2501/1229/2427
f 2508/1237/2434 2501/1229/2427 2502/1230/2428
f 2509/1238/2435 2508/1237/2434 2503/1231/2429
f 2504/1232/2430 2509/1247/2435 2503/1240/2429
f 2505/1235/2431 2510/1239/2436 2504/1232/2430
f 2506/1241/2432 2511/1242/2437 2505/1235/2431
f 2513/1249/2439 2506/1241/2432 2507/1236/2433
f 2514/1244/2440 2507/1236/2433 2508/1237/2434
f 2515/1245/2441 2514/1244/2440 2509/1238/2435
f 2510/1239/2436 2515/1254/2441 2509/1247/2435
f 2511/1242/2437 2516/1246/2442 2510/1239/2436
f 2512/1243/2438 2517/1248/2443 2511/1242/2437
f 2519/1256/2445 2512/1243/2438 2513/1249/2439
f 2520/1251/2446 2513/1249/2439 2514/1244/2440
f 2521/1252/2447 2520/1251/2446 2515/1245/2441
f 2516/1246/2442 2521/1261/2447 2515/1254/2441
f 2517/1248/2443 2522/1253/2448 2516/1246/2442
f 2518/1250/2444 2523/1255/2449 2517/1248/2443
f 2525/1263/2451 2518/1250/2444 2519/1256/2445
f 2526/1258/2452 2519/1256/2445 2520/1251/2446
f 2527/1259/2453 2526/1258/2452 2521/1252/2447
f 2528/1260/2454 2521/1261/2447 2522/1253/2448
f 2523/1255/2449 2528/1260/2454 2522/1253/2448
f 2524/1257/2450 2529/1262/2455 2523/1255/2449
f 2531/1270/2457 2524/1257/2450 2525/1263/2451
f 2532/1265/2458 2525/1263/2451 2526/1258/2452
f 2533/1266/2459 2532/1265/2458 2527/1259/2453
f 2528/1260/2454 2533/1276/2459 2527/1268/2453
f 2529/1262/2455 2534/1267/2460 2528/1260/2454
f 2530/1264/2456 2535/1269/2461 2529/1262/2455
f 2537/1272/2463 2530/1264/2456 2531/1270/2457
f 2538/1274/2464 2531/1270/2457 2532/1265/2458
f 2539/1280/2465 2538/1274/2464 2533/1266/2459
f 2534/1267/2460 2539/1283/2465 2533/1276/2459
f 2535/1269/2461 2540/1275/2466 2534/1267/2460
f 2536/1271/2462 2541/1277/2467 2535/1269/2461
f 2543/1279/2469 2536/1271/2462 2537/1272/2463
f 2544/1273/2470 2537/1272/2463 2538/1274/2464
f 2545/1287/2471 2544/1273/2470 2539/1280/2465
f 2540/1275/2466 2545/1290/2471 2539/1283/2465
f 2541/1277/2467 2546/1282/2472 2540/1275/2466
f 2542/1278/2468 2547/1284/2473 2541/1277/2467
f 2549/1286/2475 2542/1278/2468 2543/1279/2469
f 2550/1281/2476 2543/1279/2469 2544/1273/2470
f 2551/1294/2477 2550/1281/2476 2545/1287/2471
f 2546/1282/2472 2551/1295/2477 2545/1290/2471
f 2547/1284/2473 2552/1289/2478 2546/1282/2472
f 2548/1285/2474 2553/1291/2479 2547/1284/2473
f 2555/1293/2481 2548/1285/2474 2549/1286/2475
f 2556/1288/2482 2549/1286/2475 2550/1281/2476
f 2557/263/2483 2556/1288/2482 2551/1294/2477
f 2552/1289/2478 2557/266/2483 2551/1295/2477
f 2553/1291/2479 2558/258/2484 2552/1289/2478
f 2554/1292/2480 2559/260/2485 2553/1291/2479
f 2561/262/2487 2554/1292/2480 2555/1293/2481
f 2562/256/2488 2555/1293/2481 2556/1288/2482
f 2563/1301/2489 2562/256/2488 2557/263/2483
f 2558/258/2484 2563/1304/2489 2557/266/2483
f 2559/260/2485 2564/1297/2490 2558/258/2484
f 2560/261/2486 2565/1298/2491 2559/260/2485
f 2567/1300/2493 2560/261/2486 2561/262/2487
f 2568/1296/2494 2561/262/2487 2562/256/2488
f 2569/1308/2495 2568/1296/2494 2563/1301/2489
f 2570/1303/2496 2563/1304/2489 2564/1297/2490
f 2565/1298/2491 2570/1303/2496 2564/1297/2490
f 2566/1299/2492 2571/1305/2497 2565/1298/2491
f 2567/1300/2493 2572/1306/2498 2566/1299/2492
f 2574/1302/2500 2567/1300/2493 2568/1296/2494
f 2575/1315/2501 2574/1302/2500 2569/1308/2495
f 2570/1303/2496 2575/1318/2501 2569/1311/2495
f 2571/1305/2497 2576/1310/2502 2570/1303/2496
f 2572/1306/2498 2577/1312/2503 2571/1305/2497
f 2579/1314/2505 2572/1306/2498 2573/1307/2499
f 2580/1309/2506 2573/1307/2499 2574/1302/2500
f 2581/1322/2507 2580/1309/2506 2575/1315/2501
f 2576/1310/2502 2581/1325/2507 2575/1318/2501
f 2577/1312/2503 2582/1317/2508 2576/1310/2502
f 2578/1313/2504 2583/1319/2509 2577/1312/2503
f 2585/1321/2511 2578/1313/2504 2579/1314/2505
f 2586/1316/2512 2579/1314/2505 2580/1309/2506
f 2587/1329/2513 2586/1316/2512 2581/1322/2507
f 2588/1324/2514 2581/1325/2507 2582/1317/2508
f 2583/1319/2509 2588/1324/2514 2582/1317/2508
f 2584/1320/2510 2589/1326/2515 2583/1319/2509
f 2585/1321/2511 2590/1327/2516 2584/1320/2510
f 2592/1323/2518 2585/1321/2511 2586/1316/2512
f 2593/1336/2519 2592/1323/2518 2587/1329/2513
f 2594/1331/2520 2587/1332/2513 2588/1324/2514
f 2589/1326/2515 2594/1331/2520 2588/1324/2514
f 2590/1327/2516 2595/1333/2521 2589/1326/2515
f 2591/1328/2517 2596/1334/2522 2590/1327/2516
f 2598/1330/2524 2591/1328/2517 2592/1323/2518
f 2599/1343/2525 2598/1330/2524 2593/1336/2519
f 2594/1331/2520 2599/1346/2525 2593/1339/2519
f 2595/1333/2521 2600/1338/2526 2594/1331/2520
f 2596/1334/2522 2601/1340/2527 2595/1333/2521
f 2603/1342/2529 2596/1334/2522 2597/1335/2523
f 2604/1337/2530 2597/1335/2523 2598/1330/2524
f 2605/1350/2531 2604/1337/2530 2599/1343/2525
f 2600/1338/2526 2605/1345/2531 2599/1346/2525
f 2601/1340/2527 2606/1352/2532 2600/1338/2526
f 2602/1341/2528 2607/1347/2533 2601/1340/2527
f 2609/1349/2535 2602/1341/2528 2603/1342/2529
f 2610/1344/2536 2603/1342/2529 2604/1337/2530
f 2611/1357/2537 2610/1344/2536 2605/1350/2531
f 2606/1352/2532 2611/1353/2537 2605/1345/2531
f 2607/1347/2533 2612/1359/2538 2606/1352/2532
f 2608/1348/2534 2613/1354/2539 2607/1347/2533
f 2615/1356/2541 2608/1348/2534 2609/1349/2535
f 2616/1351/2542 2609/1349/2535 2610/1344/2536
f 2617/1364/2543 2616/1351/2542 2611/1357/2537
f 2618/1366/2544 2611/1353/2537 2612/1359/2538
f 2613/1354/2539 2618/1366/2544 2612/1359/2538
f 2614/1355/2540 2619/1361/2545 2613/1354/2539
f 2615/1356/2541 2620/1362/2546 2614/1355/2540
f 2622/1358/2548 2615/1356/2541 2616/1351/2542
f 2623/1371/2549 2622/1358/2548 2617/1364/2543
f 2624/1373/2550 2617/1360/2543 2618/1366/2544
f 2619/1361/2545 2624/1373/2550 2618/1366/2544
f 2620/1362/2546 2625/1368/2551 2619/1361/2545
f 2621/1363/2547 2626/1369/2552 2620/1362/2546
f 2628/1365/2554 2621/1363/2547 2622/1358/2548
f 2623/1371/2549 2634/1372/2560 2628/1365/2554
f 2624/1373/2550 2629/1374/2555 2623/1367/2549
f 2631/1375/2557 2624/1373/2550 2625/1368/2551
f 2632/1376/2558 2625/1368/2551 2626/1369/2552
f 2633/1377/2559 2626/1369/2552 2627/1370/2553
f 2628/1365/2554 2633/1377/2559 2627/1370/2553
f 2629/1378/2555 2640/1379/2566 2634/1372/2560
f 2630/1380/2556 2635/1381/2561 2629/1374/2555
f 2637/1382/2563 2630/1380/2556 2631/1375/2557
f 2638/1383/2564 2631/1375/2557 2632/1376/2558
f 2639/1384/2565 2632/1376/2558 2633/1377/2559
f 2634/1372/2560 2639/1384/2565 2633/1377/2559
f 2635/1385/2561 2646/1386/2572 2640/1379/2566
f 2642/1394/2568 2635/1381/2561 2636/1387/2562
f 2643/1389/2569 2636/1387/2562 2637/1382/2563
f 2644/1390/2570 2637/1382/2563 2638/1383/2564
f 2639/1384/2565 2644/1390/2570 2638/1383/2564
f 2640/1379/2566 2645/1391/2571 2639/1384/2565
f 2641/1392/2567 2652/1393/2578 2646/1386/2572
f 2648/1401/2574 2641/1388/2567 2642/1394/2568
f 2649/1396/2575 2642/1394/2568 2643/1389/2569
f 2650/1397/2576 2643/1389/2569 2644/1390/2570
f 2645/1391/2571 2650/1397/2576 2644/1390/2570
f 2646/1386/2572 2651/1398/2577 2645/1391/2571
f 2647/1399/2573 2658/1400/2584 2652/1393/2578
f 2654/1408/2580 2647/1395/2573 2648/1401/2574
f 2655/1403/2581 2648/1401/2574 2649/1396/2575
f 2656/1404/2582 2649/1396/2575 2650/1397/2576
f 2657/1405/2583 2650/1397/2576 2651/1398/2577
f 2652/1393/2578 2657/1405/2583 2651/1398/2577
f 2653/1406/2579 2664/1407/2590 2658/1400/2584
f 2654/1408/2580 2659/1409/2585 2653/1402/2579
f 2661/1410/2587 2654/1408/2580 2655/1403/2581
f 2662/1411/2588 2655/1403/2581 2656/1404/2582
f 2663/1412/2589 2656/1404/2582 2657/1405/2583
f 2658/1400/2584 2663/1412/2589 2657/1405/2583
f 2659/1413/2585 2670/1414/2596 2664/1407/2590
f 2660/1415/2586 2665/1416/2591 2659/1409/2585
f 2667/1417/2593 2660/1415/2586 2661/1410/2587
f 2668/1418/2594 2661/1410/2587 2662/1411/2588
f 2669/1419/2595 2662/1411/2588 2663/1412/2589
f 2664/1407/2590 2669/1419/2595 2663/1412/2589
f 2671/1427/2597 2670/1414/2596 2665/1420/2591
f 2672/1429/2598 2665/1416/2591 2666/1422/2592
f 2667/1417/2593 2672/1429/2598 2666/1422/2592
f 2668/1418/2594 2673/1424/2599 2667/1417/2593
f 2669/1419/2595 2674/1425/2600 2668/1418/2594
f 2676/1421/2602 2669/1419/2595 2670/1414/2596
f 2677/1434/2603 2676/1421/2602 2671/1427/2597
f 2672/1429/2598 2677/1430/2603 2671/1423/2597
f 2673/1424/2599 2678/1436/2604 2672/1429/2598
f 2674/1425/2600 2679/1431/2605 2673/1424/2599
f 2681/1433/2607 2674/1425/2600 2675/1426/2601
f 2682/1428/2608 2675/1426/2601 2676/1421/2602
f 2683/1441/2609 2682/1428/2608 2677/1434/2603
f 2678/1436/2604 2683/1437/2609 2677/1430/2603
f 2679/1431/2605 2684/1444/2610 2678/1436/2604
f 2680/1432/2606 2685/1438/2611 2679/1431/2605
f 2687/1440/2613 2680/1432/2606 2681/1433/2607
f 2688/1435/2614 2681/1433/2607 2682/1428/2608
f 2689/1449/2615 2688/1435/2614 2683/1441/2609
f 2684/1444/2610 2689/1451/2615 2683/1437/2609
f 2685/1438/2611 2690/1443/2616 2684/1444/2610
f 2686/1439/2612 2691/1445/2617 2685/1438/2611
f 2693/1447/2619 2686/1439/2612 2687/1440/2613
f 2694/1442/2620 2687/1440/2613 2688/1435/2614
f 2695/1448/2621 2694/1442/2620 2689/1449/2615
f 2690/1443/2616 2695/1458/2621 2689/1451/2615
f 2691/1445/2617 2696/1450/2622 2690/1443/2616
f 2692/1446/2618 2697/1452/2623 2691/1445/2617
f 2699/1454/2625 2692/1446/2618 2693/1447/2619
f 2700/1456/2626 2693/1447/2619 2694/1442/2620
f 2701/1455/2627 2700/1456/2626 2695/1448/2621
f 2696/1450/2622 2701/1464/2627 2695/1458/2621
f 2697/1452/2623 2702/1457/2628 2696/1450/2622
f 2698/1453/2624 2703/1459/2629 2697/1452/2623
f 2705/1467/2631 2698/1453/2624 2699/1454/2625
f 2706/1461/2632 2699/1454/2625 2700/1456/2626
f 2707/1462/2633 2706/1461/2632 2701/1455/2627
f 2702/1457/2628 2707/1471/2633 2701/1464/2627
f 2703/1459/2629 2708/1463/2634 2702/1457/2628
f 2704/1460/2630 2709/1465/2635 2703/1459/2629
f 2711/1466/2637 2704/1460/2630 2705/1467/2631
f 2712/1468/2638 2705/1467/2631 2706/1461/2632
f 2713/1469/2639 2712/1468/2638 2707/1462/2633
f 2708/1463/2634 2713/1476/2639 2707/1471/2633
f 2709/1465/2635 2714/1470/2640 2708/1463/2634
f 2710/1472/2636 2715/1473/2641 2709/1465/2635
f 2717/1474/2643 2710/1472/2636 2711/1466/2637
f 2718/1475/2644 2711/1466/2637 2712/1468/2638
f 2713/1469/2639 2724/306/2650 2718/1475/2644
f 2720/309/2646 2713/1476/2639 2714/1470/2640
f 2721/315/2647 2714/1470/2640 2715/1473/2641
f 2722/310/2648 2715/1473/2641 2716/1477/2642
f 2717/1474/2643 2722/310/2648 2716/1477/2642
f 2718/1475/2644 2723/311/2649 2717/1474/2643
f 2719/312/2645 2730/1482/2656 2724/306/2650
f 2726/1479/2652 2719/307/2645 2720/309/2646
f 2727/1480/2653 2720/309/2646 2721/315/2647
f 2728/1486/2654 2721/315/2647 2722/310/2648
f 2723/311/2649 2728/1486/2654 2722/310/2648
f 2724/306/2650 2729/1481/2655 2723/311/2649
f 2725/1478/2651 2736/1489/2662 2730/1482/2656
f 2732/1484/2658 2725/1485/2651 2726/1479/2652
f 2733/1487/2659 2726/1479/2652 2727/1480/2653
f 2734/1493/2660 2727/1480/2653 2728/1486/2654
f 2729/1481/2655 2734/1493/2660 2728/1486/2654
f 2730/1482/2656 2735/1488/2661 2729/1481/2655
f 2731/1483/2657 2742/1496/2668 2736/1489/2662
f 2738/1491/2664 2731/1492/2657 2732/1484/2658
f 2739/1494/2665 2732/1484/2658 2733/1487/2659
f 2740/1501/2666 2733/1487/2659 2734/1493/2660
f 2735/1488/2661 2740/1501/2666 2734/1493/2660
f 2736/1489/2662 2741/1495/2667 2735/1488/2661
f 2737/1490/2663 2748/1504/2674 2742/1496/2668
f 2744/1500/2670 2737/1499/2663 2738/1491/2664
f 2745/1502/2671 2738/1491/2664 2739/1494/2665
f 2746/1508/2672 2739/1494/2665 2740/1501/2666
f 2741/1495/2667 2746/1508/2672 2740/1501/2666
f 2742/1496/2668 2747/1503/2673 2741/1495/2667
f 2743/1497/2669 2754/1511/2680 2748/1504/2674
f 2744/1500/2670 2749/1506/2675 2743/1498/2669
f 2751/1509/2677 2744/1500/2670 2745/1502/2671
f 2752/1514/2678 2745/1502/2671 2746/1508/2672
f 2753/1510/2679 2746/1508/2672 2747/1503/2673
f 2748/1504/2674 2753/1510/2679 2747/1503/2673
f 2749/1505/2675 2760/1517/2686 2754/1511/2680
f 2750/1507/2676 2755/1520/2681 2749/1506/2675
f 2757/1515/2683 2750/1507/2676 2751/1509/2677
f 2758/1521/2684 2751/1509/2677 2752/1514/2678
f 2759/1516/2685 2752/1514/2678 2753/1510/2679
f 2754/1511/2680 2759/1516/2685 2753/1510/2679
f 2755/1512/2681 2766/1524/2692 2760/1517/2686
f 2756/1513/2682 2761/1527/2687 2755/1520/2681
f 2763/1522/2689 2756/1513/2682 2757/1515/2683
f 2764/1528/2690 2757/1515/2683 2758/1521/2684
f 2765/1523/2691 2758/1521/2684 2759/1516/2685
f 2760/1517/2686 2765/1523/2691 2759/1516/2685
f 2761/1518/2687 2772/1531/2698 2766/1524/2692
f 2762/1519/2688 2767/1534/2693 2761/1527/2687
f 2769/1529/2695 2762/1519/2688 2763/1522/2689
f 2770/1535/2696 2763/1522/2689 2764/1528/2690
f 2771/1530/2697 2764/1528/2690 2765/1523/2691
f 2766/1524/2692 2771/1530/2697 2765/1523/2691
f 2767/1525/2693 2778/1538/2704 2772/1531/2698
f 2768/1526/2694 2773/1541/2699 2767/1534/2693
f 2775/1536/2701 2768/1526/2694 2769/1529/2695
f 2776/1542/2702 2769/1529/2695 2770/1535/2696
f 2777/1537/2703 2770/1535/2696 2771/1530/2697
f 2772/1531/2698 2777/1537/2703 2771/1530/2697
f 2773/1532/2699 2784/1545/2710 2778/1538/2704
f 2774/1533/2700 2779/1548/2705 2773/1541/2699
f 2775/1536/2701 2780/1540/2706 2774/1533/2700
f 2782/1549/2708 2775/1536/2701 2776/1542/2702
f 2783/1544/2709 2776/1542/2702 2777/1537/2703
f 2784/1545/2710 2777/1537/2703 2778/1538/2704
f 2785/1546/2711 2784/1545/2710 2779/1539/2705
f 2780/1540/2706 2785/1555/2711 2779/1548/2705
f 2781/1543/2707 2786/1547/2712 2780/1540/2706
f 2782/1549/2708 2787/1550/2713 2781/1543/2707
f 2789/1558/2715 2782/1549/2708 2783/1544/2709
f 2790/1552/2716 2783/1544/2709 2784/1545/2710
f 2791/1560/2717 2790/1552/2716 2785/1546/2711
f 2786/1547/2712 2791/1563/2717 2785/1555/2711
f 2787/1550/2713 2792/1554/2718 2786/1547/2712
f 2788/1551/2714 2793/1556/2719 2787/1550/2713
f 2795/1559/2721 2788/1551/2714 2789/1558/2715
f 2796/1553/2722 2789/1558/2715 2790/1552/2716
f 2797/1567/2723 2796/1553/2722 2791/1560/2717
f 2792/1554/2718 2797/1570/2723 2791/1563/2717
f 2793/1556/2719 2798/1562/2724 2792/1554/2718
f 2794/1557/2720 2799/1564/2725 2793/1556/2719
f 2801/1566/2727 2794/1557/2720 2795/1559/2721
f 2802/1561/2728 2795/1559/2721 2796/1553/2722
f 2803/1574/2729 2802/1561/2728 2797/1567/2723
f 2798/1562/2724 2803/1577/2729 2797/1570/2723
f 2799/1564/2725 2804/1569/2730 2798/1562/2724
f 2800/1565/2726 2805/1571/2731 2799/1564/2725
f 2807/1573/2733 2800/1565/2726 2801/1566/2727
f 2808/1568/2734 2801/1566/2727 2802/1561/2728
f 2809/1581/2735 2808/1568/2734 2803/1574/2729
f 2804/1569/2730 2809/1584/2735 2803/1577/2729
f 2805/1571/2731 2810/1576/2736 2804/1569/2730
f 2806/1572/2732 2811/1578/2737 2805/1571/2731
f 2813/1580/2739 2806/1572/2732 2807/1573/2733
f 2814/1575/2740 2807/1573/2733 2808/1568/2734
f 2815/1588/2741 2814/1575/2740 2809/1581/2735
f 2810/1576/2736 2815/1591/2741 2809/1584/2735
f 2811/1578/2737 2816/1583/2742 2810/1576/2736
f 2812/1579/2738 2817/1585/2743 2811/1578/2737
f 2819/1587/2745 2812/1579/2738 2813/1580/2739
f 2820/1582/2746 2813/1580/2739 2814/1575/2740
f 2821/1595/2747 2820/1582/2746 2815/1588/2741
f 2816/1583/2742 2821/1598/2747 2815/1591/2741
f 2817/1585/2743 2822/1590/2748 2816/1583/2742
f 2818/1586/2744 2823/1592/2749 2817/1585/2743
f 2825/1594/2751 2818/1586/2744 2819/1587/2745
f 2826/1589/2752 2819/1587/2745 2820/1582/2746
f 2821/1595/2747 2832/1596/2758 2826/1589/2752
f 2822/1590/2748 2827/1605/2753 2821/1598/2747
f 2823/1592/2749 2828/1597/2754 2822/1590/2748
f 2830/1600/2756 2823/1592/2749 2824/1593/2750
f 2831/1601/2757 2824/1593/2750 2825/1594/2751
f 2832/1596/2758 2825/1594/2751 2826/1589/2752
f 2827/1602/2753 2838/1603/2764 2832/1596/2758
f 2828/1597/2754 2833/1612/2759 2827/1605/2753
f 2829/1599/2755 2834/1604/2760 2828/1597/2754
f 2836/1607/2762 2829/1599/2755 2830/1600/2756
f 2837/1608/2763 2830/1600/2756 2831/1601/2757
f 2838/1603/2764 2831/1601/2757 2832/1596/2758
f 2833/1609/2759 2844/1610/2770 2838/1603/2764
f 2834/1604/2760 2839/1611/2765 2833/1612/2759
f 2835/1606/2761 2840/1618/2766 2834/1604/2760
f 2842/1614/2768 2835/1606/2761 2836/1607/2762
f 2843/1615/2769 2836/1607/2762 2837/1608/2763
f 2844/1610/2770 2837/1608/2763 2838/1603/2764
f 2839/1616/2765 2850/1617/2776 2844/1610/2770
f 2840/1618/2766 2845/1619/2771 2839/1611/2765
f 2847/1626/2773 2840/1618/2766 2841/1613/2767
f 2848/1621/2774 2841/1613/2767 2842/1614/2768
f 2849/1622/2775 2842/1614/2768 2843/1615/2769
f 2844/1610/2770 2849/1622/2775 2843/1615/2769
f 2845/1623/2771 2856/1624/2782 2850/1617/2776
f 2846/1620/2772 2851/1625/2777 2845/1619/2771
f 2853/1634/2779 2846/1620/2772 2847/1626/2773
f 2854/1628/2780 2847/1626/2773 2848/1621/2774
f 2855/1629/2781 2848/1621/2774 2849/1622/2775
f 2850/1617/2776 2855/1629/2781 2849/1622/2775
f 2851/1630/2777 2862/1631/2788 2856/1624/2782
f 2858/1639/2784 2851/1625/2777 2852/1627/2778
f 2859/1633/2785 2852/1627/2778 2853/1634/2779
f 2860/1635/2786 2853/1634/2779 2854/1628/2780
f 2855/1629/2781 2860/1635/2786 2854/1628/2780
f 2856/1624/2782 2861/1636/2787 2855/1629/2781
f 2857/1637/2783 2868/1638/2794 2862/1631/2788
f 2864/1646/2790 2857/1632/2783 2858/1639/2784
f 2865/1641/2791 2858/1639/2784 2859/1633/2785
f 2866/1642/2792 2859/1633/2785 2860/1635/2786
f 2861/1636/2787 2866/1642/2792 2860/1635/2786
f 2862/1631/2788 2867/1643/2793 2861/1636/2787
f 2863/1644/2789 2874/1645/2800 2868/1638/2794
f 2870/1653/2796 2863/1640/2789 2864/1646/2790
f 2871/1648/2797 2864/1646/2790 2865/1641/2791
f 2872/1649/2798 2865/1641/2791 2866/1642/2792
f 2867/1643/2793 2872/1649/2798 2866/1642/2792
f 2868/1638/2794 2873/1650/2799 2867/1643/2793
f 2869/1651/2795 2880/1652/2806 2874/1645/2800
f 2876/1659/2802 2869/1647/2795 2870/1653/2796
f 2877/1655/2803 2870/1653/2796 2871/1648/2797
f 2878/1656/2804 2871/1648/2797 2872/1649/2798
f 2873/1650/2799 2878/1656/2804 2872/1649/2798
f 2874/1645/2800 2879/1657/2805 2873/1650/2799
f 2875/1658/2801 1746/355/1677 2880/1652/2806
f 1742/358/1673 2875/1654/2801 2876/1659/2802
f 1743/1660/1674 2876/1659/2802 2877/1655/2803
f 1744/359/1675 2877/1655/2803 2878/1656/2804
f 2879/1657/2805 1744/359/1675 2878/1656/2804
f 2880/1652/2806 1745/360/1676 2879/1657/2805
f 13/13/13 18/26/18 12/14/12
f 14/16/14 13/28/13 7/17/7
f 15/19/15 14/16/14 8/18/8
f 10/21/10 16/23/16 15/19/15
f 11/22/11 17/24/17 16/23/16
f 12/14/12 18/26/18 17/24/17
f 19/25/19 24/33/24 18/26/18
f 20/27/20 19/35/19 13/28/13
f 21/29/21 20/27/20 14/16/14
f 16/23/16 22/30/22 21/29/21
f 17/24/17 23/31/23 22/30/22
f 18/26/18 24/33/24 23/31/23
f 25/32/25 30/40/30 24/33/24
f 26/34/26 25/42/25 19/35/19
f 27/36/27 26/34/26 20/27/20
f 22/30/22 28/37/28 27/36/27
f 23/31/23 29/38/29 28/37/28
f 24/33/24 30/40/30 29/38/29
f 31/39/31 36/45/36 30/40/30
f 32/41/32 31/48/31 25/42/25
f 27/36/27 33/43/33 32/41/32
f 28/37/28 34/44/34 33/43/33
f 29/38/29 35/52/35 34/44/34
f 36/45/36 35/52/35 29/38/29
f 37/46/37 42/53/42 36/45/36
f 32/41/32 38/49/38 37/47/37
f 33/43/33 39/50/39 38/49/38
f 34/44/34 40/57/40 39/50/39
f 41/51/41 40/57/40 34/44/34
f 42/53/42 41/51/41 35/52/35
f 43/54/43 48/60/48 42/53/42
f 38/49/38 44/56/44 43/55/43
f 39/50/39 45/58/45 44/56/44
f 40/57/40 46/64/46 45/58/45
f 47/59/47 46/64/46 40/57/40
f 48/60/48 47/59/47 41/51/41
f 49/61/49 54/67/54 48/60/48
f 44/56/44 50/63/50 49/62/49
f 45/58/45 51/65/51 50/63/50
f 46/64/46 52/71/52 51/65/51
f 53/66/53 52/71/52 46/64/46
f 54/67/54 53/66/53 47/59/47
f 55/68/55 60/74/60 54/67/54
f 50/63/50 56/70/56 55/69/55
f 51/65/51 57/72/57 56/70/56
f 52/71/52 58/78/58 57/72/57
f 59/73/59 58/78/58 52/71/52
f 60/74/60 59/73/59 53/66/53
f 61/75/61 66/81/66 60/74/60
f 56/70/56 62/77/62 61/76/61
f 57/72/57 63/79/63 62/77/62
f 58/78/58 64/85/64 63/79/63
f 65/80/65 64/85/64 58/78/58
f 66/81/66 65/80/65 59/73/59
f 67/82/67 72/88/72 66/81/66
f 62/77/62 68/84/68 67/83/67
f 63/79/63 69/86/69 68/84/68
f 64/85/64 70/92/70 69/86/69
f 71/87/71 70/92/70 64/85/64
f 72/88/72 71/87/71 65/80/65
f 73/89/73 78/95/78 72/88/72
f 68/84/68 74/91/74 73/90/73
f 69/86/69 75/93/75 74/91/74
f 70/92/70 76/99/76 75/93/75
f 77/94/77 76/99/76 70/92/70
f 78/95/78 77/94/77 71/87/71
f 79/96/79 84/102/84 78/95/78
f 74/91/74 80/98/80 79/97/79
f 75/93/75 81/100/81 80/98/80
f 76/99/76 82/106/82 81/100/81
f 83/101/83 82/106/82 76/99/76
f 84/102/84 83/101/83 77/94/77
f 85/103/85 90/109/90 84/102/84
f 80/98/80 86/105/86 85/104/85
f 81/100/81 87/107/87 86/105/86
f 82/106/82 88/113/88 87/107/87
f 89/108/89 88/113/88 82/106/82
f 90/109/90 89/108/89 83/101/83
f 91/110/91 96/116/96 90/109/90
f 86/105/86 92/112/92 91/111/91
f 87/107/87 93/114/93 92/112/92
f 88/113/88 94/120/94 93/114/93
f 95/115/95 94/120/94 88/113/88
f 96/116/96 95/115/95 89/108/89
f 97/117/97 102/123/102 96/116/96
f 92/112/92 98/119/98 97/118/97
f 93/114/93 99/121/99 98/119/98
f 94/120/94 100/127/100 99/121/99
f 101/122/101 100/127/100 94/120/94
f 102/123/102 101/122/101 95/115/95
f 103/124/103 108/130/108 102/123/102
f 98/119/98 104/126/104 103/125/103
f 99/121/99 105/128/105 104/126/104
f 100/127/100 106/134/106 105/128/105
f 107/129/107 106/134/106 100/127/100
f 108/130/108 107/129/107 101/122/101
f 109/131/109 114/137/114 108/130/108
f 104/126/104 110/133/110 109/132/109
f 105/128/105 111/135/111 110/133/110
f 106/134/106 112/141/112 111/135/111
f 113/136/113 112/141/112 106/134/106
f 114/137/114 113/136/113 107/129/107
f 115/138/115 120/144/120 114/137/114
f 110/133/110 116/140/116 115/139/115
f 111/135/111 117/142/117 116/140/116
f 112/141/112 118/148/118 117/142/117
f 119/143/119 118/148/118 112/141/112
f 120/144/120 119/143/119 113/136/113
f 121/145/121 126/151/126 120/144/120
f 116/140/116 122/147/122 121/146/121
f 117/142/117 123/149/123 122/147/122
f 118/148/118 124/155/124 123/149/123
f 125/150/125 124/155/124 118/148/118
f 126/151/126 125/150/125 119/143/119
f 127/152/127 132/158/132 126/151/126
f 122/147/122 128/154/128 127/153/127
f 123/149/123 129/156/129 128/154/128
f 124/155/124 130/162/130 129/156/129
f 131/157/131 130/162/130 124/155/124
f 132/158/132 131/157/131 125/150/125
f 133/159/133 138/165/138 132/158/132
f 128/154/128 134/161/134 133/160/133
f 129/156/129 135/163/135 134/161/134
f 130/162/130 136/168/136 135/163/135
f 137/164/137 136/168/136 130/162/130
f 138/165/138 137/164/137 131/157/131
f 139/166/139 144/171/144 138/165/138
f 140/167/140 139/174/139 133/160/133
f 135/163/135 141/169/141 140/167/140
f 136/168/136 142/170/142 141/169/141
f 137/164/137 143/176/143 142/170/142
f 144/171/144 143/176/143 137/164/137
f 145/172/145 150/180/150 144/171/144
f 146/173/146 145/182/145 139/174/139
f 147/175/147 146/173/146 140/167/140
f 142/170/142 148/177/148 147/175/147
f 143/176/143 149/178/149 148/177/148
f 144/171/144 150/180/150 149/178/149
f 145/172/145 151/186/151 156/179/156
f 152/181/152 151/189/151 145/182/145
f 153/183/153 152/181/152 146/173/146
f 154/184/154 153/183/153 147/175/147
f 149/178/149 155/185/155 154/184/154
f 150/180/150 156/179/156 155/185/155
f 151/186/151 157/193/157 162/187/162
f 158/188/158 157/196/157 151/189/151
f 159/190/159 158/188/158 152/181/152
f 160/191/160 159/190/159 153/183/153
f 155/185/155 161/192/161 160/191/160
f 156/179/156 162/187/162 161/192/161
f 157/193/157 163/201/163 168/194/168
f 164/195/164 163/203/163 157/196/157
f 165/197/165 164/195/164 158/188/158
f 166/198/166 165/197/165 159/190/159
f 161/192/161 167/199/167 166/198/166
f 162/187/162 168/194/168 167/199/167
f 169/200/169 174/208/174 168/194/168
f 170/202/170 169/210/169 163/203/163
f 171/204/171 170/202/170 164/195/164
f 166/198/166 172/205/172 171/204/171
f 167/199/167 173/206/173 172/205/172
f 168/194/168 174/208/174 173/206/173
f 175/207/175 180/215/180 174/208/174
f 176/209/176 175/217/175 169/210/169
f 177/211/177 176/209/176 170/202/170
f 172/205/172 178/212/178 177/211/177
f 173/206/173 179/213/179 178/212/178
f 174/208/174 180/215/180 179/213/179
f 181/214/181 186/222/186 180/215/180
f 182/216/182 181/224/181 175/217/175
f 183/218/183 182/216/182 176/209/176
f 178/212/178 184/219/184 183/218/183
f 179/213/179 185/220/185 184/219/184
f 180/215/180 186/222/186 185/220/185
f 187/221/187 192/229/192 186/222/186
f 188/223/188 187/231/187 181/224/181
f 189/225/189 188/223/188 182/216/182
f 184/219/184 190/226/190 189/225/189
f 185/220/185 191/227/191 190/226/190
f 186/222/186 192/229/192 191/227/191
f 193/228/193 198/236/198 192/229/192
f 194/230/194 193/238/193 187/231/187
f 195/232/195 194/230/194 188/223/188
f 190/226/190 196/233/196 195/232/195
f 191/227/191 197/234/197 196/233/196
f 192/229/192 198/236/198 197/234/197
f 199/235/199 204/243/204 198/236/198
f 200/237/200 199/245/199 193/238/193
f 201/239/201 200/237/200 194/230/194
f 196/233/196 202/240/202 201/239/201
f 197/234/197 203/241/203 202/240/202
f 198/236/198 204/243/204 203/241/203
f 205/242/205 210/250/210 204/243/204
f 206/244/206 205/252/205 199/245/199
f 207/246/207 206/244/206 200/237/200
f 202/240/202 208/247/208 207/246/207
f 203/241/203 209/248/209 208/247/208
f 204/243/204 210/250/210 209/248/209
f 211/249/211 216/257/216 210/250/210
f 212/251/212 211/259/211 205/252/205
f 213/253/213 212/251/212 206/244/206
f 208/247/208 214/254/214 213/253/213
f 209/248/209 215/255/215 214/254/214
f 210/250/210 216/257/216 215/255/215
f 211/249/211 217/263/217 222/256/222
f 218/258/218 217/266/217 211/259/211
f 219/260/219 218/258/218 212/251/212
f 220/261/220 219/260/219 213/253/213
f 215/255/215 221/262/221 220/261/220
f 216/257/216 222/256/222 221/262/221
f 217/263/217 223/270/223 228/264/228
f 218/258/218 224/272/224 223/265/223
f 225/267/225 224/272/224 218/258/218
f 226/268/226 225/267/225 219/260/219
f 227/269/227 226/268/226 220/261/220
f 222/256/222 228/264/228 227/269/227
f 223/270/223 229/277/229 234/271/234
f 224/272/224 230/274/230 229/273/229
f 225/267/225 231/280/231 230/274/230
f 232/275/232 231/280/231 225/267/225
f 233/276/233 232/275/232 226/268/226
f 234/271/234 233/276/233 227/269/227
f 229/277/229 235/284/235 240/278/240
f 230/274/230 236/281/236 235/279/235
f 231/280/231 237/287/237 236/281/236
f 238/282/238 237/287/237 231/280/231
f 239/283/239 238/282/238 232/275/232
f 240/278/240 239/283/239 233/276/233
f 235/284/235 241/291/241 246/285/246
f 236/281/236 242/288/242 241/286/241
f 237/287/237 243/294/243 242/288/242
f 244/289/244 243/294/243 237/287/237
f 245/290/245 244/289/244 238/282/238
f 246/285/246 245/290/245 239/283/239
f 241/291/241 247/298/247 252/292/252
f 242/288/242 248/295/248 247/293/247
f 243/294/243 249/301/249 248/295/248
f 250/296/250 249/301/249 243/294/243
f 251/297/251 250/296/250 244/289/244
f 252/292/252 251/297/251 245/290/245
f 247/298/247 253/305/253 258/299/258
f 248/295/248 254/302/254 253/300/253
f 249/301/249 255/308/255 254/302/254
f 256/303/256 255/308/255 249/301/249
f 257/304/257 256/303/256 250/296/250
f 258/299/258 257/304/257 251/297/251
f 253/305/253 259/312/259 264/306/264
f 254/302/254 260/309/260 259/307/259
f 255/308/255 261/315/261 260/309/260
f 262/310/262 261/315/261 255/308/255
f 263/311/263 262/310/262 256/303/256
f 264/306/264 263/311/263 257/304/257
f 259/312/259 265/319/265 270/313/270
f 260/309/260 266/316/266 265/314/265
f 261/315/261 267/322/267 266/316/266
f 268/317/268 267/322/267 261/315/261
f 269/318/269 268/317/268 262/310/262
f 270/313/270 269/318/269 263/311/263
f 265/319/265 271/326/271 276/320/276
f 266/316/266 272/323/272 271/321/271
f 267/322/267 273/329/273 272/323/272
f 274/324/274 273/329/273 267/322/267
f 275/325/275 274/324/274 268/317/268
f 276/320/276 275/325/275 269/318/269
f 271/326/271 277/333/277 282/327/282
f 272/323/272 278/330/278 277/328/277
f 273/329/273 279/336/279 278/330/278
f 280/331/280 279/336/279 273/329/273
f 281/332/281 280/331/280 274/324/274
f 282/327/282 281/332/281 275/325/275
f 277/333/277 283/340/283 288/334/288
f 278/330/278 284/337/284 283/335/283
f 279/336/279 285/343/285 284/337/284
f 286/338/286 285/343/285 279/336/279
f 287/339/287 286/338/286 280/331/280
f 288/334/288 287/339/287 281/332/281
f 283/340/283 289/347/289 294/341/294
f 284/337/284 290/344/290 289/342/289
f 285/343/285 291/350/291 290/344/290
f 292/345/292 291/350/291 285/343/285
f 293/346/293 292/345/292 286/338/286
f 294/341/294 293/346/293 287/339/287
f 289/347/289 295/354/295 300/348/300
f 290/344/290 296/351/296 295/349/295
f 291/350/291 297/357/297 296/351/296
f 298/352/298 297/357/297 291/350/291
f 299/353/299 298/352/298 292/345/292
f 300/348/300 299/353/299 293/346/293
f 295/354/295 1/1673/1 6/355/6
f 296/351/296 2/358/2 1/356/1
f 297/357/297 3/1660/3 2/358/2
f 4/359/4 3/1660/3 297/357/297
f 5/360/5 4/359/4 298/352/298
f 6/355/6 5/360/5 299/353/299
f 313/13/311 318/26/316 312/14/310
f 314/16/312 313/28/311 307/17/306
f 315/19/313 314/16/312 308/18/8
f 310/21/308 316/23/314 315/19/313
f 311/22/309 317/24/315 316/23/314
f 312/14/310 318/26/316 317/24/315
f 319/25/19 324/33/321 318/26/316
f 320/27/317 319/35/19 313/28/311
f 321/29/318 320/27/317 314/16/312
f 316/23/314 322/30/319 321/29/318
f 317/24/315 323/31/320 322/30/319
f 318/26/316 324/33/321 323/31/320
f 325/32/322 330/40/326 324/33/321
f 326/34/323 325/42/322 319/35/19
f 327/36/324 326/34/323 320/27/317
f 322/30/319 328/37/28 327/36/324
f 323/31/320 329/38/325 328/37/28
f 324/33/321 330/40/326 329/38/325
f 331/39/327 336/45/36 330/40/326
f 332/41/328 331/48/327 325/42/322
f 327/36/324 333/43/33 332/41/328
f 328/37/28 334/44/329 333/43/33
f 329/38/325 335/52/330 334/44/329
f 336/45/36 335/52/330 329/38/325
f 337/46/331 342/53/336 336/45/36
f 332/41/328 338/49/332 337/47/331
f 333/43/33 339/50/333 338/49/332
f 334/44/329 340/57/334 339/50/333
f 341/51/335 340/57/334 334/44/329
f 342/53/336 341/51/335 335/52/330
f 343/54/337 348/60/342 342/53/336
f 338/49/332 344/56/338 343/55/337
f 339/50/333 345/58/339 344/56/338
f 340/57/334 346/64/340 345/58/339
f 347/59/341 346/64/340 340/57/334
f 348/60/342 347/59/341 341/51/335
f 349/61/343 354/67/348 348/60/342
f 344/56/338 350/63/344 349/62/343
f 345/58/339 351/65/345 350/63/344
f 346/64/340 352/71/346 351/65/345
f 353/66/347 352/71/346 346/64/340
f 354/67/348 353/66/347 347/59/341
f 355/68/349 360/74/354 354/67/348
f 350/63/344 356/70/350 355/69/349
f 351/65/345 357/72/351 356/70/350
f 352/71/346 358/78/352 357/72/351
f 359/73/353 358/78/352 352/71/346
f 360/74/354 359/73/353 353/66/347
f 361/75/355 366/81/360 360/74/354
f 356/70/350 362/77/356 361/76/355
f 357/72/351 363/79/357 362/77/356
f 358/78/352 364/85/358 363/79/357
f 365/80/359 364/85/358 358/78/352
f 366/81/360 365/80/359 359/73/353
f 367/82/361 372/88/366 366/81/360
f 362/77/356 368/84/362 367/83/361
f 363/79/357 369/86/363 368/84/362
f 364/85/358 370/92/364 369/86/363
f 371/87/365 370/92/364 364/85/358
f 372/88/366 371/87/365 365/80/359
f 373/89/367 378/95/370 372/88/366
f 368/84/362 374/91/74 373/90/367
f 369/86/363 375/93/368 374/91/74
f 370/92/364 376/99/369 375/93/368
f 377/94/77 376/99/369 370/92/364
f 378/95/370 377/94/77 371/87/365
f 379/96/371 384/102/375 378/95/370
f 374/91/74 380/98/80 379/97/371
f 375/93/368 381/100/372 380/98/80
f 376/99/369 382/106/373 381/100/372
f 383/101/374 382/106/373 376/99/369
f 384/102/375 383/101/374 377/94/77
f 385/103/376 390/109/381 384/102/375
f 380/98/80 386/105/377 385/104/376
f 381/100/372 387/107/378 386/105/377
f 382/106/373 388/113/379 387/107/378
f 389/108/380 388/113/379 382/106/373
f 390/109/381 389/108/380 383/101/374
f 391/110/382 396/116/96 390/109/381
f 386/105/377 392/112/383 391/111/382
f 387/107/378 393/114/384 392/112/383
f 388/113/379 394/120/385 393/114/384
f 395/115/95 394/120/385 388/113/379
f 396/116/96 395/115/95 389/108/380
f 397/117/386 402/123/390 396/116/96
f 392/112/383 398/119/387 397/118/386
f 393/114/384 399/121/99 398/119/387
f 394/120/385 400/127/388 399/121/99
f 401/122/389 400/127/388 394/120/385
f 402/123/390 401/122/389 395/115/95
f 403/124/391 408/130/396 402/123/390
f 398/119/387 404/126/392 403/125/391
f 399/121/99 405/128/393 404/126/392
f 400/127/388 406/134/394 405/128/393
f 407/129/395 406/134/394 400/127/388
f 408/130/396 407/129/395 401/122/389
f 409/131/397 414/137/399 408/130/396
f 404/126/392 410/133/398 409/132/397
f 405/128/393 411/135/111 410/133/398
f 406/134/394 412/141/112 411/135/111
f 413/136/113 412/141/112 406/134/394
f 414/137/399 413/136/113 407/129/395
f 415/138/400 420/144/120 414/137/399
f 410/133/398 416/140/116 415/139/400
f 411/135/111 417/142/401 416/140/116
f 412/141/112 418/148/118 417/142/401
f 419/143/119 418/148/118 412/141/112
f 420/144/120 419/143/119 413/136/113
f 421/145/121 426/151/403 420/144/120
f 416/140/116 422/147/122 421/146/121
f 417/142/401 423/149/402 422/147/122
f 418/148/118 424/155/124 423/149/402
f 425/150/125 424/155/124 418/148/118
f 426/151/403 425/150/125 419/143/119
f 427/152/127 432/158/132 426/151/403
f 422/147/122 428/154/404 427/153/127
f 423/149/402 429/156/129 428/154/404
f 424/155/124 430/162/405 429/156/129
f 431/157/406 430/162/405 424/155/124
f 432/158/132 431/157/406 425/150/125
f 433/159/133 438/165/138 432/158/132
f 428/154/404 434/161/134 433/160/133
f 429/156/129 435/163/135 434/161/134
f 430/162/405 436/168/136 435/163/135
f 437/164/407 436/168/136 430/162/405
f 438/165/138 437/164/407 431/157/406
f 439/166/408 444/171/413 438/165/138
f 440/167/409 439/174/408 433/160/133
f 435/163/135 441/169/410 440/167/409
f 436/168/136 442/170/411 441/169/410
f 437/164/407 443/176/412 442/170/411
f 444/171/413 443/176/412 437/164/407
f 445/172/145 450/180/150 444/171/413
f 446/173/414 445/182/145 439/174/408
f 447/175/415 446/173/414 440/167/409
f 442/170/411 448/177/148 447/175/415
f 443/176/412 449/178/149 448/177/148
f 444/171/413 450/180/150 449/178/149
f 445/172/145 451/186/416 456/179/420
f 452/181/417 451/189/416 445/182/145
f 453/183/153 452/181/417 446/173/414
f 454/184/418 453/183/153 447/175/415
f 449/178/149 455/185/419 454/184/418
f 450/180/150 456/179/420 455/185/419
f 451/186/416 457/193/421 462/187/162
f 458/188/158 457/196/421 451/189/416
f 459/190/422 458/188/158 452/181/417
f 460/191/160 459/190/422 453/183/153
f 455/185/419 461/192/423 460/191/160
f 456/179/420 462/187/162 461/192/423
f 457/193/421 463/201/163 468/194/427
f 464/195/424 463/203/163 457/196/421
f 465/197/425 464/195/424 458/188/158
f 466/198/166 465/197/425 459/190/422
f 461/192/423 467/199/426 466/198/166
f 462/187/162 468/194/427 467/199/426
f 469/200/169 474/208/431 468/194/427
f 470/202/170 469/210/169 463/203/163
f 471/204/428 470/202/170 464/195/424
f 466/198/166 472/205/429 471/204/428
f 467/199/426 473/206/430 472/205/429
f 468/194/427 474/208/431 473/206/430
f 475/207/432 480/215/436 474/208/431
f 476/209/433 475/217/432 469/210/169
f 477/211/177 476/209/433 470/202/170
f 472/205/429 478/212/434 477/211/177
f 473/206/430 479/213/435 478/212/434
f 474/208/431 480/215/436 479/213/435
f 481/214/437 486/222/186 480/215/436
f 482/216/438 481/224/437 475/217/432
f 483/218/183 482/216/438 476/209/433
f 478/212/434 484/219/184 483/218/183
f 479/213/435 485/220/439 484/219/184
f 480/215/436 486/222/186 485/220/439
f 487/221/187 492/229/443 486/222/186
f 488/223/440 487/231/187 481/224/437
f 489/225/441 488/223/440 482/216/438
f 484/219/184 490/226/190 489/225/441
f 485/220/439 491/227/442 490/226/190
f 486/222/186 492/229/443 491/227/442
f 493/228/444 498/236/449 492/229/443
f 494/230/445 493/238/444 487/231/187
f 495/232/446 494/230/445 488/223/440
f 490/226/190 496/233/447 495/232/446
f 491/227/442 497/234/448 496/233/447
f 492/229/443 498/236/449 497/234/448
f 499/235/450 504/243/455 498/236/449
f 500/237/451 499/245/450 493/238/444
f 501/239/452 500/237/451 494/230/445
f 496/233/447 502/240/453 501/239/452
f 497/234/448 503/241/454 502/240/453
f 498/236/449 504/243/455 503/241/454
f 505/242/456 510/250/458 504/243/455
f 506/244/206 505/252/456 499/245/450
f 507/246/457 506/244/206 500/237/451
f 502/240/453 508/247/208 507/246/457
f 503/241/454 509/248/209 508/247/208
f 504/243/455 510/250/458 509/248/209
f 511/249/211 516/257/462 510/250/458
f 512/251/212 511/259/211 505/252/456
f 513/253/459 512/251/212 506/244/206
f 508/247/208 514/254/460 513/253/459
f 509/248/209 515/255/461 514/254/460
f 510/250/458 516/257/462 515/255/461
f 511/249/211 517/263/463 522/256/222
f 518/258/464 517/266/463 511/259/211
f 519/260/219 518/258/464 512/251/212
f 520/261/465 519/260/219 513/253/459
f 515/255/461 521/262/466 520/261/465
f 516/257/462 522/256/222 521/262/466
f 517/263/463 523/270/467 528/264/228
f 518/258/464 524/272/468 523/265/467
f 525/267/469 524/272/468 518/258/464
f 526/268/470 525/267/469 519/260/219
f 527/269/471 526/268/470 520/261/465
f 522/256/222 528/264/228 527/269/471
f 523/270/467 529/277/472 534/271/477
f 524/272/468 530/274/473 529/273/472
f 525/267/469 531/280/474 530/274/473
f 532/275/475 531/280/474 525/267/469
f 533/276/476 532/275/475 526/268/470
f 534/271/477 533/276/476 527/269/471
f 529/277/472 535/284/478 540/278/483
f 530/274/473 536/281/479 535/279/478
f 531/280/474 537/287/480 536/281/479
f 538/282/481 537/287/480 531/280/474
f 539/283/482 538/282/481 532/275/475
f 540/278/483 539/283/482 533/276/476
f 535/284/478 541/291/484 546/285/489
f 536/281/479 542/288/485 541/286/484
f 537/287/480 543/294/486 542/288/485
f 544/289/487 543/294/486 537/287/480
f 545/290/488 544/289/487 538/282/481
f 546/285/489 545/290/488 539/283/482
f 541/291/484 547/298/490 552/292/495
f 542/288/485 548/295/491 547/293/490
f 543/294/486 549/301/492 548/295/491
f 550/296/493 549/301/492 543/294/486
f 551/297/494 550/296/493 544/289/487
f 552/292/495 551/297/494 545/290/488
f 547/298/490 553/305/253 558/299/500
f 548/295/491 554/302/496 553/300/253
f 549/301/492 555/308/497 554/302/496
f 556/303/498 555/308/497 549/301/492
f 557/304/499 556/303/498 550/296/493
f 558/299/500 557/304/499 551/297/494
f 553/305/253 559/312/501 564/306/504
f 554/302/496 560/309/260 559/307/501
f 555/308/497 561/315/261 560/309/260
f 562/310/502 561/315/261 555/308/497
f 563/311/503 562/310/502 556/303/498
f 564/306/504 563/311/503 557/304/499
f 559/312/501 565/319/265 570/313/270
f 560/309/260 566/316/505 565/314/265
f 561/315/261 567/322/506 566/316/505
f 568/317/507 567/322/506 561/315/261
f 569/318/508 568/317/507 562/310/502
f 570/313/270 569/318/508 563/311/503
f 565/319/265 571/326/271 576/320/512
f 566/316/505 572/323/509 571/321/271
f 567/322/506 573/329/510 572/323/509
f 574/324/274 573/329/510 567/322/506
f 575/325/511 574/324/274 568/317/507
f 576/320/512 575/325/511 569/318/508
f 571/326/271 577/333/513 582/327/518
f 572/323/509 578/330/514 577/328/513
f 573/329/510 579/336/515 578/330/514
f 580/331/516 579/336/515 573/329/510
f 581/332/517 580/331/516 574/324/274
f 582/327/518 581/332/517 575/325/511
f 577/333/513 583/340/519 588/334/523
f 578/330/514 584/337/520 583/335/519
f 579/336/515 585/343/285 584/337/520
f 586/338/521 585/343/285 579/336/515
f 587/339/522 586/338/521 580/331/516
f 588/334/523 587/339/522 581/332/517
f 583/340/519 589/347/289 594/341/528
f 584/337/520 590/344/524 589/342/289
f 585/343/285 591/350/525 590/344/524
f 592/345/526 591/350/525 585/343/285
f 593/346/527 592/345/526 586/338/521
f 594/341/528 593/346/527 587/339/522
f 589/347/289 595/354/529 600/348/300
f 590/344/524 596/351/296 595/349/529
f 591/350/525 597/357/530 596/351/296
f 598/352/531 597/357/530 591/350/525
f 599/353/299 598/352/531 592/345/526
f 600/348/300 599/353/299 593/346/527
f 595/354/529 301/1673/1 306/355/305
f 596/351/296 302/358/301 301/356/1
f 597/357/530 303/1660/302 302/358/301
f 304/359/303 303/1660/302 597/357/530
f 305/360/304 304/359/303 598/352/531
f 306/355/305 305/360/304 599/353/299
f 607/15/538 613/391/544 618/385/549
f 608/18/539 614/393/545 613/386/544
f 615/388/546 614/393/545 608/18/539
f 616/389/547 615/388/546 609/20/540
f 617/390/548 616/389/547 610/21/541
f 612/14/543 618/385/549 617/390/548
f 613/391/544 619/399/550 624/392/555
f 614/393/545 620/401/551 619/394/550
f 621/395/552 620/401/551 614/393/545
f 622/396/553 621/395/552 615/388/546
f 623/397/554 622/396/553 616/389/547
f 618/385/549 624/392/555 623/397/554
f 625/398/556 630/404/561 624/392/555
f 626/400/557 625/407/556 619/394/550
f 621/395/552 627/402/558 626/400/557
f 622/396/553 628/403/559 627/402/558
f 623/397/554 629/409/560 628/403/559
f 630/404/561 629/409/560 623/397/554
f 631/405/562 636/411/567 630/404/561
f 632/406/563 631/414/562 625/407/556
f 627/402/558 633/408/564 632/406/563
f 628/403/559 634/410/565 633/408/564
f 629/409/560 635/416/566 634/410/565
f 636/411/567 635/416/566 629/409/560
f 637/412/568 642/418/573 636/411/567
f 638/413/569 637/421/568 631/414/562
f 633/408/564 639/415/570 638/413/569
f 634/410/565 640/417/571 639/415/570
f 635/416/566 641/423/572 640/417/571
f 642/418/573 641/423/572 635/416/566
f 643/419/574 648/425/579 642/418/573
f 644/420/575 643/428/574 637/421/568
f 639/415/570 645/422/576 644/420/575
f 640/417/571 646/424/577 645/422/576
f 641/423/572 647/430/578 646/424/577
f 648/425/579 647/430/578 641/423/572
f 649/426/580 654/432/585 648/425/579
f 650/427/581 649/435/580 643/428/574
f 645/422/576 651/429/582 650/427/581
f 646/424/577 652/431/583 651/429/582
f 647/430/578 653/437/584 652/431/583
f 654/432/585 653/437/584 647/430/578
f 655/433/586 660/439/591 654/432/585
f 656/434/587 655/442/586 649/435/580
f 651/429/582 657/436/588 656/434/587
f 652/431/583 658/438/589 657/436/588
f 653/437/584 659/444/590 658/438/589
f 660/439/591 659/444/590 653/437/584
f 661/440/592 666/446/597 660/439/591
f 662/441/593 661/449/592 655/442/586
f 657/436/588 663/443/594 662/441/593
f 658/438/589 664/445/595 663/443/594
f 659/444/590 665/451/596 664/445/595
f 666/446/597 665/451/596 659/444/590
f 667/447/598 672/455/603 666/446/597
f 668/448/599 667/457/598 661/449/592
f 669/450/600 668/448/599 662/441/593
f 664/445/595 670/452/601 669/450/600
f 665/451/596 671/453/602 670/452/601
f 666/446/597 672/455/603 671/453/602
f 673/454/604 678/462/609 672/455/603
f 674/456/605 673/464/604 667/457/598
f 675/458/606 674/456/605 668/448/599
f 670/452/601 676/459/607 675/458/606
f 671/453/602 677/460/608 676/459/607
f 672/455/603 678/462/609 677/460/608
f 679/461/610 684/469/615 678/462/609
f 680/463/611 679/471/610 673/464/604
f 681/465/612 680/463/611 674/456/605
f 676/459/607 682/466/613 681/465/612
f 677/460/608 683/467/614 682/466/613
f 678/462/609 684/469/615 683/467/614
f 685/468/616 690/476/621 684/469/615
f 686/470/617 685/478/616 679/471/610
f 687/472/618 686/470/617 680/463/611
f 682/466/613 688/473/619 687/472/618
f 683/467/614 689/474/620 688/473/619
f 684/469/615 690/476/621 689/474/620
f 691/475/622 696/483/627 690/476/621
f 692/477/623 691/485/622 685/478/616
f 693/479/624 692/477/623 686/470/617
f 688/473/619 694/480/625 693/479/624
f 689/474/620 695/481/626 694/480/625
f 690/476/621 696/483/627 695/481/626
f 697/482/628 702/490/633 696/483/627
f 698/484/629 697/492/628 691/485/622
f 699/486/630 698/484/629 692/477/623
f 694/480/625 700/487/631 699/486/630
f 695/481/626 701/488/632 700/487/631
f 696/483/627 702/490/633 701/488/632
f 703/489/634 708/497/639 702/490/633
f 704/491/635 703/499/634 697/492/628
f 705/493/636 704/491/635 698/484/629
f 700/487/631 706/494/637 705/493/636
f 701/488/632 707/495/638 706/494/637
f 702/490/633 708/497/639 707/495/638
f 709/496/640 714/504/645 708/497/639
f 710/498/641 709/506/640 703/499/634
f 711/500/642 710/498/641 704/491/635
f 706/494/637 712/501/643 711/500/642
f 707/495/638 713/502/644 712/501/643
f 708/497/639 714/504/645 713/502/644
f 715/503/646 720/510/651 714/504/645
f 710/498/641 716/507/647 715/505/646
f 711/500/642 717/508/648 716/507/647
f 712/501/643 718/514/649 717/508/648
f 719/509/650 718/514/649 712/501/643
f 720/510/651 719/509/650 713/502/644
f 721/511/652 726/517/657 720/510/651
f 716/507/647 722/513/653 721/512/652
f 717/508/648 723/515/654 722/513/653
f 718/514/649 724/521/655 723/515/654
f 725/516/656 724/521/655 718/514/649
f 726/517/657 725/516/656 719/509/650
f 727/518/658 732/524/663 726/517/657
f 722/513/653 728/520/659 727/519/658
f 723/515/654 729/522/660 728/520/659
f 724/521/655 730/528/661 729/522/660
f 731/523/662 730/528/661 724/521/655
f 732/524/663 731/523/662 725/516/656
f 733/525/664 738/531/669 732/524/663
f 728/520/659 734/527/665 733/526/664
f 729/522/660 735/529/666 734/527/665
f 730/528/661 736/535/667 735/529/666
f 737/530/668 736/535/667 730/528/661
f 738/531/669 737/530/668 731/523/662
f 739/532/670 744/538/675 738/531/669
f 734/527/665 740/534/671 739/533/670
f 735/529/666 741/536/672 740/534/671
f 736/535/667 742/542/673 741/536/672
f 743/537/674 742/542/673 736/535/667
f 744/538/675 743/537/674 737/530/668
f 745/539/676 750/545/681 744/538/675
f 740/534/671 746/541/677 745/540/676
f 741/536/672 747/543/678 746/541/677
f 742/542/673 748/548/679 747/543/678
f 749/544/680 748/548/679 742/542/673
f 750/545/681 749/544/680 743/537/674
f 751/546/682 756/551/687 750/545/681
f 752/547/683 751/554/682 745/540/676
f 747/543/678 753/549/684 752/547/683
f 748/548/679 754/555/685 753/549/684
f 755/550/686 754/555/685 748/548/679
f 756/551/687 755/550/686 749/544/680
f 757/552/688 762/558/693 756/551/687
f 758/553/689 757/561/688 751/554/682
f 753/549/684 759/556/690 758/553/689
f 754/555/685 760/557/691 759/556/690
f 755/550/686 761/563/692 760/557/691
f 762/558/693 761/563/692 755/550/686
f 763/559/694 768/565/699 762/558/693
f 764/560/695 763/566/694 757/561/688
f 759/556/690 765/562/696 764/560/695
f 760/557/691 766/564/697 765/562/696
f 761/563/692 767/567/698 766/564/697
f 768/565/699 767/567/698 761/563/692
f 769/61/700 774/67/705 768/565/699
f 770/63/701 769/62/700 763/566/694
f 765/562/696 771/65/702 770/63/701
f 766/564/697 772/71/703 771/65/702
f 767/567/698 773/66/704 772/71/703
f 774/67/705 773/66/704 767/567/698
f 775/568/706 780/572/711 774/67/705
f 776/569/707 775/575/706 769/62/700
f 771/65/702 777/570/708 776/569/707
f 772/71/703 778/571/709 777/570/708
f 773/66/704 779/578/710 778/571/709
f 780/572/711 779/578/710 773/66/704
f 781/573/712 786/579/717 780/572/711
f 782/574/713 781/582/712 775/575/706
f 777/570/708 783/576/714 782/574/713
f 778/571/709 784/583/715 783/576/714
f 785/577/716 784/583/715 778/571/709
f 786/579/717 785/577/716 779/578/710
f 787/580/718 792/586/723 786/579/717
f 788/581/719 787/589/718 781/582/712
f 783/576/714 789/584/720 788/581/719
f 784/583/715 790/590/721 789/584/720
f 791/585/722 790/590/721 784/583/715
f 792/586/723 791/585/722 785/577/716
f 793/587/724 798/593/729 792/586/723
f 794/588/725 793/596/724 787/589/718
f 789/584/720 795/591/726 794/588/725
f 790/590/721 796/598/727 795/591/726
f 797/592/728 796/598/727 790/590/721
f 798/593/729 797/592/728 791/585/722
f 799/594/730 804/601/735 798/593/729
f 794/588/725 800/597/731 799/595/730
f 795/591/726 801/599/732 800/597/731
f 796/598/727 802/605/733 801/599/732
f 803/600/734 802/605/733 796/598/727
f 804/601/735 803/600/734 797/592/728
f 805/602/736 810/608/741 804/601/735
f 800/597/731 806/604/737 805/603/736
f 801/599/732 807/606/738 806/604/737
f 802/605/733 808/611/739 807/606/738
f 809/607/740 808/611/739 802/605/733
f 810/608/741 809/607/740 803/600/734
f 811/609/742 816/614/747 810/608/741
f 812/610/743 811/617/742 805/603/736
f 807/606/738 813/612/744 812/610/743
f 808/611/739 814/618/745 813/612/744
f 815/613/746 814/618/745 808/611/739
f 816/614/747 815/613/746 809/607/740
f 817/615/748 822/621/753 816/614/747
f 818/616/749 817/624/748 811/617/742
f 813/612/744 819/619/750 818/616/749
f 814/618/745 820/625/751 819/619/750
f 821/620/752 820/625/751 814/618/745
f 822/621/753 821/620/752 815/613/746
f 823/622/754 828/628/759 822/621/753
f 824/623/755 823/631/754 817/624/748
f 819/619/750 825/626/756 824/623/755
f 820/625/751 826/632/757 825/626/756
f 827/627/758 826/632/757 820/625/751
f 828/628/759 827/627/758 821/620/752
f 829/629/760 834/635/765 828/628/759
f 830/630/761 829/638/760 823/631/754
f 825/626/756 831/633/762 830/630/761
f 826/632/757 832/639/763 831/633/762
f 833/634/764 832/639/763 826/632/757
f 834/635/765 833/634/764 827/627/758
f 835/636/766 840/642/771 834/635/765
f 836/637/767 835/645/766 829/638/760
f 831/633/762 837/640/768 836/637/767
f 832/639/763 838/641/769 837/640/768
f 833/634/764 839/647/770 838/641/769
f 840/642/771 839/647/770 833/634/764
f 841/643/772 846/649/777 840/642/771
f 842/644/773 841/652/772 835/645/766
f 837/640/768 843/646/774 842/644/773
f 838/641/769 844/648/775 843/646/774
f 839/647/770 845/654/776 844/648/775
f 846/649/777 845/654/776 839/647/770
f 847/650/778 852/656/783 846/649/777
f 848/651/779 847/659/778 841/652/772
f 843/646/774 849/653/780 848/651/779
f 844/648/775 850/655/781 849/653/780
f 845/654/776 851/661/782 850/655/781
f 852/656/783 851/661/782 845/654/776
f 853/657/784 858/663/789 852/656/783
f 854/658/785 853/666/784 847/659/778
f 849/653/780 855/660/786 854/658/785
f 850/655/781 856/662/787 855/660/786
f 851/661/782 857/669/788 856/662/787
f 858/663/789 857/669/788 851/661/782
f 859/664/790 864/670/795 858/663/789
f 860/665/791 859/673/790 853/666/784
f 855/660/786 861/667/792 860/665/791
f 856/662/787 862/674/793 861/667/792
f 863/668/794 862/674/793 856/662/787
f 864/670/795 863/668/794 857/669/788
f 865/671/796 870/677/801 864/670/795
f 866/672/797 865/680/796 859/673/790
f 861/667/792 867/675/798 866/672/797
f 862/674/793 868/682/799 867/675/798
f 869/676/800 868/682/799 862/674/793
f 870/677/801 869/676/800 863/668/794
f 871/678/802 876/685/807 870/677/801
f 866/672/797 872/681/803 871/679/802
f 867/675/798 873/683/804 872/681/803
f 868/682/799 874/689/805 873/683/804
f 875/684/806 874/689/805 868/682/799
f 876/685/807 875/684/806 869/676/800
f 877/686/808 882/692/813 876/685/807
f 872/681/803 878/688/809 877/687/808
f 873/683/804 879/690/810 878/688/809
f 874/689/805 880/696/811 879/690/810
f 881/691/812 880/696/811 874/689/805
f 882/692/813 881/691/812 875/684/806
f 883/693/814 888/699/819 882/692/813
f 878/688/809 884/695/815 883/694/814
f 879/690/810 885/697/816 884/695/815
f 880/696/811 886/703/817 885/697/816
f 887/698/818 886/703/817 880/696/811
f 888/699/819 887/698/818 881/691/812
f 889/700/820 894/706/825 888/699/819
f 884/695/815 890/702/821 889/701/820
f 885/697/816 891/704/822 890/702/821
f 886/703/817 892/710/823 891/704/822
f 893/705/824 892/710/823 886/703/817
f 894/706/825 893/705/824 887/698/818
f 895/707/826 900/713/831 894/706/825
f 890/702/821 896/709/827 895/708/826
f 891/704/822 897/711/828 896/709/827
f 892/710/823 898/717/829 897/711/828
f 899/712/830 898/717/829 892/710/823
f 900/713/831 899/712/830 893/705/824
f 901/714/832 906/720/837 900/713/831
f 896/709/827 902/716/833 901/715/832
f 897/711/828 903/718/834 902/716/833
f 898/717/829 904/724/835 903/718/834
f 905/719/836 904/724/835 898/717/829
f 906/720/837 905/719/836 899/712/830
f 907/721/838 912/727/843 906/720/837
f 902/716/833 908/723/839 907/722/838
f 903/718/834 909/725/840 908/723/839
f 904/724/835 910/730/841 909/725/840
f 911/726/842 910/730/841 904/724/835
f 912/727/843 911/726/842 905/719/836
f 913/728/844 918/733/849 912/727/843
f 914/729/845 913/736/844 907/722/838
f 909/725/840 915/731/846 914/729/845
f 910/730/841 916/737/847 915/731/846
f 917/732/848 916/737/847 910/730/841
f 918/733/849 917/732/848 911/726/842
f 919/734/850 924/740/855 918/733/849
f 920/735/851 919/743/850 913/736/844
f 915/731/846 921/738/852 920/735/851
f 916/737/847 922/744/853 921/738/852
f 923/739/854 922/744/853 916/737/847
f 924/740/855 923/739/854 917/732/848
f 925/741/856 930/747/861 924/740/855
f 926/742/857 925/748/856 919/743/850
f 921/738/852 927/745/858 926/742/857
f 922/744/853 928/746/859 927/745/858
f 923/739/854 929/749/860 928/746/859
f 930/747/861 929/749/860 923/739/854
f 931/110/862 936/116/867 930/747/861
f 932/112/863 931/111/862 925/748/856
f 927/745/858 933/114/864 932/112/863
f 928/746/859 934/120/865 933/114/864
f 929/749/860 935/115/866 934/120/865
f 936/116/867 935/115/866 929/749/860
f 937/750/868 942/754/873 936/116/867
f 938/751/869 937/757/868 931/111/862
f 933/114/864 939/752/870 938/751/869
f 934/120/865 940/753/871 939/752/870
f 935/115/866 941/759/872 940/753/871
f 942/754/873 941/759/872 935/115/866
f 943/755/874 948/761/879 942/754/873
f 944/756/875 943/764/874 937/757/868
f 939/752/870 945/758/876 944/756/875
f 940/753/871 946/760/877 945/758/876
f 941/759/872 947/766/878 946/760/877
f 948/761/879 947/766/878 941/759/872
f 949/762/880 954/768/885 948/761/879
f 950/763/881 949/771/880 943/764/874
f 945/758/876 951/765/882 950/763/881
f 946/760/877 952/767/883 951/765/882
f 947/766/878 953/773/884 952/767/883
f 954/768/885 953/773/884 947/766/878
f 955/769/886 960/775/891 954/768/885
f 956/770/887 955/778/886 949/771/880
f 951/765/882 957/772/888 956/770/887
f 952/767/883 958/774/889 957/772/888
f 953/773/884 959/781/890 958/774/889
f 960/775/891 959/781/890 953/773/884
f 961/776/892 966/782/897 960/775/891
f 962/777/893 961/785/892 955/778/886
f 957/772/888 963/779/894 962/777/893
f 958/774/889 964/787/895 963/779/894
f 965/780/896 964/787/895 958/774/889
f 966/782/897 965/780/896 959/781/890
f 967/783/898 972/790/903 966/782/897
f 962/777/893 968/786/899 967/784/898
f 963/779/894 969/788/900 968/786/899
f 964/787/895 970/794/901 969/788/900
f 971/789/902 970/794/901 964/787/895
f 972/790/903 971/789/902 965/780/896
f 973/791/904 978/797/909 972/790/903
f 968/786/899 974/793/905 973/792/904
f 969/788/900 975/795/906 974/793/905
f 970/794/901 976/801/907 975/795/906
f 977/796/908 976/801/907 970/794/901
f 978/797/909 977/796/908 971/789/902
f 979/798/910 984/804/915 978/797/909
f 974/793/905 980/800/911 979/799/910
f 975/795/906 981/802/912 980/800/911
f 976/801/907 982/809/913 981/802/912
f 983/803/914 982/809/913 976/801/907
f 984/804/915 983/803/914 977/796/908
f 979/798/910 985/811/916 990/805/921
f 980/800/911 986/807/917 985/806/916
f 981/802/912 987/814/918 986/807/917
f 988/808/919 987/814/918 981/802/912
f 989/810/920 988/808/919 982/809/913
f 990/805/921 989/810/920 983/803/914
f 985/811/916 991/818/922 996/812/927
f 986/807/917 992/815/923 991/813/922
f 987/814/918 993/822/924 992/815/923
f 994/816/925 993/822/924 987/814/918
f 995/817/926 994/816/925 988/808/919
f 996/812/927 995/817/926 989/810/920
f 991/818/922 997/825/928 1002/819/933
f 992/815/923 998/827/929 997/820/928
f 999/821/930 998/827/929 992/815/923
f 1000/823/931 999/821/930 993/822/924
f 1001/824/932 1000/823/931 994/816/925
f 996/812/927 1002/819/933 1001/824/932
f 997/825/928 1003/832/934 1008/826/939
f 998/827/929 1004/834/935 1003/828/934
f 1005/829/936 1004/834/935 998/827/929
f 1006/830/937 1005/829/936 999/821/930
f 1007/831/938 1006/830/937 1000/823/931
f 1002/819/933 1008/826/939 1007/831/938
f 1003/832/934 1009/839/940 1014/833/945
f 1004/834/935 1010/841/941 1009/835/940
f 1011/836/942 1010/841/941 1004/834/935
f 1012/837/943 1011/836/942 1005/829/936
f 1013/838/944 1012/837/943 1006/830/937
f 1008/826/939 1014/833/945 1013/838/944
f 1009/839/940 1015/846/946 1020/840/951
f 1010/841/941 1016/848/947 1015/842/946
f 1017/843/948 1016/848/947 1010/841/941
f 1018/844/949 1017/843/948 1011/836/942
f 1019/845/950 1018/844/949 1012/837/943
f 1014/833/945 1020/840/951 1019/845/950
f 1015/846/946 1021/853/952 1026/847/957
f 1016/848/947 1022/856/953 1021/849/952
f 1023/850/954 1022/856/953 1016/848/947
f 1024/851/955 1023/850/954 1017/843/948
f 1019/845/950 1025/852/956 1024/851/955
f 1020/840/951 1026/847/957 1025/852/956
f 1021/853/952 1027/861/958 1032/854/963
f 1028/855/959 1027/863/958 1021/849/952
f 1029/857/960 1028/855/959 1022/856/953
f 1030/858/961 1029/857/960 1023/850/954
f 1025/852/956 1031/859/962 1030/858/961
f 1026/847/957 1032/854/963 1031/859/962
f 1033/860/964 1038/866/969 1032/854/963
f 1034/862/965 1033/869/964 1027/863/958
f 1029/857/960 1035/864/966 1034/862/965
f 1030/858/961 1036/865/967 1035/864/966
f 1031/859/962 1037/871/968 1036/865/967
f 1038/866/969 1037/871/968 1031/859/962
f 1039/867/970 1044/873/975 1038/866/969
f 1040/868/971 1039/876/970 1033/869/964
f 1035/864/966 1041/870/972 1040/868/971
f 1036/865/967 1042/872/973 1041/870/972
f 1037/871/968 1043/879/974 1042/872/973
f 1044/873/975 1043/879/974 1037/871/968
f 1045/874/976 1050/880/981 1044/873/975
f 1046/875/977 1045/883/976 1039/876/970
f 1041/870/972 1047/877/978 1046/875/977
f 1042/872/973 1048/884/979 1047/877/978
f 1049/878/980 1048/884/979 1042/872/973
f 1050/880/981 1049/878/980 1043/879/974
f 1051/881/982 1056/887/987 1050/880/981
f 1052/882/983 1051/890/982 1045/883/976
f 1047/877/978 1053/885/984 1052/882/983
f 1048/884/979 1054/891/985 1053/885/984
f 1055/886/986 1054/891/985 1048/884/979
f 1056/887/987 1055/886/986 1049/878/980
f 1057/888/988 1062/894/993 1056/887/987
f 1058/889/989 1057/897/988 1051/890/982
f 1053/885/984 1059/892/990 1058/889/989
f 1054/891/985 1060/898/991 1059/892/990
f 1061/893/992 1060/898/991 1054/891/985
f 1062/894/993 1061/893/992 1055/886/986
f 1063/895/994 1068/901/999 1062/894/993
f 1064/896/995 1063/904/994 1057/897/988
f 1059/892/990 1065/899/996 1064/896/995
f 1060/898/991 1066/905/997 1065/899/996
f 1067/900/998 1066/905/997 1060/898/991
f 1068/901/999 1067/900/998 1061/893/992
f 1069/902/1000 1074/908/1005 1068/901/999
f 1070/903/1001 1069/911/1000 1063/904/994
f 1065/899/996 1071/906/1002 1070/903/1001
f 1066/905/997 1072/912/1003 1071/906/1002
f 1073/907/1004 1072/912/1003 1066/905/997
f 1074/908/1005 1073/907/1004 1067/900/998
f 1075/909/1006 1080/915/1011 1074/908/1005
f 1076/910/1007 1075/918/1006 1069/911/1000
f 1071/906/1002 1077/913/1008 1076/910/1007
f 1072/912/1003 1078/919/1009 1077/913/1008
f 1079/914/1010 1078/919/1009 1072/912/1003
f 1080/915/1011 1079/914/1010 1073/907/1004
f 1081/916/1012 1086/922/1017 1080/915/1011
f 1082/917/1013 1081/925/1012 1075/918/1006
f 1077/913/1008 1083/920/1014 1082/917/1013
f 1078/919/1009 1084/926/1015 1083/920/1014
f 1085/921/1016 1084/926/1015 1078/919/1009
f 1086/922/1017 1085/921/1016 1079/914/1010
f 1087/923/1018 1092/929/1023 1086/922/1017
f 1088/924/1019 1087/930/1018 1081/925/1012
f 1083/920/1014 1089/927/1020 1088/924/1019
f 1084/926/1015 1090/931/1021 1089/927/1020
f 1091/928/1022 1090/931/1021 1084/926/1015
f 1092/929/1023 1091/928/1022 1085/921/1016
f 1093/159/1024 1098/165/1029 1092/929/1023
f 1094/161/1025 1093/160/1024 1087/930/1018
f 1089/927/1020 1095/163/1026 1094/161/1025
f 1090/931/1021 1096/168/1027 1095/163/1026
f 1097/164/1028 1096/168/1027 1090/931/1021
f 1098/165/1029 1097/164/1028 1091/928/1022
f 1099/932/1030 1104/936/1035 1098/165/1029
f 1100/933/1031 1099/939/1030 1093/160/1024
f 1095/163/1026 1101/934/1032 1100/933/1031
f 1096/168/1027 1102/940/1033 1101/934/1032
f 1103/935/1034 1102/940/1033 1096/168/1027
f 1104/936/1035 1103/935/1034 1097/164/1028
f 1105/937/1036 1110/943/1041 1104/936/1035
f 1106/938/1037 1105/946/1036 1099/939/1030
f 1101/934/1032 1107/941/1038 1106/938/1037
f 1102/940/1033 1108/947/1039 1107/941/1038
f 1109/942/1040 1108/947/1039 1102/940/1033
f 1110/943/1041 1109/942/1040 1103/935/1034
f 1111/944/1042 1116/950/1047 1110/943/1041
f 1112/945/1043 1111/953/1042 1105/946/1036
f 1107/941/1038 1113/948/1044 1112/945/1043
f 1108/947/1039 1114/954/1045 1113/948/1044
f 1115/949/1046 1114/954/1045 1108/947/1039
f 1116/950/1047 1115/949/1046 1109/942/1040
f 1117/951/1048 1122/957/1053 1116/950/1047
f 1118/952/1049 1117/960/1048 1111/953/1042
f 1113/948/1044 1119/955/1050 1118/952/1049
f 1114/954/1045 1120/961/1051 1119/955/1050
f 1121/956/1052 1120/961/1051 1114/954/1045
f 1122/957/1053 1121/956/1052 1115/949/1046
f 1123/958/1054 1128/964/1059 1122/957/1053
f 1124/959/1055 1123/967/1054 1117/960/1048
f 1119/955/1050 1125/962/1056 1124/959/1055
f 1120/961/1051 1126/968/1057 1125/962/1056
f 1127/963/1058 1126/968/1057 1120/961/1051
f 1128/964/1059 1127/963/1058 1121/956/1052
f 1129/965/1060 1134/971/1065 1128/964/1059
f 1130/966/1061 1129/974/1060 1123/967/1054
f 1125/962/1056 1131/969/1062 1130/966/1061
f 1126/968/1057 1132/975/1063 1131/969/1062
f 1133/970/1064 1132/975/1063 1126/968/1057
f 1134/971/1065 1133/970/1064 1127/963/1058
f 1135/972/1066 1140/978/1071 1134/971/1065
f 1136/973/1067 1135/981/1066 1129/974/1060
f 1131/969/1062 1137/976/1068 1136/973/1067
f 1132/975/1063 1138/982/1069 1137/976/1068
f 1139/977/1070 1138/982/1069 1132/975/1063
f 1140/978/1071 1139/977/1070 1133/970/1064
f 1141/979/1072 1146/985/1077 1140/978/1071
f 1142/980/1073 1141/988/1072 1135/981/1066
f 1137/976/1068 1143/983/1074 1142/980/1073
f 1138/982/1069 1144/984/1075 1143/983/1074
f 1139/977/1070 1145/991/1076 1144/984/1075
f 1146/985/1077 1145/991/1076 1139/977/1070
f 1141/979/1072 1147/993/1078 1152/986/1083
f 1142/980/1073 1148/995/1079 1147/987/1078
f 1149/989/1080 1148/995/1079 1142/980/1073
f 1150/990/1081 1149/989/1080 1143/983/1074
f 1145/991/1076 1151/992/1082 1150/990/1081
f 1146/985/1077 1152/986/1083 1151/992/1082
f 1147/993/1078 1153/1000/1084 1158/994/1089
f 1148/995/1079 1154/1002/1085 1153/996/1084
f 1155/997/1086 1154/1002/1085 1148/995/1079
f 1156/998/1087 1155/997/1086 1149/989/1080
f 1151/992/1082 1157/999/1088 1156/998/1087
f 1152/986/1083 1158/994/1089 1157/999/1088
f 1153/1000/1084 1159/1007/1090 1164/1001/1095
f 1154/1002/1085 1160/1009/1091 1159/1003/1090
f 1161/1004/1092 1160/1009/1091 1154/1002/1085
f 1162/1005/1093 1161/1004/1092 1155/997/1086
f 1157/999/1088 1163/1006/1094 1162/1005/1093
f 1158/994/1089 1164/1001/1095 1163/1006/1094
f 1159/1007/1090 1165/1014/1096 1170/1008/1101
f 1160/1009/1091 1166/1016/1097 1165/1010/1096
f 1167/1011/1098 1166/1016/1097 1160/1009/1091
f 1168/1012/1099 1167/1011/1098 1161/1004/1092
f 1163/1006/1094 1169/1013/1100 1168/1012/1099
f 1164/1001/1095 1170/1008/1101 1169/1013/1100
f 1165/1014/1096 1171/1021/1102 1176/1015/1107
f 1166/1016/1097 1172/1023/1103 1171/1017/1102
f 1173/1018/1104 1172/1023/1103 1166/1016/1097
f 1174/1019/1105 1173/1018/1104 1167/1011/1098
f 1169/1013/1100 1175/1020/1106 1174/1019/1105
f 1170/1008/1101 1176/1015/1107 1175/1020/1106
f 1171/1021/1102 1177/1028/1108 1182/1022/1113
f 1172/1023/1103 1178/1030/1109 1177/1024/1108
f 1179/1025/1110 1178/1030/1109 1172/1023/1103
f 1180/1026/1111 1179/1025/1110 1173/1018/1104
f 1175/1020/1106 1181/1027/1112 1180/1026/1111
f 1176/1015/1107 1182/1022/1113 1181/1027/1112
f 1177/1028/1108 1183/1035/1114 1188/1029/1119
f 1178/1030/1109 1184/1037/1115 1183/1031/1114
f 1185/1032/1116 1184/1037/1115 1178/1030/1109
f 1186/1033/1117 1185/1032/1116 1179/1025/1110
f 1181/1027/1112 1187/1034/1118 1186/1033/1117
f 1182/1022/1113 1188/1029/1119 1187/1034/1118
f 1183/1035/1114 1189/1042/1120 1194/1036/1125
f 1184/1037/1115 1190/1044/1121 1189/1038/1120
f 1191/1039/1122 1190/1044/1121 1184/1037/1115
f 1192/1040/1123 1191/1039/1122 1185/1032/1116
f 1187/1034/1118 1193/1041/1124 1192/1040/1123
f 1188/1029/1119 1194/1036/1125 1193/1041/1124
f 1189/1042/1120 1195/1049/1126 1200/1043/1131
f 1190/1044/1121 1196/1051/1127 1195/1045/1126
f 1197/1046/1128 1196/1051/1127 1190/1044/1121
f 1198/1047/1129 1197/1046/1128 1191/1039/1122
f 1193/1041/1124 1199/1048/1130 1198/1047/1129
f 1194/1036/1125 1200/1043/1131 1199/1048/1130
f 1195/1049/1126 1201/1056/1132 1206/1050/1137
f 1196/1051/1127 1202/1058/1133 1201/1052/1132
f 1203/1053/1134 1202/1058/1133 1196/1051/1127
f 1204/1054/1135 1203/1053/1134 1197/1046/1128
f 1199/1048/1130 1205/1055/1136 1204/1054/1135
f 1200/1043/1131 1206/1050/1137 1205/1055/1136
f 1201/1056/1132 1207/1063/1138 1212/1057/1143
f 1202/1058/1133 1208/1065/1139 1207/1059/1138
f 1209/1060/1140 1208/1065/1139 1202/1058/1133
f 1210/1061/1141 1209/1060/1140 1203/1053/1134
f 1205/1055/1136 1211/1062/1142 1210/1061/1141
f 1206/1050/1137 1212/1057/1143 1211/1062/1142
f 1207/1063/1138 1213/1070/1144 1218/1064/1149
f 1208/1065/1139 1214/1072/1145 1213/1066/1144
f 1215/1067/1146 1214/1072/1145 1208/1065/1139
f 1216/1068/1147 1215/1067/1146 1209/1060/1140
f 1211/1062/1142 1217/1069/1148 1216/1068/1147
f 1212/1057/1143 1218/1064/1149 1217/1069/1148
f 1213/1070/1144 1219/1077/1150 1224/1071/1155
f 1214/1072/1145 1220/1079/1151 1219/1073/1150
f 1221/1074/1152 1220/1079/1151 1214/1072/1145
f 1222/1075/1153 1221/1074/1152 1215/1067/1146
f 1223/1076/1154 1222/1075/1153 1216/1068/1147
f 1218/1064/1149 1224/1071/1155 1223/1076/1154
f 1219/1077/1150 1225/1084/1156 1230/1078/1161
f 1220/1079/1151 1226/1086/1157 1225/1080/1156
f 1227/1081/1158 1226/1086/1157 1220/1079/1151
f 1228/1082/1159 1227/1081/1158 1221/1074/1152
f 1229/1083/1160 1228/1082/1159 1222/1075/1153
f 1224/1071/1155 1230/1078/1161 1229/1083/1160
f 1225/1084/1156 1231/1091/1162 1236/1085/1167
f 1226/1086/1157 1232/1093/1163 1231/1087/1162
f 1233/1088/1164 1232/1093/1163 1226/1086/1157
f 1234/1089/1165 1233/1088/1164 1227/1081/1158
f 1235/1090/1166 1234/1089/1165 1228/1082/1159
f 1230/1078/1161 1236/1085/1167 1235/1090/1166
f 1231/1091/1162 1237/1098/1168 1242/1092/1173
f 1232/1093/1163 1238/1100/1169 1237/1094/1168
f 1239/1095/1170 1238/1100/1169 1232/1093/1163
f 1240/1096/1171 1239/1095/1170 1233/1088/1164
f 1241/1097/1172 1240/1096/1171 1234/1089/1165
f 1236/1085/1167 1242/1092/1173 1241/1097/1172
f 1237/1098/1168 1243/1105/1174 1248/1099/1179
f 1238/1100/1169 1244/1107/1175 1243/1101/1174
f 1245/1102/1176 1244/1107/1175 1238/1100/1169
f 1246/1103/1177 1245/1102/1176 1239/1095/1170
f 1247/1104/1178 1246/1103/1177 1240/1096/1171
f 1242/1092/1173 1248/1099/1179 1247/1104/1178
f 1243/1105/1174 1249/1112/1180 1254/1106/1185
f 1244/1107/1175 1250/1113/1181 1249/1108/1180
f 1251/1109/1182 1250/1113/1181 1244/1107/1175
f 1252/1110/1183 1251/1109/1182 1245/1102/1176
f 1253/1111/1184 1252/1110/1183 1246/1103/1177
f 1248/1099/1179 1254/1106/1185 1253/1111/1184
f 1249/1112/1180 1255/207/1186 1260/215/1191
f 1250/1113/1181 1256/209/1187 1255/217/1186
f 1257/211/1188 1256/209/1187 1250/1113/1181
f 1258/212/1189 1257/211/1188 1251/1109/1182
f 1259/213/1190 1258/212/1189 1252/1110/1183
f 1254/1106/1185 1260/215/1191 1259/213/1190
f 1255/207/1186 1261/1120/1192 1266/1114/1197
f 1256/209/1187 1262/1116/1193 1261/1115/1192
f 1257/211/1188 1263/1122/1194 1262/1116/1193
f 1264/1117/1195 1263/1122/1194 1257/211/1188
f 1265/1118/1196 1264/1117/1195 1258/212/1189
f 1266/1114/1197 1265/1118/1196 1259/213/1190
f 1267/1119/1198 1272/1126/1203 1266/1114/1197
f 1262/1116/1193 1268/1123/1199 1267/1121/1198
f 1263/1122/1194 1269/1124/1200 1268/1123/1199
f 1264/1117/1195 1270/1130/1201 1269/1124/1200
f 1271/1125/1202 1270/1130/1201 1264/1117/1195
f 1272/1126/1203 1271/1125/1202 1265/1118/1196
f 1273/1127/1204 1278/1133/1209 1272/1126/1203
f 1268/1123/1199 1274/1129/1205 1273/1128/1204
f 1269/1124/1200 1275/1131/1206 1274/1129/1205
f 1270/1130/1201 1276/1137/1207 1275/1131/1206
f 1277/1132/1208 1276/1137/1207 1270/1130/1201
f 1278/1133/1209 1277/1132/1208 1271/1125/1202
f 1279/1134/1210 1284/1140/1215 1278/1133/1209
f 1274/1129/1205 1280/1136/1211 1279/1135/1210
f 1275/1131/1206 1281/1138/1212 1280/1136/1211
f 1276/1137/1207 1282/1143/1213 1281/1138/1212
f 1283/1139/1214 1282/1143/1213 1276/1137/1207
f 1284/1140/1215 1283/1139/1214 1277/1132/1208
f 1285/1141/1216 1290/1146/1221 1284/1140/1215
f 1286/1142/1217 1285/1149/1216 1279/1135/1210
f 1281/1138/1212 1287/1144/1218 1286/1142/1217
f 1282/1143/1213 1288/1150/1219 1287/1144/1218
f 1289/1145/1220 1288/1150/1219 1282/1143/1213
f 1290/1146/1221 1289/1145/1220 1283/1139/1214
f 1291/1147/1222 1296/1153/1227 1290/1146/1221
f 1292/1148/1223 1291/1156/1222 1285/1149/1216
f 1287/1144/1218 1293/1151/1224 1292/1148/1223
f 1288/1150/1219 1294/1157/1225 1293/1151/1224
f 1295/1152/1226 1294/1157/1225 1288/1150/1219
f 1296/1153/1227 1295/1152/1226 1289/1145/1220
f 1297/1154/1228 1302/1160/1233 1296/1153/1227
f 1298/1155/1229 1297/1163/1228 1291/1156/1222
f 1293/1151/1224 1299/1158/1230 1298/1155/1229
f 1294/1157/1225 1300/1164/1231 1299/1158/1230
f 1301/1159/1232 1300/1164/1231 1294/1157/1225
f 1302/1160/1233 1301/1159/1232 1295/1152/1226
f 1303/1161/1234 1308/1167/1239 1302/1160/1233
f 1304/1162/1235 1303/1170/1234 1297/1163/1228
f 1299/1158/1230 1305/1165/1236 1304/1162/1235
f 1300/1164/1231 1306/1171/1237 1305/1165/1236
f 1307/1166/1238 1306/1171/1237 1300/1164/1231
f 1308/1167/1239 1307/1166/1238 1301/1159/1232
f 1309/1168/1240 1314/1174/1245 1308/1167/1239
f 1310/1169/1241 1309/1177/1240 1303/1170/1234
f 1305/1165/1236 1311/1172/1242 1310/1169/1241
f 1306/1171/1237 1312/1178/1243 1311/1172/1242
f 1313/1173/1244 1312/1178/1243 1306/1171/1237
f 1314/1174/1245 1313/1173/1244 1307/1166/1238
f 1315/1175/1246 1320/1181/1251 1314/1174/1245
f 1316/1176/1247 1315/1184/1246 1309/1177/1240
f 1311/1172/1242 1317/1179/1248 1316/1176/1247
f 1312/1178/1243 1318/1185/1249 1317/1179/1248
f 1319/1180/1250 1318/1185/1249 1312/1178/1243
f 1320/1181/1251 1319/1180/1250 1313/1173/1244
f 1321/1182/1252 1326/1188/1257 1320/1181/1251
f 1322/1183/1253 1321/1191/1252 1315/1184/1246
f 1317/1179/1248 1323/1186/1254 1322/1183/1253
f 1318/1185/1249 1324/1192/1255 1323/1186/1254
f 1325/1187/1256 1324/1192/1255 1318/1185/1249
f 1326/1188/1257 1325/1187/1256 1319/1180/1250
f 1327/1189/1258 1332/1195/1263 1326/1188/1257
f 1328/1190/1259 1327/1198/1258 1321/1191/1252
f 1323/1186/1254 1329/1193/1260 1328/1190/1259
f 1324/1192/1255 1330/1199/1261 1329/1193/1260
f 1331/1194/1262 1330/1199/1261 1324/1192/1255
f 1332/1195/1263 1331/1194/1262 1325/1187/1256
f 1333/1196/1264 1338/1202/1269 1332/1195/1263
f 1334/1197/1265 1333/1205/1264 1327/1198/1258
f 1329/1193/1260 1335/1200/1266 1334/1197/1265
f 1330/1199/1261 1336/1206/1267 1335/1200/1266
f 1337/1201/1268 1336/1206/1267 1330/1199/1261
f 1338/1202/1269 1337/1201/1268 1331/1194/1262
f 1339/1203/1270 1344/1209/1275 1338/1202/1269
f 1340/1204/1271 1339/1212/1270 1333/1205/1264
f 1335/1200/1266 1341/1207/1272 1340/1204/1271
f 1336/1206/1267 1342/1213/1273 1341/1207/1272
f 1343/1208/1274 1342/1213/1273 1336/1206/1267
f 1344/1209/1275 1343/1208/1274 1337/1201/1268
f 1345/1210/1276 1350/1216/1281 1344/1209/1275
f 1346/1211/1277 1345/1219/1276 1339/1212/1270
f 1341/1207/1272 1347/1214/1278 1346/1211/1277
f 1342/1213/1273 1348/1220/1279 1347/1214/1278
f 1349/1215/1280 1348/1220/1279 1342/1213/1273
f 1350/1216/1281 1349/1215/1280 1343/1208/1274
f 1351/1217/1282 1356/1223/1287 1350/1216/1281
f 1352/1218/1283 1351/1226/1282 1345/1219/1276
f 1347/1214/1278 1353/1221/1284 1352/1218/1283
f 1348/1220/1279 1354/1227/1285 1353/1221/1284
f 1355/1222/1286 1354/1227/1285 1348/1220/1279
f 1356/1223/1287 1355/1222/1286 1349/1215/1280
f 1357/1224/1288 1362/1230/1293 1356/1223/1287
f 1358/1225/1289 1357/1233/1288 1351/1226/1282
f 1353/1221/1284 1359/1228/1290 1358/1225/1289
f 1354/1227/1285 1360/1234/1291 1359/1228/1290
f 1361/1229/1292 1360/1234/1291 1354/1227/1285
f 1362/1230/1293 1361/1229/1292 1355/1222/1286
f 1363/1231/1294 1368/1237/1299 1362/1230/1293
f 1364/1232/1295 1363/1240/1294 1357/1233/1288
f 1359/1228/1290 1365/1235/1296 1364/1232/1295
f 1360/1234/1291 1366/1241/1297 1365/1235/1296
f 1367/1236/1298 1366/1241/1297 1360/1234/1291
f 1368/1237/1299 1367/1236/1298 1361/1229/1292
f 1369/1238/1300 1374/1244/1305 1368/1237/1299
f 1370/1239/1301 1369/1247/1300 1363/1240/1294
f 1365/1235/1296 1371/1242/1302 1370/1239/1301
f 1366/1241/1297 1372/1243/1303 1371/1242/1302
f 1367/1236/1298 1373/1249/1304 1372/1243/1303
f 1374/1244/1305 1373/1249/1304 1367/1236/1298
f 1375/1245/1306 1380/1251/1311 1374/1244/1305
f 1376/1246/1307 1375/1254/1306 1369/1247/1300
f 1371/1242/1302 1377/1248/1308 1376/1246/1307
f 1372/1243/1303 1378/1250/1309 1377/1248/1308
f 1373/1249/1304 1379/1256/1310 1378/1250/1309
f 1380/1251/1311 1379/1256/1310 1373/1249/1304
f 1381/1252/1312 1386/1258/1317 1380/1251/1311
f 1382/1253/1313 1381/1261/1312 1375/1254/1306
f 1377/1248/1308 1383/1255/1314 1382/1253/1313
f 1378/1250/1309 1384/1257/1315 1383/1255/1314
f 1379/1256/1310 1385/1263/1316 1384/1257/1315
f 1386/1258/1317 1385/1263/1316 1379/1256/1310
f 1387/1259/1318 1392/1265/1323 1386/1258/1317
f 1388/1260/1319 1387/1268/1318 1381/1261/1312
f 1383/1255/1314 1389/1262/1320 1388/1260/1319
f 1384/1257/1315 1390/1264/1321 1389/1262/1320
f 1385/1263/1316 1391/1270/1322 1390/1264/1321
f 1392/1265/1323 1391/1270/1322 1385/1263/1316
f 1393/1266/1324 1398/1274/1329 1392/1265/1323
f 1394/1267/1325 1393/1276/1324 1387/1268/1318
f 1395/1269/1326 1394/1267/1325 1388/1260/1319
f 1390/1264/1321 1396/1271/1327 1395/1269/1326
f 1391/1270/1322 1397/1272/1328 1396/1271/1327
f 1392/1265/1323 1398/1274/1329 1397/1272/1328
f 1393/1266/1324 1399/1280/1330 1404/1273/1335
f 1400/1275/1331 1399/1283/1330 1393/1276/1324
f 1401/1277/1332 1400/1275/1331 1394/1267/1325
f 1402/1278/1333 1401/1277/1332 1395/1269/1326
f 1397/1272/1328 1403/1279/1334 1402/1278/1333
f 1398/1274/1329 1404/1273/1335 1403/1279/1334
f 1399/1280/1330 1405/1287/1336 1410/1281/1341
f 1406/1282/1337 1405/1290/1336 1399/1283/1330
f 1407/1284/1338 1406/1282/1337 1400/1275/1331
f 1408/1285/1339 1407/1284/1338 1401/1277/1332
f 1403/1279/1334 1409/1286/1340 1408/1285/1339
f 1404/1273/1335 1410/1281/1341 1409/1286/1340
f 1405/1287/1336 1411/1294/1342 1416/1288/1347
f 1412/1289/1343 1411/1295/1342 1405/1290/1336
f 1413/1291/1344 1412/1289/1343 1406/1282/1337
f 1414/1292/1345 1413/1291/1344 1407/1284/1338
f 1409/1286/1340 1415/1293/1346 1414/1292/1345
f 1410/1281/1341 1416/1288/1347 1415/1293/1346
f 1411/1294/1342 1417/263/1348 1422/256/1353
f 1418/258/1349 1417/266/1348 1411/1295/1342
f 1419/260/1350 1418/258/1349 1412/1289/1343
f 1420/261/1351 1419/260/1350 1413/1291/1344
f 1415/1293/1346 1421/262/1352 1420/261/1351
f 1416/1288/1347 1422/256/1353 1421/262/1352
f 1417/263/1348 1423/1301/1354 1428/1296/1359
f 1424/1297/1355 1423/1304/1354 1417/266/1348
f 1425/1298/1356 1424/1297/1355 1418/258/1349
f 1426/1299/1357 1425/1298/1356 1419/260/1350
f 1421/262/1352 1427/1300/1358 1426/1299/1357
f 1422/256/1353 1428/1296/1359 1427/1300/1358
f 1423/1301/1354 1429/1308/1360 1434/1302/1365
f 1430/1303/1361 1429/1311/1360 1423/1304/1354
f 1431/1305/1362 1430/1303/1361 1424/1297/1355
f 1432/1306/1363 1431/1305/1362 1425/1298/1356
f 1427/1300/1358 1433/1307/1364 1432/1306/1363
f 1428/1296/1359 1434/1302/1365 1433/1307/1364
f 1429/1308/1360 1435/1315/1366 1440/1309/1371
f 1436/1310/1367 1435/1318/1366 1429/1311/1360
f 1437/1312/1368 1436/1310/1367 1430/1303/1361
f 1438/1313/1369 1437/1312/1368 1431/1305/1362
f 1433/1307/1364 1439/1314/1370 1438/1313/1369
f 1434/1302/1365 1440/1309/1371 1439/1314/1370
f 1435/1315/1366 1441/1322/1372 1446/1316/1377
f 1442/1317/1373 1441/1325/1372 1435/1318/1366
f 1443/1319/1374 1442/1317/1373 1436/1310/1367
f 1444/1320/1375 1443/1319/1374 1437/1312/1368
f 1439/1314/1370 1445/1321/1376 1444/1320/1375
f 1440/1309/1371 1446/1316/1377 1445/1321/1376
f 1441/1322/1372 1447/1329/1378 1452/1323/1383
f 1448/1324/1379 1447/1332/1378 1441/1325/1372
f 1449/1326/1380 1448/1324/1379 1442/1317/1373
f 1450/1327/1381 1449/1326/1380 1443/1319/1374
f 1445/1321/1376 1451/1328/1382 1450/1327/1381
f 1446/1316/1377 1452/1323/1383 1451/1328/1382
f 1447/1329/1378 1453/1336/1384 1458/1330/1389
f 1454/1331/1385 1453/1339/1384 1447/1332/1378
f 1455/1333/1386 1454/1331/1385 1448/1324/1379
f 1456/1334/1387 1455/1333/1386 1449/1326/1380
f 1451/1328/1382 1457/1335/1388 1456/1334/1387
f 1452/1323/1383 1458/1330/1389 1457/1335/1388
f 1453/1336/1384 1459/1343/1390 1464/1337/1395
f 1460/1338/1391 1459/1346/1390 1453/1339/1384
f 1461/1340/1392 1460/1338/1391 1454/1331/1385
f 1462/1341/1393 1461/1340/1392 1455/1333/1386
f 1457/1335/1388 1463/1342/1394 1462/1341/1393
f 1458/1330/1389 1464/1337/1395 1463/1342/1394
f 1459/1343/1390 1465/1350/1396 1470/1344/1401
f 1460/1338/1391 1466/1352/1397 1465/1345/1396
f 1467/1347/1398 1466/1352/1397 1460/1338/1391
f 1468/1348/1399 1467/1347/1398 1461/1340/1392
f 1463/1342/1394 1469/1349/1400 1468/1348/1399
f 1464/1337/1395 1470/1344/1401 1469/1349/1400
f 1465/1350/1396 1471/1357/1402 1476/1351/1407
f 1466/1352/1397 1472/1359/1403 1471/1353/1402
f 1473/1354/1404 1472/1359/1403 1466/1352/1397
f 1474/1355/1405 1473/1354/1404 1467/1347/1398
f 1469/1349/1400 1475/1356/1406 1474/1355/1405
f 1470/1344/1401 1476/1351/1407 1475/1356/1406
f 1471/1357/1402 1477/1364/1408 1482/1358/1413
f 1472/1359/1403 1478/1366/1409 1477/1360/1408
f 1479/1361/1410 1478/1366/1409 1472/1359/1403
f 1480/1362/1411 1479/1361/1410 1473/1354/1404
f 1475/1356/1406 1481/1363/1412 1480/1362/1411
f 1476/1351/1407 1482/1358/1413 1481/1363/1412
f 1477/1364/1408 1483/1371/1414 1488/1365/1419
f 1478/1366/1409 1484/1373/1415 1483/1367/1414
f 1485/1368/1416 1484/1373/1415 1478/1366/1409
f 1486/1369/1417 1485/1368/1416 1479/1361/1410
f 1481/1363/1412 1487/1370/1418 1486/1369/1417
f 1482/1358/1413 1488/1365/1419 1487/1370/1418
f 1483/1371/1414 1489/1378/1420 1494/1372/1425
f 1484/1373/1415 1490/1380/1421 1489/1374/1420
f 1491/1375/1422 1490/1380/1421 1484/1373/1415
f 1492/1376/1423 1491/1375/1422 1485/1368/1416
f 1487/1370/1418 1493/1377/1424 1492/1376/1423
f 1488/1365/1419 1494/1372/1425 1493/1377/1424
f 1489/1378/1420 1495/1385/1426 1500/1379/1431
f 1490/1380/1421 1496/1387/1427 1495/1381/1426
f 1497/1382/1428 1496/1387/1427 1490/1380/1421
f 1498/1383/1429 1497/1382/1428 1491/1375/1422
f 1493/1377/1424 1499/1384/1430 1498/1383/1429
f 1494/1372/1425 1500/1379/1431 1499/1384/1430
f 1495/1385/1426 1501/1392/1432 1506/1386/1437
f 1496/1387/1427 1502/1394/1433 1501/1388/1432
f 1503/1389/1434 1502/1394/1433 1496/1387/1427
f 1504/1390/1435 1503/1389/1434 1497/1382/1428
f 1499/1384/1430 1505/1391/1436 1504/1390/1435
f 1500/1379/1431 1506/1386/1437 1505/1391/1436
f 1501/1392/1432 1507/1399/1438 1512/1393/1443
f 1502/1394/1433 1508/1401/1439 1507/1395/1438
f 1509/1396/1440 1508/1401/1439 1502/1394/1433
f 1510/1397/1441 1509/1396/1440 1503/1389/1434
f 1505/1391/1436 1511/1398/1442 1510/1397/1441
f 1506/1386/1437 1512/1393/1443 1511/1398/1442
f 1507/1399/1438 1513/1406/1444 1518/1400/1449
f 1508/1401/1439 1514/1408/1445 1513/1402/1444
f 1515/1403/1446 1514/1408/1445 1508/1401/1439
f 1516/1404/1447 1515/1403/1446 1509/1396/1440
f 1511/1398/1442 1517/1405/1448 1516/1404/1447
f 1512/1393/1443 1518/1400/1449 1517/1405/1448
f 1513/1406/1444 1519/1413/1450 1524/1407/1455
f 1514/1408/1445 1520/1415/1451 1519/1409/1450
f 1521/1410/1452 1520/1415/1451 1514/1408/1445
f 1522/1411/1453 1521/1410/1452 1515/1403/1446
f 1517/1405/1448 1523/1412/1454 1522/1411/1453
f 1518/1400/1449 1524/1407/1455 1523/1412/1454
f 1519/1413/1450 1525/1420/1456 1530/1414/1461
f 1520/1415/1451 1526/1422/1457 1525/1416/1456
f 1527/1417/1458 1526/1422/1457 1520/1415/1451
f 1528/1418/1459 1527/1417/1458 1521/1410/1452
f 1523/1412/1454 1529/1419/1460 1528/1418/1459
f 1524/1407/1455 1530/1414/1461 1529/1419/1460
f 1525/1420/1456 1531/1427/1462 1536/1421/1467
f 1526/1422/1457 1532/1429/1463 1531/1423/1462
f 1533/1424/1464 1532/1429/1463 1526/1422/1457
f 1534/1425/1465 1533/1424/1464 1527/1417/1458
f 1529/1419/1460 1535/1426/1466 1534/1425/1465
f 1530/1414/1461 1536/1421/1467 1535/1426/1466
f 1531/1427/1462 1537/1434/1468 1542/1428/1473
f 1532/1429/1463 1538/1436/1469 1537/1430/1468
f 1539/1431/1470 1538/1436/1469 1532/1429/1463
f 1540/1432/1471 1539/1431/1470 1533/1424/1464
f 1535/1426/1466 1541/1433/1472 1540/1432/1471
f 1536/1421/1467 1542/1428/1473 1541/1433/1472
f 1537/1434/1468 1543/1441/1474 1548/1435/1479
f 1538/1436/1469 1544/1444/1475 1543/1437/1474
f 1545/1438/1476 1544/1444/1475 1538/1436/1469
f 1546/1439/1477 1545/1438/1476 1539/1431/1470
f 1541/1433/1472 1547/1440/1478 1546/1439/1477
f 1542/1428/1473 1548/1435/1479 1547/1440/1478
f 1543/1441/1474 1549/1449/1480 1554/1442/1485
f 1550/1443/1481 1549/1451/1480 1543/1437/1474
f 1551/1445/1482 1550/1443/1481 1544/1444/1475
f 1552/1446/1483 1551/1445/1482 1545/1438/1476
f 1547/1440/1478 1553/1447/1484 1552/1446/1483
f 1548/1435/1479 1554/1442/1485 1553/1447/1484
f 1555/1448/1486 1560/1456/1491 1554/1442/1485
f 1556/1450/1487 1555/1458/1486 1549/1451/1480
f 1557/1452/1488 1556/1450/1487 1550/1443/1481
f 1552/1446/1483 1558/1453/1489 1557/1452/1488
f 1553/1447/1484 1559/1454/1490 1558/1453/1489
f 1554/1442/1485 1560/1456/1491 1559/1454/1490
f 1561/1455/1492 1566/1461/1497 1560/1456/1491
f 1562/1457/1493 1561/1464/1492 1555/1458/1486
f 1557/1452/1488 1563/1459/1494 1562/1457/1493
f 1558/1453/1489 1564/1460/1495 1563/1459/1494
f 1559/1454/1490 1565/1467/1496 1564/1460/1495
f 1566/1461/1497 1565/1467/1496 1559/1454/1490
f 1567/1462/1498 1572/1468/1503 1566/1461/1497
f 1568/1463/1499 1567/1471/1498 1561/1464/1492
f 1563/1459/1494 1569/1465/1500 1568/1463/1499
f 1564/1460/1495 1570/1472/1501 1569/1465/1500
f 1571/1466/1502 1570/1472/1501 1564/1460/1495
f 1572/1468/1503 1571/1466/1502 1565/1467/1496
f 1573/1469/1504 1578/1475/1509 1572/1468/1503
f 1574/1470/1505 1573/1476/1504 1567/1471/1498
f 1569/1465/1500 1575/1473/1506 1574/1470/1505
f 1570/1472/1501 1576/1477/1507 1575/1473/1506
f 1577/1474/1508 1576/1477/1507 1570/1472/1501
f 1578/1475/1509 1577/1474/1508 1571/1466/1502
f 1579/312/1510 1584/306/1515 1578/1475/1509
f 1580/309/1511 1579/307/1510 1573/1476/1504
f 1575/1473/1506 1581/315/1512 1580/309/1511
f 1576/1477/1507 1582/310/1513 1581/315/1512
f 1583/311/1514 1582/310/1513 1576/1477/1507
f 1584/306/1515 1583/311/1514 1577/1474/1508
f 1585/1478/1516 1590/1482/1521 1584/306/1515
f 1586/1479/1517 1585/1485/1516 1579/307/1510
f 1581/315/1512 1587/1480/1518 1586/1479/1517
f 1582/310/1513 1588/1486/1519 1587/1480/1518
f 1589/1481/1520 1588/1486/1519 1582/310/1513
f 1590/1482/1521 1589/1481/1520 1583/311/1514
f 1591/1483/1522 1596/1489/1527 1590/1482/1521
f 1592/1484/1523 1591/1492/1522 1585/1485/1516
f 1587/1480/1518 1593/1487/1524 1592/1484/1523
f 1588/1486/1519 1594/1493/1525 1593/1487/1524
f 1595/1488/1526 1594/1493/1525 1588/1486/1519
f 1596/1489/1527 1595/1488/1526 1589/1481/1520
f 1597/1490/1528 1602/1496/1533 1596/1489/1527
f 1598/1491/1529 1597/1499/1528 1591/1492/1522
f 1593/1487/1524 1599/1494/1530 1598/1491/1529
f 1594/1493/1525 1600/1501/1531 1599/1494/1530
f 1601/1495/1532 1600/1501/1531 1594/1493/1525
f 1602/1496/1533 1601/1495/1532 1595/1488/1526
f 1603/1497/1534 1608/1504/1539 1602/1496/1533
f 1598/1491/1529 1604/1500/1535 1603/1498/1534
f 1599/1494/1530 1605/1502/1536 1604/1500/1535
f 1600/1501/1531 1606/1508/1537 1605/1502/1536
f 1607/1503/1538 1606/1508/1537 1600/1501/1531
f 1608/1504/1539 1607/1503/1538 1601/1495/1532
f 1609/1505/1540 1614/1511/1545 1608/1504/1539
f 1604/1500/1535 1610/1507/1541 1609/1506/1540
f 1605/1502/1536 1611/1509/1542 1610/1507/1541
f 1606/1508/1537 1612/1514/1543 1611/1509/1542
f 1613/1510/1544 1612/1514/1543 1606/1508/1537
f 1614/1511/1545 1613/1510/1544 1607/1503/1538
f 1615/1512/1546 1620/1517/1551 1614/1511/1545
f 1616/1513/1547 1615/1520/1546 1609/1506/1540
f 1611/1509/1542 1617/1515/1548 1616/1513/1547
f 1612/1514/1543 1618/1521/1549 1617/1515/1548
f 1619/1516/1550 1618/1521/1549 1612/1514/1543
f 1620/1517/1551 1619/1516/1550 1613/1510/1544
f 1621/1518/1552 1626/1524/1557 1620/1517/1551
f 1622/1519/1553 1621/1527/1552 1615/1520/1546
f 1617/1515/1548 1623/1522/1554 1622/1519/1553
f 1618/1521/1549 1624/1528/1555 1623/1522/1554
f 1625/1523/1556 1624/1528/1555 1618/1521/1549
f 1626/1524/1557 1625/1523/1556 1619/1516/1550
f 1627/1525/1558 1632/1531/1563 1626/1524/1557
f 1628/1526/1559 1627/1534/1558 1621/1527/1552
f 1623/1522/1554 1629/1529/1560 1628/1526/1559
f 1624/1528/1555 1630/1535/1561 1629/1529/1560
f 1631/1530/1562 1630/1535/1561 1624/1528/1555
f 1632/1531/1563 1631/1530/1562 1625/1523/1556
f 1633/1532/1564 1638/1538/1569 1632/1531/1563
f 1634/1533/1565 1633/1541/1564 1627/1534/1558
f 1629/1529/1560 1635/1536/1566 1634/1533/1565
f 1630/1535/1561 1636/1542/1567 1635/1536/1566
f 1637/1537/1568 1636/1542/1567 1630/1535/1561
f 1638/1538/1569 1637/1537/1568 1631/1530/1562
f 1639/1539/1570 1644/1545/1575 1638/1538/1569
f 1640/1540/1571 1639/1548/1570 1633/1541/1564
f 1635/1536/1566 1641/1543/1572 1640/1540/1571
f 1636/1542/1567 1642/1549/1573 1641/1543/1572
f 1643/1544/1574 1642/1549/1573 1636/1542/1567
f 1644/1545/1575 1643/1544/1574 1637/1537/1568
f 1645/1546/1576 1650/1552/1581 1644/1545/1575
f 1646/1547/1577 1645/1555/1576 1639/1548/1570
f 1641/1543/1572 1647/1550/1578 1646/1547/1577
f 1642/1549/1573 1648/1551/1579 1647/1550/1578
f 1643/1544/1574 1649/1558/1580 1648/1551/1579
f 1650/1552/1581 1649/1558/1580 1643/1544/1574
f 1645/1546/1576 1651/1560/1582 1656/1553/1587
f 1652/1554/1583 1651/1563/1582 1645/1555/1576
f 1653/1556/1584 1652/1554/1583 1646/1547/1577
f 1654/1557/1585 1653/1556/1584 1647/1550/1578
f 1649/1558/1580 1655/1559/1586 1654/1557/1585
f 1650/1552/1581 1656/1553/1587 1655/1559/1586
f 1651/1560/1582 1657/1567/1588 1662/1561/1593
f 1658/1562/1589 1657/1570/1588 1651/1563/1582
f 1659/1564/1590 1658/1562/1589 1652/1554/1583
f 1660/1565/1591 1659/1564/1590 1653/1556/1584
f 1655/1559/1586 1661/1566/1592 1660/1565/1591
f 1656/1553/1587 1662/1561/1593 1661/1566/1592
f 1657/1567/1588 1663/1574/1594 1668/1568/1599
f 1664/1569/1595 1663/1577/1594 1657/1570/1588
f 1665/1571/1596 1664/1569/1595 1658/1562/1589
f 1666/1572/1597 1665/1571/1596 1659/1564/1590
f 1661/1566/1592 1667/1573/1598 1666/1572/1597
f 1662/1561/1593 1668/1568/1599 1667/1573/1598
f 1663/1574/1594 1669/1581/1600 1674/1575/1605
f 1670/1576/1601 1669/1584/1600 1663/1577/1594
f 1671/1578/1602 1670/1576/1601 1664/1569/1595
f 1672/1579/1603 1671/1578/1602 1665/1571/1596
f 1667/1573/1598 1673/1580/1604 1672/1579/1603
f 1668/1568/1599 1674/1575/1605 1673/1580/1604
f 1669/1581/1600 1675/1588/1606 1680/1582/1611
f 1676/1583/1607 1675/1591/1606 1669/1584/1600
f 1677/1585/1608 1676/1583/1607 1670/1576/1601
f 1678/1586/1609 1677/1585/1608 1671/1578/1602
f 1673/1580/1604 1679/1587/1610 1678/1586/1609
f 1674/1575/1605 1680/1582/1611 1679/1587/1610
f 1675/1588/1606 1681/1595/1612 1686/1589/1617
f 1682/1590/1613 1681/1598/1612 1675/1591/1606
f 1683/1592/1614 1682/1590/1613 1676/1583/1607
f 1684/1593/1615 1683/1592/1614 1677/1585/1608
f 1679/1587/1610 1685/1594/1616 1684/1593/1615
f 1680/1582/1611 1686/1589/1617 1685/1594/1616
f 1681/1595/1612 1687/1602/1618 1692/1596/1623
f 1688/1597/1619 1687/1605/1618 1681/1598/1612
f 1689/1599/1620 1688/1597/1619 1682/1590/1613
f 1690/1600/1621 1689/1599/1620 1683/1592/1614
f 1685/1594/1616 1691/1601/1622 1690/1600/1621
f 1686/1589/1617 1692/1596/1623 1691/1601/1622
f 1687/1602/1618 1693/1609/1624 1698/1603/1629
f 1694/1604/1625 1693/1612/1624 1687/1605/1618
f 1695/1606/1626 1694/1604/1625 1688/1597/1619
f 1696/1607/1627 1695/1606/1626 1689/1599/1620
f 1691/1601/1622 1697/1608/1628 1696/1607/1627
f 1692/1596/1623 1698/1603/1629 1697/1608/1628
f 1693/1609/1624 1699/1616/1630 1704/1610/1635
f 1694/1604/1625 1700/1618/1631 1699/1611/1630
f 1701/1613/1632 1700/1618/1631 1694/1604/1625
f 1702/1614/1633 1701/1613/1632 1695/1606/1626
f 1703/1615/1634 1702/1614/1633 1696/1607/1627
f 1698/1603/1629 1704/1610/1635 1703/1615/1634
f 1699/1616/1630 1705/1623/1636 1710/1617/1641
f 1700/1618/1631 1706/1620/1637 1705/1619/1636
f 1701/1613/1632 1707/1626/1638 1706/1620/1637
f 1708/1621/1639 1707/1626/1638 1701/1613/1632
f 1709/1622/1640 1708/1621/1639 1702/1614/1633
f 1710/1617/1641 1709/1622/1640 1703/1615/1634
f 1705/1623/1636 1711/1630/1642 1716/1624/1647
f 1706/1620/1637 1712/1627/1643 1711/1625/1642
f 1707/1626/1638 1713/1634/1644 1712/1627/1643
f 1714/1628/1645 1713/1634/1644 1707/1626/1638
f 1715/1629/1646 1714/1628/1645 1708/1621/1639
f 1716/1624/1647 1715/1629/1646 1709/1622/1640
f 1711/1630/1642 1717/1637/1648 1722/1631/1653
f 1712/1627/1643 1718/1639/1649 1717/1632/1648
f 1719/1633/1650 1718/1639/1649 1712/1627/1643
f 1720/1635/1651 1719/1633/1650 1713/1634/1644
f 1721/1636/1652 1720/1635/1651 1714/1628/1645
f 1716/1624/1647 1722/1631/1653 1721/1636/1652
f 1717/1637/1648 1723/1644/1654 1728/1638/1659
f 1718/1639/1649 1724/1646/1655 1723/1640/1654
f 1725/1641/1656 1724/1646/1655 1718/1639/1649
f 1726/1642/1657 1725/1641/1656 1719/1633/1650
f 1727/1643/1658 1726/1642/1657 1720/1635/1651
f 1722/1631/1653 1728/1638/1659 1727/1643/1658
f 1723/1644/1654 1729/1651/1660 1734/1645/1665
f 1724/1646/1655 1730/1653/1661 1729/1647/1660
f 1731/1648/1662 1730/1653/1661 1724/1646/1655
f 1732/1649/1663 1731/1648/1662 1725/1641/1656
f 1733/1650/1664 1732/1649/1663 1726/1642/1657
f 1728/1638/1659 1734/1645/1665 1733/1650/1664
f 1729/1651/1660 1735/1658/1666 1740/1652/1671
f 1730/1653/1661 1736/1659/1667 1735/1654/1666
f 1737/1655/1668 1736/1659/1667 1730/1653/1661
f 1738/1656/1669 1737/1655/1668 1731/1648/1662
f 1739/1657/1670 1738/1656/1669 1732/1649/1663
f 1734/1645/1665 1740/1652/1671 1739/1657/1670
f 1735/1658/1666 601/1673/532 606/355/537
f 1736/1659/1667 602/358/533 601/356/532
f 603/1660/534 602/358/533 1736/1659/1667
f 604/359/535 603/1660/534 1737/1655/1668
f 605/360/536 604/359/535 1738/1656/1669
f 1740/1652/1671 606/355/537 605/360/536
f 1747/15/1678 1753/391/1684 1758/385/1689
f 1748/18/1679 1754/393/1685 1753/386/1684
f 1755/388/1686 1754/393/1685 1748/18/1679
f 1756/389/1687 1755/388/1686 1749/20/1680
f 1757/390/1688 1756/389/1687 1750/21/1681
f 1752/14/1683 1758/385/1689 1757/390/1688
f 1753/391/1684 1759/399/1690 1764/392/1695
f 1754/393/1685 1760/401/1691 1759/394/1690
f 1761/395/1692 1760/401/1691 1754/393/1685
f 1762/396/1693 1761/395/1692 1755/388/1686
f 1763/397/1694 1762/396/1693 1756/389/1687
f 1758/385/1689 1764/392/1695 1763/397/1694
f 1765/398/1696 1770/404/1701 1764/392/1695
f 1766/400/1697 1765/407/1696 1759/394/1690
f 1761/395/1692 1767/402/1698 1766/400/1697
f 1762/396/1693 1768/403/1699 1767/402/1698
f 1763/397/1694 1769/409/1700 1768/403/1699
f 1770/404/1701 1769/409/1700 1763/397/1694
f 1771/405/1702 1776/411/1707 1770/404/1701
f 1772/406/1703 1771/414/1702 1765/407/1696
f 1767/402/1698 1773/408/1704 1772/406/1703
f 1768/403/1699 1774/410/1705 1773/408/1704
f 1769/409/1700 1775/416/1706 1774/410/1705
f 1776/411/1707 1775/416/1706 1769/409/1700
f 1777/412/1708 1782/418/1713 1776/411/1707
f 1778/413/1709 1777/421/1708 1771/414/1702
f 1773/408/1704 1779/415/1710 1778/413/1709
f 1774/410/1705 1780/417/1711 1779/415/1710
f 1775/416/1706 1781/423/1712 1780/417/1711
f 1782/418/1713 1781/423/1712 1775/416/1706
f 1783/419/1714 1788/425/1719 1782/418/1713
f 1784/420/1715 1783/428/1714 1777/421/1708
f 1779/415/1710 1785/422/1716 1784/420/1715
f 1780/417/1711 1786/424/1717 1785/422/1716
f 1781/423/1712 1787/430/1718 1786/424/1717
f 1788/425/1719 1787/430/1718 1781/423/1712
f 1789/426/1720 1794/432/1724 1788/425/1719
f 1790/427/1721 1789/435/1720 1783/428/1714
f 1785/422/1716 1791/429/1722 1790/427/1721
f 1786/424/1717 1792/431/583 1791/429/1722
f 1787/430/1718 1793/437/1723 1792/431/583
f 1794/432/1724 1793/437/1723 1787/430/1718
f 1795/433/586 1800/439/1729 1794/432/1724
f 1796/434/1725 1795/442/586 1789/435/1720
f 1791/429/1722 1797/436/1726 1796/434/1725
f 1792/431/583 1798/438/1727 1797/436/1726
f 1793/437/1723 1799/444/1728 1798/438/1727
f 1800/439/1729 1799/444/1728 1793/437/1723
f 1801/440/1730 1806/446/1732 1800/439/1729
f 1802/441/1731 1801/449/1730 1795/442/586
f 1797/436/1726 1803/443/594 1802/441/1731
f 1798/438/1727 1804/445/595 1803/443/594
f 1799/444/1728 1805/451/596 1804/445/595
f 1806/446/1732 1805/451/596 1799/444/1728
f 1807/447/1733 1812/455/1738 1806/446/1732
f 1808/448/1734 1807/457/1733 1801/449/1730
f 1809/450/1735 1808/448/1734 1802/441/1731
f 1804/445/595 1810/452/1736 1809/450/1735
f 1805/451/596 1811/453/1737 1810/452/1736
f 1806/446/1732 1812/455/1738 1811/453/1737
f 1813/454/1739 1818/462/1744 1812/455/1738
f 1814/456/1740 1813/464/1739 1807/457/1733
f 1815/458/1741 1814/456/1740 1808/448/1734
f 1810/452/1736 1816/459/1742 1815/458/1741
f 1811/453/1737 1817/460/1743 1816/459/1742
f 1812/455/1738 1818/462/1744 1817/460/1743
f 1819/461/1745 1824/469/1750 1818/462/1744
f 1820/463/1746 1819/471/1745 1813/464/1739
f 1821/465/1747 1820/463/1746 1814/456/1740
f 1816/459/1742 1822/466/1748 1821/465/1747
f 1817/460/1743 1823/467/1749 1822/466/1748
f 1818/462/1744 1824/469/1750 1823/467/1749
f 1825/468/1751 1830/476/1756 1824/469/1750
f 1826/470/1752 1825/478/1751 1819/471/1745
f 1827/472/1753 1826/470/1752 1820/463/1746
f 1822/466/1748 1828/473/1754 1827/472/1753
f 1823/467/1749 1829/474/1755 1828/473/1754
f 1824/469/1750 1830/476/1756 1829/474/1755
f 1831/475/1757 1836/483/1762 1830/476/1756
f 1832/477/1758 1831/485/1757 1825/478/1751
f 1833/479/1759 1832/477/1758 1826/470/1752
f 1828/473/1754 1834/480/1760 1833/479/1759
f 1829/474/1755 1835/481/1761 1834/480/1760
f 1830/476/1756 1836/483/1762 1835/481/1761
f 1837/482/1763 1842/490/1768 1836/483/1762
f 1838/484/1764 1837/492/1763 1831/485/1757
f 1839/486/1765 1838/484/1764 1832/477/1758
f 1834/480/1760 1840/487/1766 1839/486/1765
f 1835/481/1761 1841/488/1767 1840/487/1766
f 1836/483/1762 1842/490/1768 1841/488/1767
f 1843/489/1769 1848/497/1774 1842/490/1768
f 1844/491/1770 1843/499/1769 1837/492/1763
f 1845/493/1771 1844/491/1770 1838/484/1764
f 1840/487/1766 1846/494/1772 1845/493/1771
f 1841/488/1767 1847/495/1773 1846/494/1772
f 1842/490/1768 1848/497/1774 1847/495/1773
f 1849/496/1775 1854/504/1780 1848/497/1774
f 1850/498/1776 1849/506/1775 1843/499/1769
f 1851/500/1777 1850/498/1776 1844/491/1770
f 1846/494/1772 1852/501/1778 1851/500/1777
f 1847/495/1773 1853/502/1779 1852/501/1778
f 1848/497/1774 1854/504/1780 1853/502/1779
f 1855/503/1781 1860/510/1786 1854/504/1780
f 1850/498/1776 1856/507/1782 1855/505/1781
f 1851/500/1777 1857/508/1783 1856/507/1782
f 1852/501/1778 1858/514/1784 1857/508/1783
f 1859/509/1785 1858/514/1784 1852/501/1778
f 1860/510/1786 1859/509/1785 1853/502/1779
f 1855/503/1781 1861/511/1787 1866/517/1792
f 1856/507/1782 1862/513/1788 1861/512/1787
f 1857/508/1783 1863/515/1789 1862/513/1788
f 1864/521/1790 1863/515/1789 1857/508/1783
f 1865/516/1791 1864/521/1790 1858/514/1784
f 1866/517/1792 1865/516/1791 1859/509/1785
f 1861/511/1787 1867/518/1793 1872/524/1798
f 1862/513/1788 1868/520/1794 1867/519/1793
f 1863/515/1789 1869/522/1795 1868/520/1794
f 1870/528/1796 1869/522/1795 1863/515/1789
f 1871/523/1797 1870/528/1796 1864/521/1790
f 1872/524/1798 1871/523/1797 1865/516/1791
f 1867/518/1793 1873/525/1799 1878/531/1804
f 1868/520/1794 1874/527/1800 1873/526/1799
f 1869/522/1795 1875/529/1801 1874/527/1800
f 1876/535/1802 1875/529/1801 1869/522/1795
f 1877/530/1803 1876/535/1802 1870/528/1796
f 1878/531/1804 1877/530/1803 1871/523/1797
f 1873/525/1799 1879/532/1805 1884/538/1810
f 1874/527/1800 1880/534/1806 1879/533/1805
f 1875/529/1801 1881/536/1807 1880/534/1806
f 1882/542/1808 1881/536/1807 1875/529/1801
f 1883/537/1809 1882/542/1808 1876/535/1802
f 1884/538/1810 1883/537/1809 1877/530/1803
f 1885/539/1811 1890/545/1816 1884/538/1810
f 1880/534/1806 1886/541/1812 1885/540/1811
f 1881/536/1807 1887/543/1813 1886/541/1812
f 1882/542/1808 1888/548/1814 1887/543/1813
f 1889/544/1815 1888/548/1814 1882/542/1808
f 1890/545/1816 1889/544/1815 1883/537/1809
f 1891/546/1817 1896/551/1822 1890/545/1816
f 1886/541/1812 1892/547/1818 1891/554/1817
f 1887/543/1813 1893/549/1819 1892/547/1818
f 1888/548/1814 1894/555/1820 1893/549/1819
f 1895/550/1821 1894/555/1820 1888/548/1814
f 1896/551/1822 1895/550/1821 1889/544/1815
f 1897/552/1823 1902/558/1828 1896/551/1822
f 1898/553/1824 1897/561/1823 1891/554/1817
f 1893/549/1819 1899/556/1825 1898/553/1824
f 1894/555/1820 1900/557/1826 1899/556/1825
f 1895/550/1821 1901/563/1827 1900/557/1826
f 1902/558/1828 1901/563/1827 1895/550/1821
f 1903/559/1829 1908/565/1834 1902/558/1828
f 1904/560/1830 1903/566/1829 1897/561/1823
f 1899/556/1825 1905/562/1831 1904/560/1830
f 1900/557/1826 1906/564/1832 1905/562/1831
f 1901/563/1827 1907/567/1833 1906/564/1832
f 1908/565/1834 1907/567/1833 1901/563/1827
f 1909/61/1835 1914/67/1840 1908/565/1834
f 1910/63/1836 1909/62/1835 1903/566/1829
f 1905/562/1831 1911/65/1837 1910/63/1836
f 1906/564/1832 1912/71/1838 1911/65/1837
f 1907/567/1833 1913/66/1839 1912/71/1838
f 1914/67/1840 1913/66/1839 1907/567/1833
f 1915/568/1841 1920/572/1846 1914/67/1840
f 1916/569/1842 1915/575/1841 1909/62/1835
f 1911/65/1837 1917/570/1843 1916/569/1842
f 1912/71/1838 1918/571/1844 1917/570/1843
f 1913/66/1839 1919/578/1845 1918/571/1844
f 1920/572/1846 1919/578/1845 1913/66/1839
f 1921/573/1847 1926/579/1852 1920/572/1846
f 1922/574/1848 1921/582/1847 1915/575/1841
f 1917/570/1843 1923/576/1849 1922/574/1848
f 1918/571/1844 1924/583/1850 1923/576/1849
f 1919/578/1845 1925/577/1851 1924/583/1850
f 1926/579/1852 1925/577/1851 1919/578/1845
f 1927/580/1853 1932/586/1858 1926/579/1852
f 1922/574/1848 1928/581/1854 1927/589/1853
f 1923/576/1849 1929/584/1855 1928/581/1854
f 1924/583/1850 1930/590/1856 1929/584/1855
f 1931/585/1857 1930/590/1856 1924/583/1850
f 1932/586/1858 1931/585/1857 1925/577/1851
f 1927/580/1853 1933/587/1859 1938/593/1864
f 1928/581/1854 1934/588/1860 1933/596/1859
f 1929/584/1855 1935/591/1861 1934/588/1860
f 1936/598/1862 1935/591/1861 1929/584/1855
f 1937/592/1863 1936/598/1862 1930/590/1856
f 1938/593/1864 1937/592/1863 1931/585/1857
f 1933/587/1859 1939/594/1865 1944/601/1870
f 1934/588/1860 1940/597/1866 1939/595/1865
f 1935/591/1861 1941/599/1867 1940/597/1866
f 1942/605/1868 1941/599/1867 1935/591/1861
f 1943/600/1869 1942/605/1868 1936/598/1862
f 1944/601/1870 1943/600/1869 1937/592/1863
f 1939/594/1865 1945/602/1871 1950/608/1876
f 1940/597/1866 1946/604/1872 1945/603/1871
f 1941/599/1867 1947/606/1873 1946/604/1872
f 1948/611/1874 1947/606/1873 1941/599/1867
f 1949/607/1875 1948/611/1874 1942/605/1868
f 1950/608/1876 1949/607/1875 1943/600/1869
f 1945/602/1871 1951/609/1877 1956/614/1882
f 1946/604/1872 1952/610/1878 1951/617/1877
f 1947/606/1873 1953/612/1879 1952/610/1878
f 1954/618/1880 1953/612/1879 1947/606/1873
f 1955/613/1881 1954/618/1880 1948/611/1874
f 1956/614/1882 1955/613/1881 1949/607/1875
f 1951/609/1877 1957/615/1883 1962/621/1888
f 1952/610/1878 1958/616/1884 1957/624/1883
f 1953/612/1879 1959/619/1885 1958/616/1884
f 1960/625/1886 1959/619/1885 1953/612/1879
f 1961/620/1887 1960/625/1886 1954/618/1880
f 1962/621/1888 1961/620/1887 1955/613/1881
f 1963/622/1889 1968/628/1894 1962/621/1888
f 1958/616/1884 1964/623/1890 1963/631/1889
f 1959/619/1885 1965/626/1891 1964/623/1890
f 1960/625/1886 1966/632/1892 1965/626/1891
f 1967/627/1893 1966/632/1892 1960/625/1886
f 1968/628/1894 1967/627/1893 1961/620/1887
f 1969/629/1895 1974/635/1900 1968/628/1894
f 1964/623/1890 1970/630/1896 1969/638/1895
f 1965/626/1891 1971/633/1897 1970/630/1896
f 1966/632/1892 1972/639/1898 1971/633/1897
f 1973/634/1899 1972/639/1898 1966/632/1892
f 1974/635/1900 1973/634/1899 1967/627/1893
f 1975/636/1901 1980/642/1906 1974/635/1900
f 1976/637/1902 1975/645/1901 1969/638/1895
f 1971/633/1897 1977/640/1903 1976/637/1902
f 1972/639/1898 1978/641/1904 1977/640/1903
f 1973/634/1899 1979/647/1905 1978/641/1904
f 1980/642/1906 1979/647/1905 1973/634/1899
f 1981/643/1907 1986/649/1912 1980/642/1906
f 1982/644/1908 1981/652/1907 1975/645/1901
f 1977/640/1903 1983/646/1909 1982/644/1908
f 1978/641/1904 1984/648/1910 1983/646/1909
f 1979/647/1905 1985/654/1911 1984/648/1910
f 1986/649/1912 1985/654/1911 1979/647/1905
f 1987/650/1913 1992/656/1918 1986/649/1912
f 1988/651/1914 1987/659/1913 1981/652/1907
f 1983/646/1909 1989/653/1915 1988/651/1914
f 1984/648/1910 1990/655/1916 1989/653/1915
f 1985/654/1911 1991/661/1917 1990/655/1916
f 1992/656/1918 1991/661/1917 1985/654/1911
f 1993/657/1919 1998/663/1924 1992/656/1918
f 1994/658/1920 1993/666/1919 1987/659/1913
f 1989/653/1915 1995/660/1921 1994/658/1920
f 1990/655/1916 1996/662/1922 1995/660/1921
f 1991/661/1917 1997/669/1923 1996/662/1922
f 1998/663/1924 1997/669/1923 1991/661/1917
f 1999/664/1925 2004/670/1930 1998/663/1924
f 1994/658/1920 2000/665/1926 1999/673/1925
f 1995/660/1921 2001/667/1927 2000/665/1926
f 1996/662/1922 2002/674/1928 2001/667/1927
f 2003/668/1929 2002/674/1928 1996/662/1922
f 2004/670/1930 2003/668/1929 1997/669/1923
f 1999/664/1925 2005/671/1931 2010/677/1936
f 2000/665/1926 2006/672/1932 2005/680/1931
f 2001/667/1927 2007/675/1933 2006/672/1932
f 2008/682/1934 2007/675/1933 2001/667/1927
f 2009/676/1935 2008/682/1934 2002/674/1928
f 2010/677/1936 2009/676/1935 2003/668/1929
f 2005/671/1931 2011/678/1937 2016/685/1942
f 2006/672/1932 2012/681/1938 2011/679/1937
f 2013/683/1939 2012/681/1938 2006/672/1932
f 2014/689/1940 2013/683/1939 2007/675/1933
f 2015/684/1941 2014/689/1940 2008/682/1934
f 2010/677/1936 2016/685/1942 2015/684/1941
f 2011/678/1937 2017/686/1943 2022/692/1948
f 2012/681/1938 2018/688/1944 2017/687/1943
f 2019/690/1945 2018/688/1944 2012/681/1938
f 2020/696/1946 2019/690/1945 2013/683/1939
f 2021/691/1947 2020/696/1946 2014/689/1940
f 2016/685/1942 2022/692/1948 2021/691/1947
f 2017/686/1943 2023/693/1949 2028/699/1954
f 2018/688/1944 2024/695/1950 2023/694/1949
f 2025/697/1951 2024/695/1950 2018/688/1944
f 2026/703/1952 2025/697/1951 2019/690/1945
f 2027/698/1953 2026/703/1952 2020/696/1946
f 2022/692/1948 2028/699/1954 2027/698/1953
f 2023/693/1949 2029/700/1955 2034/706/1960
f 2024/695/1950 2030/702/1956 2029/701/1955
f 2031/704/1957 2030/702/1956 2024/695/1950
f 2032/710/1958 2031/704/1957 2025/697/1951
f 2033/705/1959 2032/710/1958 2026/703/1952
f 2028/699/1954 2034/706/1960 2033/705/1959
f 2029/700/1955 2035/707/1961 2040/713/1966
f 2030/702/1956 2036/709/1962 2035/708/1961
f 2037/711/1963 2036/709/1962 2030/702/1956
f 2038/717/1964 2037/711/1963 2031/704/1957
f 2039/712/1965 2038/717/1964 2032/710/1958
f 2034/706/1960 2040/713/1966 2039/712/1965
f 2035/707/1961 2041/714/1967 2046/720/1972
f 2036/709/1962 2042/716/1968 2041/715/1967
f 2043/718/1969 2042/716/1968 2036/709/1962
f 2044/724/1970 2043/718/1969 2037/711/1963
f 2045/719/1971 2044/724/1970 2038/717/1964
f 2040/713/1966 2046/720/1972 2045/719/1971
f 2041/714/1967 2047/721/1973 2052/727/1978
f 2042/716/1968 2048/723/1974 2047/722/1973
f 2049/725/1975 2048/723/1974 2042/716/1968
f 2050/730/1976 2049/725/1975 2043/718/1969
f 2051/726/1977 2050/730/1976 2044/724/1970
f 2046/720/1972 2052/727/1978 2051/726/1977
f 2047/721/1973 2053/728/1979 2058/733/1984
f 2048/723/1974 2054/729/1980 2053/736/1979
f 2049/725/1975 2055/731/1981 2054/729/1980
f 2056/737/1982 2055/731/1981 2049/725/1975
f 2057/732/1983 2056/737/1982 2050/730/1976
f 2058/733/1984 2057/732/1983 2051/726/1977
f 2059/734/1985 2064/740/1990 2058/733/1984
f 2054/729/1980 2060/735/1986 2059/743/1985
f 2055/731/1981 2061/738/1987 2060/735/1986
f 2056/737/1982 2062/744/1988 2061/738/1987
f 2063/739/1989 2062/744/1988 2056/737/1982
f 2064/740/1990 2063/739/1989 2057/732/1983
f 2065/741/1991 2070/747/1996 2064/740/1990
f 2060/735/1986 2066/742/1992 2065/748/1991
f 2061/738/1987 2067/745/1993 2066/742/1992
f 2062/744/1988 2068/746/1994 2067/745/1993
f 2069/749/1995 2068/746/1994 2062/744/1988
f 2070/747/1996 2069/749/1995 2063/739/1989
f 2071/110/1997 2076/116/2002 2070/747/1996
f 2066/742/1992 2072/112/1998 2071/111/1997
f 2067/745/1993 2073/114/1999 2072/112/1998
f 2068/746/1994 2074/120/2000 2073/114/1999
f 2075/115/2001 2074/120/2000 2068/746/1994
f 2076/116/2002 2075/115/2001 2069/749/1995
f 2077/750/2003 2082/754/2008 2076/116/2002
f 2072/112/1998 2078/751/2004 2077/757/2003
f 2073/114/1999 2079/752/2005 2078/751/2004
f 2074/120/2000 2080/753/2006 2079/752/2005
f 2081/759/2007 2080/753/2006 2074/120/2000
f 2082/754/2008 2081/759/2007 2075/115/2001
f 2083/755/2009 2088/761/2014 2082/754/2008
f 2084/756/2010 2083/764/2009 2077/757/2003
f 2079/752/2005 2085/758/2011 2084/756/2010
f 2080/753/2006 2086/760/2012 2085/758/2011
f 2081/759/2007 2087/766/2013 2086/760/2012
f 2088/761/2014 2087/766/2013 2081/759/2007
f 2089/762/2015 2094/768/2020 2088/761/2014
f 2090/763/2016 2089/771/2015 2083/764/2009
f 2085/758/2011 2091/765/2017 2090/763/2016
f 2086/760/2012 2092/767/2018 2091/765/2017
f 2087/766/2013 2093/773/2019 2092/767/2018
f 2094/768/2020 2093/773/2019 2087/766/2013
f 2095/769/2021 2100/775/2026 2094/768/2020
f 2090/763/2016 2096/770/2022 2095/778/2021
f 2091/765/2017 2097/772/2023 2096/770/2022
f 2092/767/2018 2098/774/2024 2097/772/2023
f 2099/781/2025 2098/774/2024 2092/767/2018
f 2100/775/2026 2099/781/2025 2093/773/2019
f 2101/776/2027 2106/782/2032 2100/775/2026
f 2096/770/2022 2102/777/2028 2101/785/2027
f 2097/772/2023 2103/779/2029 2102/777/2028
f 2098/774/2024 2104/787/2030 2103/779/2029
f 2105/780/2031 2104/787/2030 2098/774/2024
f 2106/782/2032 2105/780/2031 2099/781/2025
f 2101/776/2027 2107/783/2033 2112/790/2038
f 2102/777/2028 2108/786/2034 2107/784/2033
f 2109/788/2035 2108/786/2034 2102/777/2028
f 2110/794/2036 2109/788/2035 2103/779/2029
f 2111/789/2037 2110/794/2036 2104/787/2030
f 2106/782/2032 2112/790/2038 2111/789/2037
f 2107/783/2033 2113/791/2039 2118/797/2044
f 2108/786/2034 2114/793/2040 2113/792/2039
f 2115/795/2041 2114/793/2040 2108/786/2034
f 2116/801/2042 2115/795/2041 2109/788/2035
f 2117/796/2043 2116/801/2042 2110/794/2036
f 2112/790/2038 2118/797/2044 2117/796/2043
f 2113/791/2039 2119/798/2045 2124/804/2050
f 2114/793/2040 2120/800/2046 2119/799/2045
f 2121/802/2047 2120/800/2046 2114/793/2040
f 2122/809/2048 2121/802/2047 2115/795/2041
f 2123/803/2049 2122/809/2048 2116/801/2042
f 2118/797/2044 2124/804/2050 2123/803/2049
f 2119/798/2045 2125/811/2051 2130/805/2056
f 2120/800/2046 2126/807/2052 2125/806/2051
f 2127/814/2053 2126/807/2052 2120/800/2046
f 2128/808/2054 2127/814/2053 2121/802/2047
f 2129/810/2055 2128/808/2054 2122/809/2048
f 2124/804/2050 2130/805/2056 2129/810/2055
f 2125/811/2051 2131/818/2057 2136/812/2062
f 2126/807/2052 2132/815/2058 2131/813/2057
f 2133/822/2059 2132/815/2058 2126/807/2052
f 2134/816/2060 2133/822/2059 2127/814/2053
f 2135/817/2061 2134/816/2060 2128/808/2054
f 2130/805/2056 2136/812/2062 2135/817/2061
f 2131/818/2057 2137/825/2063 2142/819/2068
f 2132/815/2058 2138/827/2064 2137/820/2063
f 2139/821/2065 2138/827/2064 2132/815/2058
f 2140/823/2066 2139/821/2065 2133/822/2059
f 2141/824/2067 2140/823/2066 2134/816/2060
f 2136/812/2062 2142/819/2068 2141/824/2067
f 2137/825/2063 2143/832/2069 2148/826/2074
f 2138/827/2064 2144/834/2070 2143/828/2069
f 2145/829/2071 2144/834/2070 2138/827/2064
f 2146/830/2072 2145/829/2071 2139/821/2065
f 2147/831/2073 2146/830/2072 2140/823/2066
f 2142/819/2068 2148/826/2074 2147/831/2073
f 2143/832/2069 2149/839/2075 2154/833/2080
f 2144/834/2070 2150/841/2076 2149/835/2075
f 2151/836/2077 2150/841/2076 2144/834/2070
f 2152/837/2078 2151/836/2077 2145/829/2071
f 2153/838/2079 2152/837/2078 2146/830/2072
f 2148/826/2074 2154/833/2080 2153/838/2079
f 2149/839/2075 2155/846/2081 2160/840/2086
f 2150/841/2076 2156/848/2082 2155/842/2081
f 2157/843/2083 2156/848/2082 2150/841/2076
f 2158/844/2084 2157/843/2083 2151/836/2077
f 2159/845/2085 2158/844/2084 2152/837/2078
f 2154/833/2080 2160/840/2086 2159/845/2085
f 2155/846/2081 2161/853/2087 2166/847/2092
f 2156/848/2082 2162/856/2088 2161/849/2087
f 2163/850/2089 2162/856/2088 2156/848/2082
f 2164/851/2090 2163/850/2089 2157/843/2083
f 2165/852/2091 2164/851/2090 2158/844/2084
f 2160/840/2086 2166/847/2092 2165/852/2091
f 2167/861/2093 2172/854/2098 2166/847/2092
f 2162/856/2088 2168/855/2094 2167/863/2093
f 2163/850/2089 2169/857/2095 2168/855/2094
f 2164/851/2090 2170/858/2096 2169/857/2095
f 2171/859/2097 2170/858/2096 2164/851/2090
f 2172/854/2098 2171/859/2097 2165/852/2091
f 2173/860/2099 2178/866/2104 2172/854/2098
f 2168/855/2094 2174/862/2100 2173/869/2099
f 2169/857/2095 2175/864/2101 2174/862/2100
f 2170/858/2096 2176/865/2102 2175/864/2101
f 2177/871/2103 2176/865/2102 2170/858/2096
f 2178/866/2104 2177/871/2103 2171/859/2097
f 2179/867/2105 2184/873/2110 2178/866/2104
f 2174/862/2100 2180/868/2106 2179/876/2105
f 2175/864/2101 2181/870/2107 2180/868/2106
f 2176/865/2102 2182/872/2108 2181/870/2107
f 2183/879/2109 2182/872/2108 2176/865/2102
f 2184/873/2110 2183/879/2109 2177/871/2103
f 2179/867/2105 2185/874/2111 2190/880/2116
f 2180/868/2106 2186/875/2112 2185/883/2111
f 2181/870/2107 2187/877/2113 2186/875/2112
f 2188/884/2114 2187/877/2113 2181/870/2107
f 2189/878/2115 2188/884/2114 2182/872/2108
f 2190/880/2116 2189/878/2115 2183/879/2109
f 2185/874/2111 2191/881/2117 2196/887/2122
f 2186/875/2112 2192/882/2118 2191/890/2117
f 2193/885/2119 2192/882/2118 2186/875/2112
f 2194/891/2120 2193/885/2119 2187/877/2113
f 2195/886/2121 2194/891/2120 2188/884/2114
f 2190/880/2116 2196/887/2122 2195/886/2121
f 2191/881/2117 2197/888/2123 2202/894/2128
f 2192/882/2118 2198/889/2124 2197/897/2123
f 2199/892/2125 2198/889/2124 2192/882/2118
f 2200/898/2126 2199/892/2125 2193/885/2119
f 2201/893/2127 2200/898/2126 2194/891/2120
f 2196/887/2122 2202/894/2128 2201/893/2127
f 2197/888/2123 2203/895/2129 2208/901/2134
f 2198/889/2124 2204/896/2130 2203/904/2129
f 2205/899/2131 2204/896/2130 2198/889/2124
f 2206/905/2132 2205/899/2131 2199/892/2125
f 2207/900/2133 2206/905/2132 2200/898/2126
f 2202/894/2128 2208/901/2134 2207/900/2133
f 2203/895/2129 2209/902/2135 2214/908/2140
f 2204/896/2130 2210/903/2136 2209/911/2135
f 2211/906/2137 2210/903/2136 2204/896/2130
f 2212/912/2138 2211/906/2137 2205/899/2131
f 2213/907/2139 2212/912/2138 2206/905/2132
f 2208/901/2134 2214/908/2140 2213/907/2139
f 2209/902/2135 2215/909/2141 2220/915/2146
f 2210/903/2136 2216/910/2142 2215/918/2141
f 2217/913/2143 2216/910/2142 2210/903/2136
f 2218/919/2144 2217/913/2143 2211/906/2137
f 2219/914/2145 2218/919/2144 2212/912/2138
f 2214/908/2140 2220/915/2146 2219/914/2145
f 2215/909/2141 2221/916/2147 2226/922/2152
f 2216/910/2142 2222/917/2148 2221/925/2147
f 2223/920/2149 2222/917/2148 2216/910/2142
f 2224/926/2150 2223/920/2149 2217/913/2143
f 2225/921/2151 2224/926/2150 2218/919/2144
f 2220/915/2146 2226/922/2152 2225/921/2151
f 2221/916/2147 2227/923/2153 2232/929/2158
f 2222/917/2148 2228/924/2154 2227/930/2153
f 2229/927/2155 2228/924/2154 2222/917/2148
f 2230/931/2156 2229/927/2155 2223/920/2149
f 2231/928/2157 2230/931/2156 2224/926/2150
f 2226/922/2152 2232/929/2158 2231/928/2157
f 2227/923/2153 2233/159/2159 2238/165/2164
f 2228/924/2154 2234/161/2160 2233/160/2159
f 2235/163/2161 2234/161/2160 2228/924/2154
f 2236/168/2162 2235/163/2161 2229/927/2155
f 2237/164/2163 2236/168/2162 2230/931/2156
f 2232/929/2158 2238/165/2164 2237/164/2163
f 2239/932/2165 2244/936/2170 2238/165/2164
f 2234/161/2160 2240/933/2166 2239/939/2165
f 2235/163/2161 2241/934/2167 2240/933/2166
f 2236/168/2162 2242/940/2168 2241/934/2167
f 2243/935/2169 2242/940/2168 2236/168/2162
f 2244/936/2170 2243/935/2169 2237/164/2163
f 2245/937/2171 2250/943/2176 2244/936/2170
f 2246/938/2172 2245/946/2171 2239/939/2165
f 2241/934/2167 2247/941/2173 2246/938/2172
f 2242/940/2168 2248/947/2174 2247/941/2173
f 2243/935/2169 2249/942/2175 2248/947/2174
f 2250/943/2176 2249/942/2175 2243/935/2169
f 2251/944/2177 2256/950/2182 2250/943/2176
f 2252/945/2178 2251/953/2177 2245/946/2171
f 2247/941/2173 2253/948/2179 2252/945/2178
f 2248/947/2174 2254/954/2180 2253/948/2179
f 2249/942/2175 2255/949/2181 2254/954/2180
f 2256/950/2182 2255/949/2181 2249/942/2175
f 2257/951/2183 2262/957/2188 2256/950/2182
f 2252/945/2178 2258/952/2184 2257/960/2183
f 2253/948/2179 2259/955/2185 2258/952/2184
f 2254/954/2180 2260/961/2186 2259/955/2185
f 2261/956/2187 2260/961/2186 2254/954/2180
f 2262/957/2188 2261/956/2187 2255/949/2181
f 2263/958/2189 2268/964/2194 2262/957/2188
f 2264/959/2190 2263/967/2189 2257/960/2183
f 2259/955/2185 2265/962/2191 2264/959/2190
f 2260/961/2186 2266/968/2192 2265/962/2191
f 2261/956/2187 2267/963/2193 2266/968/2192
f 2268/964/2194 2267/963/2193 2261/956/2187
f 2269/965/2195 2274/971/2200 2268/964/2194
f 2264/959/2190 2270/966/2196 2269/974/2195
f 2265/962/2191 2271/969/2197 2270/966/2196
f 2266/968/2192 2272/975/2198 2271/969/2197
f 2273/970/2199 2272/975/2198 2266/968/2192
f 2274/971/2200 2273/970/2199 2267/963/2193
f 2275/972/2201 2280/978/2206 2274/971/2200
f 2276/973/2202 2275/981/2201 2269/974/2195
f 2271/969/2197 2277/976/2203 2276/973/2202
f 2272/975/2198 2278/982/2204 2277/976/2203
f 2273/970/2199 2279/977/2205 2278/982/2204
f 2280/978/2206 2279/977/2205 2273/970/2199
f 2281/979/2207 2286/985/2212 2280/978/2206
f 2276/973/2202 2282/980/2208 2281/988/2207
f 2277/976/2203 2283/983/2209 2282/980/2208
f 2278/982/2204 2284/984/2210 2283/983/2209
f 2285/991/2211 2284/984/2210 2278/982/2204
f 2286/985/2212 2285/991/2211 2279/977/2205
f 2287/993/2213 2292/986/2218 2286/985/2212
f 2288/995/2214 2287/987/2213 2281/988/2207
f 2283/983/2209 2289/989/2215 2288/995/2214
f 2284/984/2210 2290/990/2216 2289/989/2215
f 2285/991/2211 2291/992/2217 2290/990/2216
f 2292/986/2218 2291/992/2217 2285/991/2211
f 2287/993/2213 2293/1000/2219 2298/994/2224
f 2288/995/2214 2294/1002/2220 2293/996/2219
f 2295/997/2221 2294/1002/2220 2288/995/2214
f 2296/998/2222 2295/997/2221 2289/989/2215
f 2297/999/2223 2296/998/2222 2290/990/2216
f 2292/986/2218 2298/994/2224 2297/999/2223
f 2293/1000/2219 2299/1007/2225 2304/1001/2230
f 2300/1009/2226 2299/1003/2225 2293/996/2219
f 2301/1004/2227 2300/1009/2226 2294/1002/2220
f 2302/1005/2228 2301/1004/2227 2295/997/2221
f 2297/999/2223 2303/1006/2229 2302/1005/2228
f 2298/994/2224 2304/1001/2230 2303/1006/2229
f 2299/1007/2225 2305/1014/2231 2310/1008/2236
f 2306/1016/2232 2305/1010/2231 2299/1003/2225
f 2307/1011/2233 2306/1016/2232 2300/1009/2226
f 2308/1012/2234 2307/1011/2233 2301/1004/2227
f 2303/1006/2229 2309/1013/2235 2308/1012/2234
f 2304/1001/2230 2310/1008/2236 2309/1013/2235
f 2305/1014/2231 2311/1021/2237 2316/1015/2242
f 2306/1016/2232 2312/1023/2238 2311/1017/2237
f 2313/1018/2239 2312/1023/2238 2306/1016/2232
f 2314/1019/2240 2313/1018/2239 2307/1011/2233
f 2315/1020/2241 2314/1019/2240 2308/1012/2234
f 2310/1008/2236 2316/1015/2242 2315/1020/2241
f 2311/1021/2237 2317/1028/2243 2322/1022/2248
f 2318/1030/2244 2317/1024/2243 2311/1017/2237
f 2319/1025/2245 2318/1030/2244 2312/1023/2238
f 2320/1026/2246 2319/1025/2245 2313/1018/2239
f 2315/1020/2241 2321/1027/2247 2320/1026/2246
f 2316/1015/2242 2322/1022/2248 2321/1027/2247
f 2317/1028/2243 2323/1035/2249 2328/1029/2254
f 2318/1030/2244 2324/1037/2250 2323/1031/2249
f 2325/1032/2251 2324/1037/2250 2318/1030/2244
f 2326/1033/2252 2325/1032/2251 2319/1025/2245
f 2327/1034/2253 2326/1033/2252 2320/1026/2246
f 2322/1022/2248 2328/1029/2254 2327/1034/2253
f 2323/1035/2249 2329/1042/2255 2334/1036/2260
f 2330/1044/2256 2329/1038/2255 2323/1031/2249
f 2331/1039/2257 2330/1044/2256 2324/1037/2250
f 2332/1040/2258 2331/1039/2257 2325/1032/2251
f 2327/1034/2253 2333/1041/2259 2332/1040/2258
f 2328/1029/2254 2334/1036/2260 2333/1041/2259
f 2329/1042/2255 2335/1049/2261 2340/1043/2266
f 2336/1051/2262 2335/1045/2261 2329/1038/2255
f 2337/1046/2263 2336/1051/2262 2330/1044/2256
f 2338/1047/2264 2337/1046/2263 2331/1039/2257
f 2333/1041/2259 2339/1048/2265 2338/1047/2264
f 2334/1036/2260 2340/1043/2266 2339/1048/2265
f 2335/1049/2261 2341/1056/2267 2346/1050/2272
f 2342/1058/2268 2341/1052/2267 2335/1045/2261
f 2343/1053/2269 2342/1058/2268 2336/1051/2262
f 2344/1054/2270 2343/1053/2269 2337/1046/2263
f 2339/1048/2265 2345/1055/2271 2344/1054/2270
f 2340/1043/2266 2346/1050/2272 2345/1055/2271
f 2341/1056/2267 2347/1063/2273 2352/1057/2278
f 2348/1065/2274 2347/1059/2273 2341/1052/2267
f 2349/1060/2275 2348/1065/2274 2342/1058/2268
f 2350/1061/2276 2349/1060/2275 2343/1053/2269
f 2345/1055/2271 2351/1062/2277 2350/1061/2276
f 2346/1050/2272 2352/1057/2278 2351/1062/2277
f 2347/1063/2273 2353/1070/2279 2358/1064/2284
f 2354/1072/2280 2353/1066/2279 2347/1059/2273
f 2355/1067/2281 2354/1072/2280 2348/1065/2274
f 2356/1068/2282 2355/1067/2281 2349/1060/2275
f 2357/1069/2283 2356/1068/2282 2350/1061/2276
f 2352/1057/2278 2358/1064/2284 2357/1069/2283
f 2353/1070/2279 2359/1077/2285 2364/1071/2290
f 2360/1079/2286 2359/1073/2285 2353/1066/2279
f 2361/1074/2287 2360/1079/2286 2354/1072/2280
f 2362/1075/2288 2361/1074/2287 2355/1067/2281
f 2357/1069/2283 2363/1076/2289 2362/1075/2288
f 2358/1064/2284 2364/1071/2290 2363/1076/2289
f 2359/1077/2285 2365/1084/2291 2370/1078/2296
f 2366/1086/2292 2365/1080/2291 2359/1073/2285
f 2367/1081/2293 2366/1086/2292 2360/1079/2286
f 2368/1082/2294 2367/1081/2293 2361/1074/2287
f 2363/1076/2289 2369/1083/2295 2368/1082/2294
f 2364/1071/2290 2370/1078/2296 2369/1083/2295
f 2365/1084/2291 2371/1091/2297 2376/1085/2302
f 2366/1086/2292 2372/1093/2298 2371/1087/2297
f 2373/1088/2299 2372/1093/2298 2366/1086/2292
f 2374/1089/2300 2373/1088/2299 2367/1081/2293
f 2375/1090/2301 2374/1089/2300 2368/1082/2294
f 2370/1078/2296 2376/1085/2302 2375/1090/2301
f 2371/1091/2297 2377/1098/2303 2382/1092/2308
f 2378/1100/2304 2377/1094/2303 2371/1087/2297
f 2379/1095/2305 2378/1100/2304 2372/1093/2298
f 2380/1096/2306 2379/1095/2305 2373/1088/2299
f 2375/1090/2301 2381/1097/2307 2380/1096/2306
f 2376/1085/2302 2382/1092/2308 2381/1097/2307
f 2377/1098/2303 2383/1105/2309 2388/1099/2314
f 2384/1107/2310 2383/1101/2309 2377/1094/2303
f 2385/1102/2311 2384/1107/2310 2378/1100/2304
f 2386/1103/2312 2385/1102/2311 2379/1095/2305
f 2381/1097/2307 2387/1104/2313 2386/1103/2312
f 2382/1092/2308 2388/1099/2314 2387/1104/2313
f 2383/1105/2309 2389/1112/2315 2394/1106/2320
f 2384/1107/2310 2390/1113/2316 2389/1108/2315
f 2391/1109/2317 2390/1113/2316 2384/1107/2310
f 2392/1110/2318 2391/1109/2317 2385/1102/2311
f 2393/1111/2319 2392/1110/2318 2386/1103/2312
f 2388/1099/2314 2394/1106/2320 2393/1111/2319
f 2389/1112/2315 2395/207/2321 2400/215/2326
f 2396/209/2322 2395/217/2321 2389/1108/2315
f 2397/211/2323 2396/209/2322 2390/1113/2316
f 2398/212/2324 2397/211/2323 2391/1109/2317
f 2393/1111/2319 2399/213/2325 2398/212/2324
f 2394/1106/2320 2400/215/2326 2399/213/2325
f 2395/207/2321 2401/1120/2327 2406/1114/2332
f 2402/1116/2328 2401/1115/2327 2395/217/2321
f 2403/1122/2329 2402/1116/2328 2396/209/2322
f 2404/1117/2330 2403/1122/2329 2397/211/2323
f 2399/213/2325 2405/1118/2331 2404/1117/2330
f 2400/215/2326 2406/1114/2332 2405/1118/2331
f 2401/1120/2327 2407/1119/2333 2412/1126/2338
f 2408/1123/2334 2407/1121/2333 2401/1115/2327
f 2409/1124/2335 2408/1123/2334 2402/1116/2328
f 2410/1130/2336 2409/1124/2335 2403/1122/2329
f 2405/1118/2331 2411/1125/2337 2410/1130/2336
f 2406/1114/2332 2412/1126/2338 2411/1125/2337
f 2407/1119/2333 2413/1127/2339 2418/1133/2344
f 2414/1129/2340 2413/1128/2339 2407/1121/2333
f 2415/1131/2341 2414/1129/2340 2408/1123/2334
f 2416/1137/2342 2415/1131/2341 2409/1124/2335
f 2411/1125/2337 2417/1132/2343 2416/1137/2342
f 2412/1126/2338 2418/1133/2344 2417/1132/2343
f 2413/1127/2339 2419/1134/2345 2424/1140/2350
f 2414/1129/2340 2420/1136/2346 2419/1135/2345
f 2421/1138/2347 2420/1136/2346 2414/1129/2340
f 2422/1143/2348 2421/1138/2347 2415/1131/2341
f 2423/1139/2349 2422/1143/2348 2416/1137/2342
f 2418/1133/2344 2424/1140/2350 2423/1139/2349
f 2419/1134/2345 2425/1141/2351 2430/1146/2356
f 2420/1136/2346 2426/1142/2352 2425/1149/2351
f 2427/1144/2353 2426/1142/2352 2420/1136/2346
f 2428/1150/2354 2427/1144/2353 2421/1138/2347
f 2429/1145/2355 2428/1150/2354 2422/1143/2348
f 2424/1140/2350 2430/1146/2356 2429/1145/2355
f 2425/1141/2351 2431/1147/2357 2436/1153/2362
f 2432/1148/2358 2431/1156/2357 2425/1149/2351
f 2433/1151/2359 2432/1148/2358 2426/1142/2352
f 2434/1157/2360 2433/1151/2359 2427/1144/2353
f 2429/1145/2355 2435/1152/2361 2434/1157/2360
f 2430/1146/2356 2436/1153/2362 2435/1152/2361
f 2431/1147/2357 2437/1154/2363 2442/1160/2368
f 2438/1155/2364 2437/1163/2363 2431/1156/2357
f 2433/1151/2359 2439/1158/2365 2438/1155/2364
f 2440/1164/2366 2439/1158/2365 2433/1151/2359
f 2435/1152/2361 2441/1159/2367 2440/1164/2366
f 2442/1160/2368 2441/1159/2367 2435/1152/2361
f 2443/1161/2369 2448/1167/2374 2442/1160/2368
f 2438/1155/2364 2444/1162/2370 2443/1170/2369
f 2439/1158/2365 2445/1165/2371 2444/1162/2370
f 2440/1164/2366 2446/1171/2372 2445/1165/2371
f 2447/1166/2373 2446/1171/2372 2440/1164/2366
f 2448/1167/2374 2447/1166/2373 2441/1159/2367
f 2449/1168/2375 2454/1174/2380 2448/1167/2374
f 2450/1169/2376 2449/1177/2375 2443/1170/2369
f 2445/1165/2371 2451/1172/2377 2450/1169/2376
f 2446/1171/2372 2452/1178/2378 2451/1172/2377
f 2447/1166/2373 2453/1173/2379 2452/1178/2378
f 2454/1174/2380 2453/1173/2379 2447/1166/2373
f 2455/1175/2381 2460/1181/2386 2454/1174/2380
f 2456/1176/2382 2455/1184/2381 2449/1177/2375
f 2451/1172/2377 2457/1179/2383 2456/1176/2382
f 2452/1178/2378 2458/1185/2384 2457/1179/2383
f 2453/1173/2379 2459/1180/2385 2458/1185/2384
f 2460/1181/2386 2459/1180/2385 2453/1173/2379
f 2461/1182/2387 2466/1188/2392 2460/1181/2386
f 2462/1183/2388 2461/1191/2387 2455/1184/2381
f 2457/1179/2383 2463/1186/2389 2462/1183/2388
f 2458/1185/2384 2464/1192/2390 2463/1186/2389
f 2459/1180/2385 2465/1187/2391 2464/1192/2390
f 2466/1188/2392 2465/1187/2391 2459/1180/2385
f 2467/1189/2393 2472/1195/2398 2466/1188/2392
f 2468/1190/2394 2467/1198/2393 2461/1191/2387
f 2463/1186/2389 2469/1193/2395 2468/1190/2394
f 2464/1192/2390 2470/1199/2396 2469/1193/2395
f 2465/1187/2391 2471/1194/2397 2470/1199/2396
f 2472/1195/2398 2471/1194/2397 2465/1187/2391
f 2473/1196/2399 2478/1202/2404 2472/1195/2398
f 2474/1197/2400 2473/1205/2399 2467/1198/2393
f 2469/1193/2395 2475/1200/2401 2474/1197/2400
f 2470/1199/2396 2476/1206/2402 2475/1200/2401
f 2471/1194/2397 2477/1201/2403 2476/1206/2402
f 2478/1202/2404 2477/1201/2403 2471/1194/2397
f 2479/1203/2405 2484/1209/2410 2478/1202/2404
f 2474/1197/2400 2480/1204/2406 2479/1212/2405
f 2475/1200/2401 2481/1207/2407 2480/1204/2406
f 2476/1206/2402 2482/1213/2408 2481/1207/2407
f 2483/1208/2409 2482/1213/2408 2476/1206/2402
f 2484/1209/2410 2483/1208/2409 2477/1201/2403
f 2485/1210/2411 2490/1216/2416 2484/1209/2410
f 2480/1204/2406 2486/1211/2412 2485/1219/2411
f 2481/1207/2407 2487/1214/2413 2486/1211/2412
f 2482/1213/2408 2488/1220/2414 2487/1214/2413
f 2489/1215/2415 2488/1220/2414 2482/1213/2408
f 2490/1216/2416 2489/1215/2415 2483/1208/2409
f 2491/1217/2417 2496/1223/2422 2490/1216/2416
f 2486/1211/2412 2492/1218/2418 2491/1226/2417
f 2487/1214/2413 2493/1221/2419 2492/1218/2418
f 2488/1220/2414 2494/1227/2420 2493/1221/2419
f 2495/1222/2421 2494/1227/2420 2488/1220/2414
f 2496/1223/2422 2495/1222/2421 2489/1215/2415
f 2497/1224/2423 2502/1230/2428 2496/1223/2422
f 2498/1225/2424 2497/1233/2423 2491/1226/2417
f 2493/1221/2419 2499/1228/2425 2498/1225/2424
f 2494/1227/2420 2500/1234/2426 2499/1228/2425
f 2495/1222/2421 2501/1229/2427 2500/1234/2426
f 2502/1230/2428 2501/1229/2427 2495/1222/2421
f 2503/1231/2429 2508/1237/2434 2502/1230/2428
f 2498/1225/2424 2504/1232/2430 2503/1240/2429
f 2499/1228/2425 2505/1235/2431 2504/1232/2430
f 2500/1234/2426 2506/1241/2432 2505/1235/2431
f 2507/1236/2433 2506/1241/2432 2500/1234/2426
f 2508/1237/2434 2507/1236/2433 2501/1229/2427
f 2509/1238/2435 2514/1244/2440 2508/1237/2434
f 2504/1232/2430 2510/1239/2436 2509/1247/2435
f 2505/1235/2431 2511/1242/2437 2510/1239/2436
f 2506/1241/2432 2512/1243/2438 2511/1242/2437
f 2513/1249/2439 2512/1243/2438 2506/1241/2432
f 2514/1244/2440 2513/1249/2439 2507/1236/2433
f 2515/1245/2441 2520/1251/2446 2514/1244/2440
f 2510/1239/2436 2516/1246/2442 2515/1254/2441
f 2511/1242/2437 2517/1248/2443 2516/1246/2442
f 2512/1243/2438 2518/1250/2444 2517/1248/2443
f 2519/1256/2445 2518/1250/2444 2512/1243/2438
f 2520/1251/2446 2519/1256/2445 2513/1249/2439
f 2521/1252/2447 2526/1258/2452 2520/1251/2446
f 2516/1246/2442 2522/1253/2448 2521/1261/2447
f 2517/1248/2443 2523/1255/2449 2522/1253/2448
f 2518/1250/2444 2524/1257/2450 2523/1255/2449
f 2525/1263/2451 2524/1257/2450 2518/1250/2444
f 2526/1258/2452 2525/1263/2451 2519/1256/2445
f 2527/1259/2453 2532/1265/2458 2526/1258/2452
f 2528/1260/2454 2527/1268/2453 2521/1261/2447
f 2523/1255/2449 2529/1262/2455 2528/1260/2454
f 2524/1257/2450 2530/1264/2456 2529/1262/2455
f 2531/1270/2457 2530/1264/2456 2524/1257/2450
f 2532/1265/2458 2531/1270/2457 2525/1263/2451
f 2533/1266/2459 2538/1274/2464 2532/1265/2458
f 2528/1260/2454 2534/1267/2460 2533/1276/2459
f 2529/1262/2455 2535/1269/2461 2534/1267/2460
f 2530/1264/2456 2536/1271/2462 2535/1269/2461
f 2537/1272/2463 2536/1271/2462 2530/1264/2456
f 2538/1274/2464 2537/1272/2463 2531/1270/2457
f 2539/1280/2465 2544/1273/2470 2538/1274/2464
f 2534/1267/2460 2540/1275/2466 2539/1283/2465
f 2535/1269/2461 2541/1277/2467 2540/1275/2466
f 2536/1271/2462 2542/1278/2468 2541/1277/2467
f 2543/1279/2469 2542/1278/2468 2536/1271/2462
f 2544/1273/2470 2543/1279/2469 2537/1272/2463
f 2545/1287/2471 2550/1281/2476 2544/1273/2470
f 2540/1275/2466 2546/1282/2472 2545/1290/2471
f 2541/1277/2467 2547/1284/2473 2546/1282/2472
f 2542/1278/2468 2548/1285/2474 2547/1284/2473
f 2549/1286/2475 2548/1285/2474 2542/1278/2468
f 2550/1281/2476 2549/1286/2475 2543/1279/2469
f 2551/1294/2477 2556/1288/2482 2550/1281/2476
f 2546/1282/2472 2552/1289/2478 2551/1295/2477
f 2547/1284/2473 2553/1291/2479 2552/1289/2478
f 2548/1285/2474 2554/1292/2480 2553/1291/2479
f 2555/1293/2481 2554/1292/2480 2548/1285/2474
f 2556/1288/2482 2555/1293/2481 2549/1286/2475
f 2557/263/2483 2562/256/2488 2556/1288/2482
f 2552/1289/2478 2558/258/2484 2557/266/2483
f 2553/1291/2479 2559/260/2485 2558/258/2484
f 2554/1292/2480 2560/261/2486 2559/260/2485
f 2561/262/2487 2560/261/2486 2554/1292/2480
f 2562/256/2488 2561/262/2487 2555/1293/2481
f 2563/1301/2489 2568/1296/2494 2562/256/2488
f 2558/258/2484 2564/1297/2490 2563/1304/2489
f 2559/260/2485 2565/1298/2491 2564/1297/2490
f 2560/261/2486 2566/1299/2492 2565/1298/2491
f 2567/1300/2493 2566/1299/2492 2560/261/2486
f 2568/1296/2494 2567/1300/2493 2561/262/2487
f 2569/1308/2495 2574/1302/2500 2568/1296/2494
f 2570/1303/2496 2569/1311/2495 2563/1304/2489
f 2565/1298/2491 2571/1305/2497 2570/1303/2496
f 2566/1299/2492 2572/1306/2498 2571/1305/2497
f 2567/1300/2493 2573/1307/2499 2572/1306/2498
f 2574/1302/2500 2573/1307/2499 2567/1300/2493
f 2575/1315/2501 2580/1309/2506 2574/1302/2500
f 2570/1303/2496 2576/1310/2502 2575/1318/2501
f 2571/1305/2497 2577/1312/2503 2576/1310/2502
f 2572/1306/2498 2578/1313/2504 2577/1312/2503
f 2579/1314/2505 2578/1313/2504 2572/1306/2498
f 2580/1309/2506 2579/1314/2505 2573/1307/2499
f 2581/1322/2507 2586/1316/2512 2580/1309/2506
f 2576/1310/2502 2582/1317/2508 2581/1325/2507
f 2577/1312/2503 2583/1319/2509 2582/1317/2508
f 2578/1313/2504 2584/1320/2510 2583/1319/2509
f 2585/1321/2511 2584/1320/2510 2578/1313/2504
f 2586/1316/2512 2585/1321/2511 2579/1314/2505
f 2587/1329/2513 2592/1323/2518 2586/1316/2512
f 2588/1324/2514 2587/1332/2513 2581/1325/2507
f 2583/1319/2509 2589/1326/2515 2588/1324/2514
f 2584/1320/2510 2590/1327/2516 2589/1326/2515
f 2585/1321/2511 2591/1328/2517 2590/1327/2516
f 2592/1323/2518 2591/1328/2517 2585/1321/2511
f 2593/1336/2519 2598/1330/2524 2592/1323/2518
f 2594/1331/2520 2593/1339/2519 2587/1332/2513
f 2589/1326/2515 2595/1333/2521 2594/1331/2520
f 2590/1327/2516 2596/1334/2522 2595/1333/2521
f 2591/1328/2517 2597/1335/2523 2596/1334/2522
f 2598/1330/2524 2597/1335/2523 2591/1328/2517
f 2599/1343/2525 2604/1337/2530 2598/1330/2524
f 2594/1331/2520 2600/1338/2526 2599/1346/2525
f 2595/1333/2521 2601/1340/2527 2600/1338/2526
f 2596/1334/2522 2602/1341/2528 2601/1340/2527
f 2603/1342/2529 2602/1341/2528 2596/1334/2522
f 2604/1337/2530 2603/1342/2529 2597/1335/2523
f 2605/1350/2531 2610/1344/2536 2604/1337/2530
f 2600/1338/2526 2606/1352/2532 2605/1345/2531
f 2601/1340/2527 2607/1347/2533 2606/1352/2532
f 2602/1341/2528 2608/1348/2534 2607/1347/2533
f 2609/1349/2535 2608/1348/2534 2602/1341/2528
f 2610/1344/2536 2609/1349/2535 2603/1342/2529
f 2611/1357/2537 2616/1351/2542 2610/1344/2536
f 2606/1352/2532 2612/1359/2538 2611/1353/2537
f 2607/1347/2533 2613/1354/2539 2612/1359/2538
f 2608/1348/2534 2614/1355/2540 2613/1354/2539
f 2615/1356/2541 2614/1355/2540 2608/1348/2534
f 2616/1351/2542 2615/1356/2541 2609/1349/2535
f 2617/1364/2543 2622/1358/2548 2616/1351/2542
f 2618/1366/2544 2617/1360/2543 2611/1353/2537
f 2613/1354/2539 2619/1361/2545 2618/1366/2544
f 2614/1355/2540 2620/1362/2546 2619/1361/2545
f 2615/1356/2541 2621/1363/2547 2620/1362/2546
f 2622/1358/2548 2621/1363/2547 2615/1356/2541
f 2623/1371/2549 2628/1365/2554 2622/1358/2548
f 2624/1373/2550 2623/1367/2549 2617/1360/2543
f 2619/1361/2545 2625/1368/2551 2624/1373/2550
f 2620/1362/2546 2626/1369/2552 2625/1368/2551
f 2621/1363/2547 2627/1370/2553 2626/1369/2552
f 2628/1365/2554 2627/1370/2553 2621/1363/2547
f 2623/1371/2549 2629/1378/2555 2634/1372/2560
f 2624/1373/2550 2630/1380/2556 2629/1374/2555
f 2631/1375/2557 2630/1380/2556 2624/1373/2550
f 2632/1376/2558 2631/1375/2557 2625/1368/2551
f 2633/1377/2559 2632/1376/2558 2626/1369/2552
f 2628/1365/2554 2634/1372/2560 2633/1377/2559
f 2629/1378/2555 2635/1385/2561 2640/1379/2566
f 2630/1380/2556 2636/1387/2562 2635/1381/2561
f 2637/1382/2563 2636/1387/2562 2630/1380/2556
f 2638/1383/2564 2637/1382/2563 2631/1375/2557
f 2639/1384/2565 2638/1383/2564 2632/1376/2558
f 2634/1372/2560 2640/1379/2566 2639/1384/2565
f 2635/1385/2561 2641/1392/2567 2646/1386/2572
f 2642/1394/2568 2641/1388/2567 2635/1381/2561
f 2643/1389/2569 2642/1394/2568 2636/1387/2562
f 2644/1390/2570 2643/1389/2569 2637/1382/2563
f 2639/1384/2565 2645/1391/2571 2644/1390/2570
f 2640/1379/2566 2646/1386/2572 2645/1391/2571
f 2641/1392/2567 2647/1399/2573 2652/1393/2578
f 2648/1401/2574 2647/1395/2573 2641/1388/2567
f 2649/1396/2575 2648/1401/2574 2642/1394/2568
f 2650/1397/2576 2649/1396/2575 2643/1389/2569
f 2645/1391/2571 2651/1398/2577 2650/1397/2576
f 2646/1386/2572 2652/1393/2578 2651/1398/2577
f 2647/1399/2573 2653/1406/2579 2658/1400/2584
f 2654/1408/2580 2653/1402/2579 2647/1395/2573
f 2655/1403/2581 2654/1408/2580 2648/1401/2574
f 2656/1404/2582 2655/1403/2581 2649/1396/2575
f 2657/1405/2583 2656/1404/2582 2650/1397/2576
f 2652/1393/2578 2658/1400/2584 2657/1405/2583
f 2653/1406/2579 2659/1413/2585 2664/1407/2590
f 2654/1408/2580 2660/1415/2586 2659/1409/2585
f 2661/1410/2587 2660/1415/2586 2654/1408/2580
f 2662/1411/2588 2661/1410/2587 2655/1403/2581
f 2663/1412/2589 2662/1411/2588 2656/1404/2582
f 2658/1400/2584 2664/1407/2590 2663/1412/2589
f 2659/1413/2585 2665/1420/2591 2670/1414/2596
f 2660/1415/2586 2666/1422/2592 2665/1416/2591
f 2667/1417/2593 2666/1422/2592 2660/1415/2586
f 2668/1418/2594 2667/1417/2593 2661/1410/2587
f 2669/1419/2595 2668/1418/2594 2662/1411/2588
f 2664/1407/2590 2670/1414/2596 2669/1419/2595
f 2671/1427/2597 2676/1421/2602 2670/1414/2596
f 2672/1429/2598 2671/1423/2597 2665/1416/2591
f 2667/1417/2593 2673/1424/2599 2672/1429/2598
f 2668/1418/2594 2674/1425/2600 2673/1424/2599
f 2669/1419/2595 2675/1426/2601 2674/1425/2600
f 2676/1421/2602 2675/1426/2601 2669/1419/2595
f 2677/1434/2603 2682/1428/2608 2676/1421/2602
f 2672/1429/2598 2678/1436/2604 2677/1430/2603
f 2673/1424/2599 2679/1431/2605 2678/1436/2604
f 2674/1425/2600 2680/1432/2606 2679/1431/2605
f 2681/1433/2607 2680/1432/2606 2674/1425/2600
f 2682/1428/2608 2681/1433/2607 2675/1426/2601
f 2683/1441/2609 2688/1435/2614 2682/1428/2608
f 2678/1436/2604 2684/1444/2610 2683/1437/2609
f 2679/1431/2605 2685/1438/2611 2684/1444/2610
f 2680/1432/2606 2686/1439/2612 2685/1438/2611
f 2687/1440/2613 2686/1439/2612 2680/1432/2606
f 2688/1435/2614 2687/1440/2613 2681/1433/2607
f 2689/1449/2615 2694/1442/2620 2688/1435/2614
f 2684/1444/2610 2690/1443/2616 2689/1451/2615
f 2685/1438/2611 2691/1445/2617 2690/1443/2616
f 2686/1439/2612 2692/1446/2618 2691/1445/2617
f 2693/1447/2619 2692/1446/2618 2686/1439/2612
f 2694/1442/2620 2693/1447/2619 2687/1440/2613
f 2695/1448/2621 2700/1456/2626 2694/1442/2620
f 2690/1443/2616 2696/1450/2622 2695/1458/2621
f 2691/1445/2617 2697/1452/2623 2696/1450/2622
f 2692/1446/2618 2698/1453/2624 2697/1452/2623
f 2699/1454/2625 2698/1453/2624 2692/1446/2618
f 2700/1456/2626 2699/1454/2625 2693/1447/2619
f 2701/1455/2627 2706/1461/2632 2700/1456/2626
f 2696/1450/2622 2702/1457/2628 2701/1464/2627
f 2697/1452/2623 2703/1459/2629 2702/1457/2628
f 2698/1453/2624 2704/1460/2630 2703/1459/2629
f 2705/1467/2631 2704/1460/2630 2698/1453/2624
f 2706/1461/2632 2705/1467/2631 2699/1454/2625
f 2707/1462/2633 2712/1468/2638 2706/1461/2632
f 2702/1457/2628 2708/1463/2634 2707/1471/2633
f 2703/1459/2629 2709/1465/2635 2708/1463/2634
f 2704/1460/2630 2710/1472/2636 2709/1465/2635
f 2711/1466/2637 2710/1472/2636 2704/1460/2630
f 2712/1468/2638 2711/1466/2637 2705/1467/2631
f 2713/1469/2639 2718/1475/2644 2712/1468/2638
f 2708/1463/2634 2714/1470/2640 2713/1476/2639
f 2709/1465/2635 2715/1473/2641 2714/1470/2640
f 2710/1472/2636 2716/1477/2642 2715/1473/2641
f 2717/1474/2643 2716/1477/2642 2710/1472/2636
f 2718/1475/2644 2717/1474/2643 2711/1466/2637
f 2713/1469/2639 2719/312/2645 2724/306/2650
f 2720/309/2646 2719/307/2645 2713/1476/2639
f 2721/315/2647 2720/309/2646 2714/1470/2640
f 2722/310/2648 2721/315/2647 2715/1473/2641
f 2717/1474/2643 2723/311/2649 2722/310/2648
f 2718/1475/2644 2724/306/2650 2723/311/2649
f 2719/312/2645 2725/1478/2651 2730/1482/2656
f 2726/1479/2652 2725/1485/2651 2719/307/2645
f 2727/1480/2653 2726/1479/2652 2720/309/2646
f 2728/1486/2654 2727/1480/2653 2721/315/2647
f 2723/311/2649 2729/1481/2655 2728/1486/2654
f 2724/306/2650 2730/1482/2656 2729/1481/2655
f 2725/1478/2651 2731/1483/2657 2736/1489/2662
f 2732/1484/2658 2731/1492/2657 2725/1485/2651
f 2733/1487/2659 2732/1484/2658 2726/1479/2652
f 2734/1493/2660 2733/1487/2659 2727/1480/2653
f 2729/1481/2655 2735/1488/2661 2734/1493/2660
f 2730/1482/2656 2736/1489/2662 2735/1488/2661
f 2731/1483/2657 2737/1490/2663 2742/1496/2668
f 2738/1491/2664 2737/1499/2663 2731/1492/2657
f 2739/1494/2665 2738/1491/2664 2732/1484/2658
f 2740/1501/2666 2739/1494/2665 2733/1487/2659
f 2735/1488/2661 2741/1495/2667 2740/1501/2666
f 2736/1489/2662 2742/1496/2668 2741/1495/2667
f 2737/1490/2663 2743/1497/2669 2748/1504/2674
f 2744/1500/2670 2743/1498/2669 2737/1499/2663
f 2745/1502/2671 2744/1500/2670 2738/1491/2664
f 2746/1508/2672 2745/1502/2671 2739/1494/2665
f 2741/1495/2667 2747/1503/2673 2746/1508/2672
f 2742/1496/2668 2748/1504/2674 2747/1503/2673
f 2743/1497/2669 2749/1505/2675 2754/1511/2680
f 2744/1500/2670 2750/1507/2676 2749/1506/2675
f 2751/1509/2677 2750/1507/2676 2744/1500/2670
f 2752/1514/2678 2751/1509/2677 2745/1502/2671
f 2753/1510/2679 2752/1514/2678 2746/1508/2672
f 2748/1504/2674 2754/1511/2680 2753/1510/2679
f 2749/1505/2675 2755/1512/2681 2760/1517/2686
f 2750/1507/2676 2756/1513/2682 2755/1520/2681
f 2757/1515/2683 2756/1513/2682 2750/1507/2676
f 2758/1521/2684 2757/1515/2683 2751/1509/2677
f 2759/1516/2685 2758/1521/2684 2752/1514/2678
f 2754/1511/2680 2760/1517/2686 2759/1516/2685
f 2755/1512/2681 2761/1518/2687 2766/1524/2692
f 2756/1513/2682 2762/1519/2688 2761/1527/2687
f 2763/1522/2689 2762/1519/2688 2756/1513/2682
f 2764/1528/2690 2763/1522/2689 2757/1515/2683
f 2765/1523/2691 2764/1528/2690 2758/1521/2684
f 2760/1517/2686 2766/1524/2692 2765/1523/2691
f 2761/1518/2687 2767/1525/2693 2772/1531/2698
f 2762/1519/2688 2768/1526/2694 2767/1534/2693
f 2769/1529/2695 2768/1526/2694 2762/1519/2688
f 2770/1535/2696 2769/1529/2695 2763/1522/2689
f 2771/1530/2697 2770/1535/2696 2764/1528/2690
f 2766/1524/2692 2772/1531/2698 2771/1530/2697
f 2767/1525/2693 2773/1532/2699 2778/1538/2704
f 2768/1526/2694 2774/1533/2700 2773/1541/2699
f 2775/1536/2701 2774/1533/2700 2768/1526/2694
f 2776/1542/2702 2775/1536/2701 2769/1529/2695
f 2777/1537/2703 2776/1542/2702 2770/1535/2696
f 2772/1531/2698 2778/1538/2704 2777/1537/2703
f 2773/1532/2699 2779/1539/2705 2784/1545/2710
f 2774/1533/2700 2780/1540/2706 2779/1548/2705
f 2775/1536/2701 2781/1543/2707 2780/1540/2706
f 2782/1549/2708 2781/1543/2707 2775/1536/2701
f 2783/1544/2709 2782/1549/2708 2776/1542/2702
f 2784/1545/2710 2783/1544/2709 2777/1537/2703
f 2785/1546/2711 2790/1552/2716 2784/1545/2710
f 2780/1540/2706 2786/1547/2712 2785/1555/2711
f 2781/1543/2707 2787/1550/2713 2786/1547/2712
f 2782/1549/2708 2788/1551/2714 2787/1550/2713
f 2789/1558/2715 2788/1551/2714 2782/1549/2708
f 2790/1552/2716 2789/1558/2715 2783/1544/2709
f 2791/1560/2717 2796/1553/2722 2790/1552/2716
f 2786/1547/2712 2792/1554/2718 2791/1563/2717
f 2787/1550/2713 2793/1556/2719 2792/1554/2718
f 2788/1551/2714 2794/1557/2720 2793/1556/2719
f 2795/1559/2721 2794/1557/2720 2788/1551/2714
f 2796/1553/2722 2795/1559/2721 2789/1558/2715
f 2797/1567/2723 2802/1561/2728 2796/1553/2722
f 2792/1554/2718 2798/1562/2724 2797/1570/2723
f 2793/1556/2719 2799/1564/2725 2798/1562/2724
f 2794/1557/2720 2800/1565/2726 2799/1564/2725
f 2801/1566/2727 2800/1565/2726 2794/1557/2720
f 2802/1561/2728 2801/1566/2727 2795/1559/2721
f 2803/1574/2729 2808/1568/2734 2802/1561/2728
f 2798/1562/2724 2804/1569/2730 2803/1577/2729
f 2799/1564/2725 2805/1571/2731 2804/1569/2730
f 2800/1565/2726 2806/1572/2732 2805/1571/2731
f 2807/1573/2733 2806/1572/2732 2800/1565/2726
f 2808/1568/2734 2807/1573/2733 2801/1566/2727
f 2809/1581/2735 2814/1575/2740 2808/1568/2734
f 2804/1569/2730 2810/1576/2736 2809/1584/2735
f 2805/1571/2731 2811/1578/2737 2810/1576/2736
f 2806/1572/2732 2812/1579/2738 2811/1578/2737
f 2813/1580/2739 2812/1579/2738 2806/1572/2732
f 2814/1575/2740 2813/1580/2739 2807/1573/2733
f 2815/1588/2741 2820/1582/2746 2814/1575/2740
f 2810/1576/2736 2816/1583/2742 2815/1591/2741
f 2811/1578/2737 2817/1585/2743 2816/1583/2742
f 2812/1579/2738 2818/1586/2744 2817/1585/2743
f 2819/1587/2745 2818/1586/2744 2812/1579/2738
f 2820/1582/2746 2819/1587/2745 2813/1580/2739
f 2821/1595/2747 2826/1589/2752 2820/1582/2746
f 2816/1583/2742 2822/1590/2748 2821/1598/2747
f 2817/1585/2743 2823/1592/2749 2822/1590/2748
f 2818/1586/2744 2824/1593/2750 2823/1592/2749
f 2825/1594/2751 2824/1593/2750 2818/1586/2744
f 2826/1589/2752 2825/1594/2751 2819/1587/2745
f 2821/1595/2747 2827/1602/2753 2832/1596/2758
f 2822/1590/2748 2828/1597/2754 2827/1605/2753
f 2823/1592/2749 2829/1599/2755 2828/1597/2754
f 2830/1600/2756 2829/1599/2755 2823/1592/2749
f 2831/1601/2757 2830/1600/2756 2824/1593/2750
f 2832/1596/2758 2831/1601/2757 2825/1594/2751
f 2827/1602/2753 2833/1609/2759 2838/1603/2764
f 2828/1597/2754 2834/1604/2760 2833/1612/2759
f 2829/1599/2755 2835/1606/2761 2834/1604/2760
f 2836/1607/2762 2835/1606/2761 2829/1599/2755
f 2837/1608/2763 2836/1607/2762 2830/1600/2756
f 2838/1603/2764 2837/1608/2763 2831/1601/2757
f 2833/1609/2759 2839/1616/2765 2844/1610/2770
f 2834/1604/2760 2840/1618/2766 2839/1611/2765
f 2835/1606/2761 2841/1613/2767 2840/1618/2766
f 2842/1614/2768 2841/1613/2767 2835/1606/2761
f 2843/1615/2769 2842/1614/2768 2836/1607/2762
f 2844/1610/2770 2843/1615/2769 2837/1608/2763
f 2839/1616/2765 2845/1623/2771 2850/1617/2776
f 2840/1618/2766 2846/1620/2772 2845/1619/2771
f 2847/1626/2773 2846/1620/2772 2840/1618/2766
f 2848/1621/2774 2847/1626/2773 2841/1613/2767
f 2849/1622/2775 2848/1621/2774 2842/1614/2768
f 2844/1610/2770 2850/1617/2776 2849/1622/2775
f 2845/1623/2771 2851/1630/2777 2856/1624/2782
f 2846/1620/2772 2852/1627/2778 2851/1625/2777
f 2853/1634/2779 2852/1627/2778 2846/1620/2772
f 2854/1628/2780 2853/1634/2779 2847/1626/2773
f 2855/1629/2781 2854/1628/2780 2848/1621/2774
f 2850/1617/2776 2856/1624/2782 2855/1629/2781
f 2851/1630/2777 2857/1637/2783 2862/1631/2788
f 2858/1639/2784 2857/1632/2783 2851/1625/2777
f 2859/1633/2785 2858/1639/2784 2852/1627/2778
f 2860/1635/2786 2859/1633/2785 2853/1634/2779
f 2855/1629/2781 2861/1636/2787 2860/1635/2786
f 2856/1624/2782 2862/1631/2788 2861/1636/2787
f 2857/1637/2783 2863/1644/2789 2868/1638/2794
f 2864/1646/2790 2863/1640/2789 2857/1632/2783
f 2865/1641/2791 2864/1646/2790 2858/1639/2784
f 2866/1642/2792 2865/1641/2791 2859/1633/2785
f 2861/1636/2787 2867/1643/2793 2866/1642/2792
f 2862/1631/2788 2868/1638/2794 2867/1643/2793
f 2863/1644/2789 2869/1651/2795 2874/1645/2800
f 2870/1653/2796 2869/1647/2795 2863/1640/2789
f 2871/1648/2797 2870/1653/2796 2864/1646/2790
f 2872/1649/2798 2871/1648/2797 2865/1641/2791
f 2867/1643/2793 2873/1650/2799 2872/1649/2798
f 2868/1638/2794 2874/1645/2800 2873/1650/2799
f 2869/1651/2795 2875/1658/2801 2880/1652/2806
f 2876/1659/2802 2875/1654/2801 2869/1647/2795
f 2877/1655/2803 2876/1659/2802 2870/1653/2796
f 2878/1656/2804 2877/1655/2803 2871/1648/2797
f 2873/1650/2799 2879/1657/2805 2878/1656/2804
f 2874/1645/2800 2880/1652/2806 2879/1657/2805
f 2875/1658/2801 1741/1673/1672 1746/355/1677
f 1742/358/1673 1741/356/1672 2875/1654/2801
f 1743/1660/1674 1742/358/1673 2876/1659/2802
f 1744/359/1675 1743/1660/1674 2877/1655/2803
f 2879/1657/2805 1745/360/1676 1744/359/1675
f 2880/1652/2806 1746/355/1677 1745/360/1676
