# Blender 5.0.1
# www.blender.org
mtllib model.mtl
o rockMesh
v -29.717201 -20.603565 6.142332
v -29.717201 -20.603565 12.402895
v -28.931908 -33.837811 6.142332
v -28.931908 -33.837811 14.236139
v -6.215389 -17.208721 4.260577
v -14.555290 -25.465841 12.869416
v -14.335795 -25.039076 5.704188
v -7.786253 -17.928570 12.376584
v -7.607220 -17.580473 6.532183
v -37.423126 -21.206154 14.290251
v -37.423126 -21.206154 6.142332
v -31.004581 -17.602821 6.142332
v -31.004581 -17.602821 13.076918
v -34.574196 -8.133906 13.722749
v -34.574196 -8.133906 6.142332
v -19.623375 -4.559992 6.142332
v -19.623375 -4.559992 13.306177
v -46.954704 57.893162 17.624222
v -46.954704 57.893162 6.142332
v -7.026120 44.218601 5.259007
v -12.720927 44.218601 15.515100
v -42.711613 43.823963 19.162445
v -42.711613 43.823963 6.142332
v -28.931709 53.558819 6.142332
v -28.931709 53.558819 16.486906
v -25.916985 -1.552548 13.873465
v -28.907148 -2.267332 13.873465
v -28.907148 -2.267332 13.394582
v -25.916985 -1.552548 13.394582
v -17.698116 39.126785 13.899045
v -28.274309 40.728825 13.580441
v -28.274309 40.728825 14.122293
v -17.698116 39.126785 13.357194
v -48.351463 39.189198 19.616968
v -48.351463 39.189198 6.142332
v -53.664627 49.161964 6.142332
v -53.664627 49.161964 21.757959
v -51.250404 13.013625 23.061617
v -51.250404 13.013626 6.142332
v -59.903076 13.004461 6.142332
v -59.903076 13.004461 23.199879
v -51.243973 6.941579 23.199234
v -51.243973 6.941579 6.142332
v -59.896645 6.932415 6.142332
v -59.896645 6.932415 24.638496
v -49.789642 11.127230 23.061617
v -49.789642 11.127230 18.865555
v -49.787201 8.831064 23.061617
v -49.787201 8.831064 18.865555
v -18.966200 11.124728 22.972351
v -18.895697 11.161261 22.117540
v -18.893259 8.865095 23.061617
v -18.963762 8.828563 22.028275
v -35.358307 -8.689924 34.523441
v -35.358307 -8.689924 32.767113
v -34.108498 -10.616152 34.523441
v -34.108498 -10.616152 33.341801
v -17.506451 22.848299 29.043800
v -17.506451 22.848299 28.014414
v -16.256639 20.922071 28.958490
v -16.256639 20.922071 28.014414
v -59.587135 -21.879044 35.160793
v -59.587135 -21.879044 33.831032
v -59.259926 -23.132435 35.206627
v -59.259926 -23.132435 34.030128
v -79.991417 -13.047592 35.843819
v -79.991417 -13.047592 34.845776
v -79.991417 -20.688091 35.843819
v -79.991417 -20.688091 35.185825
v -64.102142 52.408367 1.426831
v -64.102142 -52.392632 1.426831
v -116.689537 22.164749 134.139313
v -116.689537 19.883343 143.875076
v -97.387756 12.415849 134.058731
v -100.571594 10.577667 144.724854
v -98.595825 -9.174385 134.139313
v -100.198746 -8.248946 141.883942
v -116.689537 -19.620766 134.139313
v -116.689537 -17.339355 146.887726
v -134.783249 -9.174385 134.139313
v -132.807480 -8.033682 151.745804
v -134.783249 11.718372 134.139313
v -132.807480 10.577667 149.575455
v -116.689537 18.704407 146.862610
v -101.592590 9.988199 147.130402
v -101.592590 -7.444213 146.874329
v -116.689537 -16.160419 150.027161
v -131.786484 -7.444213 152.504883
v -131.786484 9.988199 149.986679
v -116.689537 9.697763 134.041016
v -109.392578 5.484871 138.816467
v -109.392578 -2.940886 138.816467
v -116.689537 -7.153778 134.041016
v -123.986496 -2.940886 130.687988
v -123.986496 5.484871 130.687988
v -116.689537 -14.296246 148.688248
v -103.207016 -6.512126 145.484772
v -103.207016 9.056111 147.086502
v -116.689537 16.840231 143.799942
v -130.172058 9.056111 147.073013
v -130.172058 -6.512126 152.094604
v -116.689537 56.868023 6.142332
v -68.541824 29.070007 6.142332
v -68.541824 -26.526024 6.142332
v -116.689537 -54.324039 6.142332
v -164.837250 -26.526024 6.142332
v -164.837250 29.070007 6.142332
v -160.072708 -23.775227 25.149162
v -156.077637 -21.973679 35.737450
v -150.531357 -18.524746 63.922882
v -148.045929 -17.123810 73.809509
v -142.530548 -13.978221 97.582153
v -139.125763 -11.678622 112.937950
v -139.301987 14.691763 109.825401
v -144.167892 17.344006 91.539719
v -145.644974 22.839005 70.639694
v -147.019302 23.903969 65.902138
v -155.430023 23.930723 39.673439
v -160.561401 26.601360 23.043015
v -116.689537 52.626167 20.447399
v -116.689545 46.199623 44.433342
v -135.009964 32.612938 66.257080
v -116.689537 31.390793 81.179237
v -116.689537 29.985191 99.318344
v -116.689537 25.207239 116.520119
v -95.012215 13.803836 115.572060
v -90.970901 17.337376 90.965294
v -88.469025 14.536678 76.617149
v -83.817787 20.673223 55.395538
v -78.569115 23.288069 41.569622
v -72.835251 26.591202 23.118834
v -72.835251 -24.047218 23.118835
v -79.627365 -20.937948 37.618729
v -83.626488 -17.011711 59.233143
v -87.850616 -15.389277 78.699104
v -91.850517 -12.934101 95.793221
v -95.994446 -11.938184 114.301140
v -116.689529 -21.354675 121.737671
v -116.642197 -30.017256 95.165367
v -116.689537 -30.669662 84.355621
v -116.689537 -37.356434 62.311512
v -116.689529 -41.332211 47.539322
v -116.689537 -49.366432 23.118834
v -116.716103 46.905106 43.122326
v -116.716080 -44.030544 44.334347
v -116.687164 44.425987 39.831360
v -116.687149 -41.588840 40.977795
v -116.712143 41.484585 63.823280
v -116.712151 -40.222507 59.048969
v -116.695030 41.197315 60.227051
v -117.792122 -38.140209 56.189217
v -116.720207 38.299011 79.777107
v -116.720207 -35.364967 78.230713
v -116.414398 34.822777 73.411316
v -116.684792 -33.268200 75.200912
v -116.708023 33.393463 96.657227
v -116.708023 -31.915138 92.723297
v -117.178444 29.932190 91.026482
v -116.683983 -29.440483 89.788124
v -116.708504 28.603184 112.032379
v -116.708496 -24.249268 118.851921
v -116.687386 26.882116 107.073204
v -116.687378 -22.611927 113.459412
v -91.368515 30.214863 36.869911
v -94.150093 32.017612 44.162060
v -81.765007 41.691853 40.093662
v -83.865295 41.887726 42.628990
v -89.412918 28.947439 36.869911
v -86.631340 27.144690 44.162060
v -81.430725 41.480976 40.111118
v -80.486328 39.697803 42.628990
v -91.476440 34.091503 43.069466
v -91.576111 33.937180 43.820404
v -117.574776 45.787163 50.018684
v -117.612213 45.729198 50.747677
v -79.986183 48.970036 6.142332
v -91.376770 34.245827 43.820404
v -78.949272 49.550766 42.360920
v -117.537346 45.845127 50.747677
v -79.487846 50.802608 6.142332
v -78.115120 52.618301 43.350834
v -80.152290 48.359180 6.142332
v -79.783424 46.483238 42.667057
v -81.078476 50.857635 6.142332
v -82.108940 52.756466 43.350834
v -80.867126 48.383911 6.142332
v -81.578270 46.545326 42.667057
v -79.424004 50.887062 40.806732
v -80.135132 48.271931 40.517776
v -80.900208 48.298397 40.517776
v -81.126404 50.945953 40.806732
v -108.918121 49.642014 48.281380
v -103.104050 42.590210 46.587528
v -97.288910 43.352478 44.970833
v -97.345573 43.264729 45.473095
v -103.166611 42.493324 47.262947
v -108.971115 49.559959 49.015862
v -79.820068 49.580891 6.142332
v -79.653954 50.191746 6.142332
v -78.532196 51.084534 42.861561
v -108.865128 49.724064 49.015858
v -103.041473 42.687092 47.262943
v -97.232231 43.440224 45.473095
v -79.366348 48.016998 42.519672
v -81.025642 50.239208 6.142332
v -80.972801 49.620777 6.142332
v -80.919968 49.002350 6.142332
v -81.710938 48.098114 42.519672
v -81.843605 49.650902 42.360920
v -81.976265 51.203678 42.861561
v -80.956757 48.960289 40.271687
v -81.013306 49.622177 40.014229
v -81.069862 50.284069 40.416164
v -79.601784 50.233276 40.416164
v -79.779572 49.579494 40.014229
v -79.957352 48.925716 40.271687
v -80.279083 49.004017 37.708229
v -80.622681 49.015903 37.708229
v -80.724274 50.204948 37.835278
v -79.959709 50.178505 37.835278
v -80.039551 49.884876 37.659851
v -80.119400 49.591259 37.479298
v -80.199242 49.297642 37.596329
v -80.648087 49.313171 37.596329
v -80.673477 49.610428 37.479298
v -80.698875 49.907688 37.659851
v -121.017120 40.900799 45.335304
v -124.291573 40.385971 52.627453
v -121.757988 54.057301 48.272659
v -123.223763 54.600613 51.094383
v -118.715012 41.262756 45.335304
v -115.440559 41.777588 50.759483
v -120.415527 54.268368 48.272659
v -119.246071 55.226006 49.951607
v -105.721359 63.862869 2.666118
v -103.109550 72.814392 47.971218
v -107.608444 63.649300 2.666118
v -106.268303 72.456879 48.961132
v -105.092339 63.934082 2.666118
v -99.950798 73.171906 48.277355
v -107.072212 62.150764 2.666118
v -104.921959 68.694298 48.961132
v -104.851364 63.260620 2.666118
v -99.345734 71.480980 48.277355
v -104.176117 71.879768 46.417030
v -101.483200 72.184570 46.128075
v -101.225281 71.463791 46.128075
v -103.602203 70.275940 46.417030
v -106.350380 63.791687 2.666118
v -106.979408 63.720497 2.666118
v -104.688927 72.635643 48.471859
v -101.530159 72.993156 48.129971
v -106.517006 62.428230 2.666118
v -105.961792 62.705696 2.666118
v -105.406578 62.983162 2.666118
v -100.739784 70.784317 48.129971
v -102.133850 70.087631 47.971218
v -103.527901 69.390976 48.471859
v -101.819511 71.166824 45.881985
v -102.413742 70.869873 45.624531
v -103.007973 70.572899 46.026463
v -103.502876 71.955986 46.026463
v -102.829643 72.032173 45.624531
v -102.156433 72.108360 45.881985
v -102.110397 71.780457 43.318523
v -101.994560 71.456749 43.318523
v -103.062065 70.923279 43.445576
v -103.319809 71.643578 43.445576
v -103.017448 71.677803 43.270153
v -102.715096 71.712021 43.089596
v -102.412743 71.746246 43.206623
v -102.261444 71.323372 43.206623
v -102.528313 71.190018 43.089596
v -102.795189 71.056648 43.270153
v -117.972710 42.124359 6.449399
v -115.110641 64.851875 50.239594
v -119.439087 40.917526 6.449399
v -117.564369 62.833473 51.234947
v -117.483932 42.526649 6.449399
v -112.656029 66.872688 50.540291
v -118.173241 39.952751 6.449399
v -114.385956 60.411224 51.237267
v -116.915062 42.093056 6.449399
v -111.227615 65.784111 50.541332
v -115.497154 63.484249 48.688210
v -113.404915 65.206024 48.394615
v -112.796036 64.742020 48.395061
v -114.142311 62.451759 48.689201
v -118.461502 41.722092 6.449399
v -118.950287 41.319809 6.449399
v -116.337509 63.842693 50.742954
v -113.883316 65.862305 50.395626
v -117.858704 40.487823 6.449399
v -117.544159 41.022903 6.449399
v -117.229614 41.557983 6.449399
v -112.017418 64.440315 50.396988
v -112.807228 63.096458 50.241276
v -113.596596 61.753860 50.744957
v -113.132820 64.168854 48.150269
v -113.469620 63.595692 47.894112
v -113.805962 63.023727 48.297337
v -114.974312 63.914124 48.296482
v -114.451469 64.343948 47.893394
v -113.928192 64.774979 48.149689
v -113.982948 61.620728 39.905045
v -113.708054 61.411232 39.905247
v -114.360909 60.209049 40.018379
v -114.972580 60.675190 40.017933
v -114.819221 60.932343 39.864849
v -114.519295 61.179005 39.707222
v -114.219185 61.426163 39.808296
v -113.822929 61.124165 39.808586
v -114.016075 60.795509 39.707588
v -114.209038 60.467323 39.865295
v -131.420898 45.921768 50.133770
v -131.520477 52.094620 58.868301
v -127.732254 45.822872 50.667755
v -129.788208 52.048176 59.119068
v -132.012604 43.403431 49.944160
v -132.141327 51.383369 61.235699
v -127.244110 43.275581 50.634472
v -129.901901 51.323326 61.559891
v -134.325729 -7.369741 132.218475
v -133.611877 -5.578451 142.237534
v -134.325729 9.927186 132.218475
v -132.449921 7.518623 141.302841
v -124.230278 1.339280 113.377640
v -135.546356 -4.398320 115.237755
v -136.042038 7.211723 116.535011
v -133.396408 0.840088 76.735535
v -129.585693 1.682893 94.560936
v -137.421844 1.657642 61.252106
v -141.990311 0.978523 37.705444
v -146.553528 1.413067 24.096088
v -151.073730 1.271992 6.142332
v -160.767593 29.173832 1.426831
v -160.767593 29.173834 14.120371
v -161.871872 27.261177 1.426831
v -161.871872 27.261179 14.120371
v -164.080414 27.261177 1.426831
v -164.080414 27.261179 14.120371
v -165.184692 29.173832 1.426831
v -165.184692 29.173834 14.120371
v -164.080414 31.086487 1.426831
v -164.080414 31.086489 14.120371
v -161.871872 31.086487 1.426831
v -161.871872 31.086489 14.120371
v -164.094849 31.079506 1.426831
v -164.094849 31.079508 12.317686
v -165.199127 29.166851 1.426831
v -165.199127 29.166853 12.317686
v -167.407669 29.166851 1.426831
v -167.407669 29.166853 12.317686
v -168.511948 31.079506 1.426831
v -168.511948 31.079508 12.317686
v -167.407669 32.992165 1.426831
v -167.407669 32.992165 12.317686
v -165.199127 32.992165 1.426831
v -165.199127 32.992165 12.317686
v -164.084946 27.268158 1.426831
v -164.084946 27.268160 11.354593
v -165.189224 25.355503 1.426831
v -165.189224 25.355505 11.354593
v -167.397766 25.355503 1.426831
v -167.397766 25.355505 11.354593
v -168.502045 27.268158 1.426831
v -168.502045 27.268160 11.354593
v -167.397766 29.180817 1.426831
v -167.397766 29.180817 11.354593
v -165.189224 29.180817 1.426831
v -165.189224 29.180817 11.354593
v -167.396362 29.173832 1.426831
v -167.396362 29.173834 13.233857
v -168.500641 27.261177 1.426831
v -168.500641 27.261179 13.233857
v -170.709183 27.261177 1.426831
v -170.709183 27.261179 13.233857
v -171.813461 29.173832 1.426831
v -171.813461 29.173834 13.233857
v -170.709183 31.086487 1.426831
v -170.709183 31.086489 13.233857
v -168.500641 31.086487 1.426831
v -168.500641 31.086489 13.233857
v -170.723618 31.079506 1.426831
v -170.723618 31.079508 12.317686
v -171.827896 29.166851 1.426831
v -171.827896 29.166853 12.317686
v -174.036438 29.166851 1.426831
v -174.036438 29.166853 12.317686
v -175.140717 31.079506 1.426831
v -175.140717 31.079508 12.317686
v -174.036438 32.992165 1.426831
v -174.036438 32.992165 12.317686
v -171.827896 32.992165 1.426831
v -171.827896 32.992165 12.317686
v -170.713715 27.268158 1.426831
v -170.713715 27.268160 12.737884
v -171.817993 25.355503 1.426831
v -171.817993 25.355505 12.737884
v -174.026535 25.355503 1.426831
v -174.026535 25.355505 12.737884
v -175.130814 27.268158 1.426831
v -175.130814 27.268160 12.737884
v -174.026535 29.180817 1.426831
v -174.026535 29.180817 12.737884
v -171.817993 29.180817 1.426831
v -171.817993 29.180817 12.737884
v -173.976303 29.188477 1.426831
v -173.976303 29.188478 11.630636
v -175.080582 27.275822 1.426831
v -175.080582 27.275824 11.630636
v -177.289124 27.275822 1.426831
v -177.289124 27.275824 11.630636
v -178.393402 29.188477 1.426831
v -178.393402 29.188478 11.630636
v -177.289124 31.101131 1.426831
v -177.289124 31.101133 11.630636
v -175.080582 31.101131 1.426831
v -175.080582 31.101133 11.630636
v -177.303558 31.094151 1.426831
v -177.303558 31.094152 10.756002
v -178.407837 29.181496 1.426831
v -178.407837 29.181498 10.756002
v -180.616379 29.181496 1.426831
v -180.616379 29.181498 10.756002
v -181.720657 31.094151 1.426831
v -181.720657 31.094152 10.756002
v -180.616379 33.006813 1.426831
v -180.616379 33.006813 10.756002
v -178.407837 33.006813 1.426831
v -178.407837 33.006813 10.756002
v -177.293655 27.282803 1.426831
v -177.293655 27.282804 11.630636
v -178.397934 25.370148 1.426831
v -178.397934 25.370150 11.630636
v -180.606476 25.370148 1.426831
v -180.606476 25.370150 11.630636
v -181.710754 27.282803 1.426831
v -181.710754 27.282804 11.630636
v -180.606476 29.195461 1.426831
v -180.606476 29.195463 11.630636
v -178.397934 29.195461 1.426831
v -178.397934 29.195463 11.630636
v -180.605072 29.188477 1.426831
v -180.605072 29.188478 11.630636
v -181.709351 27.275822 1.426831
v -181.709351 27.275824 11.630636
v -183.917892 27.275822 1.426831
v -183.917892 27.275824 11.630636
v -185.022171 29.188477 1.426831
v -185.022171 29.188478 11.630636
v -183.917892 31.101131 1.426831
v -183.917892 31.101133 11.630636
v -181.709351 31.101131 1.426831
v -181.709351 31.101133 11.630636
v -183.932327 31.094151 1.426831
v -183.932327 31.094152 10.467294
v -185.036606 29.181496 1.426831
v -185.036606 29.181498 10.467294
v -187.245148 29.181496 1.426831
v -187.245148 29.181498 10.467294
v -188.349426 31.094151 1.426831
v -188.349426 31.094152 10.467294
v -187.245148 33.006813 1.426831
v -187.245148 33.006813 10.467294
v -185.036606 33.006813 1.426831
v -185.036606 33.006813 10.467294
v -183.922424 27.282803 1.426831
v -183.922424 27.282804 12.206729
v -185.026703 25.370148 1.426831
v -185.026703 25.370150 12.206729
v -187.235245 25.370148 1.426831
v -187.235245 25.370150 12.206729
v -188.339523 27.282803 1.426831
v -188.339523 27.282804 12.206729
v -187.235245 29.195461 1.426831
v -187.235245 29.195463 12.206729
v -185.026703 29.195461 1.426831
v -185.026703 29.195463 12.206729
v -188.359390 31.077896 10.467294
v -188.359390 31.077896 1.426831
v -190.567932 31.077896 10.467294
v -190.567932 31.077896 1.426831
v -191.672211 29.165236 10.467294
v -191.672211 29.165234 1.426831
v -190.567932 27.252581 10.467294
v -190.567932 27.252579 1.426831
v -188.359390 27.252581 10.467294
v -188.359390 27.252579 1.426831
v -187.255112 29.165236 10.467294
v -187.255112 29.165234 1.426831
v -190.566940 31.079506 1.426831
v -190.566940 31.079508 9.147683
v -191.671219 29.166851 1.426831
v -191.671219 29.166853 9.147683
v -193.879761 29.166851 1.426831
v -193.879761 29.166853 9.147683
v -194.984039 31.079506 1.426831
v -194.984039 31.079508 9.147683
v -193.879761 32.992165 1.426831
v -193.879761 32.992165 9.147683
v -191.671219 32.992165 1.426831
v -191.671219 32.992165 9.147683
v -190.557037 27.268158 1.426831
v -190.557037 27.268160 11.155089
v -191.661316 25.355503 1.426831
v -191.661316 25.355505 11.155089
v -193.869858 25.355503 1.426831
v -193.869858 25.355505 11.155089
v -194.974136 27.268158 1.426831
v -194.974136 27.268160 11.155089
v -193.869858 29.180817 1.426831
v -193.869858 29.180817 11.155089
v -191.661316 29.180817 1.426831
v -191.661316 29.180817 11.155089
v -193.868454 29.173832 1.426831
v -193.868454 29.173834 12.317686
v -194.972733 27.261177 1.426831
v -194.972733 27.261179 12.317686
v -197.181274 27.261177 1.426831
v -197.181274 27.261179 12.317686
v -198.285553 29.173832 1.426831
v -198.285553 29.173834 12.317686
v -197.181274 31.086487 1.426831
v -197.181274 31.086489 12.317686
v -194.972733 31.086487 1.426831
v -194.972733 31.086489 12.317686
v -197.195709 31.079506 1.426831
v -197.195709 31.079508 8.969786
v -198.299988 29.166851 1.426831
v -198.299988 29.166853 8.969786
v -200.508530 29.166851 1.426831
v -200.508530 29.166853 8.969786
v -201.612808 31.079506 1.426831
v -201.612808 31.079508 8.969786
v -200.508530 32.992165 1.426831
v -200.508530 32.992165 8.969786
v -198.299988 32.992165 1.426831
v -198.299988 32.992165 8.969786
v -197.185806 27.268158 1.426831
v -197.185806 27.268160 10.893699
v -198.290085 25.355503 1.426831
v -198.290085 25.355505 10.893699
v -200.498627 25.355503 1.426831
v -200.498627 25.355505 10.893699
v -201.602905 27.268158 1.426831
v -201.602905 27.268160 10.893699
v -200.498627 29.180817 1.426831
v -200.498627 29.180817 10.893699
v -198.290085 29.180817 1.426831
v -198.290085 29.180817 10.893699
v -197.173035 27.236423 1.426831
v -197.173035 27.236423 9.753829
v -194.964508 27.236412 1.426831
v -194.964508 27.236412 9.753829
v -193.860229 25.323757 1.426831
v -193.860229 25.323757 9.753829
v -194.964493 23.411106 1.426831
v -194.964493 23.411106 9.753829
v -197.173035 23.411106 1.426831
v -197.173035 23.411106 9.753829
v -198.277313 25.323761 1.426831
v -198.277313 25.323761 9.753829
v -197.159790 23.402096 1.426831
v -197.159790 23.402096 11.176897
v -194.951233 23.402088 1.426831
v -194.951233 23.402088 11.176897
v -193.846970 21.489437 1.426831
v -193.846970 21.489437 11.176897
v -194.951233 19.576775 1.426831
v -194.951233 19.576775 11.176897
v -197.159790 19.576778 1.426831
v -197.159790 19.576778 11.176897
v -198.264053 21.489429 1.426831
v -198.264053 21.489429 11.176897
v -193.863998 25.316349 1.426831
v -193.863998 25.316349 12.317686
v -191.655457 25.316345 1.426831
v -191.655457 25.316345 12.317686
v -190.551178 23.403690 1.426831
v -190.551178 23.403690 12.317686
v -191.655457 21.491028 1.426831
v -191.655457 21.491028 12.317686
v -193.864014 21.491032 1.426831
v -193.864014 21.491032 12.317686
v -194.968277 23.403687 1.426831
v -194.968277 23.403687 12.317686
v -193.858658 21.495743 1.426831
v -193.858658 21.495743 12.317686
v -191.650116 21.495731 1.426831
v -191.650116 21.495731 12.317686
v -190.545853 19.583076 1.426831
v -190.545853 19.583076 12.317686
v -191.650101 17.670422 1.426831
v -191.650101 17.670422 12.317686
v -193.858658 17.670425 1.426831
v -193.858658 17.670425 12.317686
v -194.962921 19.583080 1.426831
v -194.962921 19.583080 12.317686
v -193.845398 17.661411 1.426831
v -193.845398 17.661411 13.405769
v -191.636856 17.661407 1.426831
v -191.636856 17.661407 13.405769
v -190.532578 15.748754 1.426831
v -190.532578 15.748754 13.405769
v -191.636856 13.836091 1.426831
v -191.636856 13.836091 13.405769
v -193.845398 13.836095 1.426831
v -193.845398 13.836095 13.405769
v -194.949677 15.748748 1.426831
v -194.949677 15.748748 13.405769
v -190.549622 19.575665 1.426831
v -190.549622 19.575665 12.317686
v -188.341064 19.575661 1.426831
v -188.341064 19.575661 12.317686
v -187.236801 17.663010 1.426831
v -187.236801 17.663010 12.317686
v -188.341064 15.750344 1.426831
v -188.341064 15.750344 12.317686
v -190.549622 15.750350 1.426831
v -190.549622 15.750350 12.317686
v -191.653900 17.663002 1.426831
v -191.653900 17.663002 12.317686
v -190.581375 15.790021 1.426831
v -190.581375 15.790021 11.630636
v -188.372818 15.790017 1.426831
v -188.372818 15.790017 11.630636
v -187.268555 13.877364 1.426831
v -187.268555 13.877364 11.630636
v -188.372818 11.964702 1.426831
v -188.372818 11.964702 11.630636
v -190.581375 11.964705 1.426831
v -190.581375 11.964705 11.630636
v -191.685638 13.877358 1.426831
v -191.685638 13.877358 11.630636
v -190.568100 11.955699 1.426831
v -190.568100 11.955699 11.630636
v -188.359573 11.955688 1.426831
v -188.359573 11.955688 11.630636
v -187.255295 10.043033 1.426831
v -187.255295 10.043033 11.630636
v -188.359558 8.130378 1.426831
v -188.359558 8.130378 11.630636
v -190.568100 8.130382 1.426831
v -190.568100 8.130382 11.630636
v -191.672379 10.043036 1.426831
v -191.672379 10.043036 11.630636
v -187.272339 13.869945 1.426831
v -187.272339 13.869945 11.630636
v -185.063782 13.869941 1.426831
v -185.063782 13.869941 11.630636
v -183.959518 11.957288 1.426831
v -183.959518 11.957288 11.630636
v -185.063782 10.044625 1.426831
v -185.063782 10.044625 11.630636
v -187.272339 10.044629 1.426831
v -187.272339 10.044629 11.630636
v -188.376602 11.957282 1.426831
v -188.376602 11.957282 11.630636
v -187.266983 10.049338 1.426831
v -187.266983 10.049338 11.630636
v -185.058441 10.049335 1.426831
v -185.058441 10.049335 11.630636
v -183.954163 8.136682 1.426831
v -183.954163 8.136682 11.630636
v -185.058441 6.224019 1.426831
v -185.058441 6.224019 11.630636
v -187.266983 6.224023 1.426831
v -187.266983 6.224023 11.630636
v -188.371262 8.136676 1.426831
v -188.371262 8.136676 11.630636
v -187.253723 6.215016 1.426831
v -187.253723 6.215016 11.630636
v -185.045181 6.215005 1.426831
v -185.045181 6.215005 11.630636
v -183.940903 4.302352 1.426831
v -183.940903 4.302352 11.630636
v -185.045166 2.389697 1.426831
v -185.045166 2.389697 11.630636
v -187.253723 2.389701 1.426831
v -187.253723 2.389701 11.630636
v -188.357986 4.302354 1.426831
v -188.357986 4.302354 11.630636
v -183.957947 8.129264 1.426831
v -183.957947 8.129264 11.630636
v -181.749405 8.129260 1.426831
v -181.749405 8.129260 11.630636
v -180.645126 6.216605 1.426831
v -180.645126 6.216605 11.630636
v -181.749405 4.303943 1.426831
v -181.749405 4.303943 11.630636
v -183.957947 4.303946 1.426831
v -183.957947 4.303946 11.630636
v -185.062225 6.216601 1.426831
v -185.062225 6.216601 11.630636
v -203.813156 23.458004 1.426831
v -203.813156 23.458006 12.317686
v -201.604599 23.457996 1.426831
v -201.604599 23.457998 12.317686
v -200.500336 21.545345 1.426831
v -200.500336 21.545347 12.317686
v -201.604599 19.632683 1.426831
v -201.604599 19.632685 12.317686
v -203.813156 19.632687 1.426831
v -203.813156 19.632689 12.317686
v -204.917419 21.545338 1.426831
v -204.917419 21.545340 12.317686
v -200.517365 25.372257 1.426831
v -200.517365 25.372259 12.317686
v -198.308823 25.372253 1.426831
v -198.308823 25.372255 12.317686
v -197.204544 23.459599 1.426831
v -197.204544 23.459600 12.317686
v -198.308823 21.546936 1.426831
v -198.308823 21.546938 12.317686
v -200.517380 21.546940 1.426831
v -200.517380 21.546942 12.317686
v -201.621643 23.459595 1.426831
v -201.621643 23.459597 12.317686
v -200.512024 21.551651 1.426831
v -200.512024 21.551653 12.317686
v -198.303482 21.551640 1.426831
v -198.303482 21.551641 12.317686
v -197.199219 19.638985 1.426831
v -197.199219 19.638987 12.317686
v -198.303467 17.726330 1.426831
v -198.303467 17.726332 12.317686
v -200.512024 17.726334 1.426831
v -200.512024 17.726336 12.317686
v -201.616287 19.638988 1.426831
v -201.616287 19.638990 12.317686
v -200.498764 17.717319 1.426831
v -200.498764 17.717321 12.317686
v -198.290222 17.717316 1.426831
v -198.290222 17.717318 12.317686
v -197.185944 15.804665 1.426831
v -197.185944 15.804665 12.317686
v -198.290222 13.892002 1.426831
v -198.290222 13.892002 12.317686
v -200.498764 13.892006 1.426831
v -200.498764 13.892006 12.317686
v -201.603043 15.804659 1.426831
v -201.603043 15.804659 12.317686
v -197.202988 19.631573 1.426831
v -197.202988 19.631575 12.317686
v -194.994431 19.631569 1.426831
v -194.994431 19.631571 12.317686
v -193.890167 17.718918 1.426831
v -193.890167 17.718920 12.317686
v -194.994431 15.806255 1.426831
v -194.994431 15.806255 12.317686
v -197.202988 15.806261 1.426831
v -197.202988 15.806261 12.317686
v -198.307266 17.718910 1.426831
v -198.307266 17.718912 12.317686
v -197.234741 15.845932 1.426831
v -197.234741 15.845932 11.630636
v -195.026184 15.845928 1.426831
v -195.026184 15.845928 11.630636
v -193.921921 13.933275 1.426831
v -193.921921 13.933275 11.630636
v -195.026184 12.020613 1.426831
v -195.026184 12.020613 11.630636
v -197.234741 12.020617 1.426831
v -197.234741 12.020617 11.630636
v -198.339005 13.933270 1.426831
v -198.339005 13.933270 11.630636
v -197.221466 12.011610 1.426831
v -197.221466 12.011610 11.630636
v -195.012939 12.011599 1.426831
v -195.012939 12.011599 11.630636
v -193.908661 10.098944 1.426831
v -193.908661 10.098944 11.630636
v -195.012924 8.186289 1.426831
v -195.012924 8.186289 11.630636
v -197.221466 8.186293 1.426831
v -197.221466 8.186293 11.630636
v -198.325745 10.098948 1.426831
v -198.325745 10.098948 11.630636
v -193.925705 13.925856 1.426831
v -194.009933 14.071741 12.499638
v -191.717148 13.925852 1.426831
v -191.632919 14.071736 12.499638
v -190.612885 12.013199 1.426831
v -190.444427 12.013199 12.499638
v -191.717148 10.100536 1.426831
v -191.632919 9.954651 12.499638
v -193.925705 10.100540 1.426831
v -194.009933 9.954655 12.499638
v -195.029968 12.013193 1.426831
v -195.198425 12.013193 12.499638
v -193.920349 10.105249 1.426831
v -193.920349 10.105249 11.630636
v -191.711807 10.105246 1.426831
v -191.711807 10.105246 11.630636
v -190.607529 8.192593 1.426831
v -190.607529 8.192593 11.630636
v -191.711807 6.279930 1.426831
v -191.711807 6.279930 11.630636
v -193.920349 6.279933 1.426831
v -193.920349 6.279933 11.630636
v -195.024628 8.192587 1.426831
v -195.024628 8.192587 11.630636
v -193.907089 6.270927 1.426831
v -193.907089 6.270927 11.630636
v -191.698547 6.270916 1.426831
v -191.698547 6.270916 11.630636
v -190.594269 4.358263 1.426831
v -190.594269 4.358263 11.630636
v -191.698532 2.445608 1.426831
v -191.698532 2.445608 11.630636
v -193.907089 2.445611 1.426831
v -193.907089 2.445611 11.630636
v -195.011353 4.358264 1.426831
v -195.011353 4.358264 11.630636
v -190.611313 8.185175 1.426831
v -190.611313 8.185175 12.361956
v -188.402771 8.185171 1.426831
v -188.402771 8.185171 12.361956
v -187.298492 6.272516 1.426831
v -187.298492 6.272516 12.361956
v -188.402771 4.359853 1.426831
v -188.402771 4.359853 12.361956
v -190.611313 4.359857 1.426831
v -190.611313 4.359857 12.361956
v -191.715591 6.272512 1.426831
v -191.715591 6.272512 12.361956
v -193.930161 6.262114 1.426831
v -193.930161 6.262114 12.317686
v -195.034439 4.349459 1.426831
v -195.034439 4.349459 12.317686
v -197.242981 4.349459 1.426831
v -197.242981 4.349459 12.317686
v -198.347260 6.262114 1.426831
v -198.347260 6.262114 12.317686
v -197.242981 8.174770 1.426831
v -197.242981 8.174770 12.317686
v -195.034439 8.174770 1.426831
v -195.034439 8.174770 12.317686
v -193.920258 2.450766 1.426831
v -193.920258 2.450766 11.405778
v -195.024536 0.538111 1.426831
v -195.024536 0.538111 11.405778
v -197.233078 0.538111 1.426831
v -197.233078 0.538111 11.405778
v -198.337357 2.450766 1.426831
v -198.337357 2.450766 11.405778
v -197.233078 4.363422 1.426831
v -197.233078 4.363422 11.405778
v -195.024536 4.363422 1.426831
v -195.024536 4.363422 11.405778
v -197.231674 4.356440 1.426831
v -197.231674 4.356440 12.317686
v -198.335953 2.443785 1.426831
v -198.335953 2.443785 12.317686
v -200.544495 2.443785 1.426831
v -200.544495 2.443785 12.317686
v -201.648773 4.356440 1.426831
v -201.648773 4.356440 12.317686
v -200.544495 6.269094 1.426831
v -200.544495 6.269094 12.317686
v -198.335953 6.269094 1.426831
v -198.335953 6.269094 12.317686
v -200.558929 6.262114 1.426831
v -200.558929 6.262114 12.317686
v -201.663208 4.349459 1.426831
v -201.663208 4.349459 12.317686
v -203.871750 4.349459 1.426831
v -203.871750 4.349459 12.317686
v -204.976028 6.262114 1.426831
v -204.976028 6.262114 12.317686
v -203.871750 8.174770 1.426831
v -203.871750 8.174770 12.317686
v -201.663208 8.174770 1.426831
v -201.663208 8.174770 12.317686
v -200.549026 2.450766 1.426831
v -200.549026 2.450766 12.317686
v -201.653305 0.538111 1.426831
v -201.653305 0.538111 12.317686
v -203.861847 0.538111 1.426831
v -203.861847 0.538111 12.317686
v -204.966125 2.450766 1.426831
v -204.966125 2.450766 12.317686
v -203.861847 4.363422 1.426831
v -203.861847 4.363422 12.317686
v -201.653305 4.363422 1.426831
v -201.653305 4.363422 12.317686
v -203.811615 4.371084 1.426831
v -203.811615 4.371084 11.630636
v -204.915894 2.458429 1.426831
v -204.915894 2.458429 11.630636
v -207.124435 2.458429 1.426831
v -207.124435 2.458429 11.630636
v -208.228714 4.371084 1.426831
v -208.228714 4.371084 11.630636
v -207.124435 6.283739 1.426831
v -207.124435 6.283739 11.630636
v -204.915894 6.283739 1.426831
v -204.915894 6.283739 11.630636
v -200.536255 2.419029 1.426831
v -200.576111 2.488071 12.130609
v -198.327728 2.419018 1.426831
v -198.287872 2.488060 12.130609
v -197.223450 0.506363 1.426831
v -197.143723 0.506363 12.130609
v -198.327713 -1.406288 1.426831
v -198.287857 -1.475330 12.130609
v -200.536255 -1.406288 1.426831
v -200.576111 -1.475330 12.130609
v -201.640533 0.506367 1.426831
v -201.720261 0.506367 12.130609
v -200.523010 -1.415298 1.426831
v -200.604568 -1.274037 13.035783
v -198.314453 -1.415306 1.426831
v -198.232895 -1.274045 13.035783
v -197.210190 -3.327957 1.426831
v -197.047073 -3.327957 13.035783
v -198.314453 -5.240620 1.426831
v -198.232895 -5.381881 13.035783
v -200.523010 -5.240616 1.426831
v -200.604568 -5.381876 13.035783
v -201.627274 -3.327965 1.426831
v -201.790390 -3.327965 13.035783
v -197.227219 0.498955 1.426831
v -197.227219 0.498955 12.317686
v -195.018677 0.498951 1.426831
v -195.018677 0.498951 12.317686
v -193.914398 -1.413704 1.426831
v -193.914398 -1.413704 12.317686
v -195.018677 -3.326366 1.426831
v -195.018677 -3.326366 12.317686
v -197.227234 -3.326363 1.426831
v -197.227234 -3.326363 12.317686
v -198.331497 -1.413708 1.426831
v -198.331497 -1.413708 12.317686
v -197.221878 -3.321651 1.426831
v -197.221878 -3.321651 12.317686
v -195.013336 -3.321663 1.426831
v -195.013336 -3.321663 12.317686
v -193.909073 -5.234318 1.426831
v -193.909073 -5.234318 12.317686
v -195.013321 -7.146973 1.426831
v -195.013321 -7.146973 12.317686
v -197.221878 -7.146969 1.426831
v -197.221878 -7.146969 12.317686
v -198.326141 -5.234314 1.426831
v -198.326141 -5.234314 12.317686
v -197.208618 -7.155983 1.426831
v -197.208618 -7.155983 12.317686
v -195.000076 -7.155987 1.426831
v -195.000076 -7.155987 12.317686
v -193.895798 -9.068641 1.426831
v -193.895798 -9.068641 12.317686
v -195.000076 -10.981303 1.426831
v -195.000076 -10.981303 12.317686
v -197.208618 -10.981299 1.426831
v -197.208618 -10.981299 12.317686
v -198.312897 -9.068646 1.426831
v -198.312897 -9.068646 12.317686
v -193.912842 -5.241730 1.426831
v -193.912842 -5.241730 12.317686
v -191.704285 -5.241734 1.426831
v -191.704285 -5.241734 12.317686
v -190.600021 -7.154385 1.426831
v -190.600021 -7.154385 12.317686
v -191.704285 -9.067050 1.426831
v -191.704285 -9.067050 12.317686
v -193.912842 -9.067044 1.426831
v -193.912842 -9.067044 12.317686
v -195.017120 -7.154392 1.426831
v -195.017120 -7.154392 12.317686
v -193.944595 -9.027373 1.426831
v -193.944595 -9.027373 11.630636
v -191.736038 -9.027377 1.426831
v -191.736038 -9.027377 11.630636
v -190.631775 -10.940030 1.426831
v -190.631775 -10.940030 11.630636
v -191.736038 -12.852693 1.426831
v -191.736038 -12.852693 11.630636
v -193.944595 -12.852689 1.426831
v -193.944595 -12.852689 11.630636
v -195.048859 -10.940036 1.426831
v -195.048859 -10.940036 11.630636
v -193.931320 -12.861695 1.426831
v -193.931320 -12.861695 11.630636
v -191.722794 -12.861707 1.426831
v -191.722794 -12.861707 11.630636
v -190.618515 -14.774362 1.426831
v -190.618515 -14.774362 11.630636
v -191.722778 -16.687016 1.426831
v -191.722778 -16.687016 11.630636
v -193.931320 -16.687012 1.426831
v -193.931320 -16.687012 11.630636
v -195.035599 -14.774358 1.426831
v -195.035599 -14.774358 11.630636
v -190.635559 -10.947450 1.426831
v -190.635559 -10.947450 11.630636
v -188.427002 -10.947453 1.426831
v -188.427002 -10.947453 11.630636
v -187.322739 -12.860106 1.426831
v -187.322739 -12.860106 11.630636
v -188.427002 -14.772769 1.426831
v -188.427002 -14.772769 11.630636
v -190.635559 -14.772765 1.426831
v -190.635559 -14.772765 11.630636
v -191.739822 -12.860112 1.426831
v -191.739822 -12.860112 11.630636
v -190.630203 -14.768056 1.426831
v -190.630203 -14.768056 11.630636
v -188.421661 -14.768060 1.426831
v -188.421661 -14.768060 11.630636
v -187.317383 -16.680714 1.426831
v -187.317383 -16.680714 11.630636
v -188.421661 -18.593376 1.426831
v -188.421661 -18.593376 11.630636
v -190.630203 -18.593372 1.426831
v -190.630203 -18.593372 11.630636
v -191.734482 -16.680717 1.426831
v -191.734482 -16.680717 11.630636
v -190.616943 -18.602379 1.426831
v -190.616943 -18.602379 11.630636
v -188.408401 -18.602390 1.426831
v -188.408401 -18.602390 11.630636
v -187.304123 -20.515041 1.426831
v -187.304123 -20.515041 11.630636
v -188.408386 -22.427696 1.426831
v -188.408386 -22.427696 11.630636
v -190.616943 -22.427692 1.426831
v -190.616943 -22.427692 11.630636
v -191.721207 -20.515041 1.426831
v -191.721207 -20.515041 11.630636
v -187.321167 -16.688129 1.426831
v -187.321167 -16.688129 11.630636
v -185.112625 -16.688133 1.426831
v -185.112625 -16.688133 11.630636
v -184.008347 -18.600788 1.426831
v -184.008347 -18.600788 11.630636
v -185.112625 -20.513451 1.426831
v -185.112625 -20.513451 11.630636
v -187.321167 -20.513447 1.426831
v -187.321167 -20.513447 11.630636
v -188.425446 -18.600792 1.426831
v -188.425446 -18.600792 11.630636
v -207.189621 2.474939 1.426831
v -207.189621 2.474939 11.336018
v -204.981094 2.474928 1.426831
v -204.981094 2.474928 11.336018
v -203.876816 0.562273 1.426831
v -203.876816 0.562273 11.336018
v -204.981079 -1.350378 1.426831
v -204.981079 -1.350378 11.336018
v -207.189621 -1.350378 1.426831
v -207.189621 -1.350378 11.336018
v -208.293900 0.562277 1.426831
v -208.293900 0.562277 11.336018
v -207.176376 -1.359388 1.426831
v -207.176376 -1.359388 12.317686
v -204.967819 -1.359396 1.426831
v -204.967819 -1.359396 12.317686
v -203.863556 -3.272047 1.426831
v -203.863556 -3.272047 12.317686
v -204.967819 -5.184710 1.426831
v -204.967819 -5.184710 12.317686
v -207.176376 -5.184706 1.426831
v -207.176376 -5.184706 12.317686
v -208.280640 -3.272055 1.426831
v -208.280640 -3.272055 12.317686
v -203.880585 0.554865 1.426831
v -203.880585 0.554865 12.317686
v -201.672043 0.554861 1.426831
v -201.672043 0.554861 12.317686
v -200.567764 -1.357794 1.426831
v -200.567764 -1.357794 12.317686
v -201.672043 -3.270456 1.426831
v -201.672043 -3.270456 12.317686
v -203.880600 -3.270452 1.426831
v -203.880600 -3.270452 12.317686
v -204.984863 -1.357798 1.426831
v -204.984863 -1.357798 12.317686
v -203.875244 -3.265741 1.426831
v -203.875244 -3.265741 12.317686
v -201.666702 -3.265753 1.426831
v -201.666702 -3.265753 12.317686
v -200.562439 -5.178408 1.426831
v -200.562439 -5.178408 12.317686
v -201.666687 -7.091063 1.426831
v -201.666687 -7.091063 12.317686
v -203.875244 -7.091059 1.426831
v -203.875244 -7.091059 12.317686
v -204.979507 -5.178404 1.426831
v -204.979507 -5.178404 12.317686
v -203.861984 -7.100073 1.426831
v -203.861984 -7.100073 12.317686
v -201.653442 -7.100077 1.426831
v -201.653442 -7.100077 12.317686
v -200.549164 -9.012730 1.426831
v -200.549164 -9.012730 12.317686
v -201.653442 -10.925392 1.426831
v -201.653442 -10.925392 12.317686
v -203.861984 -10.925388 1.426831
v -203.861984 -10.925388 12.317686
v -204.966263 -9.012735 1.426831
v -204.966263 -9.012735 12.317686
v -200.566208 -5.185820 1.426831
v -200.566208 -5.185820 12.317686
v -198.357651 -5.185823 1.426831
v -198.357651 -5.185823 12.317686
v -197.253387 -7.098475 1.426831
v -197.253387 -7.098475 12.317686
v -198.357651 -9.011139 1.426831
v -198.357651 -9.011139 12.317686
v -200.566208 -9.011133 1.426831
v -200.566208 -9.011133 12.317686
v -201.670486 -7.098482 1.426831
v -201.670486 -7.098482 12.317686
v -200.597961 -8.971462 1.426831
v -200.597961 -8.971462 14.378466
v -198.389404 -8.971466 1.426831
v -198.389404 -8.971466 14.378466
v -197.285141 -10.884119 1.426831
v -197.285141 -10.884119 14.378466
v -198.389404 -12.796782 1.426831
v -198.389404 -12.796782 14.378466
v -200.597961 -12.796778 1.426831
v -200.597961 -12.796778 14.378466
v -201.702225 -10.884125 1.426831
v -201.702225 -10.884125 14.378466
v -200.584686 -12.805784 1.426831
v -200.584686 -12.805784 11.630636
v -198.376160 -12.805796 1.426831
v -198.376160 -12.805796 11.630636
v -197.271881 -14.718451 1.426831
v -197.271881 -14.718451 11.630636
v -198.376144 -16.631107 1.426831
v -198.376144 -16.631105 11.630636
v -200.584686 -16.631104 1.426831
v -200.584686 -16.631102 11.630636
v -201.688965 -14.718447 1.426831
v -201.688965 -14.718447 11.630636
v -197.288925 -10.891539 1.426831
v -197.288925 -10.891539 11.630636
v -195.080368 -10.891542 1.426831
v -195.080368 -10.891542 11.630636
v -193.976105 -12.804195 1.426831
v -193.976105 -12.804195 11.630636
v -195.080368 -14.716858 1.426831
v -195.080368 -14.716858 11.630636
v -197.288925 -14.716854 1.426831
v -197.288925 -14.716854 11.630636
v -198.393188 -12.804201 1.426831
v -198.393188 -12.804201 11.630636
v -197.283569 -14.712145 1.426831
v -197.283569 -14.712145 11.630636
v -195.075027 -14.712149 1.426831
v -195.075027 -14.712149 11.630636
v -193.970749 -16.624802 1.426831
v -193.970749 -16.624802 11.630636
v -195.075027 -18.537464 1.426831
v -195.075027 -18.537464 11.630636
v -197.283569 -18.537460 1.426831
v -197.283569 -18.537460 11.630636
v -198.387848 -16.624809 1.426831
v -198.387848 -16.624807 11.630636
v -197.270309 -18.546467 1.426831
v -197.270309 -18.546467 11.630636
v -195.061768 -18.546478 1.426831
v -195.061768 -18.546478 11.630636
v -193.957489 -20.459133 1.426831
v -193.957489 -20.459131 11.630636
v -195.061752 -22.371788 1.426831
v -195.061752 -22.371786 11.630636
v -197.270309 -22.371784 1.426831
v -197.270309 -22.371782 11.630636
v -198.374573 -20.459129 1.426831
v -198.374573 -20.459129 11.630636
v -193.974533 -16.632221 1.426831
v -193.974533 -16.632219 11.630636
v -191.765991 -16.632225 1.426831
v -191.765991 -16.632223 11.630636
v -190.661713 -18.544880 1.426831
v -190.661713 -18.544878 11.630636
v -191.765991 -20.457542 1.426831
v -191.765991 -20.457541 11.630636
v -193.974533 -20.457539 1.426831
v -193.974533 -20.457537 11.630636
v -195.078812 -18.544884 1.426831
v -195.078812 -18.544882 11.630636
v -184.035690 -22.412117 1.426831
v -184.035690 -22.412117 12.317686
v -185.139969 -24.324772 1.426831
v -185.139969 -24.324772 12.317686
v -187.348511 -24.324772 1.426831
v -187.348511 -24.324772 12.317686
v -188.452789 -22.412117 1.426831
v -188.452789 -22.412117 12.317686
v -187.348511 -20.499462 1.426831
v -187.348511 -20.499460 12.317686
v -185.139969 -20.499462 1.426831
v -185.139969 -20.499460 12.317686
v -184.025787 -26.223465 1.426831
v -184.025787 -26.223465 11.093148
v -185.130066 -28.136120 1.426831
v -185.130066 -28.136120 11.093148
v -187.338608 -28.136120 1.426831
v -187.338608 -28.136120 11.093148
v -188.442886 -26.223465 1.426831
v -188.442886 -26.223465 11.093148
v -187.338608 -24.310810 1.426831
v -187.338608 -24.310808 11.093148
v -185.130066 -24.310810 1.426831
v -185.130066 -24.310808 11.093148
v -187.337204 -24.317791 1.426831
v -187.337204 -24.317791 12.317686
v -188.441483 -26.230446 1.426831
v -188.441483 -26.230446 12.317686
v -190.650024 -26.230446 1.426831
v -190.650024 -26.230446 12.317686
v -191.754303 -24.317791 1.426831
v -191.754303 -24.317791 12.317686
v -190.650024 -22.405136 1.426831
v -190.650024 -22.405136 12.317686
v -188.441483 -22.405136 1.426831
v -188.441483 -22.405136 12.317686
v -190.664459 -22.412117 1.426831
v -190.664459 -22.412117 12.317686
v -191.768738 -24.324772 1.426831
v -191.768738 -24.324772 12.317686
v -193.977280 -24.324772 1.426831
v -193.977280 -24.324772 12.317686
v -195.081558 -22.412117 1.426831
v -195.081558 -22.412117 12.317686
v -193.977280 -20.499462 1.426831
v -193.977280 -20.499460 12.317686
v -191.768738 -20.499462 1.426831
v -191.768738 -20.499460 12.317686
v -190.654556 -26.223465 1.426831
v -190.654556 -26.223465 12.317686
v -191.758835 -28.136120 1.426831
v -191.758835 -28.136120 12.317686
v -193.967377 -28.136120 1.426831
v -193.967377 -28.136120 12.317686
v -195.071655 -26.223465 1.426831
v -195.071655 -26.223465 12.317686
v -193.967377 -24.310810 1.426831
v -193.967377 -24.310808 12.317686
v -191.758835 -24.310810 1.426831
v -191.758835 -24.310808 12.317686
v -193.917145 -24.303146 1.426831
v -193.917145 -24.303146 7.474597
v -195.021423 -26.215801 1.426831
v -195.021423 -26.215801 7.474597
v -197.229965 -26.215801 1.426831
v -197.229965 -26.215801 7.474597
v -198.334244 -24.303146 1.426831
v -198.334244 -24.303146 7.474597
v -197.229965 -22.390491 1.426831
v -197.229965 -22.390491 7.474597
v -195.021423 -22.390491 1.426831
v -195.021423 -22.390491 7.474597
v -198.348679 -20.484814 1.426831
v -198.348679 -20.484812 11.630636
v -190.641785 -26.255203 1.426831
v -190.641785 -26.255201 12.317686
v -188.433258 -26.255215 1.426831
v -188.433258 -26.255213 12.317686
v -187.328979 -28.167870 1.426831
v -187.328979 -28.167868 12.317686
v -188.433243 -30.080521 1.426831
v -188.433243 -30.080519 12.317686
v -190.641785 -30.080521 1.426831
v -190.641785 -30.080519 12.317686
v -191.746063 -28.167866 1.426831
v -191.746063 -28.167864 12.317686
v -190.628540 -30.089531 1.426831
v -188.419983 -30.089539 1.426831
v -187.332748 -28.175278 1.426831
v -185.124207 -28.175282 1.426831
v -184.019928 -30.087936 1.426831
v -188.437027 -30.087940 1.426831
v -193.986115 -28.119366 1.426831
v -193.986115 -28.119366 12.317686
v -191.777573 -28.119370 1.426831
v -191.777573 -28.119370 12.317686
v -190.673294 -30.032024 1.426831
v -190.673294 -30.032024 12.317686
v -191.777573 -31.944691 1.426831
v -191.777573 -31.944687 12.317686
v -193.986130 -31.944687 1.426831
v -193.986130 -31.944683 12.317686
v -195.090393 -30.032028 1.426831
v -195.090393 -30.032028 12.317686
v -161.138260 -24.325066 1.426831
v -161.138260 -24.325066 12.317686
v -162.242538 -26.237720 1.426831
v -162.242538 -26.237720 12.317686
v -164.451080 -26.237720 1.426831
v -164.451080 -26.237720 12.317686
v -165.555359 -24.325066 1.426831
v -165.555359 -24.325066 12.317686
v -164.451080 -22.412411 1.426831
v -164.451080 -22.412411 12.317686
v -162.242538 -22.412411 1.426831
v -162.242538 -22.412411 12.317686
v -161.128357 -28.136414 1.426831
v -161.128357 -28.136414 12.317686
v -162.232635 -30.049068 1.426831
v -162.232635 -30.049068 12.317686
v -164.441177 -30.049068 1.426831
v -164.441177 -30.049068 12.317686
v -165.545456 -28.136414 1.426831
v -165.545456 -28.136414 12.317686
v -164.441177 -26.223759 1.426831
v -164.441177 -26.223759 12.317686
v -162.232635 -26.223759 1.426831
v -162.232635 -26.223759 12.317686
v -164.439774 -26.230740 1.426831
v -164.439774 -26.230740 12.317686
v -165.544052 -28.143394 1.426831
v -165.544052 -28.143394 12.317686
v -167.752594 -28.143394 1.426831
v -167.752594 -28.143394 12.317686
v -168.856873 -26.230740 1.426831
v -168.856873 -26.230740 12.317686
v -167.752594 -24.318085 1.426831
v -167.752594 -24.318085 12.317686
v -165.544052 -24.318085 1.426831
v -165.544052 -24.318085 12.317686
v -167.767029 -24.325066 1.426831
v -167.767029 -24.325066 12.317686
v -168.871307 -26.237720 1.426831
v -168.871307 -26.237720 12.317686
v -171.079849 -26.237720 1.426831
v -171.079849 -26.237720 12.317686
v -172.184128 -24.325066 1.426831
v -172.184128 -24.325066 12.317686
v -171.079849 -22.412411 1.426831
v -171.079849 -22.412411 12.317686
v -168.871307 -22.412411 1.426831
v -168.871307 -22.412411 12.317686
v -167.757126 -28.136414 1.426831
v -167.757126 -28.136414 12.317686
v -168.861404 -30.049068 1.426831
v -168.861404 -30.049068 12.317686
v -171.069946 -30.049068 1.426831
v -171.069946 -30.049068 12.317686
v -172.174225 -28.136414 1.426831
v -172.174225 -28.136414 12.317686
v -171.069946 -26.223759 1.426831
v -171.069946 -26.223759 12.317686
v -168.861404 -26.223759 1.426831
v -168.861404 -26.223759 12.317686
v -171.019714 -26.216095 1.426831
v -171.019714 -26.216095 11.630636
v -172.123993 -28.128750 1.426831
v -172.123993 -28.128750 11.630636
v -174.332535 -28.128750 1.426831
v -174.332535 -28.128750 11.630636
v -175.436813 -26.216095 1.426831
v -175.436813 -26.216095 11.630636
v -174.332535 -24.303440 1.426831
v -174.332535 -24.303440 11.630636
v -172.123993 -24.303440 1.426831
v -172.123993 -24.303440 11.630636
v -174.346970 -24.310421 1.426831
v -174.346970 -24.310421 11.630636
v -175.451248 -26.223076 1.426831
v -175.451248 -26.223076 11.630636
v -177.659790 -26.223076 1.426831
v -177.659790 -26.223076 11.630636
v -178.764069 -24.310421 1.426831
v -178.764069 -24.310421 11.630636
v -177.659790 -22.397762 1.426831
v -177.659790 -22.397762 11.630636
v -175.451248 -22.397762 1.426831
v -175.451248 -22.397762 11.630636
v -174.337067 -28.121769 1.426831
v -174.337067 -28.121769 11.630636
v -175.441345 -30.034424 1.426831
v -175.441345 -30.034424 11.630636
v -177.649887 -30.034424 1.426831
v -177.649887 -30.034424 11.630636
v -178.754166 -28.121769 1.426831
v -178.754166 -28.121769 11.630636
v -177.649887 -26.209110 1.426831
v -177.649887 -26.209110 11.630636
v -175.441345 -26.209110 1.426831
v -175.441345 -26.209110 11.630636
v -177.648483 -26.216095 1.426831
v -177.648483 -26.216095 11.630636
v -178.752762 -28.128750 1.426831
v -178.752762 -28.128750 11.630636
v -180.961304 -28.128750 1.426831
v -180.961304 -28.128750 11.630636
v -182.065582 -26.216095 1.426831
v -182.065582 -26.216095 11.630636
v -180.961304 -24.303440 1.426831
v -180.961304 -24.303440 11.630636
v -178.752762 -24.303440 1.426831
v -178.752762 -24.303440 11.630636
v -180.975739 -24.310421 1.426831
v -180.975739 -24.310421 11.630636
v -182.080017 -26.223076 1.426831
v -182.080017 -26.223076 11.630636
v -184.288559 -26.223076 1.426831
v -184.288559 -26.223076 11.630636
v -185.392838 -24.310421 1.426831
v -185.392838 -24.310421 11.630636
v -184.288559 -22.397762 1.426831
v -184.288559 -22.397762 11.630636
v -182.080017 -22.397762 1.426831
v -182.080017 -22.397762 11.630636
v -180.965836 -28.121769 1.426831
v -180.965836 -28.121769 11.630636
v -182.070114 -30.034424 1.426831
v -182.070114 -30.034424 11.630636
v -184.278656 -30.034424 1.426831
v -184.278656 -30.034424 11.630636
v -185.382935 -28.121769 1.426831
v -185.382935 -28.121769 11.630636
v -184.278656 -26.209110 1.426831
v -184.278656 -26.209110 11.630636
v -182.070114 -26.209110 1.426831
v -182.070114 -26.209110 11.630636
v -174.397720 -28.112240 1.426831
v -174.397720 -28.112240 10.849101
v -172.189194 -28.112251 1.426831
v -172.189194 -28.112251 10.849101
v -171.084915 -30.024906 1.426831
v -171.084915 -30.024906 10.849101
v -172.189178 -31.937561 1.426831
v -172.189178 -31.937557 10.849101
v -174.397720 -31.937561 1.426831
v -174.397720 -31.937557 10.849101
v -175.501999 -30.024902 1.426831
v -175.501999 -30.024902 10.849101
v -165.967072 42.153358 9.489664
v -165.967072 42.153358 1.426831
v -168.175613 42.153358 9.489664
v -168.175613 42.153358 1.426831
v -169.279892 40.240700 9.489664
v -169.279892 40.240700 1.426831
v -168.175613 38.328041 9.489664
v -168.175613 38.328041 1.426831
v -165.967072 38.328041 9.489664
v -165.967072 38.328041 1.426831
v -164.862793 40.240700 9.489664
v -164.862793 40.240700 1.426831
v -170.309494 21.926548 14.985476
v -170.309494 21.926548 2.440632
v -172.518036 21.926548 14.985476
v -172.518036 21.926548 2.440632
v -173.622314 20.013889 14.985476
v -173.622314 20.013889 2.440632
v -172.518036 18.101231 14.985476
v -172.518036 18.101231 2.440632
v -170.309494 18.101231 14.985476
v -170.309494 18.101231 2.440632
v -169.205215 20.013889 14.985476
v -169.205215 20.013889 2.440632
v -170.764236 12.048335 16.858732
v -170.764236 12.048335 2.440633
v -172.972778 12.048335 16.858732
v -172.972778 12.048335 2.440633
v -174.077057 10.135676 16.858732
v -174.077057 10.135676 2.440633
v -172.972778 8.223018 16.858732
v -172.972778 8.223018 2.440633
v -170.764236 8.223018 16.858732
v -170.764236 8.223018 2.440633
v -169.659958 10.135676 16.858732
v -169.659958 10.135676 2.440633
v -165.794495 1.591546 18.657831
v -165.794495 1.591546 2.440632
v -168.003036 1.591546 18.657831
v -168.003036 1.591546 2.440632
v -169.107315 -0.321113 18.657831
v -169.107315 -0.321113 2.440632
v -168.003036 -2.233771 18.657831
v -168.003036 -2.233771 2.440632
v -165.794495 -2.233771 18.657831
v -165.794495 -2.233771 2.440632
v -164.690216 -0.321113 18.657831
v -164.690216 -0.321113 2.440632
v -170.431763 -6.034574 16.858732
v -170.431763 -6.034574 2.440633
v -172.640305 -6.034574 16.858732
v -172.640305 -6.034574 2.440633
v -173.744583 -7.947232 16.858732
v -173.744583 -7.947233 2.440633
v -172.640305 -9.859891 16.858732
v -172.640305 -9.859892 2.440633
v -170.431763 -9.859891 16.858732
v -170.431763 -9.859892 2.440633
v -169.327484 -7.947232 16.858732
v -169.327484 -7.947233 2.440633
v -167.686462 -15.317144 12.548672
v -167.686462 -15.317144 0.003829
v -169.895004 -15.317144 12.548672
v -169.895004 -15.317144 0.003829
v -170.999283 -17.229805 12.548672
v -170.999283 -17.229805 0.003829
v -169.895004 -19.142464 12.548672
v -169.895004 -19.142464 0.003829
v -167.686462 -19.142464 12.548672
v -167.686462 -19.142464 0.003829
v -166.582184 -17.229805 12.548672
v -166.582184 -17.229805 0.003829
v -184.858032 51.873726 9.489664
v -184.858032 51.873726 1.426831
v -187.066589 51.873726 9.489664
v -187.066589 51.873726 1.426831
v -188.170868 49.961067 9.489664
v -188.170868 49.961067 1.426831
v -187.066589 48.048409 9.489664
v -187.066589 48.048409 1.426831
v -184.858032 48.048409 9.489664
v -184.858032 48.048409 1.426831
v -183.753754 49.961067 9.489664
v -183.753754 49.961067 1.426831
v -158.681580 -35.806931 9.489666
v -158.681580 -35.806931 1.426831
v -160.890137 -35.806931 9.489666
v -160.890137 -35.806931 1.426831
v -161.994415 -37.719589 9.489666
v -161.994415 -37.719589 1.426831
v -160.890137 -39.632248 9.489666
v -160.890137 -39.632248 1.426831
v -158.681580 -39.632248 9.489666
v -158.681580 -39.632248 1.426831
v -157.577301 -37.719589 9.489666
v -157.577301 -37.719589 1.426831
v -180.379044 -36.189335 9.489666
v -180.379044 -36.189335 1.426831
v -182.587601 -36.189335 9.489666
v -182.587601 -36.189335 1.426831
v -183.691879 -38.101994 9.489666
v -183.691879 -38.101994 1.426831
v -182.587601 -40.014652 9.489666
v -182.587601 -40.014652 1.426831
v -180.379044 -40.014652 9.489666
v -180.379044 -40.014652 1.426831
v -179.274765 -38.101994 9.489666
v -179.274765 -38.101994 1.426831
v -169.939789 -48.757977 9.489666
v -169.939789 -48.757977 1.426831
v -172.148346 -48.757977 9.489666
v -172.148346 -48.757977 1.426831
v -173.252625 -50.670635 9.489666
v -173.252625 -50.670635 1.426831
v -172.148346 -52.583294 9.489666
v -172.148346 -52.583294 1.426831
v -169.939789 -52.583294 9.489666
v -169.939789 -52.583294 1.426831
v -168.835510 -50.670635 9.489666
v -168.835510 -50.670635 1.426831
v -168.787552 55.815594 9.489666
v -168.787552 55.815594 1.426831
v -170.996109 55.815594 9.489666
v -170.996109 55.815594 1.426831
v -172.100388 53.902935 9.489666
v -172.100388 53.902935 1.426831
v -170.996109 51.990276 9.489666
v -170.996109 51.990276 1.426831
v -168.787552 51.990276 9.489666
v -168.787552 51.990276 1.426831
v -167.683273 53.902935 9.489666
v -167.683273 53.902935 1.426831
v -133.755188 38.081276 49.126427
v -127.776924 37.006393 57.930477
v -135.795746 35.327789 50.594551
v -128.735229 35.713295 58.619938
v -135.552261 39.881702 48.619392
v -127.823906 38.492142 60.000793
v -138.190201 36.322113 50.517338
v -129.062759 36.820450 60.892136
v -141.427032 44.100658 54.220493
v -145.093735 49.623436 62.614536
v -138.252670 45.961510 54.821945
v -143.602997 50.497330 62.896984
v -140.612320 41.638977 54.153790
v -145.352463 48.778530 65.005173
v -136.508682 44.044590 54.931328
v -143.425278 49.908276 65.370331
v -141.156265 34.822208 58.885883
v -148.850784 36.031651 58.840630
v -140.910828 38.450211 58.958660
v -148.700500 38.253155 58.885197
v -140.776169 34.307510 60.564960
v -149.526886 36.505554 60.574177
v -140.458893 38.997700 60.659065
v -149.332626 39.377407 60.631798
v -143.012787 27.773815 63.171646
v -150.638824 32.655304 62.798840
v -139.774033 29.613525 63.007599
v -149.117813 33.519264 62.721806
v -142.586868 26.089685 65.097893
v -151.491623 33.824249 64.896996
v -138.399948 28.467970 64.885818
v -149.525299 34.941162 64.797409
v -83.136726 40.504665 39.528786
v -81.745094 43.015358 41.068512
v -81.996330 39.765568 39.528786
v -81.369934 46.785915 35.332222
v -80.343613 42.131264 41.141682
v -77.166443 44.773209 35.419846
v -81.438805 42.379673 33.945393
v -80.436180 41.899597 33.966297
v -82.029366 48.032036 24.582813
v -76.082596 45.303898 24.458906
v -82.198334 41.549389 24.683992
v -80.779900 40.898670 24.654442
v -82.556374 47.748444 5.533163
v -76.609604 45.020306 5.409256
v -82.725342 41.265797 5.634342
v -81.306908 40.615078 5.604792
v -82.461838 41.407593 15.159167
v -81.043404 40.756874 15.129617
v -76.346100 45.162102 14.934081
v -82.292870 47.890240 15.057988
v -80.608040 41.399132 29.310369
v -76.624519 45.038551 29.939377
v -81.699646 47.408974 29.957518
v -81.818573 41.964531 29.314693
v -147.046143 23.616444 80.199509
v -151.839355 21.840031 58.581326
v -116.689529 40.739746 64.811386
v -132.333176 28.519657 73.851875
v -87.562599 -16.717813 77.652390
v -92.278503 -13.823146 97.806450
v -88.291702 18.565060 75.197754
v -124.986382 70.077675 46.701771
v -124.986382 70.077675 44.423473
v -131.641022 70.077675 46.701771
v -131.641022 70.077675 44.423473
v -134.968353 64.314606 46.701771
v -134.968353 64.314606 44.423473
v -131.641022 58.551537 46.701771
v -131.641022 58.551537 44.423473
v -124.986382 58.551537 46.701771
v -124.986382 58.551537 44.423473
v -121.659058 64.314606 46.701771
v -121.659058 64.314606 44.423473
v -127.317993 66.039246 39.679806
v -129.309433 66.039246 39.679806
v -130.305161 64.314606 39.679806
v -129.309433 62.589966 39.679806
v -127.317993 62.589966 39.679806
v -126.322266 64.314606 39.679806
v -127.317993 66.039246 31.126524
v -129.309433 66.039246 31.126524
v -130.305161 64.314606 31.126524
v -129.309433 62.589966 31.126524
v -127.317993 62.589966 31.126524
v -126.322266 64.314606 31.126524
v -124.671211 84.076920 48.306026
v -124.671211 84.076920 46.027729
v -131.325851 84.076920 48.306026
v -131.325851 84.076920 46.027729
v -134.653183 78.313843 48.306026
v -134.653183 78.313843 46.027729
v -131.325851 72.550766 48.306026
v -131.325851 72.550766 46.027729
v -124.671211 72.550766 48.306026
v -124.671211 72.550766 46.027729
v -121.343880 78.313843 48.306026
v -121.343880 78.313843 46.027729
v -127.002815 80.038483 41.284061
v -128.994263 80.038483 41.284061
v -129.989990 78.313843 41.284061
v -128.994263 76.589203 41.284061
v -127.002815 76.589203 41.284061
v -126.007088 78.313843 41.284061
v -127.002815 80.038483 31.126524
v -128.994263 80.038483 31.126524
v -129.989990 78.313843 31.126524
v -128.994263 76.589203 31.126524
v -127.002815 76.589203 31.126524
v -126.007088 78.313843 31.126524
v -125.188309 98.350861 49.730297
v -125.188309 98.350861 47.452000
v -131.842941 98.350861 49.730297
v -131.842941 98.350861 47.452000
v -135.170273 92.587784 49.730297
v -135.170273 92.587784 47.452000
v -131.842941 86.824715 49.730297
v -131.842941 86.824715 47.452000
v -125.188309 86.824715 49.730297
v -125.188309 86.824715 47.452000
v -121.860977 92.587784 49.730297
v -121.860977 92.587784 47.452000
v -127.519913 94.312424 42.708332
v -129.511353 94.312424 42.708332
v -130.507080 92.587784 42.708332
v -129.511353 90.863144 42.708332
v -127.519913 90.863144 42.708332
v -126.524185 92.587784 42.708332
v -127.519913 94.312424 31.126524
v -129.511353 94.312424 31.126524
v -130.507080 92.587784 31.126524
v -129.511353 90.863144 31.126524
v -127.519913 90.863144 31.126524
v -126.524185 92.587784 31.126524
v -136.983902 105.546814 51.037804
v -136.983902 105.546814 48.759506
v -143.638535 105.546814 51.037804
v -143.638535 105.546814 48.759506
v -146.965866 99.783737 51.037804
v -146.965866 99.783737 48.759506
v -143.638535 94.020660 51.037804
v -143.638535 94.020660 48.759506
v -136.983902 94.020660 51.037804
v -136.983902 94.020660 48.759506
v -133.656570 99.783737 51.037804
v -133.656570 99.783737 48.759506
v -139.315506 101.508377 44.015839
v -141.306931 101.508377 44.015839
v -142.302658 99.783737 44.015839
v -141.306931 98.059097 44.015839
v -139.315506 98.059097 44.015839
v -138.319778 99.783737 44.015839
v -139.315506 101.508377 31.126520
v -141.306931 101.508377 31.126520
v -142.302658 99.783737 31.126520
v -141.306931 98.059097 31.126520
v -139.315506 98.059097 31.126520
v -138.319778 99.783737 31.126520
v -161.398651 78.091316 52.508289
v -161.398651 78.091316 50.229992
v -168.053284 78.091316 52.508289
v -168.053284 78.091316 50.229992
v -171.380615 72.328239 52.508289
v -171.380615 72.328239 50.229992
v -168.053284 66.565163 52.508289
v -168.053284 66.565163 50.229992
v -161.398651 66.565163 52.508289
v -161.398651 66.565163 50.229992
v -158.071320 72.328239 52.508289
v -158.071320 72.328239 50.229992
v -163.730255 74.052879 45.486324
v -165.721680 74.052879 45.486324
v -166.717407 72.328239 45.486324
v -165.721680 70.603592 45.486324
v -163.730255 70.603592 45.486324
v -162.734528 72.328239 45.486324
v -163.730255 74.052879 31.126522
v -165.721680 74.052879 31.126522
v -166.717407 72.328239 31.126522
v -165.721680 70.603592 31.126522
v -163.730255 70.603592 31.126522
v -162.734528 72.328239 31.126522
v -171.157639 67.298264 53.888912
v -171.157639 67.298264 51.610615
v -177.812271 67.298264 53.888912
v -177.812271 67.298264 51.610615
v -181.139603 61.535183 53.888912
v -181.139603 61.535183 51.610615
v -177.812271 55.772114 53.888912
v -177.812271 55.772114 51.610615
v -171.157639 55.772114 53.888912
v -171.157639 55.772114 51.610615
v -167.830307 61.535183 53.888912
v -167.830307 61.535183 51.610615
v -173.489243 63.259823 46.866947
v -175.480667 63.259823 46.866947
v -176.476395 61.535183 46.866947
v -175.480667 59.810543 46.866947
v -173.489243 59.810543 46.866947
v -172.493515 61.535183 46.866947
v -173.489243 63.259823 31.126522
v -175.480667 63.259823 31.126522
v -176.476395 61.535183 31.126522
v -175.480667 59.810543 31.126522
v -173.489243 59.810543 31.126522
v -172.493515 61.535183 31.126522
v -166.063263 53.385620 55.662853
v -166.063263 53.385620 53.384556
v -172.717896 53.385620 55.662853
v -172.717896 53.385620 53.384556
v -176.045227 47.622543 55.662853
v -176.045227 47.622543 53.384556
v -172.717896 41.859474 55.662853
v -172.717896 41.859474 53.384556
v -166.063263 41.859474 55.662853
v -166.063263 41.859474 53.384556
v -162.735931 47.622543 55.662853
v -162.735931 47.622543 53.384556
v -168.394867 49.347183 48.640888
v -170.386292 49.347183 48.640888
v -171.382019 47.622543 48.640888
v -170.386292 45.897903 48.640888
v -168.394867 45.897903 48.640888
v -167.399139 47.622543 48.640888
v -168.394867 49.347183 31.126524
v -170.386292 49.347183 31.126524
v -171.382019 47.622543 31.126524
v -170.386292 45.897903 31.126524
v -168.394867 45.897903 31.126524
v -167.399139 47.622543 31.126524
v -127.317993 66.039246 17.169479
v -129.309433 66.039246 17.169479
v -130.305161 64.314606 17.169479
v -129.309433 62.589966 17.169479
v -127.317993 62.589966 17.169479
v -126.322266 64.314606 17.169479
v -127.002815 80.038483 17.169479
v -128.994263 80.038483 17.169479
v -129.989990 78.313843 17.169479
v -128.994263 76.589203 17.169479
v -127.002815 76.589203 17.169479
v -126.007088 78.313843 17.169479
v -127.519913 94.312424 17.169479
v -129.511353 94.312424 17.169479
v -130.507080 92.587784 17.169479
v -129.511353 90.863144 17.169479
v -127.519913 90.863144 17.169479
v -126.524185 92.587784 17.169479
v -139.315506 101.508377 17.169476
v -141.306931 101.508377 17.169476
v -142.302658 99.783737 17.169476
v -141.306931 98.059097 17.169476
v -139.315506 98.059097 17.169476
v -138.319778 99.783737 17.169476
v -163.730255 74.052879 17.169477
v -165.721680 74.052879 17.169477
v -166.717407 72.328239 17.169477
v -165.721680 70.603592 17.169477
v -163.730255 70.603592 17.169477
v -162.734528 72.328239 17.169477
v -173.489243 63.259823 17.169479
v -175.480667 63.259823 17.169479
v -176.476395 61.535183 17.169479
v -175.480667 59.810543 17.169479
v -173.489243 59.810543 17.169479
v -172.493515 61.535183 17.169479
v -168.394867 49.347183 17.169479
v -170.386292 49.347183 17.169479
v -171.382019 47.622543 17.169479
v -170.386292 45.897903 17.169479
v -168.394867 45.897903 17.169479
v -167.399139 47.622543 17.169479
v -127.317993 66.039246 4.552026
v -129.309433 66.039246 4.552026
v -130.305161 64.314606 4.552026
v -129.309433 62.589966 4.552026
v -127.317993 62.589966 4.552026
v -126.322266 64.314606 4.552026
v -127.002815 80.038483 -4.337480
v -128.994263 80.038483 -4.337480
v -129.989990 78.313843 -4.281339
v -128.994263 76.589203 -4.337480
v -127.002815 76.589203 -4.337480
v -126.007088 78.313843 -4.337480
v -127.519913 94.312424 -4.337481
v -129.511353 94.312424 -4.337481
v -130.507080 92.587784 -4.337481
v -129.511353 90.863144 -4.337481
v -127.519913 90.863144 -4.337481
v -126.524185 92.587784 -4.337481
v -139.315506 101.508377 -4.337483
v -141.306931 101.508377 -4.337483
v -142.302658 99.783737 -4.337483
v -141.306931 98.059097 -4.337483
v -139.315506 98.059097 -4.337483
v -138.319778 99.783737 -4.337483
v -163.730255 74.052879 -4.337481
v -165.721680 74.052879 -4.337481
v -166.717407 72.328239 -4.337481
v -165.721680 70.603592 -4.337481
v -163.730255 70.603592 -4.337481
v -162.734528 72.328239 -4.337481
v -173.489243 63.259823 4.552025
v -175.480667 63.259823 4.552025
v -176.476395 61.535183 4.552025
v -175.480667 59.810543 4.552025
v -173.489243 59.810543 4.552025
v -172.493515 61.535183 4.552025
v -168.394867 49.347183 4.552025
v -170.386292 49.347183 4.552025
v -171.382019 47.622543 4.552025
v -170.386292 45.897903 4.552025
v -168.394867 45.897903 4.552025
v -167.399139 47.622543 4.552025
v -162.700790 43.790855 56.569000
v -162.700790 43.790855 52.337696
v -164.909348 43.790855 56.569000
v -164.909348 43.790855 52.337696
v -166.013626 41.878197 56.569000
v -166.013626 41.878197 52.337696
v -164.909348 39.965538 56.569000
v -164.909348 39.965538 52.337696
v -162.700790 39.965538 56.569000
v -162.700790 39.965538 52.337696
v -161.596512 41.878197 56.569000
v -161.596512 41.878197 52.337696
v -158.356430 32.134655 59.647190
v -158.356430 32.134655 47.282940
v -156.147873 32.134655 59.647190
v -156.147873 32.134655 47.282940
v -155.043594 34.047314 59.647190
v -155.043594 34.047314 47.282940
v -158.360840 35.977844 47.939022
v -158.360840 35.977844 58.881111
v -159.465118 34.065186 47.939022
v -159.465118 34.065186 58.881111
v -161.673676 34.065186 47.939022
v -161.673676 34.065186 58.881111
v -162.777954 35.977844 47.939022
v -162.777954 35.977844 58.881111
v -161.673676 37.890503 47.939022
v -161.673676 37.890503 58.881111
v -159.465118 37.890503 47.939022
v -159.465118 37.890503 58.881111
v -162.863937 39.848225 57.202152
v -162.863937 39.848225 50.516670
v -165.072495 39.848225 57.202152
v -165.072495 39.848225 50.516670
v -166.176773 37.935566 57.202152
v -166.176773 37.935566 50.516670
v -165.072495 36.022907 57.202152
v -165.072495 36.022907 50.516670
v -162.863937 36.022907 57.202152
v -162.863937 36.022907 50.516670
v -161.759659 37.935566 57.202152
v -161.759659 37.935566 50.516670
v -158.333649 39.866096 51.541115
v -158.333649 39.866096 58.054413
v -159.437927 37.953438 51.541115
v -159.437927 37.953438 58.054413
v -161.646484 37.953438 51.541115
v -161.646484 37.953438 58.054413
v -162.750763 39.866096 51.541115
v -162.750763 39.866096 58.054413
v -161.646484 41.778755 51.541115
v -161.646484 41.778755 58.054413
v -159.437927 41.778755 51.541115
v -159.437927 41.778755 58.054413
v -159.460709 34.047314 47.282940
v -159.460709 34.047314 59.647190
v -158.356430 35.959972 47.282940
v -158.356430 35.959972 59.647190
v -156.147873 35.959972 47.282940
v -156.147873 35.959972 59.647190
v -158.356430 35.968525 60.406399
v -158.356430 35.968525 49.401398
v -156.147873 35.968525 60.406399
v -156.147873 35.968525 49.401398
v -155.043594 37.881184 60.406399
v -155.043594 37.881184 49.401398
v -159.460709 37.881184 49.401398
v -159.460709 37.881184 60.406399
v -158.356430 39.793842 49.401398
v -158.356430 39.793842 60.406399
v -156.147873 39.793842 49.401398
v -156.147873 39.793842 60.406399
v -155.093567 37.899055 61.141075
v -155.093567 37.899055 50.516670
v -152.885010 37.899055 61.141075
v -152.885010 37.899055 50.516670
v -151.780731 39.811714 61.141075
v -151.780731 39.811714 50.516670
v -156.197845 39.811714 50.516670
v -156.197845 39.811714 61.141075
v -155.093567 41.724373 50.516670
v -155.093567 41.724373 61.141075
v -152.885010 41.724373 50.516670
v -152.885010 41.724373 61.141075
v -85.849899 -13.748242 76.266281
v -87.348778 12.675847 74.679077
v -115.021698 -23.281507 104.953522
v -121.572052 -45.879517 113.152885
v -118.283928 -21.493288 104.706345
v -124.353233 -44.354935 112.942169
v -113.808754 -21.948778 116.355759
v -122.569824 -48.128231 117.071541
v -118.026016 -19.637039 116.036186
v -126.165291 -46.157310 116.799133
v -126.442780 -25.365828 112.396118
v -133.097412 -25.365828 114.674423
v -133.097412 -25.365828 112.396118
v -136.424744 -31.128904 114.674423
v -136.424744 -31.128904 112.396118
v -133.097412 -36.891972 112.396118
v -126.442780 -36.891972 112.396118
v -123.115448 -31.128904 112.396118
v -128.774384 -29.404264 107.652451
v -130.765808 -29.404264 107.652451
v -131.761536 -31.128904 107.652451
v -130.765808 -32.853542 107.652451
v -128.774384 -32.853542 107.652451
v -127.778648 -31.128904 107.652451
v -128.774384 -29.404264 90.138092
v -130.765808 -29.404264 90.138092
v -131.761536 -31.128904 90.138092
v -130.765808 -32.853542 90.138092
v -128.774384 -32.853542 90.138092
v -127.778648 -31.128904 90.138092
v -115.195221 -20.442495 76.181046
v -117.186646 -20.442495 76.181046
v -118.182373 -22.167135 76.181046
v -117.186646 -23.891773 76.181046
v -115.195221 -23.891773 76.181046
v -114.199493 -22.167135 76.181046
v -136.555862 -19.796127 115.026566
v -143.210495 -19.796127 115.026566
v -146.537827 -25.559204 115.026566
v -143.210495 -31.322273 115.026566
v -136.555862 -31.322273 115.026566
v -133.228531 -25.559204 115.026566
v -138.887466 -23.834564 110.282898
v -140.878891 -23.834564 110.282898
v -141.874619 -25.559204 110.282898
v -140.878891 -27.283844 110.282898
v -138.887466 -27.283844 110.282898
v -137.891739 -25.559204 110.282898
v -138.887466 -23.834564 92.768539
v -140.878891 -23.834564 92.768539
v -141.874619 -25.559204 92.768539
v -140.878891 -27.283844 92.768539
v -138.887466 -27.283844 92.768539
v -137.891739 -25.559204 92.768539
v -125.308304 -14.872795 78.811493
v -127.299728 -14.872795 78.811493
v -128.295456 -16.597435 78.811493
v -127.299728 -18.322075 78.811493
v -125.308304 -18.322075 78.811493
v -124.312576 -16.597435 78.811493
v -126.295494 -14.127180 119.544731
v -126.295494 -14.127180 117.266426
v -132.950134 -14.127180 119.544731
v -132.950134 -14.127180 117.266426
v -136.277466 -19.890257 119.544731
v -136.277466 -19.890257 117.266426
v -132.950134 -25.653326 117.266426
v -126.295494 -25.653326 117.266426
v -122.968163 -19.890257 117.266426
v -128.627106 -18.165617 112.522758
v -130.618530 -18.165617 112.522758
v -131.614258 -19.890257 112.522758
v -130.618530 -21.614897 112.522758
v -128.627106 -21.614897 112.522758
v -127.631371 -19.890257 112.522758
v -128.627106 -18.165617 95.008400
v -130.618530 -18.165617 95.008400
v -131.614258 -19.890257 95.008400
v -130.618530 -21.614897 95.008400
v -128.627106 -21.614897 95.008400
v -127.631371 -19.890257 95.008400
v -128.627106 -18.165617 81.051353
v -130.618530 -18.165617 81.051353
v -131.614258 -19.890257 81.051353
v -130.618530 -21.614897 81.051353
v -128.627106 -21.614897 81.051353
v -127.631371 -19.890257 81.051353
v -128.627106 -18.165617 68.433884
v -130.618530 -18.165617 68.433884
v -131.614258 -19.890257 68.433884
v -130.618530 -21.614897 68.433884
v -128.627106 -21.614897 68.433884
v -127.631371 -19.890257 68.433884
v -136.598099 -8.528010 122.153511
v -136.598099 -8.528010 119.875206
v -143.252731 -8.528010 122.153511
v -143.252731 -8.528010 119.875206
v -146.580063 -14.291087 119.875206
v -143.252731 -20.054157 119.875206
v -136.598099 -20.054157 119.875206
v -133.270767 -14.291087 122.153511
v -133.270767 -14.291087 119.875206
v -138.929703 -12.566447 115.131538
v -140.921127 -12.566447 115.131538
v -141.916855 -14.291087 115.131538
v -140.921127 -16.015728 115.131538
v -138.929703 -16.015728 115.131538
v -137.933975 -14.291087 115.131538
v -140.846909 -13.471177 97.260384
v -142.664398 -14.285106 97.260384
v -142.868271 -16.266088 97.260384
v -141.254623 -17.433130 97.260384
v -139.437134 -16.619202 97.260384
v -139.233261 -14.638218 97.260384
v -138.929703 -12.566447 83.660133
v -140.921127 -12.566447 83.660133
v -141.916855 -14.291087 83.660133
v -140.921127 -16.015728 83.660133
v -138.929703 -16.015728 83.660133
v -137.933975 -14.291087 83.660133
v -138.929703 -12.566447 71.042664
v -140.921127 -12.566447 71.042664
v -141.916855 -14.291087 71.042664
v -140.921127 -16.015728 71.042664
v -138.929703 -16.015728 71.042664
v -137.933975 -14.291087 71.042664
v -128.149673 -1.096542 112.497017
v -150.262573 -6.585543 120.696381
v -128.529358 0.191181 112.249840
v -150.586227 -5.487693 120.485664
v -126.379929 -0.959417 123.899254
v -152.657898 -7.053661 124.615036
v -126.870773 0.705295 123.579681
v -153.076340 -5.634389 124.342628
v -128.289124 3.290867 115.319633
v -150.981354 2.180138 123.518997
v -128.467438 4.014342 115.072456
v -151.133301 2.796938 123.308281
v -126.519234 3.217400 126.721870
v -153.420090 2.127773 127.437653
v -126.749733 4.152680 126.402298
v -153.616562 2.925156 127.165245
v -133.726974 12.250228 118.401085
v -148.464859 6.877435 124.062363
v -133.992508 12.690881 118.230423
v -148.691193 7.253129 123.916878
v -132.544739 12.563700 126.273796
v -150.062439 6.344208 126.768013
v -132.888000 13.133363 126.053146
v -150.355072 6.829888 126.579926
v -131.659653 10.734297 118.401085
v -145.992203 17.110033 124.062363
v -131.544464 11.235708 118.230423
v -145.893951 17.537491 123.916878
v -130.591583 10.138330 126.273796
v -147.511673 17.836533 126.768013
v -130.442657 10.786531 126.053146
v -147.384689 18.389156 126.579926
v -128.883347 12.459972 121.580139
v -139.659180 23.859682 127.241417
v -128.584091 12.878456 121.409477
v -139.404022 24.216425 127.095932
v -128.126831 11.498920 129.452850
v -140.782135 25.114908 129.947067
v -127.739960 12.039911 129.232208
v -140.452286 25.576124 129.758987
v -126.118439 14.291952 125.536049
v -132.445709 28.645962 131.197327
v -125.696136 14.585798 125.365387
v -132.085663 28.896439 131.051849
v -125.728149 13.132809 133.408768
v -133.082504 30.205160 133.902985
v -125.182220 13.512671 133.188126
v -132.617050 30.528999 133.714905
v -117.275658 18.035032 124.785484
v -116.467133 33.700863 130.446762
v -116.766296 18.107422 124.614822
v -116.032890 33.762531 130.301285
v -117.448700 16.824249 132.658203
v -116.334206 35.379833 133.152420
v -116.790237 16.917824 132.437561
v -115.772820 35.459587 132.964340
v -117.920738 21.828022 124.785477
v -109.220131 34.880661 130.446762
v -117.445915 21.629951 124.614815
v -108.815353 34.711761 130.301285
v -118.688217 20.875706 132.658203
v -108.247871 36.255920 133.152420
v -118.074409 20.619648 132.437561
v -107.724571 36.037590 132.964340
v -99.440025 10.431351 124.785469
v -90.739418 23.483990 130.446762
v -98.965202 10.233280 124.614807
v -90.334641 23.315090 130.301285
v -100.207504 9.479034 132.658203
v -89.767159 24.859249 133.152420
v -99.593697 9.222977 132.437561
v -89.243858 24.640919 132.964340
v -100.643745 10.380951 124.785469
v -86.478310 17.119816 130.446762
v -100.337830 9.967303 124.614807
v -86.217545 16.767147 130.301285
v -101.791138 9.957370 132.658203
v -84.938133 17.801342 133.152420
v -101.395683 9.422634 132.437561
v -84.600998 17.345428 132.964340
v -103.312973 -7.693998 124.785461
v -87.649338 -8.543921 130.446762
v -103.241928 -8.203548 124.614799
v -87.588814 -8.978329 130.301285
v -104.523293 -7.517756 132.658203
v -85.970718 -8.681284 133.152420
v -104.431458 -8.176462 132.437561
v -85.892448 -9.242882 132.964340
v -102.862190 -6.381531 124.785461
v -90.108871 -15.515244 130.446762
v -103.076080 -6.849439 124.614799
v -90.291260 -15.914127 130.301285
v -103.788216 -5.582524 132.658203
v -88.767006 -16.533104 133.152420
v -104.064720 -6.187397 132.437561
v -89.002777 -17.048790 132.964340
v -119.444229 -14.292375 124.785461
v -110.786140 -27.373251 130.446762
v -119.810905 -14.653257 124.614799
v -111.098770 -27.680878 130.301285
v -120.024475 -13.215690 132.658203
v -109.895432 -28.802685 133.152420
v -120.498489 -13.682206 132.437561
v -110.299583 -29.200399 132.964340
v -118.716537 -13.402939 124.785454
v -116.224548 -28.890411 130.446762
v -119.199425 -13.580456 124.614792
v -116.636230 -29.041706 130.301285
v -118.801041 -12.182777 132.658203
v -116.002716 -30.559973 133.152420
v -119.425278 -12.412251 132.437561
v -116.534927 -30.755585 132.964340
v -139.651154 -14.879717 136.331085
v -142.978485 -9.116650 136.331085
v -139.651154 -3.353572 136.331085
v -132.996521 -3.353572 136.331085
v -132.996521 -3.353572 138.609390
v -132.996521 -14.879717 136.331085
v -129.669189 -9.116650 138.609390
v -129.669189 -9.116650 136.331085
v -135.328125 -7.392009 131.587418
v -137.319550 -7.392009 131.587418
v -138.315277 -9.116650 131.587418
v -137.319550 -10.841288 131.587418
v -135.328125 -10.841288 131.587418
v -134.332382 -9.116650 131.587418
v -135.328125 -7.392009 114.073059
v -137.319550 -7.392009 114.073059
v -138.315277 -9.116650 114.073059
v -137.319550 -10.841288 114.073059
v -135.328125 -10.841288 114.073059
v -134.332382 -9.116650 114.073059
v -126.870605 -13.450602 136.862610
v -126.870605 -13.450602 124.175446
v -129.079163 -13.450602 136.862610
v -129.079163 -13.450602 124.175446
v -130.183441 -15.363260 136.862610
v -130.183441 -15.363260 124.175446
v -129.079163 -17.275919 136.862610
v -129.079163 -17.275919 124.175446
v -126.870605 -17.275919 136.862610
v -126.870605 -17.275919 124.175446
v -125.766335 -15.363260 136.862610
v -125.766335 -15.363260 124.175446
v -139.041412 -12.699339 111.046059
v -137.961227 -14.033208 112.055939
v -141.889603 -14.548966 111.649490
v -141.005585 -12.957216 110.842834
v -138.845245 -15.624959 112.862595
v -140.809418 -15.882835 112.659370
v -137.179688 -18.161112 106.843132
v -140.311951 -17.284639 105.695007
v -137.895844 -19.914545 107.458328
v -138.387756 -16.846163 105.961472
v -141.028107 -19.038071 106.310204
v -139.820023 -20.353022 107.191864
v -140.464783 34.206909 61.858616
v -138.252350 38.134705 61.989384
v -137.122864 32.773632 61.931393
v -136.206039 37.257080 62.033951
v -141.076324 34.018753 63.537693
v -137.581268 38.615669 63.722931
v -136.755981 32.165863 63.631798
v -134.935867 37.481140 63.780552
v -145.960205 15.824286 92.360184
v -140.526932 17.087847 86.538467
v -147.565369 16.523279 91.013840
v -142.132080 17.786840 85.192123
v -148.622299 15.083366 89.714905
v -143.189026 16.346928 83.893196
v -148.074081 12.944463 89.762306
v -142.640808 14.208025 83.940598
v -146.468933 12.245469 91.108650
v -141.035660 13.509031 85.286934
v -145.412003 13.685383 92.407578
v -139.978714 14.948945 86.585869
v -165.041595 19.512753 83.164665
v -143.175980 20.445620 84.041412
v -165.775879 19.980885 81.135017
v -143.759445 21.515221 82.199326
v -165.933380 18.380463 79.621239
v -143.938751 20.414516 80.293030
v -165.356598 16.311907 80.137093
v -143.534576 18.244213 80.228798
v -164.622345 15.843772 82.166733
v -142.951126 17.174612 82.070885
v -164.464844 17.444195 83.680504
v -142.771820 18.275318 83.977188
v -51.565781 57.645596 6.142333
v -51.565781 57.645596 17.363113
v -28.818413 42.961510 14.800273
v -28.818413 42.961510 6.142332
v -16.769030 57.599922 16.744663
v -16.769030 57.599922 -2.513000
v -18.714363 56.554264 16.744663
v -18.714363 56.554264 -2.513000
v -18.781467 54.346733 16.744663
v -18.781467 54.346733 -2.513000
v -16.903236 53.184860 16.744663
v -16.903236 53.184860 -2.513000
v -14.957903 54.230518 16.744663
v -14.957903 54.230518 -2.513000
v -14.890800 56.438049 16.744663
v -14.890800 56.438049 -2.513000
v -8.968727 57.431976 16.972513
v -8.968727 57.431976 -2.513000
v -10.914061 56.386318 16.972513
v -10.914061 56.386318 -2.513000
v -10.981165 54.178787 16.972513
v -10.981165 54.178787 -2.513000
v -9.102934 53.016914 16.972513
v -9.102934 53.016914 -2.513000
v -7.157600 54.062572 16.972513
v -7.157600 54.062572 -2.513000
v -7.090497 56.270103 16.972513
v -7.090498 56.270103 -2.513000
v -4.450432 64.244217 16.972513
v -4.450432 64.244217 -2.513000
v -6.395765 63.198563 16.972513
v -6.395765 63.198563 -2.513000
v -6.462870 60.991032 16.972513
v -6.462870 60.991032 -2.513000
v -4.584639 59.829159 16.972513
v -4.584639 59.829159 -2.513000
v -2.639305 60.874817 16.972513
v -2.639305 60.874817 -2.513000
v -2.572202 63.082348 16.972513
v -2.572203 63.082348 -2.513000
v -0.017362 71.721832 16.972513
v -0.017361 71.721832 -2.513000
v -1.962695 70.676178 16.972513
v -1.962696 70.676178 -2.513000
v -2.029799 68.468643 16.972513
v -2.029800 68.468643 -2.513000
v -0.151568 67.306770 16.972513
v -0.151569 67.306770 -2.513000
v 1.793766 68.352432 16.972513
v 1.793766 68.352432 -2.513000
v 1.860868 70.559959 16.972513
v 1.860868 70.559959 -2.513000
v -1.802803 75.094948 18.983156
v -1.802803 75.094948 -2.513000
v -3.748137 74.049294 18.983156
v -3.748137 74.049294 -2.513000
v -3.815241 71.841759 18.983156
v -3.815241 71.841759 -2.513000
v -1.937010 70.679886 18.983156
v -1.937010 70.679886 -2.513000
v 0.008324 71.725548 18.983156
v 0.008324 71.725548 -2.513000
v 0.075426 73.933075 18.983156
v 0.075426 73.933075 -2.513000
v -3.551179 -15.770355 10.139877
v -3.551179 -15.770355 2.077045
v -3.842401 -17.959621 10.139877
v -3.842401 -17.959621 2.077045
v -2.092052 -19.306465 10.139877
v -2.092052 -19.306465 2.077045
v -0.050483 -18.464033 10.139877
v -0.050483 -18.464033 2.077045
v 0.240736 -16.274759 10.139877
v 0.240736 -16.274759 2.077045
v -1.509608 -14.927923 10.139877
v -1.509608 -14.927923 2.077045
v -7.247581 -15.234283 11.247881
v -7.247581 -15.234283 3.185048
v -7.538803 -17.423550 11.247881
v -7.538803 -17.423550 3.185048
v -5.788452 -18.770393 11.247881
v -5.788452 -18.770393 3.185048
v -3.746885 -17.927963 11.247881
v -3.746885 -17.927963 3.185048
v -3.455667 -15.738688 11.247881
v -3.455667 -15.738688 3.185048
v -5.206011 -14.391851 11.247881
v -5.206011 -14.391851 3.185048
v -5.864639 -18.765606 12.436161
v -5.864639 -18.765606 4.373328
v -6.155860 -20.954870 12.436161
v -6.155860 -20.954870 4.373328
v -4.405510 -22.301714 12.436161
v -4.405510 -22.301714 4.373328
v -2.363942 -21.459282 12.436161
v -2.363942 -21.459282 4.373328
v -2.072724 -19.270010 12.436161
v -2.072724 -19.270010 4.373328
v -3.823069 -17.923172 12.436161
v -3.823069 -17.923172 4.373328
v -7.493407 -17.421814 13.419296
v -7.493407 -17.421814 6.116810
v -9.585482 -18.129587 13.419296
v -9.585482 -18.129587 6.116810
v -10.018567 -20.295256 13.419296
v -10.018567 -20.295256 6.116810
v -8.359580 -21.753151 13.419296
v -8.359580 -21.753151 6.116810
v -6.267505 -21.045374 13.419296
v -6.267505 -21.045374 6.116810
v -5.834419 -18.879705 13.419296
v -5.834419 -18.879705 6.116810
v -8.345599 -21.696793 14.186437
v -8.345599 -21.696793 6.126999
v -10.004229 -20.238483 14.186437
v -10.004229 -20.238483 6.126999
v -12.096473 -20.945744 14.186437
v -12.096473 -20.945744 6.126999
v -12.530081 -23.111311 14.186437
v -12.530081 -23.111311 6.126999
v -10.871448 -24.569618 14.186437
v -10.871448 -24.569618 6.126999
v -8.779205 -23.862358 14.186437
v -8.779205 -23.862358 6.126999
v -10.863327 -24.552744 14.186437
v -10.863327 -24.552744 6.126999
v -12.521956 -23.094437 14.186437
v -12.521956 -23.094437 6.126999
v -14.614200 -23.801695 14.186437
v -14.614200 -23.801695 6.126999
v -15.047809 -25.967262 14.186437
v -15.047809 -25.967262 6.126999
v -13.389174 -27.425571 14.186437
v -13.389174 -27.425571 6.126999
v -11.296933 -26.718309 14.186437
v -11.296933 -26.718309 6.126999
v -3.675229 78.414925 20.840818
v -3.675228 78.414925 -2.513000
v -5.620563 77.369270 20.840818
v -5.620564 77.369270 -2.513000
v -5.687667 75.161743 20.840818
v -5.687668 75.161743 -2.513000
v -3.809436 73.999870 20.840818
v -3.809437 73.999870 -2.513000
v -1.864102 75.045525 20.840818
v -1.864101 75.045525 -2.513000
v -1.796999 77.253059 20.840818
v -1.796999 77.253059 -2.513000
v -5.473700 81.763802 13.974002
v -5.473700 81.763802 -2.513000
v -7.419033 80.718147 13.974002
v -7.419033 80.718147 -2.513000
v -7.486137 78.510620 13.974002
v -7.486137 78.510620 -2.513000
v -5.607906 77.348747 13.974002
v -5.607906 77.348747 -2.513000
v -3.662572 78.394402 13.974002
v -3.662573 78.394402 -2.513000
v -3.595470 80.601936 13.974002
v -3.595470 80.601936 -2.513000
v -7.303178 85.019653 20.840818
v -7.303179 85.019653 -2.513000
v -9.248512 83.973999 20.840818
v -9.248512 83.973999 -2.513000
v -9.315617 81.766472 20.840818
v -9.315617 81.766472 -2.513000
v -7.437385 80.604599 20.840818
v -7.437386 80.604599 -2.513000
v -5.492051 81.650253 20.840818
v -5.492050 81.650253 -2.513000
v -5.424949 83.857788 20.840818
v -5.424950 83.857788 -2.513000
v -9.122553 88.346863 13.974002
v -9.122553 88.346863 -2.513000
v -11.067886 87.301208 13.974002
v -11.067886 87.301208 -2.513000
v -11.134991 85.093681 13.974002
v -11.134991 85.093681 -2.513000
v -9.256760 83.931808 13.974002
v -9.256760 83.931808 -2.513000
v -7.311425 84.977463 13.974002
v -7.311424 84.977463 -2.513000
v -7.244323 87.184998 13.974002
v -7.244324 87.184998 -2.513000
v -12.935761 88.459015 20.840818
v -12.935761 88.459015 -2.513000
v -14.881095 87.413361 20.840818
v -14.881095 87.413361 -2.513000
v -14.948199 85.205833 20.840818
v -14.948199 85.205833 -2.513000
v -13.069968 84.043961 20.840818
v -13.069968 84.043961 -2.513000
v -11.124634 85.089615 20.840818
v -11.124634 85.089615 -2.513000
v -11.057531 87.297150 20.840818
v -11.057531 87.297150 -2.513000
v -16.748970 88.608551 13.974002
v -16.748970 88.608551 -2.513000
v -18.694304 87.562897 13.974002
v -18.694304 87.562897 -2.513000
v -18.761408 85.355370 13.974002
v -18.761408 85.355370 -2.513000
v -16.883177 84.193497 13.974002
v -16.883177 84.193497 -2.513000
v -14.937842 85.239151 13.974002
v -14.937842 85.239151 -2.513000
v -14.870740 87.446686 13.974002
v -14.870740 87.446686 -2.513000
v -20.535263 88.698273 20.840818
v -20.535263 88.698273 -2.513000
v -22.480597 87.652618 20.840818
v -22.480597 87.652618 -2.513000
v -22.547701 85.445091 20.840818
v -22.547701 85.445091 -2.513000
v -20.669470 84.283218 20.840818
v -20.669470 84.283218 -2.513000
v -18.724134 85.328873 20.840818
v -18.724134 85.328873 -2.513000
v -18.657032 87.536407 20.840818
v -18.657032 87.536407 -2.513000
v -24.303612 88.841827 13.974002
v -24.303612 88.841827 -2.513000
v -26.248945 87.796173 13.974002
v -26.248945 87.796173 -2.513000
v -26.316050 85.588646 13.974002
v -26.316050 85.588646 -2.513000
v -24.437819 84.426773 13.974002
v -24.437819 84.426773 -2.513000
v -22.492483 85.472427 13.974002
v -22.492483 85.472427 -2.513000
v -22.425381 87.679962 13.974002
v -22.425381 87.679962 -2.513000
v -28.153788 88.867668 20.840818
v -28.153788 88.867668 -2.513000
v -30.099121 87.822014 20.840818
v -30.099121 87.822014 -2.513000
v -30.166225 85.614487 20.840818
v -30.166225 85.614487 -2.513000
v -28.287994 84.452614 20.840818
v -28.287994 84.452614 -2.513000
v -26.342659 85.498268 20.840818
v -26.342659 85.498268 -2.513000
v -26.275557 87.705803 20.840818
v -26.275557 87.705803 -2.513000
v -31.952284 88.996872 13.974002
v -31.952284 88.996872 -2.513000
v -33.897617 87.951218 13.974002
v -33.897617 87.951218 -2.513000
v -33.964722 85.743690 13.974002
v -33.964722 85.743690 -2.513000
v -32.086491 84.581818 13.974002
v -32.086491 84.581818 -2.513000
v -30.141155 85.627472 13.974002
v -30.141155 85.627472 -2.513000
v -30.074053 87.835007 13.974002
v -30.074053 87.835007 -2.513000
v -35.673260 89.151909 20.840818
v -35.673260 89.151909 -2.513000
v -37.618591 88.106255 20.840818
v -37.618591 88.106255 -2.513000
v -37.685696 85.898727 20.840818
v -37.685696 85.898727 -2.513000
v -35.807465 84.736855 20.840818
v -35.807465 84.736855 -2.513000
v -33.862129 85.782509 20.840818
v -33.862129 85.782509 -2.513000
v -33.795029 87.990044 20.840818
v -33.795029 87.990044 -2.513000
v -37.766308 86.025253 13.974002
v -37.766308 86.025253 -2.513000
v -39.711639 84.979599 13.974002
v -39.711639 84.979599 -2.513000
v -39.778744 82.772072 13.974002
v -39.778744 82.772072 -2.513000
v -37.900513 81.610199 13.974002
v -37.900513 81.610199 -2.513000
v -35.955177 82.655853 13.974002
v -35.955177 82.655853 -2.513000
v -35.888077 84.863388 13.974002
v -35.888077 84.863388 -2.513000
v -39.833515 82.795242 20.840818
v -39.833515 82.795242 -2.513000
v -41.778847 81.749588 20.840818
v -41.778847 81.749588 -2.513000
v -41.845951 79.542061 20.840818
v -41.845951 79.542061 -2.513000
v -39.967720 78.380188 20.840818
v -39.967720 78.380188 -2.513000
v -38.022385 79.425842 20.840818
v -38.022385 79.425842 -2.513000
v -37.955284 81.633377 20.840818
v -37.955284 81.633377 -2.513000
v -41.797363 79.591072 13.974002
v -41.797363 79.591072 -2.513000
v -43.742695 78.545418 13.974002
v -43.742695 78.545418 -2.513000
v -43.809799 76.337891 13.974002
v -43.809799 76.337891 -2.513000
v -41.931568 75.176018 13.974002
v -41.931568 75.176018 -2.513000
v -39.986233 76.221672 13.974002
v -39.986233 76.221672 -2.513000
v -39.919132 78.429207 13.974002
v -39.919132 78.429207 -2.513000
v -43.761211 76.412743 20.840818
v -43.761211 76.412743 -2.513000
v -45.706543 75.367088 20.840818
v -45.706543 75.367088 -2.513000
v -45.773647 73.159561 20.840818
v -45.773647 73.159561 -2.513000
v -43.895416 71.997688 20.840818
v -43.895416 71.997688 -2.513000
v -41.950081 73.043343 20.840818
v -41.950081 73.043343 -2.513000
v -41.882980 75.250877 20.840818
v -41.882980 75.250877 -2.513000
v -45.880100 73.260246 13.974002
v -45.880100 73.260246 -2.513000
v -47.825432 72.214592 13.974002
v -47.825432 72.214592 -2.513000
v -47.892536 70.007065 13.974002
v -47.892536 70.007065 -2.513000
v -46.014305 68.845192 13.974002
v -46.014305 68.845192 -2.513000
v -44.068970 69.890846 13.974002
v -44.068970 69.890846 -2.513000
v -44.001869 72.098381 13.974002
v -44.001869 72.098381 -2.513000
v -47.869789 70.107750 20.840818
v -47.869789 70.107750 -2.513000
v -49.815121 69.062096 20.840818
v -49.815121 69.062096 -2.513000
v -49.882225 66.854568 20.840818
v -49.882225 66.854568 -2.513000
v -48.003994 65.692696 20.840818
v -48.003994 65.692696 -2.513000
v -46.058659 66.738350 20.840818
v -46.058659 66.738350 -2.513000
v -45.991558 68.945885 20.840818
v -45.991558 68.945885 -2.513000
v -49.911156 66.981094 13.974002
v -49.911156 66.981094 -2.513000
v -51.856491 65.935440 13.974002
v -51.856491 65.935440 -2.513000
v -51.923592 63.727917 13.974002
v -51.923592 63.727917 -2.513000
v -50.045364 62.566044 13.974002
v -50.045364 62.566044 -2.513000
v -48.100029 63.611698 13.974002
v -48.100029 63.611698 -2.513000
v -48.032928 65.819229 13.974002
v -48.032928 65.819229 -2.513000
v -48.248199 63.561993 20.905199
v -48.248199 63.561993 -2.513000
v -50.193535 62.516338 20.905199
v -50.193535 62.516338 -2.513000
v -50.260635 60.308815 20.905199
v -50.260635 60.308815 -2.513000
v -48.382408 59.146942 20.905199
v -48.382408 59.146942 -2.513000
v -46.437073 60.192596 20.905199
v -46.437073 60.192596 -2.513000
v -46.369972 62.400127 20.905199
v -46.369972 62.400127 -2.513000
v -44.376503 63.462811 9.265514
v -44.376503 63.462811 -2.513000
v -46.321838 62.417156 9.265514
v -46.321838 62.417156 -2.513000
v -46.388939 60.209625 9.265514
v -46.388939 60.209625 -2.513000
v -44.510712 59.047752 9.265514
v -44.510712 59.047752 -2.513000
v -42.565376 60.093410 9.265514
v -42.565376 60.093410 -2.513000
v -42.498272 62.300941 9.265514
v -42.498276 62.300941 -2.513000
v -40.506046 63.416180 9.265514
v -40.506046 63.416180 -2.513000
v -42.451382 62.370525 9.265514
v -42.451382 62.370525 -2.513000
v -42.518482 60.162994 9.265514
v -42.518482 60.162994 -2.513000
v -40.640255 59.001122 9.265514
v -40.640255 59.001122 -2.513000
v -38.694920 60.046780 9.265514
v -38.694920 60.046780 -2.513000
v -38.627815 62.254311 9.265514
v -38.627819 62.254311 -2.513000
v -36.682224 63.354004 9.265514
v -36.682224 63.354004 -2.513000
v -38.627560 62.308350 9.265514
v -38.627560 62.308350 -10.219997
v -38.694660 60.100819 9.265514
v -38.694660 60.100819 -2.513000
v -36.816433 58.938946 9.265514
v -36.816433 58.938946 -2.513000
v -34.871098 59.984604 9.265514
v -34.871098 59.984604 -10.219997
v -34.803993 62.192135 9.265514
v -34.803997 62.192135 -2.513000
v -32.842857 63.214108 9.265514
v -32.842857 63.214108 -2.513000
v -34.788193 62.168453 9.265514
v -34.788193 62.168453 -2.513000
v -34.855293 59.960922 9.265514
v -34.855293 59.960922 -2.513000
v -32.977066 58.799049 9.265514
v -32.977066 58.799049 -2.513000
v -31.031731 59.844707 9.265514
v -31.031731 59.844707 -10.219997
v -30.964626 62.052238 9.265514
v -30.964630 62.052238 -2.513000
v -29.003490 63.105301 9.265514
v -29.003490 63.105301 -2.513000
v -30.948826 62.059647 9.265514
v -30.948826 62.059647 -10.219997
v -31.015926 59.852116 9.265514
v -31.015926 59.852116 -2.513000
v -29.137699 58.690243 9.265514
v -29.137699 58.690243 -2.513000
v -27.192364 59.735901 9.265514
v -27.192364 59.735901 -10.219997
v -27.125259 61.943432 9.265514
v -27.125263 61.943432 -2.513000
v -25.179667 62.996494 9.265514
v -25.179667 62.996494 -2.513000
v -27.125002 61.950840 9.265514
v -27.125002 61.950840 -10.219997
v -27.192102 59.743309 9.265514
v -27.192102 59.743309 -2.513000
v -25.313875 58.581436 9.265514
v -25.313875 58.581436 -2.513000
v -23.368540 59.627094 9.265514
v -23.368540 59.627094 -2.513000
v -23.301435 61.834625 9.265514
v -23.301439 61.834625 -2.513000
v -21.355843 62.887688 9.265514
v -21.355843 62.887688 -2.513000
v -23.301178 61.842033 9.265514
v -23.301178 61.842033 -2.513000
v -23.368279 59.634502 9.265514
v -23.368279 59.634502 -2.513000
v -21.490051 58.472630 9.265514
v -21.490051 58.472630 -2.513000
v -19.544716 59.518288 9.265514
v -19.544716 59.518288 -2.513000
v -19.477612 61.725819 9.265514
v -19.477615 61.725819 -2.513000
v -17.563107 62.747791 9.265514
v -17.563107 62.747791 -2.513000
v -19.508442 61.702137 9.265514
v -19.508442 61.702137 -2.513000
v -19.575542 59.494606 9.265514
v -19.575542 59.494606 -2.513000
v -17.697315 58.332733 9.265514
v -17.697315 58.332733 -2.513000
v -15.751981 59.378391 9.265514
v -15.751981 59.378391 -2.513000
v -15.684876 61.585922 9.265514
v -15.684880 61.585922 -2.513000
v -13.739283 62.623440 9.265514
v -13.739283 62.623440 -2.513000
v -15.684618 61.577785 9.265514
v -15.684618 61.577785 -2.513000
v -15.751719 59.370255 9.265514
v -15.751719 59.370255 -2.513000
v -13.873491 58.208382 9.265514
v -13.873491 58.208382 -2.513000
v -11.928158 59.254040 9.265514
v -11.928158 59.254040 -2.513000
v -11.861053 61.461571 9.265514
v -11.861057 61.461571 -2.513000
v -10.030485 62.514629 9.265514
v -10.030485 62.514629 -2.513000
v -11.975821 61.468975 9.265514
v -11.975821 61.468975 -2.513000
v -12.042921 59.261444 9.265514
v -12.042921 59.261444 -2.513000
v -10.164694 58.099571 9.265514
v -10.164694 58.099571 -2.513000
v -8.219360 59.145229 9.265514
v -8.219360 59.145229 -2.513000
v -8.152256 61.352760 9.265514
v -8.152260 61.352760 -2.513000
v -8.087485 65.685608 9.265514
v -8.087485 65.685608 -2.513000
v -10.032821 64.639954 9.265514
v -10.032821 64.639954 -2.513000
v -10.099921 62.432419 9.265514
v -10.099921 62.432419 -10.219997
v -8.221694 61.270546 9.265514
v -8.221694 61.270546 -2.513000
v -6.276361 62.316204 9.265514
v -6.276361 62.316204 -2.513000
v -6.209256 64.523735 9.265514
v -6.209260 64.523735 -2.513000
v -3.890606 71.872116 9.265514
v -3.890606 71.872116 -2.513000
v -5.835941 70.826462 9.265514
v -5.835941 70.826462 -2.513000
v -5.903042 68.618927 9.265514
v -5.903042 68.618927 -2.513000
v -4.024815 67.457054 9.265514
v -4.024815 67.457054 -2.513000
v -2.079481 68.502716 9.265514
v -2.079481 68.502716 -2.513000
v -2.012377 70.710243 9.265514
v -2.012381 70.710243 -2.513000
v -5.989046 68.747772 9.265514
v -5.989046 68.747772 -2.513000
v -7.934381 67.702118 9.265514
v -7.934381 67.702118 -2.513000
v -8.001482 65.494583 9.265514
v -8.001482 65.494583 -2.513000
v -6.123254 64.332710 9.265514
v -6.123254 64.332710 -2.513000
v -4.177921 65.378372 9.265514
v -4.177921 65.378372 -2.513000
v -4.110816 67.585899 9.265514
v -4.110820 67.585899 -2.513000
v -11.226506 78.750969 20.131752
v -11.226506 78.750969 -2.513000
v -13.171840 77.705307 20.131752
v -13.171840 77.705307 -2.513000
v -13.238944 75.497780 20.131752
v -13.238944 75.497780 -2.513000
v -11.360713 74.335907 20.131752
v -11.360713 74.335907 -2.513000
v -9.415380 75.381561 20.131752
v -9.415380 75.381561 -2.513000
v -9.348277 77.589096 20.131752
v -9.348277 77.589096 -2.513000
v -18.790005 76.423737 20.131752
v -18.790005 76.423737 -2.513000
v -20.735338 75.378075 20.131752
v -20.735338 75.378075 -2.513000
v -20.802443 73.170547 20.131752
v -20.802443 73.170547 -2.513000
v -18.924212 72.008675 20.131752
v -18.924212 72.008675 -2.513000
v -16.978878 73.054329 20.131752
v -16.978878 73.054329 -2.513000
v -16.911776 75.261864 20.131752
v -16.911776 75.261864 -2.513000
v -27.012886 74.174080 20.131752
v -27.012886 74.174080 -2.513000
v -28.958218 73.128418 20.131752
v -28.958218 73.128418 -2.513000
v -29.025322 70.920891 20.131752
v -29.025322 70.920891 -2.513000
v -27.147091 69.759018 20.131752
v -27.147091 69.759018 -2.513000
v -25.201759 70.804672 20.131752
v -25.201759 70.804672 -2.513000
v -25.134655 73.012207 20.131752
v -25.134655 73.012207 -2.513000
v -35.778786 72.001999 20.131752
v -35.778786 72.001999 -2.513000
v -37.724117 70.956337 20.131752
v -37.724117 70.956337 -2.513000
v -37.791222 68.748810 20.131752
v -37.791222 68.748810 -2.513000
v -35.912991 67.586937 20.131752
v -35.912991 67.586937 -2.513000
v -33.967659 68.632591 20.131752
v -33.967659 68.632591 -2.513000
v -33.900555 70.840126 20.131752
v -33.900555 70.840126 -2.513000
v -42.450180 68.472366 20.131752
v -42.450180 68.472366 -2.513000
v -44.395512 67.426704 20.131752
v -44.395512 67.426704 -2.513000
v -44.462616 65.219177 20.131752
v -44.462616 65.219177 -2.513000
v -42.584385 64.057304 20.131752
v -42.584385 64.057304 -2.513000
v -40.639053 65.102959 20.131752
v -40.639053 65.102959 -2.513000
v -40.571949 67.310493 20.131752
v -40.571949 67.310493 -2.513000
v -149.725250 112.771423 51.037804
v -149.725250 112.771423 48.759506
v -156.379883 112.771423 51.037804
v -156.379883 112.771423 48.759506
v -159.707214 107.008347 51.037804
v -159.707214 107.008347 48.759506
v -156.379883 101.245270 51.037804
v -156.379883 101.245270 48.759506
v -149.725250 101.245270 51.037804
v -149.725250 101.245270 48.759506
v -146.397919 107.008347 51.037804
v -146.397919 107.008347 48.759506
v -152.056854 108.732986 44.015839
v -154.048279 108.732986 44.015839
v -155.044006 107.008347 44.015839
v -154.048279 105.283707 44.015839
v -152.056854 105.283707 44.015839
v -151.061127 107.008347 44.015839
v -152.056854 108.732986 31.126522
v -154.048279 108.732986 31.126522
v -155.044006 107.008347 31.126522
v -154.048279 105.283707 31.126522
v -152.056854 105.283707 31.126522
v -151.061127 107.008347 31.126522
v -152.056854 108.732986 17.169477
v -154.048279 108.732986 17.169477
v -155.044006 107.008347 17.169477
v -154.048279 105.283707 17.169477
v -152.056854 105.283707 17.169477
v -151.061127 107.008347 17.169477
v -152.056854 108.732986 -4.337481
v -154.048279 108.732986 -4.337481
v -155.044006 107.008347 -4.337481
v -154.048279 105.283707 -4.337481
v -152.056854 105.283707 -4.337481
v -151.061127 107.008347 -4.337481
v -162.445663 106.202431 51.037804
v -162.445663 106.202431 48.759506
v -169.100296 106.202431 51.037804
v -169.100296 106.202431 48.759506
v -172.427628 100.439354 51.037804
v -172.427628 100.439354 48.759506
v -169.100296 94.676277 51.037804
v -169.100296 94.676277 48.759506
v -162.445663 94.676277 51.037804
v -162.445663 94.676277 48.759506
v -159.118332 100.439354 51.037804
v -159.118332 100.439354 48.759506
v -164.777267 102.163994 44.015839
v -166.768692 102.163994 44.015839
v -167.764420 100.439354 44.015839
v -166.768692 98.714714 44.015839
v -164.777267 98.714714 44.015839
v -163.781540 100.439354 44.015839
v -164.777267 102.163994 31.126524
v -166.768692 102.163994 31.126524
v -167.764420 100.439354 31.126524
v -166.768692 98.714714 31.126524
v -164.777267 98.714714 31.126524
v -163.781540 100.439354 31.126524
v -164.777267 102.163994 17.169479
v -166.768692 102.163994 17.169479
v -167.764420 100.439354 17.169479
v -166.768692 98.714714 17.169479
v -164.777267 98.714714 17.169479
v -163.781540 100.439354 17.169479
v -164.777267 102.163994 -4.337480
v -166.768692 102.163994 -4.337480
v -167.764420 100.439354 -4.337480
v -166.768692 98.714714 -4.337480
v -164.777267 98.714714 -4.337480
v -163.781540 100.439354 -4.337480
v -161.088135 91.956223 51.037804
v -161.088135 91.956223 48.759506
v -167.742767 91.956223 51.037804
v -167.742767 91.956223 48.759506
v -171.070099 86.193146 51.037804
v -171.070099 86.193146 48.759506
v -167.742767 80.430069 51.037804
v -167.742767 80.430069 48.759506
v -161.088135 80.430069 51.037804
v -161.088135 80.430069 48.759506
v -157.760803 86.193146 51.037804
v -157.760803 86.193146 48.759506
v -163.419739 87.917786 44.015839
v -165.411163 87.917786 44.015839
v -166.406891 86.193146 44.015839
v -165.411163 84.468506 44.015839
v -163.419739 84.468506 44.015839
v -162.424011 86.193146 44.015839
v -163.419739 87.917786 31.126524
v -165.411163 87.917786 31.126524
v -166.406891 86.193146 31.126524
v -165.411163 84.468506 31.126524
v -163.419739 84.468506 31.126524
v -162.424011 86.193146 31.126524
v -163.419739 87.917786 17.169479
v -165.411163 87.917786 17.169479
v -166.406891 86.193146 17.169479
v -165.411163 84.468506 17.169479
v -163.419739 84.468506 17.169479
v -162.424011 86.193146 17.169479
v -163.419739 87.917786 -4.337480
v -165.411163 87.917786 -4.337480
v -166.406891 86.193146 -4.337480
v -165.411163 84.468506 -4.337480
v -163.419739 84.468506 -4.337480
v -162.424011 86.193146 -4.337480
v -85.849899 -13.748242 76.266281
v -87.348778 12.675847 74.679077
vn 0.5152 -0.8564 -0.0352
vn -0.8299 -0.5579 -0.0000
vn -0.1211 0.9926 -0.0000
vn 0.7535 -0.6575 -0.0000
vn 0.9190 0.3943 -0.0000
vn -0.9771 0.2129 -0.0000
vn 0.4925 0.8263 0.2734
vn 0.0294 -0.8632 -0.5040
vn 0.7151 -0.6990 -0.0000
vn -0.9716 -0.2368 -0.0000
vn 0.9574 0.2887 -0.0000
vn -0.7192 0.6948 -0.0000
vn 0.4312 0.9023 -0.0000
vn -0.1989 0.8321 -0.5177
vn -0.9707 0.2402 -0.0000
vn 0.6349 -0.7726 -0.0000
vn -1.0000 -0.0011 -0.0000
vn -0.9854 0.1700 -0.0000
vn 0.9939 -0.1101 -0.0000
vn 0.0011 -1.0000 -0.0000
vn 0.7920 -0.6106 -0.0000
vn 0.1020 0.0351 -0.9942
vn 0.9935 0.0011 -0.1139
vn 0.7907 0.6123 -0.0000
vn -0.0011 1.0000 -0.0000
vn 0.5032 -0.8642 -0.0000
vn -0.1362 0.9892 0.0547
vn 0.3922 0.9199 -0.0000
vn -0.1497 -0.9500 -0.2742
vn 0.5998 -0.7275 0.3331
vn 0.1047 0.0001 -0.9945
vn -0.0037 -0.9994 0.0356
vn 0.0002 0.9991 0.0427
vn 0.9962 -0.0322 0.0808
vn 0.9972 0.0295 -0.0691
vn -0.1372 -0.0890 -0.9865
vn 0.8703 -0.4926 -0.0000
vn -0.8703 0.4926 -0.0000
vn 0.1179 -0.2129 -0.9699
vn 0.8389 0.5443 -0.0000
vn 0.0848 -0.2339 -0.9685
vn 0.4455 -0.8953 -0.0000
vn -0.4781 0.8783 -0.0000
vn -0.1171 -0.9931 -0.0000
vn 0.3972 0.9177 -0.0000
vn -0.0688 -0.0444 -0.9966
vn 0.0452 -0.1452 -0.9884
vn -0.0754 -0.1756 -0.9816
vn 0.4341 0.8571 0.2773
vn 0.9593 -0.0526 0.2773
vn 0.4896 -0.8481 0.2027
vn -0.4969 -0.8606 0.1115
vn 0.4457 0.8073 0.3870
vn -0.4960 0.8590 0.1270
vn -0.0225 -0.0082 0.9997
vn 0.4820 0.8531 0.1999
vn 0.9789 -0.0114 0.2040
vn 0.5120 -0.8455 0.1513
vn -0.4580 -0.8750 0.1566
vn 0.9620 -0.0220 0.2722
vn -0.2221 -0.6025 0.7666
vn -0.4338 0.8773 0.2056
vn -0.3772 0.8615 0.3400
vn 0.5232 -0.7978 0.2996
vn -0.1649 0.5754 0.8011
vn 0.2041 0.0761 0.9760
vn 0.5266 -0.7262 0.4420
vn -0.6752 -0.0755 0.7338
vn -0.4175 -0.0000 0.9087
vn -0.6309 0.2672 0.7284
vn -0.7859 -0.0633 0.6151
vn -0.6487 -0.6141 0.4495
vn 0.5303 -0.7643 0.3668
vn 0.3026 0.8567 0.4177
vn 0.4843 0.8388 0.2487
vn 0.4847 -0.8396 0.2452
vn -0.4839 0.8401 0.2451
vn -0.4847 -0.8396 0.2452
vn 0.9695 -0.0000 0.2452
vn 0.9909 -0.0550 0.1232
vn 0.9877 -0.0581 0.1454
vn 0.9875 0.0091 0.1576
vn 0.9823 -0.0154 0.1867
vn 0.9859 -0.0047 0.1672
vn 0.9788 0.0160 0.2043
vn 0.9725 0.0518 0.2271
vn 0.9713 0.0156 0.2374
vn 0.9325 0.0652 0.3553
vn 0.9229 0.0241 0.3842
vn 0.9363 0.0270 0.3503
vn 0.9572 -0.0344 0.2873
vn 0.9563 -0.0487 0.2885
vn 0.9614 -0.0682 0.2665
vn -0.4964 -0.8597 0.1202
vn -0.4787 -0.8350 0.2713
vn -0.5364 -0.8423 0.0532
vn -0.4667 -0.8463 0.2567
vn -0.4724 -0.8511 0.2291
vn -0.4851 -0.8306 0.2733
vn -0.4850 -0.8307 0.2733
vn -0.4586 0.8674 0.1931
vn -0.4581 0.8559 0.2401
vn -0.4580 0.8559 0.2401
vn -0.4758 0.7312 0.4888
vn -0.4746 0.7317 0.4892
vn -0.4736 0.7322 0.4895
vn -0.5020 0.8354 0.2237
vn -0.4988 0.8243 0.2677
vn -0.4987 0.8244 0.2678
vn 0.4606 -0.8689 0.1814
vn 0.4439 -0.8732 0.2009
vn 0.5196 -0.8333 0.1887
vn 0.5248 -0.8243 0.2124
vn 0.5211 -0.8223 0.2287
vn 0.4504 -0.8642 0.2243
vn 0.4631 -0.8556 0.2312
vn 0.4587 -0.8569 0.2353
vn 0.5266 -0.8415 0.1208
vn 0.5284 -0.8396 0.1263
vn 0.5114 -0.8475 0.1420
vn 0.5081 -0.8315 0.2247
vn 0.5169 -0.8203 0.2447
vn 0.5070 -0.8235 0.2546
vn 0.4588 -0.8056 0.3749
vn 0.4610 -0.7985 0.3872
vn 0.4654 0.8722 0.1506
vn 0.4453 0.8823 0.1526
vn 0.4441 0.8668 0.2268
vn 0.4604 0.8554 0.2376
vn 0.4581 0.8862 0.0687
vn 0.4255 0.7893 0.4427
vn 0.4448 0.7777 0.4442
vn 0.5375 0.8155 0.2147
vn 0.5530 0.8048 0.2156
vn 0.4901 0.8445 0.2160
vn 0.5145 0.8283 0.2219
vn -0.4783 0.7693 0.4236
vn -0.4897 0.7475 0.4488
vn -0.3271 0.3007 0.8959
vn 0.5180 0.7477 0.4156
vn 0.4933 0.7701 0.4044
vn 0.5106 -0.6598 0.5513
vn 0.5250 -0.6354 0.5662
vn -0.1131 -0.9341 0.3386
vn -0.3731 0.7395 -0.5603
vn -0.3975 0.7172 -0.5724
vn -0.3941 0.7311 -0.5569
vn 0.3883 -0.7317 -0.5603
vn 0.3746 -0.7661 -0.5222
vn -0.3431 -0.7772 -0.5274
vn -0.0063 0.9104 0.4136
vn 0.4294 0.7364 -0.5227
vn 0.4375 0.6998 -0.5646
vn -0.0135 0.3676 0.9299
vn 0.5620 0.6291 0.5370
vn 0.5517 0.6720 0.4940
vn 0.4646 -0.6669 0.5826
vn 0.4807 -0.6491 0.5896
vn 0.0463 -0.9764 0.2110
vn -0.4677 0.7006 0.5388
vn -0.4678 0.7006 0.5388
vn -0.5163 0.6629 0.5423
vn 0.4506 -0.6150 -0.6470
vn 0.4536 -0.6406 -0.6196
vn -0.1730 -0.6024 -0.7792
vn 0.1384 0.7833 0.6060
vn 0.5656 0.8246 0.0116
vn 0.5680 0.8181 -0.0893
vn -0.4676 0.8809 -0.0726
vn -0.4774 0.8687 -0.1322
vn -0.5371 0.8432 -0.0223
vn -0.0603 0.1972 0.9785
vn -0.0749 0.1539 0.9852
vn -0.0605 0.1952 0.9789
vn -0.5081 -0.1906 0.8399
vn 0.3136 0.1549 0.9368
vn 0.2845 0.1919 0.9393
vn 0.4616 -0.7051 0.5382
vn 0.4795 -0.6749 0.5609
vn -0.0605 -0.9916 0.1139
vn 0.0457 0.9338 0.3548
vn 0.4795 0.7945 -0.3725
vn 0.4923 0.7523 -0.4377
vn -0.4161 0.7750 -0.4757
vn -0.4141 0.7918 -0.4489
vn -0.3830 0.8025 -0.4575
vn 0.4835 -0.7044 -0.5197
vn 0.4644 -0.7523 -0.4673
vn -0.2377 -0.6603 -0.7124
vn -0.2430 -0.1649 0.9559
vn 0.4975 0.4600 0.7354
vn 0.4880 0.5388 0.6867
vn 0.4203 -0.7219 0.5497
vn 0.4426 -0.6753 0.5900
vn -0.1175 -0.9430 0.3112
vn -0.4177 0.5578 0.7173
vn -0.4920 0.4982 0.7139
vn 0.1409 0.8466 0.5132
vn 0.4246 0.7955 -0.4323
vn 0.4422 0.7210 -0.5334
vn -0.3533 0.8104 -0.4673
vn -0.3703 0.7539 -0.5427
vn -0.4312 0.8012 -0.4148
vn 0.6131 -0.5773 -0.5393
vn 0.5460 -0.6182 -0.5655
vn -0.0264 -0.7911 -0.6112
vn -0.4366 0.7165 0.5440
vn -0.4487 0.6889 0.5694
vn -0.3515 0.5152 0.7817
vn 0.4325 0.7026 0.5651
vn 0.4076 0.7290 0.5499
vn 0.4991 -0.6135 0.6121
vn 0.5117 -0.5903 0.6243
vn -0.1226 -0.7726 0.6230
vn -0.4530 0.8416 -0.2940
vn -0.4810 0.8198 -0.3108
vn -0.4537 0.8430 -0.2889
vn 0.4688 -0.8393 -0.2753
vn 0.4536 -0.8596 -0.2354
vn -0.1765 -0.9668 -0.1846
vn -0.0745 0.9773 0.1985
vn 0.5766 0.7731 -0.2643
vn 0.5863 0.7538 -0.2966
vn 0.4687 0.8217 0.3243
vn -0.5269 -0.7260 0.4419
vn 0.9210 -0.0057 0.3895
vn -0.3985 -0.8586 0.3224
vn -0.0863 0.4652 0.8810
vn 0.5269 -0.8036 0.2768
vn -0.2202 0.6723 0.7068
vn 0.4765 0.5129 0.7141
vn 0.5076 -0.6983 0.5047
vn -0.0187 -0.0147 0.9997
vn -0.5476 -0.0000 0.8367
vn -0.3831 0.8302 0.4049
vn -0.7331 -0.0000 0.6801
vn -0.4978 -0.5963 0.6298
vn 0.1909 -0.7921 0.5797
vn 0.5323 0.7965 0.2867
vn 0.4838 0.8401 0.2450
vn -0.4843 0.8388 0.2487
vn -0.4844 -0.8404 0.2431
vn 0.9897 -0.0445 0.1360
vn 0.9877 -0.0263 0.1544
vn 0.9868 -0.0628 0.1490
vn 0.9723 -0.0707 0.2226
vn 0.9778 -0.0293 0.2076
vn 0.9717 -0.0341 0.2338
vn 0.9788 0.0124 0.2047
vn 0.9781 0.0392 0.2043
vn 0.9724 0.0474 0.2286
vn 0.9854 -0.0282 0.1680
vn 0.9795 -0.0306 0.1993
vn 0.9785 -0.0697 0.1942
vn 0.9104 0.0084 0.4136
vn 0.9056 -0.0000 0.4242
vn -0.4375 -0.8723 0.2184
vn -0.4376 -0.8723 0.2184
vn -0.4357 -0.8765 0.2049
vn -0.4420 -0.8699 0.2191
vn -0.4385 -0.8794 0.1852
vn -0.4807 -0.8505 0.2136
vn -0.4754 -0.8291 0.2943
vn -0.4753 -0.8291 0.2943
vn -0.4945 0.8565 0.1479
vn -0.4595 0.8558 0.2377
vn -0.2671 0.9608 0.0743
vn -0.2671 0.9608 0.0745
vn -0.2671 0.9608 0.0744
vn -0.2389 0.9594 0.1497
vn -0.2394 0.9594 0.1492
vn -0.2355 0.9583 0.1616
vn -0.5019 0.8354 0.2238
vn -0.4871 0.8436 0.2260
vn 0.4964 -0.8597 0.1202
vn 0.4564 -0.8484 0.2682
vn 0.4780 -0.8349 0.2730
vn 0.5353 -0.8434 0.0464
vn 0.5493 -0.8342 0.0479
vn 0.4597 -0.8503 0.2562
vn 0.4650 -0.8472 0.2570
vn 0.5056 -0.8347 0.2184
vn 0.5259 -0.8213 0.2210
vn 0.5065 -0.8201 0.2663
vn 0.5185 -0.8123 0.2672
vn 0.4478 0.8855 0.1240
vn 0.4320 0.8911 0.1392
vn 0.4860 0.8553 0.1796
vn 0.4842 0.8514 0.2018
vn 0.4322 0.8904 0.1428
vn 0.4169 0.8950 0.1587
vn 0.5450 0.8162 0.1918
vn 0.5396 0.8117 0.2234
vn 0.5526 0.8064 0.2107
vn 0.4991 0.8033 0.3250
vn 0.4796 0.8009 0.3585
vn 0.5029 0.7942 0.3411
vn 0.4670 0.8421 0.2698
vn 0.4743 0.8292 0.2958
vn -0.4748 -0.6713 0.5691
vn -0.4946 -0.6481 0.5791
vn -0.2867 -0.7735 -0.5652
vn -0.3115 -0.7650 -0.5637
vn -0.3005 -0.7529 -0.5855
vn -0.3351 -0.7067 0.6231
vn -0.3426 -0.6888 0.6389
vn -0.5489 -0.7548 -0.3590
vn -0.5291 -0.7717 -0.3528
vn -0.5400 -0.7653 -0.3502
vn -0.4446 -0.7099 0.5463
vn -0.4695 -0.6805 0.5626
vn -0.4446 -0.7098 0.5464
vn -0.3356 -0.7728 -0.5387
vn -0.3728 -0.7587 -0.5343
vn -0.3536 -0.7456 -0.5649
vn -0.3484 -0.7355 0.5810
vn -0.3866 -0.6913 0.6105
vn -0.5201 -0.6110 -0.5968
vn -0.4973 -0.6613 -0.5616
vn -0.4616 -0.6594 -0.5934
vn -0.4463 -0.6303 0.6352
vn -0.4646 -0.6090 0.6429
vn -0.4032 -0.8752 -0.2673
vn -0.4238 -0.8664 -0.2639
vn -0.4158 -0.8620 -0.2900
vn -0.6588 0.6323 -0.4076
vn 0.7953 -0.4437 -0.4131
vn 0.1081 0.1668 -0.9801
vn 0.4023 -0.9154 -0.0145
vn 0.4472 -0.8908 -0.0811
vn 0.4075 -0.9131 -0.0153
vn -0.8400 0.5425 -0.0000
vn 0.8989 0.3687 -0.2369
vn 0.8389 0.5439 -0.0173
vn 0.8424 0.5387 -0.0162
vn 0.8400 -0.5425 -0.0000
vn 0.9737 -0.1864 -0.1311
vn 0.8498 -0.3717 -0.3737
vn -0.0266 -0.7705 -0.6369
vn -0.9059 0.1552 -0.3941
vn 0.0284 0.8196 -0.5723
vn 0.0336 0.9708 -0.2375
vn -0.9912 -0.0065 -0.1325
vn -0.0335 -0.9676 -0.2504
vn 0.9436 -0.3053 -0.1278
vn -0.9824 -0.1333 -0.1309
vn 0.9430 -0.3074 -0.1278
vn 0.9741 -0.1841 -0.1314
vn -0.3655 0.9276 -0.0769
vn -0.4115 0.9113 -0.0148
vn -0.4065 0.9135 -0.0155
vn 0.8250 0.5370 -0.1761
vn 0.7637 0.6452 -0.0225
vn 0.7685 0.6395 -0.0218
vn -0.0345 0.9840 -0.1749
vn -0.1424 0.9897 -0.0172
vn -0.1323 0.9910 -0.0183
vn -0.8545 -0.5191 -0.0166
vn -0.7281 -0.6458 -0.2297
vn -0.8513 -0.5245 -0.0156
vn 0.1171 -0.9929 -0.0192
vn 0.2258 -0.9553 -0.1908
vn 0.1272 -0.9917 -0.0201
vn -0.7789 -0.6268 -0.0220
vn -0.6863 -0.7063 -0.1738
vn -0.7742 -0.6326 -0.0213
vn -0.9821 -0.1355 -0.1310
vn -0.9911 -0.0040 -0.1329
vn -0.8964 -0.2197 -0.3850
vn -0.9235 -0.2050 -0.3242
vn -0.9352 0.1219 -0.3324
vn 0.9177 -0.0123 -0.3971
vn 0.9413 -0.0508 -0.3337
vn 0.8772 -0.3625 -0.3148
vn -0.9963 -0.0851 0.0095
vn 0.9649 -0.2624 0.0093
vn -0.0346 -0.9992 0.0203
vn -0.9963 -0.0851 0.0094
vn 0.0346 0.9992 0.0202
vn -0.9126 0.0395 -0.4070
vn -0.1413 0.8991 -0.4144
vn 0.8245 0.2251 -0.5191
vn 0.1553 -0.9879 -0.0000
vn -0.0340 0.2160 -0.9758
vn -0.6576 0.6184 -0.4304
vn 0.3574 0.7695 0.5292
vn 0.8027 -0.4418 -0.4006
vn 0.4369 -0.8994 -0.0121
vn 0.4069 -0.9135 0.0069
vn 0.4081 -0.9129 0.0062
vn 0.8426 0.5383 0.0146
vn 0.8443 0.5357 0.0169
vn 0.8984 0.4374 -0.0399
vn 0.9737 -0.1865 -0.1311
vn 0.8848 -0.2766 -0.3750
vn -0.0267 -0.7705 -0.6369
vn -0.9213 0.0430 -0.3864
vn 0.0283 0.8196 -0.5723
vn 0.9438 -0.3047 -0.1278
vn -0.9825 -0.1326 -0.1309
vn 0.9431 -0.3068 -0.1279
vn -0.4054 0.9141 0.0047
vn -0.4070 0.9134 0.0054
vn -0.3824 0.9240 -0.0080
vn 0.7698 0.6382 0.0125
vn 0.7712 0.6365 0.0138
vn 0.8159 0.5775 -0.0266
vn -0.1295 0.9916 0.0072
vn -0.1275 0.9918 0.0078
vn -0.0645 0.9974 -0.0336
vn -0.7959 -0.6048 -0.0267
vn -0.8495 -0.5273 0.0158
vn -0.8504 -0.5259 0.0135
vn 0.2111 -0.9762 -0.0504
vn 0.1328 -0.9911 0.0092
vn 0.1295 -0.9915 0.0088
vn -0.7269 -0.6864 -0.0217
vn -0.7719 -0.6356 0.0134
vn -0.7730 -0.6343 0.0120
vn -0.9821 -0.1349 -0.1311
vn -0.9911 -0.0040 -0.1328
vn -0.9167 -0.1146 -0.3827
vn -0.9275 -0.1156 -0.3555
vn -0.9325 0.0362 -0.3592
vn 0.9144 -0.1259 -0.3848
vn 0.9242 -0.1347 -0.3574
vn 0.8948 -0.2794 -0.3482
vn -0.9958 -0.0908 0.0094
vn -0.9966 -0.0814 0.0094
vn 0.9635 -0.2677 0.0092
vn 0.9658 -0.2590 0.0092
vn -0.9966 -0.0817 0.0094
vn 0.9658 -0.2591 0.0092
vn -0.9958 -0.0906 0.0093
vn 0.9635 -0.2674 0.0091
vn -0.8860 0.0166 -0.4634
vn -0.2313 0.9260 -0.2985
vn 0.7576 0.1766 -0.6284
vn -0.0340 0.2159 -0.9758
vn -0.1863 0.9737 -0.1311
vn 0.0317 0.9270 -0.3737
vn 0.7259 0.2598 -0.6369
vn 0.1903 -0.8991 -0.3941
vn -0.7721 -0.2763 -0.5723
vn -0.9146 -0.3273 -0.2375
vn 0.3720 -0.9187 -0.1325
vn 0.9115 0.3262 -0.2504
vn -0.0647 0.9897 -0.1278
vn 0.4865 -0.8638 -0.1309
vn -0.0625 0.9898 -0.1278
vn -0.1887 0.9732 -0.1314
vn 0.4885 -0.8627 -0.1310
vn 0.3697 -0.9196 -0.1329
vn 0.5352 -0.7519 -0.3850
vn 0.5315 -0.7825 -0.3242
vn 0.2320 -0.9142 -0.3324
vn -0.3274 0.8574 -0.3971
vn -0.3003 0.8936 -0.3337
vn 0.0130 0.9491 -0.3148
vn 0.4217 -0.9067 -0.0053
vn 0.4458 -0.8951 -0.0078
vn 0.4238 -0.9058 -0.0057
vn -0.1063 0.9943 0.0123
vn -0.1255 0.9216 -0.3674
vn -0.1076 0.9941 0.0123
vn -0.1226 0.9218 -0.3677
vn -0.1077 0.9941 0.0123
vn -0.1066 0.9942 0.0123
vn 0.4459 -0.8951 -0.0079
vn 0.4250 -0.9052 -0.0060
vn -0.1211 0.9224 -0.3668
vn -0.1078 0.9941 0.0123
vn -0.1068 0.9942 0.0123
vn 0.9419 0.3356 -0.0159
vn 0.9421 0.3350 -0.0159
vn 0.9420 0.3352 -0.0159
vn 0.4209 -0.9071 -0.0052
vn 0.4458 -0.8951 -0.0079
vn -0.9407 -0.3361 0.0469
vn -0.9412 -0.3347 0.0469
vn -0.9407 -0.3359 0.0469
vn -0.1063 0.9943 0.0122
vn -0.1269 0.9220 -0.3657
vn -0.1075 0.9941 0.0123
vn -0.0696 0.9244 -0.3750
vn 0.7259 0.2597 -0.6369
vn 0.3002 -0.8721 -0.3864
vn -0.9146 -0.3273 -0.2376
vn -0.0653 0.9897 -0.1278
vn 0.4860 -0.8641 -0.1309
vn -0.0631 0.9898 -0.1279
vn -0.1886 0.9732 -0.1314
vn 0.4880 -0.8629 -0.1311
vn 0.4451 -0.8096 -0.3827
vn 0.4499 -0.8193 -0.3555
vn 0.3107 -0.8800 -0.3593
vn -0.2206 0.8963 -0.3848
vn -0.2161 0.9086 -0.3574
vn -0.0708 0.9347 -0.3482
vn 0.4396 -0.8981 -0.0071
vn 0.4394 -0.8983 -0.0068
vn 0.4390 -0.8985 -0.0066
vn 0.4457 -0.8951 -0.0090
vn 0.4461 -0.8950 -0.0089
vn 0.4467 -0.8946 -0.0086
vn -0.0980 0.9951 0.0119
vn -0.1018 0.9947 0.0143
vn -0.1014 0.9947 0.0140
vn -0.1143 0.9934 0.0114
vn -0.1146 0.9933 0.0112
vn -0.1105 0.9938 0.0127
vn 0.4459 -0.8950 -0.0090
vn 0.4462 -0.8949 -0.0089
vn 0.4468 -0.8946 -0.0086
vn -0.1146 0.9934 0.0113
vn -0.1106 0.9938 0.0127
vn 0.9421 0.3351 -0.0159
vn 0.9416 0.3363 -0.0158
vn 0.9416 0.3362 -0.0158
vn 0.4397 -0.8981 -0.0070
vn 0.4394 -0.8982 -0.0069
vn 0.4391 -0.8984 -0.0066
vn -0.9411 -0.3350 0.0469
vn -0.9410 -0.3350 0.0469
vn -0.9410 -0.3351 0.0469
vn -0.0982 0.9951 0.0119
vn -0.1020 0.9947 0.0142
vn -0.1017 0.9947 0.0140
vn -0.8874 0.4292 -0.1681
vn -0.4786 0.7940 -0.3748
vn 0.4669 0.6120 -0.6383
vn 0.6490 -0.6512 -0.3933
vn -0.4974 -0.6533 -0.5707
vn -0.5920 -0.7766 0.2158
vn 0.8821 -0.4609 0.0976
vn 0.5673 0.7441 -0.3528
vn -0.5303 0.7930 -0.2999
vn 0.9185 -0.3899 0.0663
vn -0.5449 0.7836 -0.2984
vn -0.6907 0.6764 -0.2558
vn 0.8379 -0.5311 0.1257
vn 0.8781 -0.4676 0.1013
vn 0.8581 -0.3398 -0.3850
vn 0.8718 -0.3674 -0.3242
vn 0.6923 -0.6409 -0.3317
vn -0.7419 0.5400 -0.3976
vn -0.7388 0.5852 -0.3343
vn -0.5062 0.8024 -0.3159
vn 0.8437 -0.4960 0.2054
vn -0.5947 0.7226 -0.3522
vn -0.5947 0.7226 -0.3523
vn 0.8438 -0.4960 0.2048
vn -0.5950 0.7229 -0.3513
vn 0.5384 0.7064 -0.4595
vn 0.8439 -0.4961 0.2044
vn -0.5314 -0.6972 0.4811
vn -0.5951 0.7231 -0.3508
vn -0.7204 0.6458 -0.2528
vn -0.5621 0.7366 -0.3760
vn 0.7265 -0.5686 -0.3859
vn -0.4975 -0.6533 -0.5707
vn -0.5919 -0.7766 0.2158
vn 0.8853 -0.4552 0.0954
vn 0.5673 0.7441 -0.3529
vn -0.5175 0.8003 -0.3027
vn 0.8318 -0.5413 0.1230
vn -0.5123 0.8030 -0.3045
vn -0.7209 0.6491 -0.2428
vn 0.8283 -0.5450 0.1304
vn 0.8860 -0.4538 0.0953
vn 0.8139 -0.4373 -0.3825
vn 0.8233 -0.4427 -0.3552
vn 0.7396 -0.5694 -0.3587
vn -0.6735 0.6308 -0.3855
vn -0.6764 0.6437 -0.3581
vn -0.5687 0.7447 -0.3492
vn 0.8829 -0.4392 0.1662
vn 0.8037 -0.5454 0.2379
vn -0.6949 0.6544 -0.2982
vn -0.5038 0.7710 -0.3895
vn 0.8992 -0.4107 0.1509
vn -0.4818 0.7818 -0.3957
vn 0.5386 0.7063 -0.4595
vn 0.8893 -0.4292 0.1580
vn -0.5316 -0.6971 0.4810
vn -0.8852 0.4428 -0.1429
vn 0.1048 0.8127 -0.5732
vn 0.9774 0.1860 0.1008
vn -0.9547 0.2378 -0.1789
vn 0.1442 0.0406 -0.9887
vn -0.0154 0.9587 0.2840
vn -0.9939 0.0971 0.0531
vn -0.9673 0.2104 -0.1415
vn -0.9939 0.1091 0.0189
vn -0.1986 -0.8111 0.5502
vn 0.1927 -0.9152 0.3538
vn -0.0786 -0.8320 0.5492
vn -0.8942 0.4212 0.1517
vn -0.9130 0.3799 0.1489
vn -0.9103 0.3839 0.1549
vn -0.6192 0.7400 0.2626
vn -0.6200 0.7395 0.2621
vn -0.6157 0.7424 0.2641
vn -0.5646 -0.7663 0.3066
vn -0.5636 -0.7669 0.3070
vn -0.5602 -0.7690 0.3079
vn 0.4361 -0.0000 0.8999
vn 0.4361 0.0001 0.8999
vn 0.4361 -0.0021 0.8999
vn -0.9731 -0.2266 -0.0415
vn -0.9745 -0.1798 0.1341
vn -0.9778 -0.1862 0.0958
vn 0.0085 -0.9497 0.3131
vn 0.0112 -0.9512 0.3084
vn 0.0059 -0.9485 0.3168
vn -0.1912 0.8824 0.4299
vn -0.1703 0.9651 0.1990
vn -0.1327 0.9832 0.1250
vn -0.8969 -0.4088 0.1690
vn -0.8960 -0.4099 0.1708
vn -0.8957 -0.4106 0.1704
vn -0.4353 0.8653 0.2487
vn -0.4358 0.8649 0.2489
vn -0.4354 0.8652 0.2487
vn -0.9148 0.1772 0.3629
vn -0.9825 -0.1555 -0.1029
vn -0.7377 0.5906 0.3269
vn -0.9704 -0.1262 0.2060
vn -0.9076 -0.3844 0.1686
vn -0.9823 0.1398 -0.1248
vn -0.9723 -0.0266 0.2324
vn -0.9564 0.1407 0.2558
vn -0.9846 -0.1044 0.1399
vn -0.9734 0.0560 0.2222
vn -0.8655 -0.3270 0.3796
vn -0.9593 -0.0402 0.2797
vn -0.9520 -0.2078 0.2248
vn -0.9510 -0.2155 0.2218
vn -0.9023 0.4147 0.1176
vn -0.9163 0.3800 0.1267
vn -0.9192 0.3641 0.1501
vn -0.8521 -0.5155 -0.0907
vn -0.8481 -0.5229 -0.0856
vn -0.8757 -0.4798 -0.0537
vn -0.8006 -0.5550 0.2257
vn -0.8006 -0.5539 0.2284
vn -0.8105 -0.5451 0.2141
vn -0.4221 0.8959 0.1388
vn -0.4139 0.9025 0.1189
vn -0.4527 0.8824 0.1281
vn -0.8635 -0.4868 0.1315
vn -0.8666 -0.4829 0.1258
vn -0.8362 -0.5391 0.1008
vn -0.8633 -0.4755 0.1693
vn -0.8586 -0.4828 0.1725
vn -0.8695 -0.4528 0.1975
vn -0.8573 0.4690 0.2122
vn -0.8551 0.4618 0.2356
vn -0.8461 0.4906 0.2084
vn -0.8537 -0.4622 0.2399
vn -0.8565 -0.4672 0.2193
vn -0.8521 -0.4634 0.2432
vn -0.8575 0.4606 0.2293
vn -0.8410 0.4753 0.2585
vn -0.8604 0.4451 0.2482
vn -0.8277 0.5419 0.1454
vn -0.8695 0.4838 0.0994
vn -0.8441 0.5265 0.1013
vn -0.4194 -0.9020 0.1020
vn -0.4281 -0.8979 0.1026
vn -0.4394 -0.8943 0.0849
vn -0.8203 0.5576 0.1269
vn -0.8206 0.5585 0.1211
vn -0.8506 0.5061 0.1426
vn -0.7823 0.6158 0.0939
vn -0.7593 0.6415 0.1093
vn -0.7784 0.6188 0.1055
vn -0.9992 -0.0315 -0.0250
vn -0.9907 -0.0787 0.1114
vn -0.9857 -0.0821 0.1472
vn -0.0681 -0.7878 0.6121
vn 0.0830 -0.9825 0.1665
vn -0.0784 -0.9303 0.3583
vn -0.9066 0.3871 0.1679
vn -0.9220 0.3576 0.1485
vn -0.9043 0.3937 0.1651
vn -0.9751 -0.1642 0.1490
vn -0.9790 -0.1775 0.1001
vn -0.9611 -0.2674 -0.0687
vn -0.1805 0.8638 0.4704
vn -0.0747 0.9074 0.4137
vn 0.0966 0.9526 0.2884
vn -0.9481 -0.2847 0.1417
vn -0.9475 -0.2867 0.1415
vn -0.9480 -0.2848 0.1417
vn -0.7470 -0.6457 0.1586
vn -0.7359 -0.6522 0.1820
vn -0.7153 -0.6728 0.1889
vn -0.8266 -0.5329 0.1808
vn -0.8326 -0.5202 0.1902
vn -0.8255 -0.5288 0.1971
vn -0.7701 0.6372 -0.0313
vn -0.7702 0.6365 -0.0411
vn -0.7766 0.6267 -0.0635
vn -0.8034 -0.5580 0.2078
vn -0.8061 -0.5464 0.2272
vn -0.8321 -0.5306 0.1618
vn -0.8337 -0.4955 0.2436
vn -0.8259 -0.5077 0.2453
vn -0.8136 -0.5227 0.2548
vn -0.8849 0.4381 0.1584
vn -0.8758 0.4482 0.1789
vn -0.8763 -0.4482 0.1766
vn -0.8846 -0.4380 0.1598
vn -0.8233 0.4927 0.2819
vn -0.8326 0.4685 0.2955
vn -0.8154 0.5004 0.2913
vn -0.8160 0.5432 0.1974
vn -0.7909 0.5972 0.1335
vn -0.8310 0.5301 0.1689
vn -0.7273 -0.6850 -0.0422
vn -0.7313 -0.6812 -0.0352
vn -0.7287 -0.6831 -0.0493
vn -0.7677 0.5964 0.2344
vn -0.7727 0.5933 0.2254
vn -0.7738 0.5933 0.2217
vn -0.7518 0.6478 0.1235
vn -0.7549 0.6420 0.1339
vn -0.7358 0.6677 0.1131
vn 0.8660 -0.5000 -0.0000
vn -0.0000 -1.0000 -0.0000
vn -0.8660 -0.5000 -0.0000
vn -0.8660 0.5000 -0.0000
vn -0.0000 -0.0000 1.0000
vn -0.0000 1.0000 -0.0000
vn 0.8660 0.5000 -0.0000
vn -0.0000 0.9999 -0.0132
vn 0.8660 0.5000 -0.0132
vn 0.8660 -0.5000 -0.0132
vn -0.0000 -0.9999 -0.0132
vn -0.8660 -0.5000 -0.0132
vn -0.8660 0.5000 -0.0132
vn 0.8660 0.5000 -0.0065
vn 0.8660 -0.5000 -0.0065
vn -0.0000 -1.0000 -0.0065
vn -0.8660 -0.5000 -0.0064
vn -0.8660 0.5000 -0.0065
vn -0.0000 0.9999 -0.0122
vn 0.8660 0.5000 -0.0122
vn 0.8660 -0.5000 -0.0122
vn -0.0000 -0.9999 -0.0122
vn -0.8660 -0.5000 -0.0122
vn -0.8660 0.5000 -0.0122
vn 0.8660 -0.5000 -0.0064
vn -0.8660 -0.5000 -0.0065
vn 0.5708 -0.6735 -0.4698
vn -0.3672 -0.8559 0.3641
vn 0.7016 0.5863 -0.4049
vn -0.1319 -0.3885 -0.9120
vn 0.8337 -0.4395 0.3343
vn 0.5707 -0.6735 -0.4698
vn 0.8337 -0.4395 0.3344
vn -0.3097 0.7266 -0.6133
vn 0.7323 0.6724 0.1075
vn -0.9304 -0.3023 -0.2075
vn 0.1435 0.0742 -0.9869
vn -0.5243 0.8191 0.2327
vn -0.5243 0.8191 0.2328
vn 0.0089 0.0194 -0.9998
vn -0.0213 0.9533 -0.3013
vn -0.2370 -0.9426 -0.2353
vn 0.9694 -0.0608 -0.2380
vn -0.9227 0.0700 -0.3790
vn 0.0089 0.0195 -0.9998
vn 0.0379 0.8464 -0.5311
vn -0.1532 -0.9668 0.2046
vn 0.9693 -0.0608 -0.2381
vn -0.0038 -0.0821 -0.9966
vn 0.3634 0.8896 0.2767
vn -0.5754 -0.6745 -0.4625
vn 0.3456 -0.6672 -0.6598
vn -0.4286 0.7040 -0.5664
vn 0.4539 0.7741 -0.4412
vn -0.5320 -0.8130 0.2367
vn 0.3456 -0.6673 -0.6598
vn -0.5708 0.6735 0.4698
vn -0.6502 0.6252 -0.4317
vn 0.1677 0.2588 -0.9513
vn 0.8883 -0.1449 -0.4358
vn 0.3124 0.4820 0.8186
vn 0.6716 -0.7403 0.0306
vn 0.5602 -0.8254 -0.0701
vn -0.9983 0.0312 -0.0495
vn -0.4260 -0.8953 -0.1299
vn -0.4164 -0.9088 0.0250
vn -0.9965 0.0272 0.0793
vn -0.4202 -0.9005 0.1123
vn 0.4170 0.9054 0.0794
vn 0.4164 0.9088 -0.0250
vn 0.6839 -0.7296 -0.0081
vn -0.9993 0.0265 0.0273
vn -0.9993 0.0265 0.0272
vn 0.4221 0.9031 0.0788
vn -0.4310 -0.8953 0.1122
vn -0.9967 0.0122 0.0806
vn 0.6529 -0.7570 0.0279
vn -0.1498 -0.9887 -0.0000
vn -0.2325 0.9726 -0.0000
vn 0.0042 0.9973 -0.0732
vn -0.0103 0.9961 -0.0881
vn -0.0128 0.9965 -0.0822
vn -0.5903 0.7925 0.1533
vn -0.5912 0.7911 0.1571
vn -0.5828 0.7948 0.1692
vn -0.3869 0.9220 -0.0179
vn -0.3680 0.9296 -0.0195
vn -0.3831 0.9235 -0.0187
vn -0.2815 0.8186 0.5007
vn -0.2833 0.8186 0.4996
vn -0.2976 0.8208 0.4875
vn 0.9888 -0.0238 0.1473
vn 0.9874 0.0104 0.1576
vn 0.9869 -0.0060 0.1612
vn 0.9779 0.0323 0.2068
vn 0.9729 0.0385 0.2279
vn 0.9739 0.0300 0.2250
vn 0.9790 0.0298 0.2016
vn 0.9740 0.0417 0.2225
vn 0.9737 0.0136 0.2275
vn 0.9716 0.0174 0.2359
vn 0.9773 0.0423 0.2077
vn 0.9758 0.0494 0.2132
vn -0.0000 0.7614 -0.6482
vn -0.6594 -0.3807 -0.6482
vn 0.6594 -0.3807 -0.6482
vn 0.6594 0.3807 -0.6482
vn -0.0000 -0.7614 -0.6482
vn -0.6594 0.3807 -0.6482
vn -0.0000 -0.0000 -1.0000
vn -0.1003 -0.3135 -0.9443
vn -0.9680 0.2502 -0.0190
vn 0.9459 -0.3183 -0.0634
vn 0.4839 0.8618 -0.1522
vn -0.3759 -0.7592 -0.5314
vn -0.9137 0.2717 -0.3023
vn 0.9646 -0.2406 0.1076
vn -0.0000 -0.8415 -0.5403
vn 0.7679 -0.4433 0.4624
vn -0.7679 0.4433 -0.4624
vn -0.0000 0.8415 0.5403
vn 0.5644 0.3259 0.7584
vn -0.5644 -0.3259 -0.7584
vn 0.5797 0.8015 0.1471
vn -0.8379 0.4504 0.3083
vn 0.9649 -0.0993 -0.2433
vn -0.6946 -0.7111 -0.1087
vn -0.3743 0.8358 0.4016
vn 0.2530 -0.9087 -0.3319
vn -0.0000 -0.9990 -0.0443
vn 0.8639 -0.4988 0.0698
vn -0.9933 0.1022 -0.0546
vn -0.4079 0.9109 0.0628
vn 0.5806 0.8028 0.1353
vn -0.5832 -0.8064 -0.0983
vn -0.2784 -0.2596 -0.9247
vn -0.2518 0.9678 -0.0071
vn 0.2253 -0.9740 -0.0232
vn 0.9556 0.2527 -0.1514
vn -0.7867 -0.3319 -0.5205
vn -0.2367 0.9646 -0.1162
vn 0.2548 -0.9662 0.0403
vn -0.7867 -0.3318 -0.5205
vn -0.2990 -0.3737 -0.8781
vn -0.0550 0.9985 -0.0038
vn 0.0401 -0.9991 -0.0127
vn 0.9707 0.1882 -0.1495
vn -0.7887 -0.3637 -0.4957
vn -0.2990 -0.3736 -0.8781
vn -0.0474 0.9968 -0.0636
vn 0.0568 -0.9981 0.0220
vn -0.7887 -0.3636 -0.4957
vn -0.1749 -0.4455 -0.8781
vn -0.3483 0.9374 -0.0038
vn 0.3342 -0.9424 -0.0127
vn 0.8714 0.4672 -0.1495
vn -0.6456 -0.5809 -0.4957
vn -0.1749 -0.4454 -0.8781
vn -0.3405 0.9381 -0.0636
vn 0.3499 -0.9365 0.0220
vn -0.4353 -0.1989 -0.8781
vn 0.4008 0.9162 -0.0038
vn -0.4144 -0.9100 -0.0127
vn 0.9514 -0.2694 -0.1495
vn -0.8680 0.0307 -0.4957
vn -0.4353 -0.1988 -0.8781
vn 0.4069 0.9112 -0.0636
vn -0.3991 -0.9167 0.0220
vn 0.9513 -0.2695 -0.1495
vn -0.8679 0.0308 -0.4957
vn -0.4783 -0.0161 -0.8781
vn 0.7225 0.6914 -0.0038
vn -0.7326 -0.6805 -0.0127
vn 0.7744 -0.6147 -0.1495
vn -0.7893 0.3623 -0.4957
vn -0.4782 -0.0160 -0.8781
vn 0.7262 0.6845 -0.0636
vn -0.7211 -0.6925 0.0220
vn 0.7744 -0.6148 -0.1495
vn -0.7893 0.3624 -0.4957
vn -0.4560 0.1453 -0.8781
vn 0.9125 0.4090 -0.0038
vn -0.9185 -0.3953 -0.0127
vn 0.5233 -0.8389 -0.1495
vn -0.6220 0.6061 -0.4957
vn -0.4559 0.1453 -0.8781
vn 0.9138 0.4012 -0.0636
vn -0.9116 -0.4105 0.0220
vn -0.6220 0.6062 -0.4957
vn -0.3418 0.3349 -0.8781
vn 0.9990 -0.0454 -0.0038
vn -0.9981 0.0603 -0.0127
vn 0.0899 -0.9847 -0.1495
vn -0.2827 0.8212 -0.4957
vn -0.3417 0.3350 -0.8781
vn 0.9966 -0.0529 -0.0636
vn -0.9988 0.0436 0.0220
vn 0.0898 -0.9847 -0.1495
vn -0.1226 0.4626 -0.8781
vn 0.8355 -0.5495 -0.0038
vn -0.8271 0.5619 -0.0127
vn -0.4259 -0.8923 -0.1495
vn 0.1766 0.8503 -0.4957
vn -0.1226 0.4625 -0.8781
vn 0.8296 -0.5547 -0.0636
vn -0.8363 0.5479 0.0220
vn -0.4260 -0.8923 -0.1495
vn 0.1767 0.8503 -0.4957
vn 0.1321 0.4600 -0.8781
vn 0.4351 -0.9004 -0.0038
vn -0.4216 0.9067 -0.0127
vn -0.8235 -0.5473 -0.1495
vn 0.5879 0.6392 -0.4957
vn 0.1321 0.4599 -0.8781
vn 0.4274 -0.9018 -0.0636
vn -0.4367 0.8994 0.0220
vn 0.5880 0.6392 -0.4957
vn 0.3359 0.3409 -0.8781
vn -0.0480 -0.9988 -0.0038
vn 0.0629 0.9979 -0.0127
vn -0.9849 -0.0873 -0.1495
vn 0.8219 0.2805 -0.4957
vn 0.3359 0.3408 -0.8781
vn -0.0555 -0.9964 -0.0636
vn 0.0462 0.9987 0.0220
vn -0.9849 -0.0872 -0.1495
vn 0.4664 0.1070 -0.8781
vn -0.5772 -0.8166 -0.0038
vn 0.5893 0.8078 -0.0127
vn -0.8775 0.4556 -0.1495
vn 0.8439 -0.2051 -0.4957
vn -0.5822 -0.8105 -0.0636
vn 0.5756 0.8174 0.0220
vn -0.8775 0.4557 -0.1495
vn 0.4739 -0.0663 -0.8781
vn -0.8305 -0.5570 -0.0038
vn 0.8386 0.5446 -0.0127
vn -0.6574 0.7386 -0.1495
vn 0.7153 -0.4925 -0.4957
vn -0.8330 -0.5496 -0.0636
vn 0.8293 0.5584 0.0220
vn 0.4044 -0.2559 -0.8781
vn -0.9863 -0.1649 -0.0038
vn 0.9886 0.1502 -0.0127
vn -0.2942 0.9440 -0.1495
vn 0.4485 -0.7437 -0.4957
vn 0.4043 -0.2559 -0.8781
vn -0.9855 -0.1571 -0.0636
vn 0.9858 0.1667 0.0220
vn -0.0000 -0.9855 -0.1697
vn -0.1207 0.9888 -0.0877
vn -0.8641 -0.4989 -0.0659
vn 0.8622 -0.5041 -0.0499
vn -0.8652 0.4995 -0.0438
vn 0.7916 0.6096 -0.0415
vn 0.0376 -0.7795 0.6253
vn -0.0829 0.7573 -0.6478
vn -0.7938 -0.5333 0.2924
vn 0.8790 -0.3007 0.3699
vn -0.9032 0.2454 -0.3521
vn 0.8384 0.4702 -0.2757
vn -0.3510 0.8120 0.4664
vn -0.3509 0.8132 0.4643
vn -0.3733 0.8112 0.4501
vn 0.4201 0.7124 0.5622
vn -0.1808 0.5850 -0.7906
vn 0.2084 0.2521 -0.9450
vn 0.7459 -0.3786 -0.5479
vn 0.2968 0.5359 0.7904
vn 0.6843 -0.7273 0.0529
vn 0.6459 -0.7616 0.0527
vn -0.9984 0.0425 -0.0373
vn -0.5250 -0.8423 -0.1221
vn -0.9979 0.0144 0.0629
vn -0.4122 -0.9038 0.1148
vn 0.4219 0.9026 0.0854
vn 0.4164 0.9088 -0.0251
vn -0.4164 -0.9088 0.0251
vn 0.4288 0.8993 0.0859
vn -0.4200 -0.9002 0.1151
vn -0.9981 -0.0035 0.0608
vn 0.6687 -0.7415 0.0550
vn -0.7654 0.5434 0.3448
vn -0.7558 0.5602 0.3390
vn -0.7661 0.5462 0.3387
vn -0.3961 0.8626 -0.3147
vn -0.4138 0.8527 -0.3188
vn -0.4150 0.8544 -0.3127
vn 0.9709 0.0290 0.2379
vn 0.9779 0.0333 0.2066
vn 0.9728 0.0366 0.2286
vn 0.9745 0.0131 0.2240
vn 0.9753 0.0382 0.2176
vn 0.9735 0.0411 0.2249
vn 0.9693 0.0479 0.2412
vn 0.9723 0.0157 0.2332
vn 0.9759 0.0490 0.2128
vn 0.6926 0.7124 0.1135
vn -0.9491 0.0977 0.2994
vn 0.8535 -0.4442 -0.2725
vn -0.5812 -0.8036 -0.1280
vn -0.2563 0.8746 0.4117
vn 0.3884 -0.8674 -0.3111
vn 0.4072 -0.9094 -0.0848
vn 0.9942 -0.1023 0.0326
vn -0.8650 0.4994 -0.0478
vn -0.0000 0.9978 0.0664
vn 0.8621 0.4977 0.0951
vn -0.8584 -0.4956 -0.1320
vn 0.1348 -0.9897 -0.0471
vn -0.0000 0.9995 -0.0325
vn -0.7908 -0.6108 0.0391
vn 0.8648 -0.4993 -0.0538
vn -0.8795 0.4753 -0.0260
vn 0.8655 0.4997 0.0342
vn 0.0854 -0.7637 0.6399
vn -0.0357 0.7722 -0.6344
vn -0.8377 -0.4770 0.2659
vn 0.9030 -0.2449 0.3530
vn -0.8789 0.3002 -0.3708
vn 0.7942 0.5287 -0.2996
vn 0.0290 0.0169 -0.9994
vn 0.9444 -0.1869 -0.2706
vn -0.7733 0.5966 -0.2148
vn -0.3784 -0.8945 -0.2381
vn 0.3717 0.8475 -0.3790
vn 0.7969 -0.2576 -0.5465
vn -0.8566 0.4758 0.1996
vn 0.5629 -0.7419 0.3643
vn -0.1330 -0.9356 -0.3272
vn -0.6959 -0.1937 -0.6915
vn -0.5629 0.7419 -0.3643
vn -0.6739 -0.1567 0.7220
vn 0.1330 0.9356 0.3272
vn 0.6959 0.1937 0.6915
vn 0.0264 -0.8668 0.4980
vn 0.0503 -0.8567 -0.5134
vn 0.0016 0.0299 -0.9996
vn -0.0651 0.8668 -0.4944
vn -0.9367 -0.1875 0.2956
vn -0.0844 0.8499 0.5202
vn -0.0385 -0.0367 0.9986
vn 0.0455 -0.6888 0.7235
vn 0.0864 -0.9635 -0.2535
vn 0.0508 -0.2283 -0.9723
vn -0.0128 0.6878 -0.7258
vn -0.9367 -0.1874 0.2957
vn -0.0510 0.9689 0.2419
vn -0.0223 0.2360 0.9715
vn -0.0536 0.9986 -0.0000
vn -0.9999 -0.0107 -0.0000
vn 0.9995 -0.0304 -0.0000
vn 0.4735 -0.8808 -0.0000
vn -0.5261 -0.8504 -0.0000
vn -0.9995 0.0304 -0.0000
vn -0.4735 0.8808 -0.0000
vn 0.5261 0.8504 -0.0000
vn 0.6098 0.7925 -0.0000
vn 0.9913 -0.1319 -0.0000
vn 0.3814 -0.9244 -0.0000
vn -0.6098 -0.7925 -0.0000
vn -0.9913 0.1319 -0.0000
vn -0.3814 0.9244 -0.0000
vn 0.9806 -0.1961 -0.0000
vn 0.3205 -0.9473 -0.0000
vn -0.6601 -0.7512 -0.0000
vn -0.9806 0.1961 -0.0000
vn -0.3205 0.9473 -0.0000
vn 0.6601 0.7512 -0.0000
vn 0.3202 -0.9473 -0.0000
vn -0.6603 -0.7510 -0.0000
vn -0.9805 0.1963 -0.0000
vn -0.3202 0.9473 -0.0000
vn 0.6603 0.7510 -0.0000
vn 0.9805 -0.1963 -0.0000
vt 113.906532 -108.440552
vt 99.755653 -108.899094
vt 112.309326 -113.153488
vt 101.997787 -102.283112
vt 87.314346 -104.682770
vt 42.608608 -107.127899
vt 47.714664 -108.631973
vt 45.612175 -104.333405
vt 49.956619 -107.535400
vt 59.436260 -96.803284
vt 47.627766 -102.774033
vt 78.478027 -94.780197
vt 76.378120 -100.976517
vt -1.336905 4.440466
vt 1.833478 -3.019010
vt 1.585566 2.872605
vt -2.698292 3.795497
vt 3.270031 -7.157012
vt 2.564875 7.624234
vt -0.000000 0.482914
vt -3.018346 3.782079
vt 0.845227 1.643558
vt -0.289902 2.246103
vt -0.289902 -2.030552
vt 61.935337 -26.407013
vt 61.285522 -18.751154
vt 58.055164 -20.790857
vt 69.798401 -90.497391
vt 66.201149 -91.058807
vt 65.500061 -90.837448
vt 61.842102 -101.722061
vt 43.015781 -14.241533
vt 29.988127 -0.581088
vt 34.652893 -17.153065
vt 67.154457 -24.094658
vt 64.062515 -15.285667
vt 58.968811 7.322032
vt 63.609074 24.398996
vt 56.912422 22.686472
vt 42.911781 -4.616771
vt 74.053673 -19.529238
vt 63.730072 3.238200
vt 74.471390 18.096054
vt 62.299870 9.064445
vt 64.515327 6.749531
vt 74.098122 12.583932
vt 75.712318 17.329319
vt 94.489769 25.508934
vt 93.807480 26.511148
vt 75.807007 10.364320
vt 80.760406 8.616480
vt 93.985970 27.327909
vt 80.704330 9.912876
vt 89.571465 -98.022568
vt 44.187962 -110.356934
vt -1.336905 -2.911257
vt -1.937822 -3.824796
vt 55.536823 -31.441759
vt 56.336365 -31.655109
vt 70.268867 -90.117218
vt 95.507523 25.629316
vt 70.091087 48.226978
vt 63.288704 28.220919
vt 64.470383 28.040630
vt 64.942307 27.327927
vt 70.987274 48.207790
vt 66.592201 48.432293
vt 68.096764 48.071281
vt 62.466404 27.334326
vt 69.261292 72.558060
vt 70.438324 72.496506
vt 68.061005 72.431595
vt 71.473976 72.566788
vt 69.332077 89.017609
vt 63.412392 89.093597
vt 62.558762 88.840424
vt 69.920822 89.093597
vt -49.664894 -31.203619
vt -48.730606 -30.583216
vt -49.120335 -30.095236
vt -47.750221 -29.725163
vt -47.828423 -30.258852
vt -46.674671 -30.477558
vt -47.074657 -31.209555
vt -46.657097 -31.693584
vt -49.158073 -31.277424
vt -48.658009 -30.692562
vt -49.075417 -31.760960
vt -49.208199 -32.338615
vt -49.040108 -31.324471
vt -48.614132 -30.757786
vt -47.193180 -30.788813
vt -47.857388 -30.526434
vt -47.264572 -30.873602
vt -47.103878 -31.209230
vt -47.315666 -30.915020
vt -47.140926 -31.216969
vt -48.989784 -31.769230
vt -48.924370 -31.365248
vt -47.874306 -30.624269
vt -48.452389 -31.603241
vt -48.229622 -32.183716
vt -47.561790 -32.114708
vt -47.672630 -31.449326
vt -47.959812 -31.095303
vt -48.344501 -31.173481
vt -108.688698 -41.039017
vt -110.306595 31.841589
vt -129.184555 -43.903774
vt -34.961277 31.111586
vt 29.988081 2.038078
vt -29.846769 55.330063
vt -90.093376 -115.180069
vt -76.006081 -89.775482
vt 6.340994 -8.555012
vt 29.988081 -84.045471
vt -91.673607 12.723471
vt -50.703136 -28.385859
vt -46.275333 -23.709097
vt -59.397377 -20.436129
vt -54.713867 -25.126789
vt -42.962173 -5.499252
vt -68.545280 -12.006918
vt -78.237572 -2.263548
vt -37.944008 13.222028
vt -45.717583 -30.042881
vt -45.714825 -30.041906
vt -42.293900 -34.545784
vt -42.369320 -28.359392
vt -39.555222 -27.330593
vt -42.363235 -28.357149
vt -39.543999 -27.326103
vt -29.948008 -42.343182
vt -30.864830 -23.035559
vt -21.046421 -19.287680
vt -30.844889 -23.028704
vt -9.920430 -58.697029
vt -21.011551 -19.273983
vt -51.067032 -31.456585
vt -50.277317 -34.649765
vt -53.942745 -31.897587
vt -51.642723 -38.234863
vt -53.949451 -31.899162
vt -54.243298 -42.359585
vt -58.909336 -53.680786
vt -80.693954 -36.977360
vt -65.246498 -69.583786
vt -80.729645 -36.984089
vt -47.072998 -27.442444
vt -44.636440 -17.132967
vt -51.070217 -31.456795
vt -58.778625 -32.381386
vt -66.601700 -33.893021
vt -58.789730 -32.384041
vt -66.622902 -33.897972
vt 40.204918 27.327927
vt 44.543499 62.955280
vt 43.372128 62.909069
vt 40.204918 98.609009
vt 44.543499 63.334118
vt 47.893440 63.217007
vt 52.634964 98.125839
vt 40.243286 62.883568
vt 50.953098 63.222374
vt 62.466389 91.305328
vt 61.491474 59.456032
vt 62.466389 59.395302
vt 52.634949 60.437065
vt 55.857597 60.465248
vt 54.385704 91.195312
vt 58.903973 27.327909
vt 58.663513 59.836552
vt 58.663513 59.751152
vt 90.921455 53.916142
vt 85.943764 54.191647
vt 87.992424 27.327927
vt 90.921455 81.348999
vt 71.473976 56.692268
vt 77.541840 55.961819
vt 80.310745 83.146820
vt 80.310776 55.053455
vt 80.310745 55.711945
vt -122.813210 104.162582
vt -117.909683 80.713867
vt -114.588531 81.185257
vt -123.908699 79.507660
vt -126.131065 79.596786
vt -122.813225 55.330078
vt -116.348305 55.330063
vt -122.813194 79.778931
vt -129.184555 79.569855
vt -114.588531 96.783630
vt -114.588531 75.384369
vt -110.357689 76.303024
vt -110.352715 55.330078
vt -106.209435 76.581345
vt -103.013115 76.008163
vt -98.714432 94.839035
vt -106.209427 77.083191
vt -98.714432 75.301666
vt -49.051250 -31.749683
vt 1.646175 -67.025848
vt -45.148911 -32.886669
vt -35.758884 -39.510590
vt -60.422501 -38.126305
vt 52.634964 27.327909
vt 52.634949 27.327909
vt 77.049957 27.327927
vt -122.813210 104.299377
vt -104.566406 55.330093
vt -12.994326 61.698490
vt -23.146578 66.630188
vt -17.398457 57.010551
vt -24.121313 66.155228
vt -25.489309 55.330063
vt -19.083523 56.207626
vt -81.225403 61.514599
vt -81.156868 56.820938
vt -80.592255 61.632557
vt -81.571838 55.385532
vt -81.067451 55.330093
vt -80.137802 75.084442
vt -80.288834 84.349442
vt -80.840309 83.134369
vt -81.571838 84.297394
vt 38.291092 99.253052
vt 38.044975 100.010941
vt 38.360699 99.071533
vt 37.710075 98.418533
vt 38.478218 99.546539
vt 38.302151 99.660446
vt 38.772907 97.801315
vt 38.773540 99.696655
vt 39.672100 102.239120
vt 38.634777 100.718597
vt 38.675049 100.318039
vt 38.664352 103.803497
vt 37.829086 100.353363
vt 38.783684 99.283951
vt 38.671974 99.089401
vt 38.491234 99.257782
vt 38.464703 99.243851
vt 38.408695 99.071640
vt 38.760216 99.883957
vt 38.559673 99.083923
vt 38.225517 99.784744
vt 38.381145 98.868927
vt -79.956108 61.501888
vt -80.259300 69.608109
vt -80.846268 69.755356
vt -79.708305 74.990692
vt -80.561287 74.991135
vt -81.435478 69.631699
vt 38.674198 100.000702
vt 38.609055 98.880890
vt 40.204884 99.519882
vt 40.066708 100.721741
vt 36.166264 100.479218
vt 36.948429 99.281631
vt 36.723969 27.693777
vt 36.561970 27.608919
vt 36.401157 27.483450
vt 35.793362 27.875103
vt 35.921970 27.758398
vt 36.046638 27.606230
vt 36.239666 27.327879
vt 36.169277 27.417530
vt 36.890610 27.750992
vt 35.657722 27.961802
vt -38.831017 55.330078
vt -45.025311 68.991455
vt -44.356281 60.332756
vt -47.726460 70.198105
vt -46.268612 68.953156
vt -52.005711 55.330093
vt -45.683887 59.904945
vt -22.588207 67.985229
vt -26.105196 109.567932
vt -28.509403 103.621475
vt -25.524899 103.483948
vt -25.489309 66.574570
vt 39.963081 98.326950
vt 35.657722 102.019684
vt -43.449692 70.173233
vt 31.757385 116.938980
vt 31.638041 117.490753
vt 31.806131 116.803589
vt 31.400656 116.375793
vt 31.950197 117.162018
vt 31.820013 117.250488
vt 32.141266 115.932770
vt 32.163929 117.260010
vt 32.802193 119.030960
vt 32.068340 117.967575
vt 32.100159 117.678024
vt 32.101871 120.134155
vt 31.493612 117.729752
vt 32.204971 116.834686
vt 32.149334 116.705704
vt 31.975245 116.999222
vt 31.941479 117.046906
vt 31.866285 116.862488
vt 32.162445 117.387573
vt 32.063515 116.795364
vt 31.760170 117.335403
vt 31.816023 116.652084
vt 32.107025 117.456253
vt 32.132004 116.565048
vt 33.162247 117.122772
vt 33.075348 117.962677
vt 30.332165 117.828613
vt 30.869543 116.986649
vt 30.938213 27.381245
vt 30.641649 27.327909
vt 30.442579 27.462873
vt 30.214642 27.754301
vt 30.337236 27.667002
vt 30.386444 27.735071
vt 30.335737 27.624147
vt 30.403559 27.819246
vt 31.337702 27.455328
vt 29.988098 27.947763
vt 32.980968 116.288727
vt 29.988081 118.909180
vt 34.643742 108.766174
vt 34.432838 112.793396
vt 34.685528 108.772629
vt 34.213253 112.022476
vt 34.682541 112.674927
vt 34.559441 112.676498
vt 34.765118 111.636337
vt 34.862865 112.712402
vt 35.522278 113.962387
vt 34.891682 113.056885
vt 34.902706 112.864120
vt 35.001461 114.971802
vt 34.342590 112.970169
vt 35.111423 108.557281
vt 35.064766 108.562683
vt 34.863640 109.258698
vt 34.811852 109.348373
vt 34.661983 109.091354
vt 34.919495 112.737350
vt 35.040035 108.956070
vt 34.497448 112.668991
vt 34.615822 108.784256
vt 34.921982 112.712570
vt 35.122555 108.608994
vt 35.643002 112.483994
vt 35.657738 113.097549
vt 33.415012 113.143860
vt 33.818863 112.476639
vt 33.813545 27.538641
vt 33.458454 27.794666
vt 33.248943 28.259846
vt 33.437244 27.999027
vt 33.558647 28.175499
vt 33.559464 28.492313
vt 33.162247 28.705502
vt 33.477036 28.935894
vt 34.324253 27.327894
vt 33.173782 27.977461
vt 35.444134 111.857666
vt 33.162262 114.057663
vt 18.407772 62.515179
vt 18.867153 65.787109
vt 18.407772 65.795135
vt 29.396458 61.076042
vt 29.859518 64.356400
vt 29.396458 64.360367
vt 12.420051 62.751152
vt 12.894645 66.031006
vt 12.420051 66.026886
vt 12.420033 62.751137
vt 11.942735 63.228573
vt 11.942735 62.751232
vt 11.942751 62.751598
vt 11.475964 63.228497
vt 11.475964 62.751137
vt -47.018078 -31.436974
vt -46.687008 -31.880768
vt -48.963528 -31.947460
vt -47.422623 -33.757351
vt -46.050426 -33.287598
vt -49.037334 -33.897686
vt -49.084248 -32.483120
vt -44.925503 -42.519344
vt -43.150677 -50.417141
vt -46.623997 -36.980152
vt -37.554512 -68.533783
vt -33.695038 -85.552261
vt -24.780912 -119.211349
vt 18.867153 62.507141
vt 29.859518 61.072063
vt 12.894645 62.755249
vt 12.420033 63.228481
vt 11.942751 63.228958
vt 1.000000 1.000000
vt 0.833333 0.500000
vt 1.000000 0.500000
vt 0.833333 1.000000
vt 0.666667 0.500000
vt 0.666667 1.000000
vt 0.500000 0.500000
vt 0.500000 1.000000
vt 0.333333 0.500000
vt 0.042154 0.130000
vt 0.250000 0.010000
vt 0.457846 0.130000
vt 0.333333 1.000000
vt 0.166667 0.500000
vt 0.166667 1.000000
vt -0.000000 0.500000
vt 0.250000 0.490000
vt -0.000000 1.000000
vt 0.457846 0.370000
vt 0.042154 0.370000
vt -22.922583 109.971085
vt -25.152842 112.204773
vt 0.176760 0.611088
vt 0.000000 0.542961
vt 0.184047 0.478605
vt -29.414087 109.259888
vt -28.767067 112.172134
vt -31.035406 109.930786
vt -27.829247 109.492416
vt -33.586643 100.214905
vt -29.452381 95.528580
vt -29.120018 99.707306
vt -24.504509 109.277344
vt -21.803373 104.056564
vt 0.137639 0.617750
vt 0.246250 0.449379
vt 0.210387 0.438061
vt 0.343235 0.186855
vt 0.363623 0.057973
vt 0.314097 0.172548
vt -20.310112 100.205246
vt -24.488277 95.549927
vt -19.285137 96.247894
vt 0.266340 0.376065
vt 0.267267 0.306376
vt 0.245910 0.368532
vt -24.835072 99.671082
vt -29.686563 88.003647
vt -24.166180 79.956039
vt -24.231312 87.990250
vt -35.290459 80.025375
vt -29.758219 79.956039
vt -18.814505 88.197540
vt -18.629423 80.053391
vt -35.148319 88.201447
vt 0.290792 0.316250
vt -32.102097 104.122253
vt -2.255237 -3.861989
vt 0.225227 0.060015
vt 0.225227 0.000000
vt 0.234576 0.060015
vt 0.234576 0.000000
vt -56.676102 -43.759666
vt -62.321350 -39.892189
vt -58.807518 -48.931145
vt -59.498726 -41.825928
vt -46.606251 -23.187885
vt -45.216190 -17.610195
vt -57.736008 -20.411842
vt 0.500000 0.500000
vt -34.569786 96.278564
vt 0.387009 0.075255
vt -0.000000 0.500000
vt 2.644197 -1.594087
vt 2.644197 3.005116
vt -1.699706 1.954653
vt -1.699706 -1.594087
vt 3.438027 2.507189
vt -2.493537 3.941587
vt -2.493536 -2.338589
vt 3.438028 -2.338588
vt 1.728231 -4.047967
vt 1.728241 5.047968
vt -1.385874 5.047968
vt -1.385873 -4.047968
vt 1.219922 3.563225
vt -0.877555 3.563239
vt -0.877556 -2.563233
vt 1.219914 -2.563233
vt -1.589615 -6.649087
vt -1.589620 7.418278
s 0
g rockMesh_rocklMat
usemtl rocklMat
f 6/1/1 3/2/1 7/3/1
f 4/4/2 11/5/2 3/2/2
f 8/6/3 1/7/3 2/8/3
f 12/9/4 17/10/4 13/11/4
f 2/8/5 12/9/5 13/11/5
f 11/5/6 14/12/6 15/13/6
f 20/14/7 25/15/7 21/16/7
f 33/17/8 2284/18/8 20/19/8
f 33/17/9 21/20/9 30/21/9
f 31/22/10 2283/23/10 2284/24/10
f 18/25/11 23/26/11 19/27/11
f 14/12/12 28/28/12 15/13/12
f 17/10/13 29/29/13 26/30/13
f 16/31/14 28/28/14 29/29/14
f 2281/32/15 37/33/15 2282/34/15
f 22/35/16 35/36/16 23/26/16
f 40/37/17 45/38/17 41/39/17
f 36/40/18 41/39/18 37/33/18
f 34/41/19 39/42/19 35/36/19
f 42/43/20 44/44/20 43/45/20
f 42/43/21 49/46/21 48/47/21
f 49/46/22 51/48/22 53/49/22
f 43/45/23 47/50/23 49/46/23
f 38/51/24 47/50/24 39/42/24
f 49/46/20 52/52/20 48/47/20
f 46/53/25 51/48/25 47/50/25
f 6/1/26 4/4/26 3/2/26
f 4/4/2 10/54/2 11/5/2
f 8/6/27 9/55/27 1/7/27
f 12/9/4 16/31/4 17/10/4
f 2/8/5 1/7/5 12/9/5
f 11/5/6 10/54/6 14/12/6
f 20/14/28 24/56/28 25/15/28
f 33/17/29 31/57/29 2284/18/29
f 33/17/30 20/19/30 21/20/30
f 31/58/10 32/59/10 2283/25/10
f 18/25/11 22/35/11 23/26/11
f 14/12/12 27/60/12 28/28/12
f 17/10/13 16/31/13 29/29/13
f 16/31/14 15/13/14 28/28/14
f 2281/32/15 36/40/15 37/33/15
f 22/35/16 34/41/16 35/36/16
f 40/37/17 44/44/17 45/38/17
f 34/41/19 38/51/19 39/42/19
f 42/43/20 45/38/20 44/44/20
f 42/43/21 43/45/21 49/46/21
f 49/46/31 47/50/31 51/48/31
f 43/45/23 39/42/23 47/50/23
f 38/51/24 46/53/24 47/50/24
f 49/46/32 53/49/32 52/52/32
f 46/53/33 50/61/33 51/48/33
f 50/61/34 53/49/34 51/48/34
f 50/61/35 52/52/35 53/49/35
f 57/62/36 59/63/36 61/64/36
f 57/62/37 60/65/37 56/66/37
f 54/67/38 59/63/38 55/68/38
f 57/62/39 55/68/39 59/63/39
f 57/62/37 61/64/37 60/65/37
f 54/67/38 58/69/38 59/63/38
f 58/69/40 61/64/40 59/63/40
f 58/69/40 60/65/40 61/64/40
f 57/62/41 63/70/41 55/68/41
f 56/66/42 65/71/42 57/62/42
f 54/67/43 63/70/43 62/72/43
f 41/39/18 36/40/18 40/37/18
f 64/73/44 69/74/44 65/71/44
f 62/72/45 67/75/45 66/76/45
f 63/70/46 69/74/46 67/75/46
f 57/62/47 65/71/47 63/70/47
f 56/66/42 64/73/42 65/71/42
f 54/67/43 55/68/43 63/70/43
f 64/73/44 68/77/44 69/74/44
f 62/72/45 63/70/45 67/75/45
f 63/70/48 65/71/48 69/74/48
f 72/78/49 75/79/49 74/80/49
f 75/79/50 76/81/50 74/80/50
f 77/82/51 78/83/51 76/81/51
f 78/83/52 81/84/52 80/85/52
f 73/86/53 85/87/53 75/79/53
f 83/88/54 72/78/54 82/89/54
f 84/90/55 98/91/55 85/87/55
f 72/78/56 73/86/56 75/79/56
f 75/79/57 77/82/57 76/81/57
f 77/82/58 79/92/58 78/83/58
f 78/83/59 79/92/59 81/84/59
f 75/79/60 86/93/60 77/82/60
f 81/84/61 87/94/61 88/95/61
f 83/88/62 73/86/62 72/78/62
f 83/88/63 84/90/63 73/86/63
f 79/92/64 86/93/64 87/94/64
f 86/93/65 96/96/65 87/94/65
f 87/94/66 101/97/66 88/95/66
f 84/90/67 100/98/67 99/99/67
f 86/93/68 98/91/68 97/100/68
f 90/101/69 95/102/69 94/103/69
f 93/104/70 97/100/70 92/105/70
f 91/106/71 97/100/71 98/91/71
f 91/106/72 99/99/72 90/101/72
f 95/102/73 99/99/73 100/98/73
f 94/103/74 96/96/74 93/104/74
f 120/107/75 103/108/75 102/109/75
f 132/110/76 105/111/76 104/112/76
f 120/107/77 107/113/77 119/114/77
f 143/115/78 106/116/78 105/111/78
f 132/110/79 103/108/79 131/117/79
f 76/81/80 126/118/81 74/80/80
f 1629/119/82 1630/120/83 127/121/84
f 1630/120/85 134/122/86 129/123/87
f 134/122/88 130/124/89 129/123/90
f 133/125/91 131/117/92 130/124/93
f 80/85/94 138/126/94 78/83/94
f 138/127/95 112/128/95 139/129/95
f 112/128/96 140/130/96 139/131/96
f 140/132/97 110/133/97 141/134/97
f 110/133/98 142/135/98 141/136/98
f 109/137/99 143/115/100 142/138/100
f 82/89/101 125/139/101 114/140/101
f 114/140/102 124/141/103 115/142/103
f 124/143/104 1624/144/105 115/142/106
f 1625/145/107 121/146/107 118/147/107
f 121/148/108 119/114/108 118/147/109
f 76/81/110 138/126/110 137/149/111
f 137/149/112 139/129/113 1629/119/114
f 1629/119/115 140/130/116 1628/150/117
f 1628/150/118 141/134/119 134/122/120
f 134/122/121 142/135/122 133/125/123
f 133/125/124 143/115/125 132/110/125
f 72/78/126 126/118/127 125/139/126
f 126/118/128 124/141/129 125/151/129
f 127/121/130 123/152/130 124/143/130
f 1630/120/131 1626/153/132 123/154/132
f 129/123/133 121/146/134 1626/155/134
f 130/124/135 120/107/136 121/148/136
f 118/156/137 121/157/137 144/158/138
f 130/159/139 144/158/140 121/157/141
f 142/160/142 145/161/143 133/162/144
f 118/156/145 144/158/146 146/163/147
f 145/161/148 147/164/149 133/162/150
f 130/159/151 146/163/152 144/158/153
f 129/165/154 148/166/155 1626/167/156
f 141/168/157 149/169/158 134/170/159
f 1625/171/160 1626/167/161 148/166/162
f 149/169/163 151/172/164 134/170/165
f 129/165/166 150/173/167 148/166/168
f 1625/171/169 148/166/170 150/173/171
f 123/174/172 152/175/173 1624/176/174
f 1630/177/175 152/175/176 123/174/177
f 140/178/178 153/179/179 1628/180/180
f 1630/177/181 154/181/182 152/175/183
f 152/175/184 154/181/185 1624/176/186
f 153/179/187 155/182/188 1628/180/189
f 127/183/190 156/184/191 124/185/192
f 139/186/193 157/187/194 1629/188/195
f 115/189/196 124/185/196 156/184/197
f 127/183/198 158/190/199 156/184/200
f 115/189/201 156/184/202 158/190/203
f 157/187/204 159/191/205 1629/188/206
f 114/192/207 125/193/207 160/194/208
f 126/195/209 160/194/210 125/193/211
f 138/196/212 161/197/213 137/198/214
f 114/192/215 160/194/216 162/199/217
f 161/197/218 163/200/219 137/198/220
f 126/195/221 162/199/222 160/194/223
f 73/86/224 84/90/224 85/87/224
f 84/90/225 99/99/225 98/91/225
f 75/79/226 85/87/226 86/93/226
f 81/84/227 79/92/227 87/94/227
f 83/88/228 89/201/228 84/90/228
f 79/92/229 77/82/229 86/93/229
f 86/93/230 97/100/230 96/96/230
f 87/94/231 96/96/231 101/97/231
f 84/90/232 89/201/232 100/98/232
f 86/93/233 85/87/233 98/91/233
f 94/103/69 93/104/69 90/101/69
f 93/104/234 92/105/234 90/101/234
f 92/105/234 91/106/234 90/101/234
f 93/104/235 96/96/235 97/100/235
f 91/106/236 92/105/236 97/100/236
f 91/106/237 98/91/237 99/99/237
f 95/102/238 90/101/238 99/99/238
f 94/103/239 101/97/239 96/96/239
f 120/107/240 131/117/240 103/108/240
f 132/110/76 143/115/76 105/111/76
f 120/107/241 102/109/241 107/113/241
f 143/115/242 108/202/242 106/116/242
f 132/110/79 104/112/79 103/108/79
f 76/81/243 137/149/244 126/118/245
f 126/118/246 137/149/247 1629/119/248
f 1630/120/249 1628/150/250 134/122/251
f 134/122/252 133/125/253 130/124/254
f 133/125/255 132/110/256 131/117/256
f 80/85/257 113/203/258 138/126/257
f 138/127/259 113/203/259 112/128/259
f 112/128/260 111/204/260 140/130/260
f 140/132/261 111/204/261 110/133/261
f 110/133/262 109/137/262 142/135/262
f 109/137/263 108/202/264 143/115/264
f 82/89/265 72/78/265 125/139/265
f 114/140/266 125/151/266 124/141/266
f 124/143/267 123/152/268 1624/144/269
f 123/154/270 1627/205/271 1624/144/272
f 1625/145/273 1626/155/273 121/146/273
f 121/148/274 120/107/274 119/114/274
f 76/81/275 78/83/275 138/126/275
f 137/149/276 138/127/277 139/129/277
f 1629/119/278 139/131/279 140/130/279
f 1628/150/280 140/132/281 141/134/281
f 134/122/282 141/136/283 142/135/283
f 133/125/284 142/138/285 143/115/285
f 72/78/286 74/80/286 126/118/287
f 126/118/288 127/121/289 124/141/289
f 127/121/290 1630/120/291 123/152/290
f 1630/120/292 129/123/293 1626/153/294
f 129/123/295 130/124/296 121/146/297
f 130/124/298 131/117/299 120/107/299
f 109/206/300 145/161/301 142/160/300
f 109/206/302 147/164/303 145/161/304
f 141/168/305 110/207/305 149/169/306
f 149/169/307 110/207/308 151/172/309
f 111/208/310 153/179/311 140/178/312
f 111/208/313 155/182/314 153/179/315
f 139/186/316 112/209/316 157/187/317
f 157/187/318 112/209/319 159/191/320
f 113/210/321 161/197/322 138/196/321
f 113/210/323 163/200/324 161/197/325
f 165/211/326 1600/212/326 164/213/326
f 1602/214/327 169/215/327 168/216/327
f 1600/212/328 168/216/328 164/213/328
f 197/217/329 174/218/330 192/219/331
f 174/218/332 175/220/332 179/221/332
f 194/222/333 177/223/334 172/224/335
f 172/224/336 177/223/336 173/225/336
f 220/226/337 214/227/337 221/228/337
f 204/229/338 189/230/338 216/231/338
f 183/232/339 190/233/339 189/230/339
f 210/234/340 191/235/340 213/236/340
f 185/237/341 188/238/341 191/235/341
f 191/235/342 220/226/342 219/239/342
f 213/236/343 219/239/343 226/240/343
f 189/230/344 218/241/344 217/242/344
f 216/231/345 217/242/345 223/243/345
f 218/241/346 211/244/346 224/245/346
f 215/246/347 223/243/347 222/247/347
f 221/228/348 215/246/348 222/247/348
f 174/218/349 201/248/350 192/219/351
f 192/219/352 202/249/353 193/250/354
f 193/250/355 203/251/356 194/222/357
f 173/225/358 194/222/359 172/224/360
f 195/252/361 193/250/362 194/222/363
f 196/253/364 192/219/365 193/250/366
f 224/245/367 212/254/367 225/255/367
f 212/254/368 226/240/368 225/255/368
f 190/233/369 208/256/369 211/244/369
f 211/244/370 209/257/370 212/254/370
f 209/257/371 213/236/371 212/254/371
f 188/238/372 200/258/372 214/227/372
f 214/227/373 178/259/373 215/246/373
f 178/259/374 216/231/374 215/246/374
f 225/255/375 205/260/375 206/261/375
f 207/262/375 225/255/375 206/261/375
f 199/263/376 222/247/376 198/264/376
f 222/247/376 176/265/376 198/264/376
f 186/266/375 224/245/375 207/262/375
f 223/243/376 182/267/376 176/265/376
f 182/267/377 218/241/377 186/266/377
f 226/240/378 184/268/378 205/260/378
f 184/268/379 220/226/379 180/269/379
f 180/269/376 221/228/376 199/263/376
f 228/270/380 229/271/380 227/272/380
f 229/271/381 234/273/381 233/274/381
f 233/274/382 232/275/382 231/276/382
f 231/276/383 228/270/383 227/272/383
f 229/271/384 231/276/384 227/272/384
f 165/211/385 167/277/385 1600/212/385
f 1601/278/386 1605/279/386 1603/280/386
f 1602/214/387 171/281/387 169/215/387
f 1600/212/328 1602/214/328 168/216/328
f 197/217/388 175/220/389 174/218/390
f 194/222/391 203/251/392 177/223/393
f 220/226/394 188/238/394 214/227/394
f 204/229/395 183/232/395 189/230/395
f 183/232/396 187/282/396 190/233/396
f 210/234/397 185/237/397 191/235/397
f 185/237/398 181/283/398 188/238/398
f 191/235/342 188/238/342 220/226/342
f 213/236/343 191/235/343 219/239/343
f 189/230/344 190/233/344 218/241/344
f 216/231/399 189/230/399 217/242/399
f 218/241/400 190/233/400 211/244/400
f 215/246/401 216/231/401 223/243/401
f 221/228/348 214/227/348 215/246/348
f 174/218/402 179/221/403 201/248/404
f 192/219/405 201/248/406 202/249/407
f 193/250/408 202/249/409 203/251/410
f 173/225/411 195/252/412 194/222/413
f 195/252/414 196/253/415 193/250/416
f 196/253/417 197/217/418 192/219/419
f 224/245/420 211/244/420 212/254/420
f 212/254/421 213/236/421 226/240/421
f 190/233/422 187/282/422 208/256/422
f 211/244/423 208/256/423 209/257/423
f 209/257/424 210/234/424 213/236/424
f 188/238/425 181/283/425 200/258/425
f 214/227/426 200/258/426 178/259/426
f 178/259/427 204/229/427 216/231/427
f 225/255/428 226/240/428 205/260/428
f 207/262/429 224/245/429 225/255/429
f 199/263/430 221/228/430 222/247/430
f 222/247/431 223/243/431 176/265/431
f 186/266/432 218/241/432 224/245/432
f 223/243/433 217/242/433 182/267/433
f 182/267/377 217/242/377 218/241/377
f 226/240/434 219/239/434 184/268/434
f 184/268/379 219/239/379 220/226/379
f 180/269/435 220/226/435 221/228/435
f 228/270/436 230/284/436 229/271/436
f 229/271/437 230/284/437 234/273/437
f 233/274/438 234/273/438 232/275/438
f 231/276/383 232/275/383 228/270/383
f 229/271/439 233/274/439 231/276/439
f 268/285/440 262/286/440 269/287/440
f 252/288/441 246/289/441 264/290/441
f 240/291/442 247/292/442 246/289/442
f 258/293/443 248/294/443 261/295/443
f 242/296/444 245/297/444 248/294/444
f 248/294/445 268/285/445 267/298/445
f 261/295/446 267/298/446 274/299/446
f 246/289/447 266/300/447 265/301/447
f 264/290/448 265/301/448 271/302/448
f 266/300/449 259/303/449 272/304/449
f 263/305/450 271/302/450 270/306/450
f 269/287/451 263/305/451 270/306/451
f 272/304/452 260/307/452 273/308/452
f 260/307/453 274/299/453 273/308/453
f 247/292/454 256/309/454 259/303/454
f 259/303/455 257/310/455 260/307/455
f 257/310/456 261/295/456 260/307/456
f 245/297/457 251/311/457 262/286/457
f 262/286/458 236/312/458 263/305/458
f 236/312/459 264/290/459 263/305/459
f 273/308/460 253/313/461 254/314/461
f 255/315/461 273/308/462 254/314/461
f 250/316/463 270/306/464 249/317/465
f 270/306/466 235/318/467 249/317/468
f 243/319/469 272/304/470 255/315/469
f 271/302/471 239/320/472 235/318/473
f 239/320/474 266/300/475 243/319/476
f 274/299/477 241/321/478 253/313/478
f 241/321/479 268/285/480 237/322/481
f 237/322/482 269/287/483 250/316/484
f 268/285/440 245/297/440 262/286/440
f 252/288/485 240/291/485 246/289/485
f 240/291/486 244/323/486 247/292/486
f 258/293/487 242/296/487 248/294/487
f 242/296/444 238/324/444 245/297/444
f 248/294/488 245/297/488 268/285/488
f 261/295/446 248/294/446 267/298/446
f 246/289/447 247/292/447 266/300/447
f 264/290/489 246/289/489 265/301/489
f 266/300/490 247/292/490 259/303/490
f 263/305/491 264/290/491 271/302/491
f 269/287/492 262/286/492 263/305/492
f 272/304/493 259/303/493 260/307/493
f 260/307/453 261/295/453 274/299/453
f 247/292/494 244/323/494 256/309/494
f 259/303/495 256/309/495 257/310/495
f 257/310/496 258/293/496 261/295/496
f 245/297/497 238/324/497 251/311/497
f 262/286/498 251/311/498 236/312/498
f 236/312/499 252/288/499 264/290/499
f 273/308/500 274/299/501 253/313/502
f 255/315/503 272/304/504 273/308/505
f 250/316/506 269/287/507 270/306/508
f 270/306/509 271/302/510 235/318/511
f 243/319/512 266/300/513 272/304/514
f 271/302/509 265/301/515 239/320/516
f 239/320/517 265/301/518 266/300/519
f 274/299/520 267/298/521 241/321/522
f 241/321/523 267/298/524 268/285/525
f 237/322/526 268/285/527 269/287/528
f 308/325/529 302/326/529 309/327/529
f 292/328/530 286/329/530 304/330/530
f 280/331/531 287/332/531 286/329/531
f 298/333/532 288/334/532 301/335/532
f 282/336/533 285/337/533 288/334/533
f 288/334/534 308/325/534 307/338/534
f 301/335/535 307/338/535 314/339/535
f 286/329/536 306/340/536 305/341/536
f 304/330/537 305/341/537 311/342/537
f 306/340/538 299/343/538 312/344/538
f 303/345/539 311/342/539 310/346/539
f 309/327/540 303/345/540 310/346/540
f 312/344/541 300/347/541 313/348/541
f 300/347/542 314/339/542 313/348/542
f 287/332/543 296/349/543 299/343/543
f 299/343/544 297/350/544 300/347/544
f 297/350/545 301/335/545 300/347/545
f 285/337/546 291/351/546 302/326/546
f 302/326/547 276/352/547 303/345/547
f 276/352/548 304/330/548 303/345/548
f 313/348/549 293/353/549 294/354/549
f 295/355/549 313/348/549 294/354/549
f 290/356/550 310/346/550 289/357/550
f 310/346/551 275/358/551 289/357/551
f 283/359/552 312/344/552 295/355/552
f 311/342/553 279/360/553 275/358/553
f 279/360/554 306/340/554 283/359/554
f 314/339/555 281/361/555 293/353/555
f 281/361/556 308/325/556 277/362/556
f 277/362/557 309/327/557 290/356/557
f 308/325/558 285/337/558 302/326/558
f 292/328/559 280/331/559 286/329/559
f 280/331/531 284/363/531 287/332/531
f 298/333/560 282/336/560 288/334/560
f 282/336/561 278/364/561 285/337/561
f 288/334/562 285/337/562 308/325/562
f 301/335/563 288/334/563 307/338/563
f 286/329/564 287/332/564 306/340/564
f 304/330/565 286/329/565 305/341/565
f 306/340/566 287/332/566 299/343/566
f 303/345/567 304/330/567 311/342/567
f 309/327/568 302/326/568 303/345/568
f 312/344/569 299/343/569 300/347/569
f 300/347/570 301/335/570 314/339/570
f 287/332/571 284/363/571 296/349/571
f 299/343/572 296/349/572 297/350/572
f 297/350/573 298/333/573 301/335/573
f 285/337/574 278/364/574 291/351/574
f 302/326/575 291/351/575 276/352/575
f 276/352/576 292/328/576 304/330/576
f 313/348/577 314/339/577 293/353/577
f 295/355/578 312/344/578 313/348/578
f 290/356/579 309/327/579 310/346/579
f 310/346/580 311/342/580 275/358/580
f 283/359/581 306/340/581 312/344/581
f 311/342/582 305/341/582 279/360/582
f 279/360/583 305/341/583 306/340/583
f 314/339/584 307/338/584 281/361/584
f 281/361/585 307/338/585 308/325/585
f 277/362/586 308/325/586 309/327/586
f 316/365/587 317/366/587 315/367/587
f 318/368/588 321/369/588 317/370/588
f 320/371/589 315/372/589 319/373/589
f 321/374/590 315/375/590 317/376/590
f 318/377/591 320/378/591 322/379/591
f 80/85/592 324/380/593 323/381/594
f 95/102/595 326/382/596 327/383/597
f 113/203/598 323/381/599 328/384/600
f 81/84/601 88/95/602 324/380/603
f 89/201/604 83/88/605 326/382/606
f 94/103/607 95/102/608 327/383/609
f 82/89/610 326/382/611 83/88/612
f 100/98/613 89/201/614 326/382/615
f 94/103/616 324/380/617 101/97/618
f 82/89/619 329/385/620 325/386/621
f 88/95/622 101/97/623 324/380/624
f 325/386/625 327/383/626 326/382/627
f 323/381/628 324/380/629 327/383/630
f 323/381/631 327/383/632 328/384/633
f 329/385/634 327/383/635 325/386/636
f 115/142/637 329/385/638 114/140/638
f 113/203/639 328/384/640 112/128/641
f 330/387/642 115/142/643 1624/144/644
f 332/388/645 1624/144/646 1625/145/647
f 331/389/648 328/384/649 327/383/650
f 333/390/651 1625/145/652 118/147/653
f 334/391/654 118/147/655 119/114/656
f 335/392/657 108/202/658 334/391/659
f 119/114/660 335/392/661 334/391/662
f 109/137/663 334/391/664 108/202/665
f 110/133/666 333/390/667 109/137/668
f 329/385/669 331/389/670 327/383/671
f 111/204/672 332/388/673 110/133/674
f 112/128/675 330/387/676 111/204/677
f 316/365/587 318/393/587 317/366/587
f 318/368/588 322/394/588 321/369/588
f 320/371/589 316/395/589 315/372/589
f 321/374/590 319/396/590 315/375/590
f 318/377/591 316/397/591 320/378/591
f 80/85/678 81/84/679 324/380/680
f 95/102/681 100/98/682 326/382/683
f 113/203/684 80/85/685 323/381/686
f 82/89/687 325/386/688 326/382/689
f 94/103/690 327/383/691 324/380/692
f 82/89/693 114/140/694 329/385/695
f 330/387/696 331/389/697 115/142/698
f 332/388/699 330/387/700 1624/144/701
f 331/389/702 112/128/703 328/384/704
f 333/390/705 332/388/706 1625/145/707
f 334/391/708 333/390/709 118/147/710
f 335/392/711 106/116/711 108/202/712
f 119/114/713 107/113/714 335/392/714
f 109/137/715 333/390/716 334/391/717
f 110/133/718 332/388/719 333/390/720
f 329/385/721 115/142/722 331/389/723
f 111/204/724 330/387/725 332/388/726
f 112/128/727 331/389/728 330/387/729
f 337/398/730 338/399/730 336/400/730
f 339/401/731 340/402/731 338/399/731
f 341/403/732 342/404/732 340/402/732
f 343/405/733 344/406/733 342/404/733
f 345/407/734 343/408/734 341/409/734
f 345/410/735 346/411/735 344/406/735
f 347/412/736 336/413/736 346/411/736
f 349/398/730 350/399/730 348/400/730
f 351/401/731 352/402/731 350/399/731
f 353/403/732 354/404/732 352/402/732
f 355/405/733 356/406/733 354/404/733
f 357/407/734 355/408/734 353/409/734
f 357/410/735 358/411/735 356/406/735
f 359/412/736 348/413/736 358/411/736
f 361/398/730 362/399/730 360/400/730
f 363/401/731 364/402/731 362/399/731
f 365/403/732 366/404/732 364/402/732
f 367/405/733 368/406/733 366/404/733
f 369/407/734 367/408/734 365/409/734
f 369/410/735 370/411/735 368/406/735
f 371/412/736 360/413/736 370/411/736
f 373/398/730 374/399/730 372/400/730
f 375/401/731 376/402/731 374/399/731
f 377/403/732 378/404/732 376/402/732
f 379/405/733 380/406/733 378/404/733
f 381/407/734 379/408/734 377/409/734
f 381/410/735 382/411/735 380/406/735
f 383/412/736 372/413/736 382/411/736
f 385/398/730 386/399/730 384/400/730
f 387/401/731 388/402/731 386/399/731
f 389/403/732 390/404/732 388/402/732
f 391/405/733 392/406/733 390/404/733
f 393/407/734 391/408/734 389/409/734
f 393/410/735 394/411/735 392/406/735
f 395/412/736 384/413/736 394/411/736
f 397/398/730 398/399/730 396/400/730
f 399/401/731 400/402/731 398/399/731
f 401/403/732 402/404/732 400/402/732
f 403/405/733 404/406/733 402/404/733
f 405/407/734 403/408/734 401/409/734
f 405/410/735 406/411/735 404/406/735
f 407/412/736 396/413/736 406/411/736
f 409/398/730 410/399/730 408/400/730
f 411/401/731 412/402/731 410/399/731
f 413/403/732 414/404/732 412/402/732
f 415/405/733 416/406/733 414/404/733
f 417/407/734 415/408/734 413/409/734
f 417/410/735 418/411/735 416/406/735
f 419/412/736 408/413/736 418/411/736
f 421/398/730 422/399/730 420/400/730
f 423/401/731 424/402/731 422/399/731
f 425/403/732 426/404/732 424/402/732
f 427/405/733 428/406/733 426/404/733
f 429/407/734 427/408/734 425/409/734
f 429/410/735 430/411/735 428/406/735
f 431/412/736 420/413/736 430/411/736
f 433/398/730 434/399/730 432/400/730
f 435/401/731 436/402/731 434/399/731
f 437/403/732 438/404/732 436/402/732
f 439/405/733 440/406/733 438/404/733
f 441/407/734 439/408/734 437/409/734
f 441/410/735 442/411/735 440/406/735
f 443/412/736 432/413/736 442/411/736
f 445/398/730 446/399/730 444/400/730
f 447/401/731 448/402/731 446/399/731
f 449/403/732 450/404/732 448/402/732
f 451/405/733 452/406/733 450/404/733
f 453/407/734 451/408/734 449/409/734
f 453/410/735 454/411/735 452/406/735
f 455/412/736 444/413/736 454/411/736
f 457/398/730 458/399/730 456/400/730
f 459/401/731 460/402/731 458/399/731
f 461/403/732 462/404/732 460/402/732
f 463/405/733 464/406/733 462/404/733
f 465/407/734 463/408/734 461/409/734
f 465/410/735 466/411/735 464/406/735
f 467/412/736 456/413/736 466/411/736
f 469/398/730 470/399/730 468/400/730
f 471/401/731 472/402/731 470/399/731
f 473/403/732 474/404/732 472/402/732
f 475/405/733 476/406/733 474/404/733
f 477/407/734 475/408/734 473/409/734
f 477/410/735 478/411/735 476/406/735
f 479/412/736 468/413/736 478/411/736
f 493/398/730 494/399/730 492/400/730
f 495/401/731 496/402/731 494/399/731
f 497/403/732 498/404/732 496/402/732
f 499/405/733 500/406/733 498/404/733
f 501/407/734 499/408/734 497/409/734
f 501/410/735 502/411/735 500/406/735
f 503/412/736 492/413/736 502/411/736
f 505/398/730 506/399/730 504/400/730
f 507/401/731 508/402/731 506/399/731
f 509/403/732 510/404/732 508/402/732
f 511/405/733 512/406/733 510/404/733
f 513/407/734 511/408/734 509/409/734
f 513/410/735 514/411/735 512/406/735
f 515/412/736 504/413/736 514/411/736
f 517/398/730 518/399/730 516/400/730
f 519/401/731 520/402/731 518/399/731
f 521/403/732 522/404/732 520/402/732
f 523/405/733 524/406/733 522/404/733
f 525/407/734 523/408/734 521/409/734
f 525/410/735 526/411/735 524/406/735
f 527/412/736 516/413/736 526/411/736
f 529/398/730 530/399/730 528/400/730
f 531/401/731 532/402/731 530/399/731
f 533/403/732 534/404/732 532/402/732
f 535/405/733 536/406/733 534/404/733
f 537/407/734 535/408/734 533/409/734
f 537/410/735 538/411/735 536/406/735
f 539/412/736 528/413/736 538/411/736
f 541/398/730 542/399/730 540/400/730
f 543/401/731 544/402/731 542/399/731
f 545/403/732 546/404/732 544/402/732
f 547/405/733 548/406/733 546/404/733
f 549/407/734 547/408/734 545/409/734
f 549/410/735 550/411/735 548/406/735
f 551/412/736 540/413/736 550/411/736
f 555/401/736 556/402/736 554/399/736
f 557/403/730 558/404/730 556/402/730
f 559/405/731 560/406/731 558/404/731
f 561/407/734 559/408/734 557/409/734
f 561/410/732 562/411/732 560/406/732
f 563/412/733 552/413/733 562/411/733
f 565/398/735 566/399/735 564/400/735
f 567/401/736 568/402/736 566/399/736
f 569/403/730 570/404/730 568/402/730
f 571/405/731 572/406/731 570/404/731
f 573/407/734 571/408/734 569/409/734
f 573/410/732 574/411/732 572/406/732
f 575/412/733 564/413/733 574/411/733
f 577/398/735 578/399/735 576/400/735
f 579/401/736 580/402/736 578/399/736
f 581/403/730 582/404/730 580/402/730
f 583/405/731 584/406/731 582/404/731
f 585/407/734 583/408/734 581/409/734
f 585/410/732 586/411/732 584/406/732
f 587/412/733 576/413/733 586/411/733
f 589/398/735 590/399/735 588/400/735
f 591/401/736 592/402/736 590/399/736
f 593/403/730 594/404/730 592/402/730
f 595/405/731 596/406/731 594/404/731
f 597/407/734 595/408/734 593/409/734
f 597/410/732 598/411/732 596/406/732
f 599/412/733 588/413/733 598/411/733
f 601/398/735 602/399/735 600/400/735
f 603/401/736 604/402/736 602/399/736
f 605/403/730 606/404/730 604/402/730
f 607/405/731 608/406/731 606/404/731
f 609/407/734 607/408/734 605/409/734
f 609/410/732 610/411/732 608/406/732
f 611/412/733 600/413/733 610/411/733
f 613/398/735 614/399/735 612/400/735
f 615/401/736 616/402/736 614/399/736
f 617/403/730 618/404/730 616/402/730
f 619/405/731 620/406/731 618/404/731
f 613/414/734 621/407/734 617/409/734
f 621/410/732 622/411/732 620/406/732
f 623/412/733 612/413/733 622/411/733
f 625/398/735 626/399/735 624/400/735
f 627/401/736 628/402/736 626/399/736
f 629/403/730 630/404/730 628/402/730
f 631/405/731 632/406/731 630/404/731
f 633/407/734 631/408/734 629/409/734
f 633/410/732 634/411/732 632/406/732
f 635/412/733 624/413/733 634/411/733
f 637/398/735 638/399/735 636/400/735
f 639/401/736 640/402/736 638/399/736
f 641/403/730 642/404/730 640/402/730
f 643/405/731 644/406/731 642/404/731
f 645/407/734 643/408/734 641/409/734
f 645/410/732 646/411/732 644/406/732
f 647/412/733 636/413/733 646/411/733
f 649/398/735 650/399/735 648/400/735
f 651/401/736 652/402/736 650/399/736
f 653/403/730 654/404/730 652/402/730
f 655/405/731 656/406/731 654/404/731
f 657/407/734 655/408/734 653/409/734
f 657/410/732 658/411/732 656/406/732
f 659/412/733 648/413/733 658/411/733
f 661/398/735 662/399/735 660/400/735
f 663/401/736 664/402/736 662/399/736
f 665/403/730 666/404/730 664/402/730
f 667/405/731 668/406/731 666/404/731
f 669/407/734 667/408/734 665/409/734
f 669/410/732 670/411/732 668/406/732
f 671/412/733 660/413/733 670/411/733
f 673/398/735 674/399/735 672/400/735
f 675/401/736 676/402/736 674/399/736
f 677/403/730 678/404/730 676/402/730
f 679/405/731 680/406/731 678/404/731
f 681/407/734 679/408/734 677/409/734
f 681/410/732 682/411/732 680/406/732
f 683/412/733 672/413/733 682/411/733
f 685/398/735 686/399/735 684/400/735
f 687/401/736 688/402/736 686/399/736
f 689/403/730 690/404/730 688/402/730
f 691/405/731 692/406/731 690/404/731
f 693/407/734 691/408/734 689/409/734
f 693/410/732 694/411/732 692/406/732
f 695/412/733 684/413/733 694/411/733
f 697/398/735 698/399/735 696/400/735
f 699/401/736 700/402/736 698/399/736
f 701/403/730 702/404/730 700/402/730
f 703/405/731 704/406/731 702/404/731
f 705/407/734 703/408/734 701/409/734
f 705/410/732 706/411/732 704/406/732
f 707/412/733 696/413/733 706/411/733
f 709/398/735 710/399/735 708/400/735
f 711/401/736 712/402/736 710/399/736
f 713/403/730 714/404/730 712/402/730
f 715/405/731 716/406/731 714/404/731
f 717/407/734 715/408/734 713/409/734
f 717/410/732 718/411/732 716/406/732
f 719/412/733 708/413/733 718/411/733
f 721/398/735 722/399/735 720/400/735
f 723/401/736 724/402/736 722/399/736
f 725/403/730 726/404/730 724/402/730
f 727/405/731 728/406/731 726/404/731
f 729/407/734 727/408/734 725/409/734
f 729/410/732 730/411/732 728/406/732
f 731/412/733 720/413/733 730/411/733
f 733/398/735 734/399/735 732/400/735
f 735/401/736 736/402/736 734/399/736
f 737/403/730 738/404/730 736/402/730
f 739/405/731 740/406/731 738/404/731
f 741/407/734 739/408/734 737/409/734
f 741/410/732 742/411/732 740/406/732
f 743/412/733 732/413/733 742/411/733
f 745/398/735 746/399/735 744/400/735
f 747/401/736 748/402/736 746/399/736
f 749/403/730 750/404/730 748/402/730
f 751/405/731 752/406/731 750/404/731
f 745/414/734 753/407/734 749/409/734
f 753/410/732 754/411/732 752/406/732
f 755/412/733 744/413/733 754/411/733
f 757/398/735 758/399/735 756/400/735
f 759/401/736 760/402/736 758/399/736
f 761/403/730 762/404/730 760/402/730
f 763/405/731 764/406/731 762/404/731
f 765/407/734 763/408/734 761/409/734
f 765/410/732 766/411/732 764/406/732
f 767/412/733 756/413/733 766/411/733
f 769/398/735 770/399/735 768/400/735
f 771/401/736 772/402/736 770/399/736
f 773/403/730 774/404/730 772/402/730
f 775/405/731 776/406/731 774/404/731
f 777/407/734 775/408/734 773/409/734
f 777/410/732 778/411/732 776/406/732
f 779/412/733 768/413/733 778/411/733
f 781/398/737 782/399/737 780/400/737
f 783/401/738 784/402/738 782/399/738
f 785/403/739 786/404/739 784/402/739
f 787/405/740 788/406/740 786/404/740
f 789/407/734 787/408/734 785/409/734
f 789/410/741 790/411/741 788/406/741
f 791/412/742 780/413/742 790/411/742
f 793/398/735 794/399/735 792/400/735
f 795/401/736 796/402/736 794/399/736
f 797/403/730 798/404/730 796/402/730
f 799/405/731 800/406/731 798/404/731
f 801/407/734 799/408/734 797/409/734
f 801/410/732 802/411/732 800/406/732
f 803/412/733 792/413/733 802/411/733
f 805/398/735 806/399/735 804/400/735
f 807/401/736 808/402/736 806/399/736
f 809/403/730 810/404/730 808/402/730
f 811/405/731 812/406/731 810/404/731
f 813/407/734 811/408/734 809/409/734
f 813/410/732 814/411/732 812/406/732
f 815/412/733 804/413/733 814/411/733
f 817/398/735 818/399/735 816/400/735
f 819/401/736 820/402/736 818/399/736
f 821/403/730 822/404/730 820/402/730
f 823/405/731 824/406/731 822/404/731
f 825/407/734 823/408/734 821/409/734
f 825/410/732 826/411/732 824/406/732
f 827/412/733 816/413/733 826/411/733
f 829/398/730 830/399/730 828/400/730
f 831/401/731 832/402/731 830/399/731
f 833/403/732 834/404/732 832/402/732
f 835/405/733 836/406/733 834/404/733
f 837/407/734 835/408/734 833/409/734
f 837/410/735 838/411/735 836/406/735
f 839/412/736 828/413/736 838/411/736
f 841/398/730 842/399/730 840/400/730
f 843/401/731 844/402/731 842/399/731
f 845/403/732 846/404/732 844/402/732
f 847/405/733 848/406/733 846/404/733
f 849/407/734 847/408/734 845/409/734
f 849/410/735 850/411/735 848/406/735
f 1496/412/736 1507/413/736 1497/411/736
f 853/398/730 854/399/730 852/400/730
f 855/401/731 856/402/731 854/399/731
f 857/403/732 858/404/732 856/402/732
f 859/405/733 860/406/733 858/404/733
f 861/407/734 859/408/734 857/409/734
f 861/410/735 862/411/735 860/406/735
f 863/412/736 852/413/736 862/411/736
f 1498/410/735 1497/411/735 1499/406/735
f 865/398/730 866/399/730 864/400/730
f 867/401/731 868/402/731 866/399/731
f 869/403/732 870/404/732 868/402/732
f 871/405/733 872/406/733 870/404/733
f 873/407/734 871/408/734 869/409/734
f 873/410/735 874/411/735 872/406/735
f 875/412/736 864/413/736 874/411/736
f 1498/407/734 1500/408/734 1502/409/734
f 877/398/730 878/399/730 876/400/730
f 879/401/731 880/402/731 878/399/731
f 881/403/732 882/404/732 880/402/732
f 883/405/733 884/406/733 882/404/733
f 885/407/734 883/408/734 881/409/734
f 885/410/735 886/411/735 884/406/735
f 887/412/736 876/413/736 886/411/736
f 1500/405/733 1499/406/733 1501/404/733
f 889/398/730 890/399/730 888/400/730
f 891/401/731 892/402/731 890/399/731
f 893/403/732 894/404/732 892/402/732
f 895/405/733 896/406/733 894/404/733
f 897/407/734 895/408/734 893/409/734
f 897/410/735 898/411/735 896/406/735
f 899/412/736 888/413/736 898/411/736
f 1502/403/732 1501/404/732 1503/402/732
f 903/401/743 904/402/743 902/399/743
f 904/402/744 907/405/744 906/404/744
f 907/405/745 908/406/745 906/404/745
f 909/407/734 907/408/734 905/409/734
f 909/410/746 910/411/746 908/406/746
f 911/412/747 900/413/747 910/411/747
f 1504/401/731 1503/402/731 1505/399/731
f 913/398/748 914/399/748 912/400/748
f 915/401/749 916/402/749 914/399/749
f 917/403/750 918/404/750 916/402/750
f 919/405/751 920/406/751 918/404/751
f 921/407/734 919/408/734 917/409/734
f 921/410/752 922/411/752 920/406/752
f 923/412/753 912/413/753 922/411/753
f 1506/398/730 1505/399/730 1507/400/730
f 925/398/735 926/399/735 924/400/735
f 927/401/736 928/402/736 926/399/736
f 928/402/730 931/405/730 930/404/730
f 931/405/731 932/406/731 930/404/731
f 933/407/734 931/408/734 929/409/734
f 933/410/732 934/411/732 932/406/732
f 935/412/733 924/413/733 934/411/733
f 1495/400/730 1492/401/730 1493/399/730
f 937/398/735 938/399/735 936/400/735
f 939/401/736 940/402/736 938/399/736
f 941/403/730 942/404/730 940/402/730
f 943/405/731 944/406/731 942/404/731
f 945/407/734 943/408/734 941/409/734
f 945/410/732 946/411/732 944/406/732
f 947/412/733 936/413/733 946/411/733
f 1492/401/731 1491/402/731 1493/399/731
f 949/398/735 950/399/735 948/400/735
f 951/401/736 952/402/736 950/399/736
f 953/403/730 954/404/730 952/402/730
f 955/405/731 956/406/731 954/404/731
f 957/407/734 955/408/734 953/409/734
f 957/410/732 958/411/732 956/406/732
f 959/412/733 948/413/733 958/411/733
f 1490/403/732 1489/404/732 1491/402/732
f 961/398/735 962/399/735 960/400/735
f 963/401/736 964/402/736 962/399/736
f 965/403/730 966/404/730 964/402/730
f 967/405/731 968/406/731 966/404/731
f 961/414/734 969/407/734 965/409/734
f 969/410/732 970/411/732 968/406/732
f 971/412/733 960/413/733 970/411/733
f 1488/405/733 1487/406/733 1489/404/733
f 973/398/735 974/399/735 972/400/735
f 975/401/736 976/402/736 974/399/736
f 977/403/730 978/404/730 976/402/730
f 979/405/731 980/406/731 978/404/731
f 981/407/734 979/408/734 977/409/734
f 981/410/732 982/411/732 980/406/732
f 983/412/733 972/413/733 982/411/733
f 1486/407/734 1488/408/734 1490/409/734
f 985/398/735 986/399/735 984/400/735
f 987/401/736 988/402/736 986/399/736
f 989/403/730 990/404/730 988/402/730
f 991/405/731 992/406/731 990/404/731
f 993/407/734 991/408/734 989/409/734
f 993/410/732 994/411/732 992/406/732
f 995/412/733 984/413/733 994/411/733
f 1486/410/735 1485/411/735 1487/406/735
f 997/398/735 998/399/735 996/400/735
f 999/401/736 1000/402/736 998/399/736
f 1001/403/730 1002/404/730 1000/402/730
f 1003/405/731 1004/406/731 1002/404/731
f 1005/407/734 1003/408/734 1001/409/734
f 1005/410/732 1006/411/732 1004/406/732
f 1007/412/733 996/413/733 1006/411/733
f 1485/411/736 1494/415/736 1495/413/736
f 1009/398/735 1010/399/735 1008/400/735
f 1011/401/736 1012/402/736 1010/399/736
f 1013/403/730 1014/404/730 1012/402/730
f 1015/405/731 1016/406/731 1014/404/731
f 1017/407/734 1015/408/734 1013/409/734
f 1017/410/732 1018/411/732 1016/406/732
f 1019/412/733 1008/413/733 1018/411/733
f 1472/412/736 1483/413/736 1473/411/736
f 1021/398/735 1022/399/735 1020/400/735
f 1023/401/736 1024/402/736 1022/399/736
f 1025/403/730 1026/404/730 1024/402/730
f 1027/405/731 1028/406/731 1026/404/731
f 1029/407/734 1027/408/734 1025/409/734
f 1029/410/732 1030/411/732 1028/406/732
f 1031/412/733 1020/413/733 1030/411/733
f 1474/410/735 1473/411/735 1475/406/735
f 1033/398/735 1034/399/735 1032/400/735
f 1035/401/736 1036/402/736 1034/399/736
f 1037/403/730 1038/404/730 1036/402/730
f 1039/405/731 1040/406/731 1038/404/731
f 1041/407/734 1039/408/734 1037/409/734
f 1041/410/732 1042/411/732 1040/406/732
f 1043/412/733 1032/413/733 1042/411/733
f 1474/407/734 1476/408/734 1478/409/734
f 1047/401/736 1048/402/736 1046/399/736
f 1049/403/730 1050/404/730 1048/402/730
f 1051/405/731 1052/406/731 1050/404/731
f 1053/407/734 1051/408/734 1049/409/734
f 1053/410/732 1054/411/732 1052/406/732
f 1055/412/733 1044/413/733 1054/411/733
f 1476/405/733 1475/406/733 1477/404/733
f 1057/398/735 1058/399/735 1056/400/735
f 1059/401/736 1060/402/736 1058/399/736
f 1061/403/730 1062/404/730 1060/402/730
f 1063/405/731 1064/406/731 1062/404/731
f 1065/407/734 1063/408/734 1061/409/734
f 1065/410/732 1066/411/732 1064/406/732
f 1067/412/733 1056/413/733 1066/411/733
f 1478/403/732 1477/404/732 1479/402/732
f 1069/398/735 1070/399/735 1068/400/735
f 1071/401/736 1072/402/736 1070/399/736
f 1072/402/730 1075/405/730 1074/404/730
f 1075/405/731 1076/406/731 1074/404/731
f 1077/407/734 1075/408/734 1073/409/734
f 1077/410/732 1078/411/732 1076/406/732
f 1079/412/733 1068/413/733 1078/411/733
f 1480/401/731 1479/402/731 1481/399/731
f 1081/398/735 1082/399/735 1080/400/735
f 1083/401/736 1084/402/736 1082/399/736
f 1085/403/730 1086/404/730 1084/402/730
f 1087/405/731 1088/406/731 1086/404/731
f 1089/407/734 1087/408/734 1085/409/734
f 1089/410/732 1090/411/732 1088/406/732
f 1091/412/733 1080/413/733 1090/411/733
f 1482/398/730 1481/399/730 1483/400/730
f 1093/398/735 1094/399/735 1092/400/735
f 1095/401/736 1096/402/736 1094/399/736
f 1097/403/730 1098/404/730 1096/402/730
f 1099/405/731 1100/406/731 1098/404/731
f 1101/407/734 1099/408/734 1097/409/734
f 1101/410/732 1102/411/732 1100/406/732
f 1103/412/733 1092/413/733 1102/411/733
f 1470/398/730 1469/399/730 1471/400/730
f 1105/398/735 1106/399/735 1104/400/735
f 1107/401/736 1108/402/736 1106/399/736
f 1109/403/730 1110/404/730 1108/402/730
f 1111/405/731 1112/406/731 1110/404/731
f 1105/414/734 1113/407/734 1109/409/734
f 1113/410/732 1114/411/732 1112/406/732
f 1115/412/733 1104/413/733 1114/411/733
f 1468/401/731 1467/402/731 1469/399/731
f 1117/398/735 1118/399/735 1116/400/735
f 1119/401/736 1120/402/736 1118/399/736
f 1121/403/730 1122/404/730 1120/402/730
f 1123/405/731 1124/406/731 1122/404/731
f 1125/407/734 1123/408/734 1121/409/734
f 1125/410/732 1126/411/732 1124/406/732
f 1127/412/733 1116/413/733 1126/411/733
f 1466/403/732 1465/404/732 1467/402/732
f 1129/398/735 1130/399/735 1128/400/735
f 1131/401/736 1132/402/736 1130/399/736
f 1133/403/730 1134/404/730 1132/402/730
f 1135/405/731 1136/406/731 1134/404/731
f 1137/407/734 1135/408/734 1133/409/734
f 1137/410/732 1138/411/732 1136/406/732
f 1139/412/733 1128/413/733 1138/411/733
f 1464/405/733 1463/406/733 1465/404/733
f 1141/398/735 1142/399/735 1140/400/735
f 1143/401/736 1144/402/736 1142/399/736
f 1145/403/730 1146/404/730 1144/402/730
f 1147/405/731 1148/406/731 1146/404/731
f 1149/407/734 1147/408/734 1145/409/734
f 1149/410/732 1150/411/732 1148/406/732
f 1151/412/733 1140/413/733 1150/411/733
f 1462/407/734 1464/408/734 1466/409/734
f 1153/398/735 1154/399/735 1152/400/735
f 1155/401/736 1156/402/736 1154/399/736
f 1157/403/730 1158/404/730 1156/402/730
f 1159/405/731 1160/406/731 1158/404/731
f 1161/407/734 1159/408/734 1157/409/734
f 1161/410/732 1162/411/732 1160/406/732
f 1163/412/733 1152/413/733 1162/411/733
f 1462/410/735 1461/411/735 1463/406/735
f 1165/398/735 1166/399/735 1164/400/735
f 1167/401/736 1168/402/736 1166/399/736
f 1169/403/730 1170/404/730 1168/402/730
f 1171/405/731 1172/406/731 1170/404/731
f 1173/407/734 1171/408/734 1169/409/734
f 1173/410/732 1174/411/732 1172/406/732
f 1175/412/733 1164/413/733 1174/411/733
f 1460/412/736 1471/413/736 1461/411/736
f 1177/398/735 1178/399/735 1176/400/735
f 1179/401/736 1180/402/736 1178/399/736
f 1181/403/730 1182/404/730 1180/402/730
f 1183/405/731 1184/406/731 1182/404/731
f 1185/407/734 1183/408/734 1181/409/734
f 1185/410/732 1186/411/732 1184/406/732
f 1187/412/733 1176/413/733 1186/411/733
f 1448/412/736 1459/413/736 1449/411/736
f 1189/398/730 1190/399/730 1188/400/730
f 1191/401/731 1192/402/731 1190/399/731
f 1193/403/732 1194/404/732 1192/402/732
f 1195/405/733 1196/406/733 1194/404/733
f 1197/407/734 1195/408/734 1193/409/734
f 1197/410/735 1198/411/735 1196/406/735
f 1199/412/736 1188/413/736 1198/411/736
f 1450/410/735 1449/411/735 1451/406/735
f 1201/398/730 1202/399/730 1200/400/730
f 1203/401/731 1204/402/731 1202/399/731
f 1205/403/732 1206/404/732 1204/402/732
f 1207/405/733 1208/406/733 1206/404/733
f 1209/407/734 1207/408/734 1205/409/734
f 1209/410/735 1210/411/735 1208/406/735
f 1450/407/734 1452/408/734 1454/409/734
f 1213/398/730 1214/399/730 1212/400/730
f 1215/401/731 1216/402/731 1214/399/731
f 1217/403/732 1218/404/732 1216/402/732
f 1219/405/733 1220/406/733 1218/404/733
f 1221/407/734 1219/408/734 1217/409/734
f 1221/410/735 1222/411/735 1220/406/735
f 1223/412/736 1212/413/736 1222/411/736
f 1452/405/733 1451/406/733 1453/404/733
f 1225/398/730 1226/399/730 1224/400/730
f 1227/401/731 1228/402/731 1226/399/731
f 1229/403/732 1230/404/732 1228/402/732
f 1231/405/733 1232/406/733 1230/404/733
f 1233/407/734 1231/408/734 1229/409/734
f 1233/410/735 1234/411/735 1232/406/735
f 1235/412/736 1224/413/736 1234/411/736
f 1454/403/732 1453/404/732 1455/402/732
f 1237/398/730 1238/399/730 1236/400/730
f 1239/401/731 1240/402/731 1238/399/731
f 1241/403/732 1242/404/732 1240/402/732
f 1243/405/733 1244/406/733 1242/404/733
f 1245/407/734 1243/408/734 1241/409/734
f 1245/410/735 1246/411/735 1244/406/735
f 1247/412/736 1236/413/736 1246/411/736
f 1456/401/731 1455/402/731 1457/399/731
f 1249/398/730 1250/399/730 1248/400/730
f 1251/401/731 1252/402/731 1250/399/731
f 1253/403/732 1254/404/732 1252/402/732
f 1255/405/733 1256/406/733 1254/404/733
f 1257/407/734 1255/408/734 1253/409/734
f 1257/410/735 1258/411/735 1256/406/735
f 1259/412/736 1248/413/736 1258/411/736
f 1458/398/730 1457/399/730 1459/400/730
f 1265/401/736 1266/402/736 1264/399/736
f 1267/403/730 1268/404/730 1266/402/730
f 1269/405/731 1270/406/731 1268/404/731
f 1271/407/734 1269/408/734 1267/409/734
f 1271/410/732 1272/411/732 1270/406/732
f 1273/412/733 1262/413/733 1272/411/733
f 1446/398/730 1445/399/730 1447/400/730
f 1281/398/735 1282/399/735 1280/400/735
f 1283/401/736 1284/402/736 1282/399/736
f 1285/403/730 1286/404/730 1284/402/730
f 1287/405/731 1288/406/731 1286/404/731
f 1289/407/734 1287/408/734 1285/409/734
f 1289/410/732 1290/411/732 1288/406/732
f 1291/412/733 1280/413/733 1290/411/733
f 1444/401/731 1443/402/731 1445/399/731
f 1293/398/730 1294/399/730 1292/400/730
f 1295/401/731 1296/402/731 1294/399/731
f 1297/403/732 1298/404/732 1296/402/732
f 1299/405/733 1300/406/733 1298/404/733
f 1301/407/734 1299/408/734 1297/409/734
f 1301/410/735 1302/411/735 1300/406/735
f 1303/412/736 1292/413/736 1302/411/736
f 1442/403/732 1441/404/732 1443/402/732
f 1305/398/730 1306/399/730 1304/400/730
f 1307/401/731 1308/402/731 1306/399/731
f 1309/403/732 1310/404/732 1308/402/732
f 1311/405/733 1312/406/733 1310/404/733
f 1313/407/734 1311/408/734 1309/409/734
f 1313/410/735 1314/411/735 1312/406/735
f 1440/405/733 1439/406/733 1441/404/733
f 1317/398/730 1318/399/730 1316/400/730
f 1319/401/731 1320/402/731 1318/399/731
f 1321/403/732 1322/404/732 1320/402/732
f 1323/405/733 1324/406/733 1322/404/733
f 1325/407/734 1323/408/734 1321/409/734
f 1325/410/735 1326/411/735 1324/406/735
f 1327/412/736 1316/413/736 1326/411/736
f 1438/407/734 1440/408/734 1442/409/734
f 1329/398/730 1330/399/730 1328/400/730
f 1331/401/731 1332/402/731 1330/399/731
f 1333/403/732 1334/404/732 1332/402/732
f 1335/405/733 1336/406/733 1334/404/733
f 1337/407/734 1335/408/734 1333/409/734
f 1337/410/735 1338/411/735 1336/406/735
f 1339/412/736 1328/413/736 1338/411/736
f 1438/410/735 1437/411/735 1439/406/735
f 1341/398/730 1342/399/730 1340/400/730
f 1343/401/731 1344/402/731 1342/399/731
f 1345/403/732 1346/404/732 1344/402/732
f 1347/405/733 1348/406/733 1346/404/733
f 1349/407/734 1347/408/734 1345/409/734
f 1349/410/735 1350/411/735 1348/406/735
f 1351/412/736 1340/413/736 1350/411/736
f 1436/412/736 1447/413/736 1437/411/736
f 1353/398/730 1354/399/730 1352/400/730
f 1355/401/731 1356/402/731 1354/399/731
f 1357/403/732 1358/404/732 1356/402/732
f 1359/405/733 1360/406/733 1358/404/733
f 1361/407/734 1359/408/734 1357/409/734
f 1361/410/735 1362/411/735 1360/406/735
f 1363/412/736 1352/413/736 1362/411/736
f 480/412/736 491/413/736 481/411/736
f 1365/398/730 1366/399/730 1364/400/730
f 1367/401/731 1368/402/731 1366/399/731
f 1369/403/732 1370/404/732 1368/402/732
f 1371/405/733 1372/406/733 1370/404/733
f 1373/407/734 1371/408/734 1369/409/734
f 1373/410/735 1374/411/735 1372/406/735
f 1375/412/736 1364/413/736 1374/411/736
f 482/410/735 481/411/735 483/406/735
f 1377/398/730 1378/399/730 1376/400/730
f 1379/401/731 1380/402/731 1378/399/731
f 1381/403/732 1382/404/732 1380/402/732
f 1383/405/733 1384/406/733 1382/404/733
f 1385/407/734 1383/408/734 1381/409/734
f 1385/410/735 1386/411/735 1384/406/735
f 1387/412/736 1376/413/736 1386/411/736
f 482/407/734 484/408/734 486/409/734
f 1389/398/730 1390/399/730 1388/400/730
f 1391/401/731 1392/402/731 1390/399/731
f 1393/403/732 1394/404/732 1392/402/732
f 1395/405/733 1396/406/733 1394/404/733
f 1397/407/734 1395/408/734 1393/409/734
f 1397/410/735 1398/411/735 1396/406/735
f 1399/412/736 1388/413/736 1398/411/736
f 484/405/733 483/406/733 485/404/733
f 1401/398/730 1402/399/730 1400/400/730
f 1403/401/731 1404/402/731 1402/399/731
f 1405/403/732 1406/404/732 1404/402/732
f 1407/405/733 1408/406/733 1406/404/733
f 1409/407/734 1407/408/734 1405/409/734
f 1409/410/735 1410/411/735 1408/406/735
f 1411/412/736 1400/413/736 1410/411/736
f 486/403/732 485/404/732 487/402/732
f 1413/398/730 1414/399/730 1412/400/730
f 1415/401/731 1416/402/731 1414/399/731
f 1417/403/732 1418/404/732 1416/402/732
f 1419/405/733 1420/406/733 1418/404/733
f 1421/407/734 1419/408/734 1417/409/734
f 1421/410/735 1422/411/735 1420/406/735
f 1423/412/736 1412/413/736 1422/411/736
f 488/401/731 487/402/731 489/399/731
f 1427/401/736 1428/402/736 1426/399/736
f 1428/402/730 1431/405/730 1430/404/730
f 1431/405/731 1432/406/731 1430/404/731
f 1433/407/734 1431/408/734 1429/409/734
f 1433/410/732 1434/411/732 1432/406/732
f 1435/412/733 1424/413/733 1434/411/733
f 490/398/730 489/399/730 491/400/730
f 1518/398/730 1517/399/730 1519/400/730
f 1516/401/731 1515/402/731 1517/399/731
f 1514/403/732 1513/404/732 1515/402/732
f 1512/405/733 1511/406/733 1513/404/733
f 1510/407/734 1512/408/734 1514/409/734
f 1510/410/735 1509/411/735 1511/406/735
f 1508/412/736 1519/413/736 1509/411/736
f 1530/398/730 1529/399/730 1531/400/730
f 1528/401/731 1527/402/731 1529/399/731
f 1526/403/732 1525/404/732 1527/402/732
f 1524/405/733 1523/406/733 1525/404/733
f 1522/407/734 1524/408/734 1526/409/734
f 1522/410/735 1521/411/735 1523/406/735
f 1520/412/736 1531/413/736 1521/411/736
f 1542/398/730 1541/399/730 1543/400/730
f 1540/401/731 1539/402/731 1541/399/731
f 1538/403/732 1537/404/732 1539/402/732
f 1536/405/733 1535/406/733 1537/404/733
f 1534/407/734 1536/408/734 1538/409/734
f 1534/410/735 1533/411/735 1535/406/735
f 1532/412/736 1543/413/736 1533/411/736
f 1554/398/730 1553/399/730 1555/400/730
f 1552/401/731 1551/402/731 1553/399/731
f 1550/403/732 1549/404/732 1551/402/732
f 1548/405/733 1547/406/733 1549/404/733
f 1546/407/734 1548/408/734 1550/409/734
f 1546/410/735 1545/411/735 1547/406/735
f 1544/412/736 1555/413/736 1545/411/736
f 1566/398/730 1565/399/730 1567/400/730
f 1564/401/731 1563/402/731 1565/399/731
f 1562/403/732 1561/404/732 1563/402/732
f 1560/405/733 1559/406/733 1561/404/733
f 1558/407/734 1560/408/734 1562/409/734
f 1558/410/735 1557/411/735 1559/406/735
f 1556/412/736 1567/413/736 1557/411/736
f 337/398/730 339/401/730 338/399/730
f 339/401/731 341/403/731 340/402/731
f 341/403/732 343/405/732 342/404/732
f 343/405/733 345/410/733 344/406/733
f 341/409/734 339/416/734 337/414/734
f 337/414/734 347/417/734 341/409/734
f 347/417/734 345/407/734 341/409/734
f 345/410/735 347/412/735 346/411/735
f 347/412/736 337/415/736 336/413/736
f 349/398/730 351/401/730 350/399/730
f 351/401/731 353/403/731 352/402/731
f 353/403/732 355/405/732 354/404/732
f 355/405/733 357/410/733 356/406/733
f 353/409/734 351/416/734 349/414/734
f 349/414/734 359/417/734 353/409/734
f 359/417/734 357/407/734 353/409/734
f 357/410/735 359/412/735 358/411/735
f 359/412/736 349/415/736 348/413/736
f 361/398/730 363/401/730 362/399/730
f 363/401/731 365/403/731 364/402/731
f 365/403/732 367/405/732 366/404/732
f 367/405/733 369/410/733 368/406/733
f 365/409/734 363/416/734 361/414/734
f 361/414/734 371/417/734 365/409/734
f 371/417/734 369/407/734 365/409/734
f 369/410/735 371/412/735 370/411/735
f 371/412/736 361/415/736 360/413/736
f 373/398/730 375/401/730 374/399/730
f 375/401/731 377/403/731 376/402/731
f 377/403/732 379/405/732 378/404/732
f 379/405/733 381/410/733 380/406/733
f 377/409/734 375/416/734 373/414/734
f 373/414/734 383/417/734 377/409/734
f 383/417/734 381/407/734 377/409/734
f 381/410/735 383/412/735 382/411/735
f 383/412/736 373/415/736 372/413/736
f 385/398/730 387/401/730 386/399/730
f 387/401/731 389/403/731 388/402/731
f 389/403/732 391/405/732 390/404/732
f 391/405/733 393/410/733 392/406/733
f 389/409/734 387/416/734 385/414/734
f 385/414/734 395/417/734 389/409/734
f 395/417/734 393/407/734 389/409/734
f 393/410/735 395/412/735 394/411/735
f 395/412/736 385/415/736 384/413/736
f 397/398/730 399/401/730 398/399/730
f 399/401/731 401/403/731 400/402/731
f 401/403/732 403/405/732 402/404/732
f 403/405/733 405/410/733 404/406/733
f 401/409/734 399/416/734 397/414/734
f 397/414/734 407/417/734 401/409/734
f 407/417/734 405/407/734 401/409/734
f 405/410/735 407/412/735 406/411/735
f 407/412/736 397/415/736 396/413/736
f 409/398/730 411/401/730 410/399/730
f 411/401/731 413/403/731 412/402/731
f 413/403/732 415/405/732 414/404/732
f 415/405/733 417/410/733 416/406/733
f 413/409/734 411/416/734 409/414/734
f 409/414/734 419/417/734 413/409/734
f 419/417/734 417/407/734 413/409/734
f 417/410/735 419/412/735 418/411/735
f 419/412/736 409/415/736 408/413/736
f 421/398/730 423/401/730 422/399/730
f 423/401/731 425/403/731 424/402/731
f 425/403/732 427/405/732 426/404/732
f 427/405/733 429/410/733 428/406/733
f 425/409/734 423/416/734 421/414/734
f 421/414/734 431/417/734 425/409/734
f 431/417/734 429/407/734 425/409/734
f 429/410/735 431/412/735 430/411/735
f 431/412/736 421/415/736 420/413/736
f 433/398/730 435/401/730 434/399/730
f 435/401/731 437/403/731 436/402/731
f 437/403/732 439/405/732 438/404/732
f 439/405/733 441/410/733 440/406/733
f 437/409/734 435/416/734 441/407/734
f 435/416/734 433/414/734 441/407/734
f 433/414/734 443/417/734 441/407/734
f 441/410/735 443/412/735 442/411/735
f 443/412/736 433/415/736 432/413/736
f 445/398/730 447/401/730 446/399/730
f 447/401/731 449/403/731 448/402/731
f 449/403/732 451/405/732 450/404/732
f 451/405/733 453/410/733 452/406/733
f 449/409/734 447/416/734 445/414/734
f 445/414/734 455/417/734 449/409/734
f 455/417/734 453/407/734 449/409/734
f 453/410/735 455/412/735 454/411/735
f 455/412/736 445/415/736 444/413/736
f 457/398/730 459/401/730 458/399/730
f 459/401/731 461/403/731 460/402/731
f 461/403/732 463/405/732 462/404/732
f 463/405/733 465/410/733 464/406/733
f 461/409/734 459/416/734 457/414/734
f 457/414/734 467/417/734 461/409/734
f 467/417/734 465/407/734 461/409/734
f 465/410/735 467/412/735 466/411/735
f 467/412/736 457/415/736 456/413/736
f 469/398/730 471/401/730 470/399/730
f 471/401/731 473/403/731 472/402/731
f 473/403/732 475/405/732 474/404/732
f 475/405/733 477/410/733 476/406/733
f 473/409/734 471/416/734 477/407/734
f 471/416/734 469/414/734 477/407/734
f 469/414/734 479/417/734 477/407/734
f 477/410/735 479/412/735 478/411/735
f 479/412/736 469/415/736 468/413/736
f 493/398/730 495/401/730 494/399/730
f 495/401/731 497/403/731 496/402/731
f 497/403/732 499/405/732 498/404/732
f 499/405/733 501/410/733 500/406/733
f 497/409/734 495/416/734 493/414/734
f 493/414/734 503/417/734 497/409/734
f 503/417/734 501/407/734 497/409/734
f 501/410/735 503/412/735 502/411/735
f 503/412/736 493/415/736 492/413/736
f 505/398/730 507/401/730 506/399/730
f 507/401/731 509/403/731 508/402/731
f 509/403/732 511/405/732 510/404/732
f 511/405/733 513/410/733 512/406/733
f 509/409/734 507/416/734 505/414/734
f 505/414/734 515/417/734 509/409/734
f 515/417/734 513/407/734 509/409/734
f 513/410/735 515/412/735 514/411/735
f 515/412/736 505/415/736 504/413/736
f 517/398/730 519/401/730 518/399/730
f 519/401/731 521/403/731 520/402/731
f 521/403/732 523/405/732 522/404/732
f 523/405/733 525/410/733 524/406/733
f 521/409/734 519/416/734 517/414/734
f 517/414/734 527/417/734 521/409/734
f 527/417/734 525/407/734 521/409/734
f 525/410/735 527/412/735 526/411/735
f 527/412/736 517/415/736 516/413/736
f 529/398/730 531/401/730 530/399/730
f 531/401/731 533/403/731 532/402/731
f 533/403/732 535/405/732 534/404/732
f 535/405/733 537/410/733 536/406/733
f 533/409/734 531/416/734 529/414/734
f 529/414/734 539/417/734 533/409/734
f 539/417/734 537/407/734 533/409/734
f 537/410/735 539/412/735 538/411/735
f 539/412/736 529/415/736 528/413/736
f 541/398/730 543/401/730 542/399/730
f 543/401/731 545/403/731 544/402/731
f 545/403/732 547/405/732 546/404/732
f 547/405/733 549/410/733 548/406/733
f 545/409/734 543/416/734 541/414/734
f 541/414/734 551/417/734 545/409/734
f 551/417/734 549/407/734 545/409/734
f 549/410/735 551/412/735 550/411/735
f 551/412/736 541/415/736 540/413/736
f 555/401/736 557/403/736 556/402/736
f 557/403/730 559/405/730 558/404/730
f 559/405/731 561/410/731 560/406/731
f 557/409/734 555/416/734 561/407/734
f 555/416/734 553/414/734 561/407/734
f 553/414/734 563/417/734 561/407/734
f 561/410/732 563/412/732 562/411/732
f 563/412/733 553/415/733 552/413/733
f 565/398/735 567/401/735 566/399/735
f 567/401/736 569/403/736 568/402/736
f 569/403/730 571/405/730 570/404/730
f 571/405/731 573/410/731 572/406/731
f 569/409/734 567/416/734 565/414/734
f 565/414/734 575/417/734 569/409/734
f 575/417/734 573/407/734 569/409/734
f 573/410/732 575/412/732 574/411/732
f 575/412/733 565/415/733 564/413/733
f 577/398/735 579/401/735 578/399/735
f 579/401/736 581/403/736 580/402/736
f 581/403/730 583/405/730 582/404/730
f 583/405/731 585/410/731 584/406/731
f 581/409/734 579/416/734 585/407/734
f 579/416/734 577/414/734 585/407/734
f 577/414/734 587/417/734 585/407/734
f 585/410/732 587/412/732 586/411/732
f 587/412/733 577/415/733 576/413/733
f 589/398/735 591/401/735 590/399/735
f 591/401/736 593/403/736 592/402/736
f 593/403/730 595/405/730 594/404/730
f 595/405/731 597/410/731 596/406/731
f 593/409/734 591/416/734 589/414/734
f 589/414/734 599/417/734 593/409/734
f 599/417/734 597/407/734 593/409/734
f 597/410/732 599/412/732 598/411/732
f 599/412/733 589/415/733 588/413/733
f 601/398/735 603/401/735 602/399/735
f 603/401/736 605/403/736 604/402/736
f 605/403/730 607/405/730 606/404/730
f 607/405/731 609/410/731 608/406/731
f 605/409/734 603/416/734 609/407/734
f 603/416/734 601/414/734 609/407/734
f 601/414/734 611/417/734 609/407/734
f 609/410/732 611/412/732 610/411/732
f 611/412/733 601/415/733 600/413/733
f 613/398/735 615/401/735 614/399/735
f 615/401/736 617/403/736 616/402/736
f 617/403/730 619/405/730 618/404/730
f 619/405/731 621/410/731 620/406/731
f 617/409/734 615/416/734 613/414/734
f 613/414/734 623/417/734 621/407/734
f 621/407/734 619/408/734 617/409/734
f 621/410/732 623/412/732 622/411/732
f 623/412/733 613/415/733 612/413/733
f 625/398/735 627/401/735 626/399/735
f 627/401/736 629/403/736 628/402/736
f 629/403/730 631/405/730 630/404/730
f 631/405/731 633/410/731 632/406/731
f 629/409/734 627/416/734 625/414/734
f 625/414/734 635/417/734 629/409/734
f 635/417/734 633/407/734 629/409/734
f 633/410/732 635/412/732 634/411/732
f 635/412/733 625/415/733 624/413/733
f 637/398/735 639/401/735 638/399/735
f 639/401/736 641/403/736 640/402/736
f 641/403/730 643/405/730 642/404/730
f 643/405/731 645/410/731 644/406/731
f 641/409/734 639/416/734 645/407/734
f 639/416/734 637/414/734 645/407/734
f 637/414/734 647/417/734 645/407/734
f 645/410/732 647/412/732 646/411/732
f 647/412/733 637/415/733 636/413/733
f 649/398/735 651/401/735 650/399/735
f 651/401/736 653/403/736 652/402/736
f 653/403/730 655/405/730 654/404/730
f 655/405/731 657/410/731 656/406/731
f 653/409/734 651/416/734 649/414/734
f 649/414/734 659/417/734 653/409/734
f 659/417/734 657/407/734 653/409/734
f 657/410/732 659/412/732 658/411/732
f 659/412/733 649/415/733 648/413/733
f 661/398/735 663/401/735 662/399/735
f 663/401/736 665/403/736 664/402/736
f 665/403/730 667/405/730 666/404/730
f 667/405/731 669/410/731 668/406/731
f 665/409/734 663/416/734 669/407/734
f 663/416/734 661/414/734 669/407/734
f 661/414/734 671/417/734 669/407/734
f 669/410/732 671/412/732 670/411/732
f 671/412/733 661/415/733 660/413/733
f 673/398/735 675/401/735 674/399/735
f 675/401/736 677/403/736 676/402/736
f 677/403/730 679/405/730 678/404/730
f 679/405/731 681/410/731 680/406/731
f 677/409/734 675/416/734 681/407/734
f 675/416/734 673/414/734 683/417/734
f 681/407/734 675/416/734 683/417/734
f 681/410/732 683/412/732 682/411/732
f 683/412/733 673/415/733 672/413/733
f 685/398/735 687/401/735 686/399/735
f 687/401/736 689/403/736 688/402/736
f 689/403/730 691/405/730 690/404/730
f 691/405/731 693/410/731 692/406/731
f 689/409/734 687/416/734 693/407/734
f 687/416/734 685/414/734 693/407/734
f 685/414/734 695/417/734 693/407/734
f 693/410/732 695/412/732 694/411/732
f 695/412/733 685/415/733 684/413/733
f 697/398/735 699/401/735 698/399/735
f 699/401/736 701/403/736 700/402/736
f 701/403/730 703/405/730 702/404/730
f 703/405/731 705/410/731 704/406/731
f 701/409/734 699/416/734 697/414/734
f 697/414/734 707/417/734 701/409/734
f 707/417/734 705/407/734 701/409/734
f 705/410/732 707/412/732 706/411/732
f 707/412/733 697/415/733 696/413/733
f 709/398/735 711/401/735 710/399/735
f 711/401/736 713/403/736 712/402/736
f 713/403/730 715/405/730 714/404/730
f 715/405/731 717/410/731 716/406/731
f 713/409/734 711/416/734 717/407/734
f 711/416/734 709/414/734 717/407/734
f 709/414/734 719/417/734 717/407/734
f 717/410/732 719/412/732 718/411/732
f 719/412/733 709/415/733 708/413/733
f 721/398/735 723/401/735 722/399/735
f 723/401/736 725/403/736 724/402/736
f 725/403/730 727/405/730 726/404/730
f 727/405/731 729/410/731 728/406/731
f 725/409/734 723/416/734 721/414/734
f 721/414/734 731/417/734 725/409/734
f 731/417/734 729/407/734 725/409/734
f 729/410/732 731/412/732 730/411/732
f 731/412/733 721/415/733 720/413/733
f 733/398/735 735/401/735 734/399/735
f 735/401/736 737/403/736 736/402/736
f 737/403/730 739/405/730 738/404/730
f 739/405/731 741/410/731 740/406/731
f 737/409/734 735/416/734 741/407/734
f 735/416/734 733/414/734 741/407/734
f 733/414/734 743/417/734 741/407/734
f 741/410/732 743/412/732 742/411/732
f 743/412/733 733/415/733 732/413/733
f 745/398/735 747/401/735 746/399/735
f 747/401/736 749/403/736 748/402/736
f 749/403/730 751/405/730 750/404/730
f 751/405/731 753/410/731 752/406/731
f 749/409/734 747/416/734 745/414/734
f 745/414/734 755/417/734 753/407/734
f 753/407/734 751/408/734 749/409/734
f 753/410/732 755/412/732 754/411/732
f 755/412/733 745/415/733 744/413/733
f 757/398/735 759/401/735 758/399/735
f 759/401/736 761/403/736 760/402/736
f 761/403/730 763/405/730 762/404/730
f 763/405/731 765/410/731 764/406/731
f 761/409/734 759/416/734 757/414/734
f 757/414/734 767/417/734 761/409/734
f 767/417/734 765/407/734 761/409/734
f 765/410/732 767/412/732 766/411/732
f 767/412/733 757/415/733 756/413/733
f 769/398/735 771/401/735 770/399/735
f 771/401/736 773/403/736 772/402/736
f 773/403/730 775/405/730 774/404/730
f 775/405/731 777/410/731 776/406/731
f 773/409/734 771/416/734 777/407/734
f 771/416/734 769/414/734 777/407/734
f 769/414/734 779/417/734 777/407/734
f 777/410/732 779/412/732 778/411/732
f 779/412/733 769/415/733 768/413/733
f 781/398/737 783/401/737 782/399/737
f 783/401/738 785/403/738 784/402/738
f 785/403/739 787/405/739 786/404/739
f 787/405/740 789/410/740 788/406/740
f 785/409/734 783/416/734 781/414/734
f 781/414/734 791/417/734 785/409/734
f 791/417/734 789/407/734 785/409/734
f 789/410/741 791/412/741 790/411/741
f 791/412/742 781/415/742 780/413/742
f 793/398/735 795/401/735 794/399/735
f 795/401/736 797/403/736 796/402/736
f 797/403/730 799/405/730 798/404/730
f 799/405/731 801/410/731 800/406/731
f 797/409/734 795/416/734 801/407/734
f 795/416/734 793/414/734 801/407/734
f 793/414/734 803/417/734 801/407/734
f 801/410/732 803/412/732 802/411/732
f 803/412/733 793/415/733 792/413/733
f 805/398/735 807/401/735 806/399/735
f 807/401/736 809/403/736 808/402/736
f 809/403/730 811/405/730 810/404/730
f 811/405/731 813/410/731 812/406/731
f 809/409/734 807/416/734 813/407/734
f 807/416/734 805/414/734 815/417/734
f 813/407/734 807/416/734 815/417/734
f 813/410/732 815/412/732 814/411/732
f 815/412/733 805/415/733 804/413/733
f 817/398/735 819/401/735 818/399/735
f 819/401/736 821/403/736 820/402/736
f 821/403/730 823/405/730 822/404/730
f 823/405/731 825/410/731 824/406/731
f 821/409/734 819/416/734 825/407/734
f 819/416/734 817/414/734 825/407/734
f 817/414/734 827/417/734 825/407/734
f 825/410/732 827/412/732 826/411/732
f 827/412/733 817/415/733 816/413/733
f 829/398/730 831/401/730 830/399/730
f 831/401/731 833/403/731 832/402/731
f 833/403/732 835/405/732 834/404/732
f 835/405/733 837/410/733 836/406/733
f 833/409/734 831/416/734 829/414/734
f 829/414/734 839/417/734 833/409/734
f 839/417/734 837/407/734 833/409/734
f 837/410/735 839/412/735 838/411/735
f 839/412/736 829/415/736 828/413/736
f 841/398/730 843/401/730 842/399/730
f 843/401/731 845/403/731 844/402/731
f 845/403/732 847/405/732 846/404/732
f 847/405/733 849/410/733 848/406/733
f 845/409/734 843/416/734 841/414/734
f 841/414/734 851/417/734 845/409/734
f 851/417/734 849/407/734 845/409/734
f 849/410/735 851/412/735 850/411/735
f 1496/412/736 1506/415/736 1507/413/736
f 853/398/730 855/401/730 854/399/730
f 855/401/731 857/403/731 856/402/731
f 857/403/732 859/405/732 858/404/732
f 859/405/733 861/410/733 860/406/733
f 857/409/734 855/416/734 853/414/734
f 853/414/734 863/417/734 857/409/734
f 863/417/734 861/407/734 857/409/734
f 861/410/735 863/412/735 862/411/735
f 863/412/736 853/415/736 852/413/736
f 1498/410/735 1496/412/735 1497/411/735
f 865/398/730 867/401/730 866/399/730
f 867/401/731 869/403/731 868/402/731
f 869/403/732 871/405/732 870/404/732
f 871/405/733 873/410/733 872/406/733
f 869/409/734 867/416/734 865/414/734
f 865/414/734 875/417/734 869/409/734
f 875/417/734 873/407/734 869/409/734
f 873/410/735 875/412/735 874/411/735
f 875/412/736 865/415/736 864/413/736
f 1502/409/734 1504/416/734 1506/414/734
f 1506/414/734 1496/417/734 1502/409/734
f 1496/417/734 1498/407/734 1502/409/734
f 877/398/730 879/401/730 878/399/730
f 879/401/731 881/403/731 880/402/731
f 881/403/732 883/405/732 882/404/732
f 883/405/733 885/410/733 884/406/733
f 881/409/734 879/416/734 877/414/734
f 877/414/734 887/417/734 881/409/734
f 887/417/734 885/407/734 881/409/734
f 885/410/735 887/412/735 886/411/735
f 887/412/736 877/415/736 876/413/736
f 1500/405/733 1498/410/733 1499/406/733
f 889/398/730 891/401/730 890/399/730
f 891/401/731 893/403/731 892/402/731
f 893/403/732 895/405/732 894/404/732
f 895/405/733 897/410/733 896/406/733
f 893/409/734 891/416/734 889/414/734
f 889/414/734 899/417/734 893/409/734
f 899/417/734 897/407/734 893/409/734
f 897/410/735 899/412/735 898/411/735
f 899/412/736 889/415/736 888/413/736
f 1502/403/732 1500/405/732 1501/404/732
f 903/401/743 905/403/743 904/402/743
f 904/402/754 905/403/754 907/405/754
f 907/405/745 909/410/745 908/406/745
f 905/409/734 903/416/734 909/407/734
f 903/416/734 901/414/734 909/407/734
f 901/414/734 911/417/734 909/407/734
f 909/410/755 911/412/755 910/411/755
f 911/412/747 901/415/747 900/413/747
f 1504/401/731 1502/403/731 1503/402/731
f 913/398/748 915/401/748 914/399/748
f 915/401/749 917/403/749 916/402/749
f 917/403/750 919/405/750 918/404/750
f 919/405/751 921/410/751 920/406/751
f 917/409/734 915/416/734 913/414/734
f 913/414/734 923/417/734 917/409/734
f 923/417/734 921/407/734 917/409/734
f 921/410/752 923/412/752 922/411/752
f 923/412/753 913/415/753 912/413/753
f 1506/398/730 1504/401/730 1505/399/730
f 925/398/735 927/401/735 926/399/735
f 927/401/736 929/403/736 928/402/736
f 928/402/730 929/403/730 931/405/730
f 931/405/731 933/410/731 932/406/731
f 929/409/734 927/416/734 933/407/734
f 927/416/734 925/414/734 933/407/734
f 925/414/734 935/417/734 933/407/734
f 933/410/732 935/412/732 934/411/732
f 935/412/733 925/415/733 924/413/733
f 1495/400/730 1494/398/730 1492/401/730
f 937/398/735 939/401/735 938/399/735
f 939/401/736 941/403/736 940/402/736
f 941/403/730 943/405/730 942/404/730
f 943/405/731 945/410/731 944/406/731
f 941/409/734 939/416/734 937/414/734
f 937/414/734 947/417/734 941/409/734
f 947/417/734 945/407/734 941/409/734
f 945/410/732 947/412/732 946/411/732
f 947/412/733 937/415/733 936/413/733
f 1492/401/731 1490/403/731 1491/402/731
f 949/398/735 951/401/735 950/399/735
f 951/401/736 953/403/736 952/402/736
f 953/403/730 955/405/730 954/404/730
f 955/405/731 957/410/731 956/406/731
f 953/409/734 951/416/734 957/407/734
f 951/416/734 949/414/734 957/407/734
f 949/414/734 959/417/734 957/407/734
f 957/410/732 959/412/732 958/411/732
f 959/412/733 949/415/733 948/413/733
f 1490/403/732 1488/405/732 1489/404/732
f 961/398/735 963/401/735 962/399/735
f 963/401/736 965/403/736 964/402/736
f 965/403/730 967/405/730 966/404/730
f 967/405/731 969/410/731 968/406/731
f 965/409/734 963/416/734 961/414/734
f 961/414/734 971/417/734 969/407/734
f 969/407/734 967/408/734 965/409/734
f 969/410/732 971/412/732 970/411/732
f 971/412/733 961/415/733 960/413/733
f 1488/405/733 1486/410/733 1487/406/733
f 973/398/735 975/401/735 974/399/735
f 975/401/736 977/403/736 976/402/736
f 977/403/730 979/405/730 978/404/730
f 979/405/731 981/410/731 980/406/731
f 977/409/734 975/416/734 973/414/734
f 973/414/734 983/417/734 977/409/734
f 983/417/734 981/407/734 977/409/734
f 981/410/732 983/412/732 982/411/732
f 983/412/733 973/415/733 972/413/733
f 1490/409/734 1492/416/734 1486/407/734
f 1492/416/734 1494/414/734 1486/407/734
f 1494/414/734 1484/417/734 1486/407/734
f 985/398/735 987/401/735 986/399/735
f 987/401/736 989/403/736 988/402/736
f 989/403/730 991/405/730 990/404/730
f 991/405/731 993/410/731 992/406/731
f 989/409/734 987/416/734 993/407/734
f 987/416/734 985/414/734 993/407/734
f 985/414/734 995/417/734 993/407/734
f 993/410/732 995/412/732 994/411/732
f 995/412/733 985/415/733 984/413/733
f 1486/410/735 1484/412/735 1485/411/735
f 997/398/735 999/401/735 998/399/735
f 999/401/736 1001/403/736 1000/402/736
f 1001/403/730 1003/405/730 1002/404/730
f 1003/405/731 1005/410/731 1004/406/731
f 1001/409/734 999/416/734 997/414/734
f 997/414/734 1007/417/734 1001/409/734
f 1007/417/734 1005/407/734 1001/409/734
f 1005/410/732 1007/412/732 1006/411/732
f 1007/412/733 997/415/733 996/413/733
f 1485/411/736 1484/412/736 1494/415/736
f 1009/398/735 1011/401/735 1010/399/735
f 1011/401/736 1013/403/736 1012/402/736
f 1013/403/730 1015/405/730 1014/404/730
f 1015/405/731 1017/410/731 1016/406/731
f 1013/409/734 1011/416/734 1017/407/734
f 1011/416/734 1009/414/734 1017/407/734
f 1009/414/734 1019/417/734 1017/407/734
f 1017/410/732 1019/412/732 1018/411/732
f 1019/412/733 1009/415/733 1008/413/733
f 1472/412/736 1482/415/736 1483/413/736
f 1021/398/735 1023/401/735 1022/399/735
f 1023/401/736 1025/403/736 1024/402/736
f 1025/403/730 1027/405/730 1026/404/730
f 1027/405/731 1029/410/731 1028/406/731
f 1025/409/734 1023/416/734 1029/407/734
f 1023/416/734 1021/414/734 1031/417/734
f 1029/407/734 1023/416/734 1031/417/734
f 1029/410/732 1031/412/732 1030/411/732
f 1031/412/733 1021/415/733 1020/413/733
f 1474/410/735 1472/412/735 1473/411/735
f 1033/398/735 1035/401/735 1034/399/735
f 1035/401/736 1037/403/736 1036/402/736
f 1037/403/730 1039/405/730 1038/404/730
f 1039/405/731 1041/410/731 1040/406/731
f 1037/409/734 1035/416/734 1041/407/734
f 1035/416/734 1033/414/734 1041/407/734
f 1033/414/734 1043/417/734 1041/407/734
f 1041/410/732 1043/412/732 1042/411/732
f 1043/412/733 1033/415/733 1032/413/733
f 1478/409/734 1480/416/734 1474/407/734
f 1480/416/734 1482/414/734 1474/407/734
f 1482/414/734 1472/417/734 1474/407/734
f 1047/401/736 1049/403/736 1048/402/736
f 1049/403/730 1051/405/730 1050/404/730
f 1051/405/731 1053/410/731 1052/406/731
f 1049/409/734 1047/416/734 1053/407/734
f 1047/416/734 1045/414/734 1053/407/734
f 1045/414/734 1055/417/734 1053/407/734
f 1053/410/732 1055/412/732 1054/411/732
f 1055/412/733 1045/415/733 1044/413/733
f 1476/405/733 1474/410/733 1475/406/733
f 1057/398/735 1059/401/735 1058/399/735
f 1059/401/736 1061/403/736 1060/402/736
f 1061/403/730 1063/405/730 1062/404/730
f 1063/405/731 1065/410/731 1064/406/731
f 1061/409/734 1059/416/734 1057/414/734
f 1057/414/734 1067/417/734 1061/409/734
f 1067/417/734 1065/407/734 1061/409/734
f 1065/410/732 1067/412/732 1066/411/732
f 1067/412/733 1057/415/733 1056/413/733
f 1478/403/732 1476/405/732 1477/404/732
f 1069/398/735 1071/401/735 1070/399/735
f 1071/401/736 1073/403/736 1072/402/736
f 1072/402/730 1073/403/730 1075/405/730
f 1075/405/731 1077/410/731 1076/406/731
f 1073/409/734 1071/416/734 1077/407/734
f 1071/416/734 1069/414/734 1077/407/734
f 1069/414/734 1079/417/734 1077/407/734
f 1077/410/732 1079/412/732 1078/411/732
f 1079/412/733 1069/415/733 1068/413/733
f 1480/401/731 1478/403/731 1479/402/731
f 1081/398/735 1083/401/735 1082/399/735
f 1083/401/736 1085/403/736 1084/402/736
f 1085/403/730 1087/405/730 1086/404/730
f 1087/405/731 1089/410/731 1088/406/731
f 1085/409/734 1083/416/734 1081/414/734
f 1081/414/734 1091/417/734 1085/409/734
f 1091/417/734 1089/407/734 1085/409/734
f 1089/410/732 1091/412/732 1090/411/732
f 1091/412/733 1081/415/733 1080/413/733
f 1482/398/730 1480/401/730 1481/399/730
f 1093/398/735 1095/401/735 1094/399/735
f 1095/401/736 1097/403/736 1096/402/736
f 1097/403/730 1099/405/730 1098/404/730
f 1099/405/731 1101/410/731 1100/406/731
f 1097/409/734 1095/416/734 1101/407/734
f 1095/416/734 1093/414/734 1101/407/734
f 1093/414/734 1103/417/734 1101/407/734
f 1101/410/732 1103/412/732 1102/411/732
f 1103/412/733 1093/415/733 1092/413/733
f 1470/398/730 1468/401/730 1469/399/730
f 1105/398/735 1107/401/735 1106/399/735
f 1107/401/736 1109/403/736 1108/402/736
f 1109/403/730 1111/405/730 1110/404/730
f 1111/405/731 1113/410/731 1112/406/731
f 1109/409/734 1107/416/734 1105/414/734
f 1105/414/734 1115/417/734 1113/407/734
f 1113/407/734 1111/408/734 1109/409/734
f 1113/410/732 1115/412/732 1114/411/732
f 1115/412/733 1105/415/733 1104/413/733
f 1468/401/731 1466/403/731 1467/402/731
f 1117/398/735 1119/401/735 1118/399/735
f 1119/401/736 1121/403/736 1120/402/736
f 1121/403/730 1123/405/730 1122/404/730
f 1123/405/731 1125/410/731 1124/406/731
f 1121/409/734 1119/416/734 1117/414/734
f 1117/414/734 1127/417/734 1121/409/734
f 1127/417/734 1125/407/734 1121/409/734
f 1125/410/732 1127/412/732 1126/411/732
f 1127/412/733 1117/415/733 1116/413/733
f 1466/403/732 1464/405/732 1465/404/732
f 1129/398/735 1131/401/735 1130/399/735
f 1131/401/736 1133/403/736 1132/402/736
f 1133/403/730 1135/405/730 1134/404/730
f 1135/405/731 1137/410/731 1136/406/731
f 1133/409/734 1131/416/734 1137/407/734
f 1131/416/734 1129/414/734 1137/407/734
f 1129/414/734 1139/417/734 1137/407/734
f 1137/410/732 1139/412/732 1138/411/732
f 1139/412/733 1129/415/733 1128/413/733
f 1464/405/733 1462/410/733 1463/406/733
f 1141/398/735 1143/401/735 1142/399/735
f 1143/401/736 1145/403/736 1144/402/736
f 1145/403/730 1147/405/730 1146/404/730
f 1147/405/731 1149/410/731 1148/406/731
f 1145/409/734 1143/416/734 1141/414/734
f 1141/414/734 1151/417/734 1145/409/734
f 1151/417/734 1149/407/734 1145/409/734
f 1149/410/732 1151/412/732 1150/411/732
f 1151/412/733 1141/415/733 1140/413/733
f 1466/409/734 1468/416/734 1462/407/734
f 1468/416/734 1470/414/734 1462/407/734
f 1470/414/734 1460/417/734 1462/407/734
f 1153/398/735 1155/401/735 1154/399/735
f 1155/401/736 1157/403/736 1156/402/736
f 1157/403/730 1159/405/730 1158/404/730
f 1159/405/731 1161/410/731 1160/406/731
f 1157/409/734 1155/416/734 1161/407/734
f 1155/416/734 1153/414/734 1161/407/734
f 1153/414/734 1163/417/734 1161/407/734
f 1161/410/732 1163/412/732 1162/411/732
f 1163/412/733 1153/415/733 1152/413/733
f 1462/410/735 1460/412/735 1461/411/735
f 1165/398/735 1167/401/735 1166/399/735
f 1167/401/736 1169/403/736 1168/402/736
f 1169/403/730 1171/405/730 1170/404/730
f 1171/405/731 1173/410/731 1172/406/731
f 1169/409/734 1167/416/734 1173/407/734
f 1167/416/734 1165/414/734 1175/417/734
f 1173/407/734 1167/416/734 1175/417/734
f 1173/410/732 1175/412/732 1174/411/732
f 1175/412/733 1165/415/733 1164/413/733
f 1460/412/736 1470/415/736 1471/413/736
f 1177/398/735 1179/401/735 1178/399/735
f 1179/401/736 1181/403/736 1180/402/736
f 1181/403/730 1183/405/730 1182/404/730
f 1183/405/731 1185/410/731 1184/406/731
f 1181/409/734 1179/416/734 1185/407/734
f 1179/416/734 1177/414/734 1185/407/734
f 1177/414/734 1187/417/734 1185/407/734
f 1185/410/732 1187/412/732 1186/411/732
f 1187/412/733 1177/415/733 1176/413/733
f 1448/412/736 1458/415/736 1459/413/736
f 1189/398/730 1191/401/730 1190/399/730
f 1191/401/731 1193/403/731 1192/402/731
f 1193/403/732 1195/405/732 1194/404/732
f 1195/405/733 1197/410/733 1196/406/733
f 1193/409/734 1191/416/734 1189/414/734
f 1189/414/734 1199/417/734 1193/409/734
f 1199/417/734 1197/407/734 1193/409/734
f 1197/410/735 1199/412/735 1198/411/735
f 1199/412/736 1189/415/736 1188/413/736
f 1450/410/735 1448/412/735 1449/411/735
f 1201/398/730 1203/401/730 1202/399/730
f 1203/401/731 1205/403/731 1204/402/731
f 1205/403/732 1207/405/732 1206/404/732
f 1207/405/733 1209/410/733 1208/406/733
f 1205/409/734 1203/416/734 1201/414/734
f 1201/414/734 1211/417/734 1205/409/734
f 1211/417/734 1209/407/734 1205/409/734
f 1209/410/735 1211/412/735 1210/411/735
f 1454/409/734 1456/416/734 1450/407/734
f 1456/416/734 1458/414/734 1450/407/734
f 1458/414/734 1448/417/734 1450/407/734
f 1213/398/730 1215/401/730 1214/399/730
f 1215/401/731 1217/403/731 1216/402/731
f 1217/403/732 1219/405/732 1218/404/732
f 1219/405/733 1221/410/733 1220/406/733
f 1217/409/734 1215/416/734 1213/414/734
f 1213/414/734 1223/417/734 1217/409/734
f 1223/417/734 1221/407/734 1217/409/734
f 1221/410/735 1223/412/735 1222/411/735
f 1223/412/736 1213/415/736 1212/413/736
f 1452/405/733 1450/410/733 1451/406/733
f 1225/398/730 1227/401/730 1226/399/730
f 1227/401/731 1229/403/731 1228/402/731
f 1229/403/732 1231/405/732 1230/404/732
f 1231/405/733 1233/410/733 1232/406/733
f 1229/409/734 1227/416/734 1225/414/734
f 1225/414/734 1235/417/734 1229/409/734
f 1235/417/734 1233/407/734 1229/409/734
f 1233/410/735 1235/412/735 1234/411/735
f 1235/412/736 1225/415/736 1224/413/736
f 1454/403/732 1452/405/732 1453/404/732
f 1237/398/730 1239/401/730 1238/399/730
f 1239/401/731 1241/403/731 1240/402/731
f 1241/403/732 1243/405/732 1242/404/732
f 1243/405/733 1245/410/733 1244/406/733
f 1241/409/734 1239/416/734 1237/414/734
f 1237/414/734 1247/417/734 1241/409/734
f 1247/417/734 1245/407/734 1241/409/734
f 1245/410/735 1247/412/735 1246/411/735
f 1247/412/736 1237/415/736 1236/413/736
f 1456/401/731 1454/403/731 1455/402/731
f 1249/398/730 1251/401/730 1250/399/730
f 1251/401/731 1253/403/731 1252/402/731
f 1253/403/732 1255/405/732 1254/404/732
f 1255/405/733 1257/410/733 1256/406/733
f 1253/409/734 1251/416/734 1249/414/734
f 1249/414/734 1259/417/734 1253/409/734
f 1259/417/734 1257/407/734 1253/409/734
f 1257/410/735 1259/412/735 1258/411/735
f 1259/412/736 1249/415/736 1248/413/736
f 1458/398/730 1456/401/730 1457/399/730
f 1265/401/736 1267/403/736 1266/402/736
f 1267/403/730 1269/405/730 1268/404/730
f 1269/405/731 1271/410/731 1270/406/731
f 1267/409/734 1265/416/734 1271/407/734
f 1265/416/734 1263/414/734 1271/407/734
f 1263/414/734 1273/417/734 1271/407/734
f 1271/410/732 1273/412/732 1272/411/732
f 1273/412/733 1263/415/733 1262/413/733
f 1446/398/730 1444/401/730 1445/399/730
f 1281/398/735 1283/401/735 1282/399/735
f 1283/401/736 1285/403/736 1284/402/736
f 1285/403/730 1287/405/730 1286/404/730
f 1287/405/731 1289/410/731 1288/406/731
f 1285/409/734 1283/416/734 1289/407/734
f 1283/416/734 1281/414/734 1289/407/734
f 1281/414/734 1291/417/734 1289/407/734
f 1289/410/732 1291/412/732 1290/411/732
f 1291/412/733 1281/415/733 1280/413/733
f 1444/401/731 1442/403/731 1443/402/731
f 1293/398/730 1295/401/730 1294/399/730
f 1295/401/731 1297/403/731 1296/402/731
f 1297/403/732 1299/405/732 1298/404/732
f 1299/405/733 1301/410/733 1300/406/733
f 1297/409/734 1295/416/734 1293/414/734
f 1293/414/734 1303/417/734 1297/409/734
f 1303/417/734 1301/407/734 1297/409/734
f 1301/410/735 1303/412/735 1302/411/735
f 1303/412/736 1293/415/736 1292/413/736
f 1442/403/732 1440/405/732 1441/404/732
f 1305/398/730 1307/401/730 1306/399/730
f 1307/401/731 1309/403/731 1308/402/731
f 1309/403/732 1311/405/732 1310/404/732
f 1311/405/733 1313/410/733 1312/406/733
f 1309/409/734 1307/416/734 1305/414/734
f 1305/414/734 1315/417/734 1309/409/734
f 1315/417/734 1313/407/734 1309/409/734
f 1313/410/735 1315/412/735 1314/411/735
f 1440/405/733 1438/410/733 1439/406/733
f 1317/398/730 1319/401/730 1318/399/730
f 1319/401/731 1321/403/731 1320/402/731
f 1321/403/732 1323/405/732 1322/404/732
f 1323/405/733 1325/410/733 1324/406/733
f 1321/409/734 1319/416/734 1317/414/734
f 1317/414/734 1327/417/734 1321/409/734
f 1327/417/734 1325/407/734 1321/409/734
f 1325/410/735 1327/412/735 1326/411/735
f 1327/412/736 1317/415/736 1316/413/736
f 1442/409/734 1444/416/734 1438/407/734
f 1444/416/734 1446/414/734 1438/407/734
f 1446/414/734 1436/417/734 1438/407/734
f 1329/398/730 1331/401/730 1330/399/730
f 1331/401/731 1333/403/731 1332/402/731
f 1333/403/732 1335/405/732 1334/404/732
f 1335/405/733 1337/410/733 1336/406/733
f 1333/409/734 1331/416/734 1329/414/734
f 1329/414/734 1339/417/734 1333/409/734
f 1339/417/734 1337/407/734 1333/409/734
f 1337/410/735 1339/412/735 1338/411/735
f 1339/412/736 1329/415/736 1328/413/736
f 1438/410/735 1436/412/735 1437/411/735
f 1341/398/730 1343/401/730 1342/399/730
f 1343/401/731 1345/403/731 1344/402/731
f 1345/403/732 1347/405/732 1346/404/732
f 1347/405/733 1349/410/733 1348/406/733
f 1345/409/734 1343/416/734 1341/414/734
f 1341/414/734 1351/417/734 1345/409/734
f 1351/417/734 1349/407/734 1345/409/734
f 1349/410/735 1351/412/735 1350/411/735
f 1351/412/736 1341/415/736 1340/413/736
f 1436/412/736 1446/415/736 1447/413/736
f 1353/398/730 1355/401/730 1354/399/730
f 1355/401/731 1357/403/731 1356/402/731
f 1357/403/732 1359/405/732 1358/404/732
f 1359/405/733 1361/410/733 1360/406/733
f 1357/409/734 1355/416/734 1353/414/734
f 1353/414/734 1363/417/734 1357/409/734
f 1363/417/734 1361/407/734 1357/409/734
f 1361/410/735 1363/412/735 1362/411/735
f 1363/412/736 1353/415/736 1352/413/736
f 480/412/736 490/415/736 491/413/736
f 1365/398/730 1367/401/730 1366/399/730
f 1367/401/731 1369/403/731 1368/402/731
f 1369/403/732 1371/405/732 1370/404/732
f 1371/405/733 1373/410/733 1372/406/733
f 1369/409/734 1367/416/734 1373/407/734
f 1367/416/734 1365/414/734 1373/407/734
f 1365/414/734 1375/417/734 1373/407/734
f 1373/410/735 1375/412/735 1374/411/735
f 1375/412/736 1365/415/736 1364/413/736
f 482/410/735 480/412/735 481/411/735
f 1377/398/730 1379/401/730 1378/399/730
f 1379/401/731 1381/403/731 1380/402/731
f 1381/403/732 1383/405/732 1382/404/732
f 1383/405/733 1385/410/733 1384/406/733
f 1381/409/734 1379/416/734 1385/407/734
f 1379/416/734 1377/414/734 1385/407/734
f 1377/414/734 1387/417/734 1385/407/734
f 1385/410/735 1387/412/735 1386/411/735
f 1387/412/736 1377/415/736 1376/413/736
f 486/409/734 488/416/734 490/414/734
f 490/414/734 480/417/734 486/409/734
f 480/417/734 482/407/734 486/409/734
f 1389/398/730 1391/401/730 1390/399/730
f 1391/401/731 1393/403/731 1392/402/731
f 1393/403/732 1395/405/732 1394/404/732
f 1395/405/733 1397/410/733 1396/406/733
f 1393/409/734 1391/416/734 1389/414/734
f 1389/414/734 1399/417/734 1393/409/734
f 1399/417/734 1397/407/734 1393/409/734
f 1397/410/735 1399/412/735 1398/411/735
f 1399/412/736 1389/415/736 1388/413/736
f 484/405/733 482/410/733 483/406/733
f 1401/398/730 1403/401/730 1402/399/730
f 1403/401/731 1405/403/731 1404/402/731
f 1405/403/732 1407/405/732 1406/404/732
f 1407/405/733 1409/410/733 1408/406/733
f 1405/409/734 1403/416/734 1409/407/734
f 1403/416/734 1401/414/734 1409/407/734
f 1401/414/734 1411/417/734 1409/407/734
f 1409/410/735 1411/412/735 1410/411/735
f 1411/412/736 1401/415/736 1400/413/736
f 486/403/732 484/405/732 485/404/732
f 1413/398/730 1415/401/730 1414/399/730
f 1415/401/731 1417/403/731 1416/402/731
f 1417/403/732 1419/405/732 1418/404/732
f 1419/405/733 1421/410/733 1420/406/733
f 1417/409/734 1415/416/734 1421/407/734
f 1415/416/734 1413/414/734 1421/407/734
f 1413/414/734 1423/417/734 1421/407/734
f 1421/410/735 1423/412/735 1422/411/735
f 1423/412/736 1413/415/736 1412/413/736
f 488/401/731 486/403/731 487/402/731
f 1427/401/736 1429/403/736 1428/402/736
f 1428/402/730 1429/403/730 1431/405/730
f 1431/405/731 1433/410/731 1432/406/731
f 1429/409/734 1427/416/734 1433/407/734
f 1427/416/734 1425/414/734 1433/407/734
f 1425/414/734 1435/417/734 1433/407/734
f 1433/410/732 1435/412/732 1434/411/732
f 1435/412/733 1425/415/733 1424/413/733
f 490/398/730 488/401/730 489/399/730
f 1518/398/730 1516/401/730 1517/399/730
f 1516/401/731 1514/403/731 1515/402/731
f 1514/403/732 1512/405/732 1513/404/732
f 1512/405/733 1510/410/733 1511/406/733
f 1514/409/734 1516/416/734 1510/407/734
f 1516/416/734 1518/414/734 1510/407/734
f 1518/414/734 1508/417/734 1510/407/734
f 1510/410/735 1508/412/735 1509/411/735
f 1508/412/736 1518/415/736 1519/413/736
f 1530/398/730 1528/401/730 1529/399/730
f 1528/401/731 1526/403/731 1527/402/731
f 1526/403/732 1524/405/732 1525/404/732
f 1524/405/733 1522/410/733 1523/406/733
f 1526/409/734 1528/416/734 1522/407/734
f 1528/416/734 1530/414/734 1522/407/734
f 1530/414/734 1520/417/734 1522/407/734
f 1522/410/735 1520/412/735 1521/411/735
f 1520/412/736 1530/415/736 1531/413/736
f 1542/398/730 1540/401/730 1541/399/730
f 1540/401/731 1538/403/731 1539/402/731
f 1538/403/732 1536/405/732 1537/404/732
f 1536/405/733 1534/410/733 1535/406/733
f 1538/409/734 1540/416/734 1534/407/734
f 1540/416/734 1542/414/734 1534/407/734
f 1542/414/734 1532/417/734 1534/407/734
f 1534/410/735 1532/412/735 1533/411/735
f 1532/412/736 1542/415/736 1543/413/736
f 1554/398/730 1552/401/730 1553/399/730
f 1552/401/731 1550/403/731 1551/402/731
f 1550/403/732 1548/405/732 1549/404/732
f 1548/405/733 1546/410/733 1547/406/733
f 1550/409/734 1552/416/734 1546/407/734
f 1552/416/734 1554/414/734 1546/407/734
f 1554/414/734 1544/417/734 1546/407/734
f 1546/410/735 1544/412/735 1545/411/735
f 1544/412/736 1554/415/736 1555/413/736
f 1566/398/730 1564/401/730 1565/399/730
f 1564/401/731 1562/403/731 1563/402/731
f 1562/403/732 1560/405/732 1561/404/732
f 1560/405/733 1558/410/733 1559/406/733
f 1562/409/734 1564/416/734 1558/407/734
f 1564/416/734 1566/414/734 1558/407/734
f 1566/414/734 1556/417/734 1558/407/734
f 1558/410/735 1556/412/735 1557/411/735
f 1556/412/736 1566/415/736 1567/413/736
f 1569/365/756 1570/366/756 1568/367/756
f 1571/368/757 1574/369/757 1570/370/757
f 1573/371/758 1568/372/758 1572/373/758
f 1574/374/759 1568/375/759 1570/376/759
f 1571/377/760 1573/378/760 1575/379/760
f 1569/365/761 1571/393/761 1570/366/761
f 1571/368/757 1575/394/757 1574/369/757
f 1573/371/758 1569/395/758 1568/372/758
f 1574/374/759 1572/396/759 1568/375/759
f 1571/377/762 1569/397/762 1573/378/762
f 1577/365/763 1578/366/763 1576/367/763
f 1579/368/764 1582/369/764 1578/370/764
f 1581/371/765 1576/372/765 1580/373/765
f 1582/374/766 1576/375/766 1578/376/766
f 1579/377/767 1581/378/767 1583/379/767
f 1577/365/763 1579/393/763 1578/366/763
f 1579/368/764 1583/394/764 1582/369/764
f 1581/371/765 1577/395/765 1576/372/765
f 1582/374/766 1580/396/766 1576/375/766
f 1579/377/768 1577/397/768 1581/378/768
f 1585/365/769 1586/366/769 1584/367/769
f 1587/368/770 1590/369/770 1586/370/770
f 1589/371/771 1584/372/771 1588/373/771
f 1590/374/772 1584/375/772 1586/376/772
f 1587/377/773 1589/378/773 1591/379/773
f 1585/365/774 1587/393/774 1586/366/774
f 1587/368/775 1591/394/775 1590/369/775
f 1589/371/776 1585/395/776 1584/372/776
f 1590/374/777 1588/396/777 1584/375/777
f 1587/377/773 1585/397/773 1589/378/773
f 1593/365/778 1594/366/778 1592/367/778
f 1595/368/779 1598/369/779 1594/370/779
f 1597/371/780 1592/372/780 1596/373/780
f 1598/374/781 1592/375/781 1594/376/781
f 1595/377/782 1597/378/782 1599/379/782
f 1593/365/778 1595/393/778 1594/366/778
f 1595/368/783 1599/394/783 1598/369/783
f 1597/371/784 1593/395/784 1592/372/784
f 1598/374/785 1596/396/785 1592/375/785
f 1595/377/782 1593/397/782 1597/378/782
f 1574/374/786 1573/371/786 1572/396/786
f 1601/278/787 1600/418/787 167/419/787
f 166/420/788 1602/421/788 1600/422/788
f 170/423/789 171/424/789 1602/425/789
f 1604/426/790 167/419/790 171/424/790
f 1620/427/791 1609/428/791 1621/429/791
f 170/423/792 1605/279/792 1604/426/792
f 166/430/793 1603/280/793 1606/431/793
f 170/432/794 1606/433/794 1607/434/794
f 1616/435/795 1615/436/795 1617/437/795
f 1623/438/796 1608/439/796 1610/440/796
f 1623/441/797 1611/442/797 1620/443/797
f 1622/444/798 1609/428/798 1608/439/798
f 1618/445/799 1612/446/799 1619/447/799
f 1618/445/800 1615/448/800 1613/449/800
f 1616/450/801 1612/446/801 1614/451/801
f 1610/440/802 1619/447/802 1616/450/802
f 1609/428/800 1617/452/800 1618/445/800
f 1609/428/799 1619/447/799 1608/439/799
f 1610/453/795 1617/437/795 1611/442/795
f 1603/280/803 1621/429/803 1622/444/803
f 1606/433/804 1620/443/804 1607/434/804
f 1606/431/805 1622/444/805 1623/438/805
f 1607/454/806 1621/429/806 1605/279/806
f 31/57/807 30/21/807 32/455/807
f 29/456/808 28/457/808 26/458/808
f 28/457/808 27/459/808 26/458/808
f 116/460/809 1625/145/810 1624/144/811
f 122/461/812 1625/145/813 117/462/814
f 1627/463/815 116/460/816 1624/144/817
f 122/461/818 1627/205/819 1626/153/820
f 126/118/821 1629/119/822 127/121/823
f 136/464/824 1628/150/825 135/465/826
f 128/466/827 1628/150/828 1630/120/829
f 128/466/830 1629/119/831 136/464/832
f 1641/398/730 1640/399/730 1642/400/730
f 1639/401/731 1638/402/731 1640/399/731
f 1637/403/732 1636/404/732 1638/402/732
f 1635/405/733 1634/406/733 1636/404/733
f 1633/407/734 1635/408/734 1637/409/734
f 1633/410/735 1632/411/735 1634/406/735
f 1631/412/736 1642/413/736 1632/411/736
f 1641/398/730 1639/401/730 1640/399/730
f 1639/401/731 1637/403/731 1638/402/731
f 1637/403/732 1635/405/732 1636/404/732
f 1635/405/733 1633/410/733 1634/406/733
f 1637/409/734 1639/416/734 1633/407/734
f 1639/416/734 1641/414/734 1633/407/734
f 1641/414/734 1631/417/734 1633/407/734
f 1633/410/735 1631/412/735 1632/411/735
f 1631/412/736 1641/415/736 1642/413/736
f 1634/406/833 1643/411/833 1644/406/833
f 1638/402/834 1645/404/834 1646/402/834
f 1640/399/835 1648/400/835 1642/400/835
f 1632/411/836 1648/413/836 1643/411/836
f 1638/402/837 1647/399/837 1640/399/837
f 1634/406/838 1645/404/838 1636/404/838
f 1648/413/736 1649/411/736 1643/411/736
f 1644/406/733 1651/404/733 1645/404/733
f 1647/399/730 1654/400/730 1648/400/730
f 1645/404/732 1652/402/732 1646/402/732
f 1643/411/735 1650/406/735 1644/406/735
f 1646/402/731 1653/399/731 1647/399/731
f 1665/398/730 1664/399/730 1666/400/730
f 1663/401/731 1662/402/731 1664/399/731
f 1661/403/732 1660/404/732 1662/402/732
f 1659/405/733 1658/406/733 1660/404/733
f 1657/407/734 1659/408/734 1661/409/734
f 1657/410/735 1656/411/735 1658/406/735
f 1655/412/736 1666/413/736 1656/411/736
f 1665/398/730 1663/401/730 1664/399/730
f 1663/401/731 1661/403/731 1662/402/731
f 1661/403/732 1659/405/732 1660/404/732
f 1659/405/733 1657/410/733 1658/406/733
f 1661/409/734 1663/416/734 1657/407/734
f 1663/416/734 1665/414/734 1657/407/734
f 1665/414/734 1655/417/734 1657/407/734
f 1657/410/735 1655/412/735 1656/411/735
f 1655/412/736 1665/415/736 1666/413/736
f 1658/406/833 1667/411/833 1668/406/833
f 1662/402/834 1669/404/834 1670/402/834
f 1664/399/835 1672/400/835 1666/400/835
f 1656/411/836 1672/413/836 1667/411/836
f 1662/402/837 1671/399/837 1664/399/837
f 1658/406/838 1669/404/838 1660/404/838
f 1672/413/736 1673/411/736 1667/411/736
f 1668/406/733 1675/404/733 1669/404/733
f 1671/399/730 1678/400/730 1672/400/730
f 1669/404/732 1676/402/732 1670/402/732
f 1667/411/735 1674/406/735 1668/406/735
f 1670/402/731 1677/399/731 1671/399/731
f 1689/398/730 1688/399/730 1690/400/730
f 1687/401/731 1686/402/731 1688/399/731
f 1685/403/732 1684/404/732 1686/402/732
f 1683/405/733 1682/406/733 1684/404/733
f 1681/407/734 1683/408/734 1685/409/734
f 1681/410/735 1680/411/735 1682/406/735
f 1679/412/736 1690/413/736 1680/411/736
f 1689/398/730 1687/401/730 1688/399/730
f 1687/401/731 1685/403/731 1686/402/731
f 1685/403/732 1683/405/732 1684/404/732
f 1683/405/733 1681/410/733 1682/406/733
f 1685/409/734 1687/416/734 1681/407/734
f 1687/416/734 1689/414/734 1681/407/734
f 1689/414/734 1679/417/734 1681/407/734
f 1681/410/735 1679/412/735 1680/411/735
f 1679/412/736 1689/415/736 1690/413/736
f 1682/406/833 1691/411/833 1692/406/833
f 1686/402/834 1693/404/834 1694/402/834
f 1688/399/835 1696/400/835 1690/400/835
f 1680/411/836 1696/413/836 1691/411/836
f 1686/402/837 1695/399/837 1688/399/837
f 1682/406/838 1693/404/838 1684/404/838
f 1696/413/736 1697/411/736 1691/411/736
f 1692/406/733 1699/404/733 1693/404/733
f 1695/399/730 1702/400/730 1696/400/730
f 1693/404/732 1700/402/732 1694/402/732
f 1691/411/735 1698/406/735 1692/406/735
f 1694/402/731 1701/399/731 1695/399/731
f 1713/398/730 1712/399/730 1714/400/730
f 1711/401/731 1710/402/731 1712/399/731
f 1709/403/732 1708/404/732 1710/402/732
f 1707/405/733 1706/406/733 1708/404/733
f 1705/407/734 1707/408/734 1709/409/734
f 1705/410/735 1704/411/735 1706/406/735
f 1703/412/736 1714/413/736 1704/411/736
f 1713/398/730 1711/401/730 1712/399/730
f 1711/401/731 1709/403/731 1710/402/731
f 1709/403/732 1707/405/732 1708/404/732
f 1707/405/733 1705/410/733 1706/406/733
f 1709/409/734 1711/416/734 1705/407/734
f 1711/416/734 1713/414/734 1705/407/734
f 1713/414/734 1703/417/734 1705/407/734
f 1705/410/735 1703/412/735 1704/411/735
f 1703/412/736 1713/415/736 1714/413/736
f 1704/411/833 1716/406/833 1706/406/833
f 1710/402/834 1717/404/834 1718/402/834
f 1712/399/835 1720/400/835 1714/400/835
f 1704/411/836 1720/413/836 1715/411/836
f 1710/402/837 1719/399/837 1712/399/837
f 1706/406/838 1717/404/838 1708/404/838
f 1720/413/736 1721/411/736 1715/411/736
f 1716/406/733 1723/404/733 1717/404/733
f 1719/399/730 1726/400/730 1720/400/730
f 1717/404/732 1724/402/732 1718/402/732
f 1715/411/735 1722/406/735 1716/406/735
f 1718/402/731 1725/399/731 1719/399/731
f 1737/398/730 1736/399/730 1738/400/730
f 1735/401/731 1734/402/731 1736/399/731
f 1733/403/732 1732/404/732 1734/402/732
f 1731/405/733 1730/406/733 1732/404/733
f 1729/407/734 1731/408/734 1733/409/734
f 1729/410/735 1728/411/735 1730/406/735
f 1727/412/736 1738/413/736 1728/411/736
f 1737/398/730 1735/401/730 1736/399/730
f 1735/401/731 1733/403/731 1734/402/731
f 1733/403/732 1731/405/732 1732/404/732
f 1731/405/733 1729/410/733 1730/406/733
f 1733/409/734 1735/416/734 1729/407/734
f 1735/416/734 1737/414/734 1729/407/734
f 1737/414/734 1727/417/734 1729/407/734
f 1729/410/735 1727/412/735 1728/411/735
f 1727/412/736 1737/415/736 1738/413/736
f 1728/411/833 1740/406/833 1730/406/833
f 1734/402/834 1741/404/834 1742/402/834
f 1736/399/835 1744/400/835 1738/400/835
f 1728/411/836 1744/413/836 1739/411/836
f 1734/402/837 1743/399/837 1736/399/837
f 1730/406/838 1741/404/838 1732/404/838
f 1744/413/736 1745/411/736 1739/411/736
f 1740/406/733 1747/404/733 1741/404/733
f 1743/399/730 1750/400/730 1744/400/730
f 1741/404/732 1748/402/732 1742/402/732
f 1739/411/735 1746/406/735 1740/406/735
f 1742/402/731 1749/399/731 1743/399/731
f 1761/398/730 1760/399/730 1762/400/730
f 1759/401/731 1758/402/731 1760/399/731
f 1757/403/732 1756/404/732 1758/402/732
f 1755/405/733 1754/406/733 1756/404/733
f 1753/407/734 1755/408/734 1757/409/734
f 1753/410/735 1752/411/735 1754/406/735
f 1751/412/736 1762/413/736 1752/411/736
f 1761/398/730 1759/401/730 1760/399/730
f 1759/401/731 1757/403/731 1758/402/731
f 1757/403/732 1755/405/732 1756/404/732
f 1755/405/733 1753/410/733 1754/406/733
f 1757/409/734 1759/416/734 1753/407/734
f 1759/416/734 1761/414/734 1753/407/734
f 1761/414/734 1751/417/734 1753/407/734
f 1753/410/735 1751/412/735 1752/411/735
f 1751/412/736 1761/415/736 1762/413/736
f 1752/411/833 1764/406/833 1754/406/833
f 1758/402/834 1765/404/834 1766/402/834
f 1760/399/835 1768/400/835 1762/400/835
f 1752/411/836 1768/413/836 1763/411/836
f 1758/402/837 1767/399/837 1760/399/837
f 1754/406/838 1765/404/838 1756/404/838
f 1768/413/736 1769/411/736 1763/411/736
f 1764/406/733 1771/404/733 1765/404/733
f 1767/399/730 1774/400/730 1768/400/730
f 1765/404/732 1772/402/732 1766/402/732
f 1763/411/735 1770/406/735 1764/406/735
f 1766/402/731 1773/399/731 1767/399/731
f 1785/398/730 1784/399/730 1786/400/730
f 1783/401/731 1782/402/731 1784/399/731
f 1781/403/732 1780/404/732 1782/402/732
f 1779/405/733 1778/406/733 1780/404/733
f 1777/407/734 1779/408/734 1781/409/734
f 1777/410/735 1776/411/735 1778/406/735
f 1775/412/736 1786/413/736 1776/411/736
f 1785/398/730 1783/401/730 1784/399/730
f 1783/401/731 1781/403/731 1782/402/731
f 1781/403/732 1779/405/732 1780/404/732
f 1779/405/733 1777/410/733 1778/406/733
f 1781/409/734 1783/416/734 1777/407/734
f 1783/416/734 1785/414/734 1777/407/734
f 1785/414/734 1775/417/734 1777/407/734
f 1777/410/735 1775/412/735 1776/411/735
f 1775/412/736 1785/415/736 1786/413/736
f 1776/411/833 1788/406/833 1778/406/833
f 1782/402/834 1789/404/834 1790/402/834
f 1784/399/835 1792/400/835 1786/400/835
f 1776/411/836 1792/413/836 1787/411/836
f 1782/402/837 1791/399/837 1784/399/837
f 1778/406/838 1789/404/838 1780/404/838
f 1792/413/736 1793/411/736 1787/411/736
f 1788/406/733 1795/404/733 1789/404/733
f 1791/399/730 1798/400/730 1792/400/730
f 1789/404/732 1796/402/732 1790/402/732
f 1787/411/735 1794/406/735 1788/406/735
f 1790/402/731 1797/399/731 1791/399/731
f 1769/411/735 1830/406/735 1770/406/735
f 1676/402/731 1809/399/731 1677/399/731
f 1796/402/731 1839/399/731 1797/399/731
f 1654/413/736 1799/411/736 1649/411/736
f 1774/413/736 1829/411/736 1769/411/736
f 1677/399/730 1810/400/730 1678/400/730
f 1797/399/730 1840/400/730 1798/400/730
f 1746/406/733 1825/404/733 1747/404/733
f 1651/404/732 1802/402/732 1652/402/732
f 1771/404/732 1832/402/732 1772/402/732
f 1745/411/735 1824/406/735 1746/406/735
f 1652/402/731 1803/399/731 1653/399/731
f 1772/402/731 1833/399/731 1773/399/731
f 1750/413/736 1823/411/736 1745/411/736
f 1653/399/730 1804/400/730 1654/400/730
f 1773/399/730 1834/400/730 1774/400/730
f 1722/406/733 1819/404/733 1723/404/733
f 1747/404/732 1826/402/732 1748/402/732
f 1721/411/735 1818/406/735 1722/406/735
f 1748/402/731 1827/399/731 1749/399/731
f 1726/413/736 1817/411/736 1721/411/736
f 1749/399/730 1828/400/730 1750/400/730
f 1698/406/733 1813/404/733 1699/404/733
f 1723/404/732 1820/402/732 1724/402/732
f 1697/411/735 1812/406/735 1698/406/735
f 1724/402/731 1821/399/731 1725/399/731
f 1702/413/736 1811/411/736 1697/411/736
f 1725/399/730 1822/400/730 1726/400/730
f 1674/406/733 1807/404/733 1675/404/733
f 1794/406/733 1837/404/733 1795/404/733
f 1699/404/732 1814/402/732 1700/402/732
f 1673/411/735 1806/406/735 1674/406/735
f 1793/411/735 1836/406/735 1794/406/735
f 1700/402/731 1815/399/731 1701/399/731
f 1678/413/736 1805/411/736 1673/411/736
f 1798/413/736 1835/411/736 1793/411/736
f 1701/399/730 1816/400/730 1702/400/730
f 1650/406/733 1801/404/733 1651/404/733
f 1770/406/733 1831/404/733 1771/404/733
f 1675/404/732 1808/402/732 1676/402/732
f 1795/404/732 1838/402/732 1796/402/732
f 1649/411/735 1800/406/735 1650/406/735
f 1803/399/730 1846/400/730 1804/400/730
f 1834/413/736 1871/411/736 1829/411/736
f 1817/411/735 1860/406/735 1818/406/735
f 1806/406/733 1849/404/733 1807/404/733
f 1831/404/732 1874/402/732 1832/402/732
f 1822/413/736 1859/411/736 1817/411/736
f 1805/411/735 1848/406/735 1806/406/735
f 1832/402/731 1875/399/731 1833/399/731
f 1819/404/732 1862/402/732 1820/402/732
f 1810/413/736 1847/411/736 1805/411/736
f 1833/399/730 1876/400/730 1834/400/730
f 1820/402/731 1863/399/731 1821/399/731
f 1807/404/732 1850/402/732 1808/402/732
f 1836/406/733 1879/404/733 1837/404/733
f 1821/399/730 1864/400/730 1822/400/730
f 1808/402/731 1851/399/731 1809/399/731
f 1835/411/735 1878/406/735 1836/406/735
f 1824/406/733 1867/404/733 1825/404/733
f 1809/399/730 1852/400/730 1810/400/730
f 1840/413/736 1877/411/736 1835/411/736
f 1823/411/735 1866/406/735 1824/406/735
f 1812/406/733 1855/404/733 1813/404/733
f 1837/404/732 1880/402/732 1838/402/732
f 1828/413/736 1865/411/736 1823/411/736
f 1811/411/735 1854/406/735 1812/406/735
f 1838/402/731 1881/399/731 1839/399/731
f 1800/406/733 1843/404/733 1801/404/733
f 1825/404/732 1868/402/732 1826/402/732
f 1816/413/736 1853/411/736 1811/411/736
f 1839/399/730 1882/400/730 1840/400/730
f 1799/411/735 1842/406/735 1800/406/735
f 1826/402/731 1869/399/731 1827/399/731
f 1813/404/732 1856/402/732 1814/402/732
f 1804/413/736 1841/411/736 1799/411/736
f 1827/399/730 1870/400/730 1828/400/730
f 1814/402/731 1857/399/731 1815/399/731
f 1801/404/732 1844/402/732 1802/402/732
f 1830/406/733 1873/404/733 1831/404/733
f 1815/399/730 1858/400/730 1816/400/730
f 1802/402/731 1845/399/731 1803/399/731
f 1829/411/735 1872/406/735 1830/406/735
f 1818/406/733 1861/404/733 1819/404/733
f 1893/398/730 1892/399/730 1894/400/730
f 1891/401/731 1890/402/731 1892/399/731
f 1889/403/732 1888/404/732 1890/402/732
f 1887/405/733 1886/406/733 1888/404/733
f 1885/407/734 1887/408/734 1889/409/734
f 1885/410/735 1884/411/735 1886/406/735
f 1883/412/736 1894/413/736 1884/411/736
f 1893/398/730 1891/401/730 1892/399/730
f 1891/401/731 1889/403/731 1890/402/731
f 1889/403/732 1887/405/732 1888/404/732
f 1887/405/733 1885/410/733 1886/406/733
f 1889/409/734 1891/416/734 1885/407/734
f 1891/416/734 1893/414/734 1885/407/734
f 1893/414/734 1883/417/734 1885/407/734
f 1885/410/735 1883/412/735 1884/411/735
f 1883/412/736 1893/415/736 1894/413/736
f 1926/398/730 1927/399/730 1925/400/730
f 1928/401/731 1929/402/731 1927/399/731
f 1930/403/732 1931/404/732 1929/402/732
f 1932/405/733 1933/406/733 1931/404/733
f 1934/407/734 1932/408/734 1930/409/734
f 1934/410/735 1935/411/735 1933/406/735
f 1936/412/736 1925/413/736 1935/411/736
f 1926/398/730 1928/401/730 1927/399/730
f 1928/401/731 1930/403/731 1929/402/731
f 1930/403/732 1932/405/732 1931/404/732
f 1932/405/733 1934/410/733 1933/406/733
f 1930/409/734 1928/416/734 1934/407/734
f 1928/416/734 1926/414/734 1934/407/734
f 1926/414/734 1936/417/734 1934/407/734
f 1934/410/735 1936/412/735 1935/411/735
f 1936/412/736 1926/415/736 1925/413/736
f 1923/398/730 1922/399/730 1924/400/730
f 1921/401/731 1920/402/731 1922/399/731
f 1919/403/732 1918/404/732 1920/402/732
f 1917/405/733 1916/406/733 1918/404/733
f 1915/407/734 1917/408/734 1919/409/734
f 1915/410/735 1914/411/735 1916/406/735
f 1913/412/736 1924/413/736 1914/411/736
f 1923/398/730 1921/401/730 1922/399/730
f 1921/401/731 1919/403/731 1920/402/731
f 1919/403/732 1917/405/732 1918/404/732
f 1917/405/733 1915/410/733 1916/406/733
f 1919/409/734 1921/416/734 1915/407/734
f 1921/416/734 1923/414/734 1915/407/734
f 1923/414/734 1913/417/734 1915/407/734
f 1915/410/735 1913/412/735 1914/411/735
f 1913/412/736 1923/415/736 1924/413/736
f 1902/398/730 1903/399/730 1901/400/730
f 1904/401/731 1905/402/731 1903/399/731
f 1906/403/732 1907/404/732 1905/402/732
f 1908/405/733 1909/406/733 1907/404/733
f 1910/407/734 1908/408/734 1906/409/734
f 1910/410/735 1911/411/735 1909/406/735
f 1912/412/736 1901/413/736 1911/411/736
f 1902/398/730 1904/401/730 1903/399/730
f 1904/401/731 1906/403/731 1905/402/731
f 1906/403/732 1908/405/732 1907/404/732
f 1908/405/733 1910/410/733 1909/406/733
f 1906/409/734 1904/416/734 1910/407/734
f 1904/416/734 1902/414/734 1910/407/734
f 1902/414/734 1912/417/734 1910/407/734
f 1910/410/735 1912/412/735 1911/411/735
f 1912/412/736 1902/415/736 1901/413/736
f 1899/398/730 1898/399/730 1900/400/730
f 1897/401/731 1896/402/731 1898/399/731
f 1895/403/732 1937/404/732 1896/402/732
f 1938/405/733 1939/406/733 1937/404/733
f 1940/407/734 1938/408/734 1895/409/734
f 1940/410/735 1941/411/735 1939/406/735
f 1942/412/736 1900/413/736 1941/411/736
f 1899/398/730 1897/401/730 1898/399/730
f 1897/401/731 1895/403/731 1896/402/731
f 1895/403/732 1938/405/732 1937/404/732
f 1938/405/733 1940/410/733 1939/406/733
f 1895/409/734 1897/416/734 1940/407/734
f 1897/416/734 1899/414/734 1940/407/734
f 1899/414/734 1942/417/734 1940/407/734
f 1940/410/735 1942/412/735 1941/411/735
f 1942/412/736 1899/415/736 1900/413/736
f 1947/398/730 1946/399/730 1948/400/730
f 1945/401/731 1944/402/731 1946/399/731
f 1943/403/732 1949/404/732 1944/402/732
f 1950/405/733 1951/406/733 1949/404/733
f 1952/407/734 1950/408/734 1943/409/734
f 1952/410/735 1953/411/735 1951/406/735
f 1954/412/736 1948/413/736 1953/411/736
f 1947/398/730 1945/401/730 1946/399/730
f 1945/401/731 1943/403/731 1944/402/731
f 1943/403/732 1950/405/732 1949/404/732
f 1950/405/733 1952/410/733 1951/406/733
f 1943/409/734 1945/416/734 1952/407/734
f 1945/416/734 1947/414/734 1952/407/734
f 1947/414/734 1954/417/734 1952/407/734
f 1952/410/735 1954/412/735 1953/411/735
f 1954/412/736 1947/415/736 1948/413/736
f 1959/398/730 1958/399/730 1960/400/730
f 1957/401/731 1956/402/731 1958/399/731
f 1955/403/732 1961/404/732 1956/402/732
f 1962/405/733 1963/406/733 1961/404/733
f 1964/407/734 1962/408/734 1955/409/734
f 1964/410/735 1965/411/735 1963/406/735
f 1966/412/736 1960/413/736 1965/411/736
f 1959/398/730 1957/401/730 1958/399/730
f 1957/401/731 1955/403/731 1956/402/731
f 1955/403/732 1962/405/732 1961/404/732
f 1962/405/733 1964/410/733 1963/406/733
f 1955/409/734 1957/416/734 1964/407/734
f 1957/416/734 1959/414/734 1964/407/734
f 1959/414/734 1966/417/734 1964/407/734
f 1964/410/735 1966/412/735 1965/411/735
f 1966/412/736 1959/415/736 1960/413/736
f 1892/399/839 1890/402/839 1886/406/839
f 1916/406/839 1914/411/839 1924/400/839
f 1933/406/839 1935/411/839 1927/399/839
f 1909/406/839 1911/411/839 1901/400/839
f 1939/406/839 1941/411/839 1900/400/839
f 1951/406/839 1953/411/839 1948/400/839
f 1963/406/839 1965/411/839 1960/400/839
f 1970/365/840 1971/366/840 1969/367/840
f 1972/368/841 1975/369/841 1971/370/841
f 1974/371/842 1969/372/842 1973/373/842
f 1975/374/843 1969/375/843 1971/376/843
f 1972/377/844 1974/378/844 1976/379/844
f 1970/365/840 1972/393/840 1971/366/840
f 1972/368/845 1976/394/845 1975/369/845
f 1974/371/846 1970/395/846 1969/372/846
f 1975/374/843 1973/396/843 1969/375/843
f 1972/377/844 1970/397/844 1974/378/844
f 1980/405/733 1979/406/733 1981/404/733
f 1980/405/733 1978/410/733 1979/406/733
f 1977/411/833 1986/406/833 1979/406/833
f 1982/402/834 1987/404/834 1988/402/834
f 1983/399/835 1990/400/835 1984/400/835
f 1977/411/836 1990/413/836 1985/411/836
f 1982/402/837 1989/399/837 1983/399/837
f 1979/406/838 1987/404/838 1981/404/838
f 1990/413/736 1991/411/736 1985/411/736
f 1986/406/733 1993/404/733 1987/404/733
f 1989/399/730 1996/400/730 1990/400/730
f 1987/404/732 1994/402/732 1988/402/732
f 1985/411/735 1992/406/735 1986/406/735
f 1988/402/731 1995/399/731 1989/399/731
f 1995/399/847 2000/402/847 2001/399/847
f 1996/400/848 2001/399/848 2002/400/848
f 1992/406/849 1999/404/849 1993/404/849
f 1991/411/850 1998/406/850 1992/406/850
f 1991/411/851 2002/413/851 1997/411/851
f 1993/404/852 2000/402/852 1994/402/852
f 2003/411/833 2010/406/833 2004/406/833
f 2006/402/834 2011/404/834 2012/402/834
f 2007/399/835 2014/400/835 2008/400/835
f 2003/411/836 2014/413/836 2009/411/836
f 2006/402/837 2013/399/837 2007/399/837
f 2004/406/838 2011/404/838 2005/404/838
f 2014/413/736 2015/411/736 2009/411/736
f 2010/406/733 2017/404/733 2011/404/733
f 2013/399/730 2020/400/730 2014/400/730
f 2011/404/732 2018/402/732 2012/402/732
f 2009/411/735 2016/406/735 2010/406/735
f 2012/402/731 2019/399/731 2013/399/731
f 2019/399/847 2024/402/847 2025/399/847
f 2020/400/848 2025/399/848 2026/400/848
f 2016/406/849 2023/404/849 2017/404/849
f 2015/411/850 2022/406/850 2016/406/850
f 2015/411/851 2026/413/851 2021/411/851
f 2017/404/852 2024/402/852 2018/402/852
f 2031/405/733 2030/406/733 2032/404/733
f 2029/410/735 2028/411/735 2030/406/735
f 2027/412/736 2035/413/736 2028/411/736
f 2031/405/733 2029/410/733 2030/406/733
f 2029/410/735 2027/412/735 2028/411/735
f 2030/406/833 2036/411/833 2037/406/833
f 2033/402/834 2038/404/834 2039/402/834
f 2034/399/835 2041/400/835 2035/400/835
f 2028/411/836 2041/413/836 2036/411/836
f 2033/402/837 2040/399/837 2034/399/837
f 2030/406/838 2038/404/838 2032/404/838
f 2041/413/736 2042/411/736 2036/411/736
f 2037/406/733 2044/404/733 2038/404/733
f 2040/399/730 2047/400/730 2041/400/730
f 2038/404/732 2045/402/732 2039/402/732
f 2036/411/735 2043/406/735 2037/406/735
f 2039/402/731 2046/399/731 2040/399/731
f 2045/402/731 2052/399/731 2046/399/731
f 2046/399/730 2053/400/730 2047/400/730
f 2043/406/733 2050/404/733 2044/404/733
f 2042/411/735 2049/406/735 2043/406/735
f 2047/413/736 2048/411/736 2042/411/736
f 2044/404/732 2051/402/732 2045/402/732
f 2049/406/733 2056/404/733 2050/404/733
f 2048/411/735 2055/406/735 2049/406/735
f 2053/413/736 2054/411/736 2048/411/736
f 2050/404/732 2057/402/732 2051/402/732
f 2051/402/731 2058/399/731 2052/399/731
f 2052/399/730 2059/400/730 2053/400/730
f 2062/410/735 2061/411/735 2063/406/735
f 2060/412/736 2068/413/736 2061/411/736
f 2062/410/735 2060/412/735 2061/411/735
f 2060/412/736 2067/415/736 2068/413/736
f 2061/411/833 2070/406/833 2063/406/833
f 2065/402/834 2071/404/834 2072/402/834
f 2066/399/835 2074/400/835 2068/400/835
f 2061/411/836 2074/413/836 2069/411/836
f 2065/402/837 2073/399/837 2066/399/837
f 2063/406/838 2071/404/838 2064/404/838
f 2246/411/853 2080/413/853 2075/411/853
f 2244/406/854 2077/404/854 2247/467/854
f 2243/400/855 2079/399/855 2080/400/855
f 2247/467/856 2078/402/856 2248/402/856
f 2244/406/857 2075/411/857 2076/406/857
f 2248/402/858 2079/399/858 2245/399/858
f 2079/399/859 2084/402/859 2085/399/859
f 2080/400/860 2085/399/860 2086/400/860
f 2076/406/861 2083/404/861 2077/404/861
f 2075/411/862 2082/406/862 2076/406/862
f 2080/413/863 2081/411/863 2075/411/863
f 2077/404/864 2084/402/864 2078/402/864
f 2082/406/733 2089/404/733 2083/404/733
f 2081/411/735 2088/406/735 2082/406/735
f 2086/413/736 2087/411/736 2081/411/736
f 2083/404/732 2090/402/732 2084/402/732
f 2084/402/731 2091/399/731 2085/399/731
f 2085/399/730 2092/400/730 2086/400/730
f 2094/365/865 2095/366/865 2093/367/865
f 2096/368/866 2099/369/866 2095/370/866
f 2098/371/867 2093/372/867 2097/373/867
f 2099/374/868 2093/375/868 2095/376/868
f 2096/377/869 2098/378/869 2100/379/869
f 2094/365/865 2096/393/865 2095/366/865
f 2096/368/870 2100/394/870 2099/369/870
f 2098/371/871 2094/395/871 2093/372/871
f 2099/374/868 2097/396/868 2093/375/868
f 2096/377/872 2094/397/872 2098/378/872
f 2102/365/873 2103/366/873 2101/367/873
f 2104/368/874 2107/369/874 2103/370/874
f 2106/371/875 2101/372/875 2105/373/875
f 2107/374/876 2101/375/876 2103/376/876
f 2104/377/877 2106/378/877 2108/379/877
f 2102/365/878 2104/393/878 2103/366/878
f 2104/368/879 2108/394/879 2107/369/879
f 2106/371/880 2102/395/880 2101/372/880
f 2107/374/876 2105/396/876 2101/375/876
f 2104/377/881 2102/397/881 2106/378/881
f 2110/365/882 2111/366/882 2109/367/882
f 2112/368/883 2115/369/883 2111/370/883
f 2114/371/884 2109/372/884 2113/373/884
f 2115/374/885 2109/375/885 2111/376/885
f 2112/377/886 2114/378/886 2116/379/886
f 2110/365/887 2112/393/887 2111/366/887
f 2112/368/888 2116/394/888 2115/369/888
f 2114/371/889 2110/395/889 2109/372/889
f 2115/374/885 2113/396/885 2109/375/885
f 2112/377/886 2110/397/886 2114/378/886
f 2118/365/890 2119/366/890 2117/367/890
f 2120/368/891 2123/369/891 2119/370/891
f 2122/371/892 2117/372/892 2121/373/892
f 2123/374/893 2117/375/893 2119/376/893
f 2120/377/894 2122/378/894 2124/379/894
f 2118/365/895 2120/393/895 2119/366/895
f 2120/368/896 2124/394/896 2123/369/896
f 2122/371/897 2118/395/897 2117/372/897
f 2123/374/898 2121/396/898 2117/375/898
f 2120/377/899 2118/397/899 2122/378/899
f 2126/365/900 2127/366/900 2125/367/900
f 2128/368/901 2131/369/901 2127/370/901
f 2130/371/902 2125/372/902 2129/373/902
f 2131/374/903 2125/375/903 2127/376/903
f 2128/377/904 2130/378/904 2132/379/904
f 2126/365/905 2128/393/905 2127/366/905
f 2128/368/906 2132/394/906 2131/369/906
f 2130/371/907 2126/395/907 2125/372/907
f 2131/374/908 2129/396/908 2125/375/908
f 2128/377/909 2126/397/909 2130/378/909
f 2134/365/910 2135/366/910 2133/367/910
f 2136/368/911 2139/369/911 2135/370/911
f 2138/371/912 2133/372/912 2137/373/912
f 2139/374/913 2133/375/913 2135/376/913
f 2136/377/914 2138/378/914 2140/379/914
f 2134/365/915 2136/393/915 2135/366/915
f 2136/368/916 2140/394/916 2139/369/916
f 2138/371/917 2134/395/917 2133/372/917
f 2139/374/913 2137/396/913 2133/375/913
f 2136/377/918 2134/397/918 2138/378/918
f 2142/365/919 2143/366/919 2141/367/919
f 2144/368/920 2147/369/920 2143/370/920
f 2146/371/921 2141/372/921 2145/373/921
f 2147/374/922 2141/375/922 2143/376/922
f 2144/377/923 2146/378/923 2148/379/923
f 2142/365/924 2144/393/924 2143/366/924
f 2144/368/925 2148/394/925 2147/369/925
f 2146/371/926 2142/395/926 2141/372/926
f 2147/374/927 2145/396/927 2141/375/927
f 2144/377/923 2142/397/923 2146/378/923
f 2150/365/928 2151/366/928 2149/367/928
f 2152/368/929 2155/369/929 2151/370/929
f 2154/371/930 2149/372/930 2153/373/930
f 2155/374/931 2149/375/931 2151/376/931
f 2152/377/932 2154/378/932 2156/379/932
f 2150/365/933 2152/393/933 2151/366/933
f 2152/368/934 2156/394/934 2155/369/934
f 2154/371/935 2150/395/935 2149/372/935
f 2155/374/936 2153/396/936 2149/375/936
f 2152/377/937 2150/397/937 2154/378/937
f 2158/365/928 2159/366/928 2157/367/928
f 2160/368/929 2163/369/929 2159/370/929
f 2162/371/930 2157/372/930 2161/373/930
f 2163/374/931 2157/375/931 2159/376/931
f 2160/377/932 2162/378/932 2164/379/932
f 2158/365/928 2160/393/928 2159/366/928
f 2160/368/934 2164/394/934 2163/369/934
f 2162/371/935 2158/395/935 2157/372/935
f 2163/374/936 2161/396/936 2157/375/936
f 2160/377/937 2158/397/937 2162/378/937
f 2166/365/938 2167/366/938 2165/367/938
f 2168/368/939 2171/369/939 2167/370/939
f 2170/371/940 2165/372/940 2169/373/940
f 2171/374/941 2165/375/941 2167/376/941
f 2168/377/942 2170/378/942 2172/379/942
f 2166/365/943 2168/393/943 2167/366/943
f 2168/368/944 2172/394/944 2171/369/944
f 2170/371/945 2166/395/945 2165/372/945
f 2171/374/941 2169/396/941 2165/375/941
f 2168/377/946 2166/397/946 2170/378/946
f 2174/365/947 2175/366/947 2173/367/947
f 2176/368/948 2179/369/948 2175/370/948
f 2178/371/949 2173/372/949 2177/373/949
f 2179/374/950 2173/375/950 2175/376/950
f 2176/377/951 2178/378/951 2180/379/951
f 2174/365/952 2176/393/952 2175/366/952
f 2176/368/953 2180/394/953 2179/369/953
f 2178/371/954 2174/395/954 2173/372/954
f 2179/374/955 2177/396/955 2173/375/955
f 2176/377/951 2174/397/951 2178/378/951
f 2182/365/956 2183/366/956 2181/367/956
f 2184/368/957 2187/369/957 2183/370/957
f 2186/371/958 2181/372/958 2185/373/958
f 2187/374/959 2181/375/959 2183/376/959
f 2184/377/960 2186/378/960 2188/379/960
f 2182/365/956 2184/393/956 2183/366/956
f 2184/368/961 2188/394/961 2187/369/961
f 2186/371/962 2182/395/962 2181/372/962
f 2187/374/963 2185/396/963 2181/375/963
f 2184/377/960 2182/397/960 2186/378/960
f 2190/365/964 2191/366/964 2189/367/964
f 2192/368/965 2195/369/965 2191/370/965
f 2194/371/966 2189/372/966 2193/373/966
f 2195/374/967 2189/375/967 2191/376/967
f 2192/377/968 2194/378/968 2196/379/968
f 2190/365/964 2192/393/964 2191/366/964
f 2192/368/969 2196/394/969 2195/369/969
f 2194/371/970 2190/395/970 2189/372/970
f 2195/374/967 2193/396/967 2189/375/967
f 2192/377/968 2190/397/968 2194/378/968
f 2198/365/971 2199/366/971 2197/367/971
f 2200/368/972 2203/369/972 2199/370/972
f 2202/371/973 2197/372/973 2201/373/973
f 2203/374/974 2197/375/974 2199/376/974
f 2200/377/975 2202/378/975 2204/379/975
f 2198/365/976 2200/393/976 2199/366/976
f 2200/368/977 2204/394/977 2203/369/977
f 2202/371/978 2198/395/978 2197/372/978
f 2203/374/974 2201/396/974 2197/375/974
f 2200/377/975 2198/397/975 2202/378/975
f 2209/412/736 2212/413/736 2208/411/736
f 2209/412/736 2211/415/736 2212/413/736
f 2208/411/833 2214/406/833 2207/406/833
f 2205/402/834 2215/404/834 2216/402/834
f 2210/399/835 2218/400/835 2212/400/835
f 2208/411/836 2218/413/836 2213/411/836
f 2205/402/837 2217/399/837 2210/399/837
f 2207/406/838 2215/404/838 2206/404/838
f 2218/413/736 2219/411/736 2213/411/736
f 2214/406/733 2221/404/733 2215/404/733
f 2217/399/730 2224/400/730 2218/400/730
f 2215/404/732 2222/402/732 2216/402/732
f 2213/411/735 2220/406/735 2214/406/735
f 2216/402/731 2223/399/731 2217/399/731
f 2235/398/730 2234/399/730 2236/400/730
f 2233/401/731 2232/402/731 2234/399/731
f 2231/403/732 2230/404/732 2232/402/732
f 2229/405/733 2228/406/733 2230/404/733
f 2227/407/734 2229/408/734 2231/409/734
f 2227/410/735 2226/411/735 2228/406/735
f 2225/412/736 2236/413/736 2226/411/736
f 2235/398/730 2233/401/730 2234/399/730
f 2233/401/731 2231/403/731 2232/402/731
f 2231/403/732 2229/405/732 2230/404/732
f 2229/405/733 2227/410/733 2228/406/733
f 2231/409/734 2233/416/734 2227/407/734
f 2233/416/734 2235/414/734 2227/407/734
f 2235/414/734 2225/417/734 2227/407/734
f 2227/410/735 2225/412/735 2226/411/735
f 2225/412/736 2235/415/736 2236/413/736
f 2072/402/979 2241/399/979 2073/399/979
f 2070/406/980 2237/411/980 2240/406/980
f 2071/404/981 2242/402/981 2072/402/981
f 2074/400/982 2241/399/982 2238/400/982
f 2070/406/983 2239/404/983 2071/404/983
f 2069/411/984 2238/413/984 2237/411/984
f 2242/402/985 2245/399/985 2241/399/985
f 2240/406/986 2246/411/986 2244/406/986
f 2242/402/987 2247/467/987 2248/402/987
f 2241/399/988 2243/400/988 2238/400/988
f 2239/404/989 2244/406/989 2247/467/989
f 2238/413/990 2246/411/990 2237/411/990
f 123/154/991 1626/153/992 1627/205/993
f 1601/278/994 1604/426/994 1605/279/994
f 1574/374/786 1575/379/786 1573/371/786
f 1601/278/995 166/430/995 1600/418/995
f 166/420/996 170/432/996 1602/421/996
f 170/423/997 1604/426/997 171/424/997
f 1604/426/998 1601/278/998 167/419/998
f 1620/427/999 1611/468/999 1609/428/999
f 170/423/1000 1607/454/1000 1605/279/1000
f 166/430/1001 1601/278/1001 1603/280/1001
f 170/432/1002 166/420/1002 1606/433/1002
f 1616/435/795 1614/469/795 1615/436/795
f 1623/438/1003 1622/444/1003 1608/439/1003
f 1623/441/1004 1610/453/1004 1611/442/1004
f 1622/444/1005 1621/429/1005 1609/428/1005
f 1618/445/1006 1613/449/1006 1612/446/1006
f 1618/445/800 1617/452/800 1615/448/800
f 1616/450/801 1619/447/801 1612/446/801
f 1610/440/801 1608/439/801 1619/447/801
f 1609/428/800 1611/468/800 1617/452/800
f 1609/428/1006 1618/445/1006 1619/447/1006
f 1610/453/1007 1616/435/1007 1617/437/1007
f 1603/280/1008 1605/279/1008 1621/429/1008
f 1606/433/1009 1623/441/1009 1620/443/1009
f 1606/431/1010 1603/280/1010 1622/444/1010
f 1607/454/1011 1620/427/1011 1621/429/1011
f 31/57/807 33/17/807 30/21/807
f 116/460/1012 117/462/1013 1625/145/1014
f 122/461/1015 1626/153/1016 1625/145/1017
f 136/464/1018 1629/119/1019 1628/150/1020
f 128/466/1021 135/465/1022 1628/150/1023
f 128/466/1024 1630/120/1025 1629/119/1026
f 1634/406/833 1632/411/833 1643/411/833
f 1638/402/834 1636/404/834 1645/404/834
f 1640/399/835 1647/399/835 1648/400/835
f 1632/411/836 1642/413/836 1648/413/836
f 1638/402/837 1646/402/837 1647/399/837
f 1634/406/838 1644/406/838 1645/404/838
f 1648/413/736 1654/413/736 1649/411/736
f 1644/406/733 1650/406/733 1651/404/733
f 1647/399/730 1653/399/730 1654/400/730
f 1645/404/732 1651/404/732 1652/402/732
f 1643/411/735 1649/411/735 1650/406/735
f 1646/402/731 1652/402/731 1653/399/731
f 1658/406/833 1656/411/833 1667/411/833
f 1662/402/834 1660/404/834 1669/404/834
f 1664/399/835 1671/399/835 1672/400/835
f 1656/411/836 1666/413/836 1672/413/836
f 1662/402/837 1670/402/837 1671/399/837
f 1658/406/838 1668/406/838 1669/404/838
f 1672/413/736 1678/413/736 1673/411/736
f 1668/406/733 1674/406/733 1675/404/733
f 1671/399/730 1677/399/730 1678/400/730
f 1669/404/732 1675/404/732 1676/402/732
f 1667/411/735 1673/411/735 1674/406/735
f 1670/402/731 1676/402/731 1677/399/731
f 1682/406/833 1680/411/833 1691/411/833
f 1686/402/834 1684/404/834 1693/404/834
f 1688/399/835 1695/399/835 1696/400/835
f 1680/411/836 1690/413/836 1696/413/836
f 1686/402/837 1694/402/837 1695/399/837
f 1682/406/838 1692/406/838 1693/404/838
f 1696/413/736 1702/413/736 1697/411/736
f 1692/406/733 1698/406/733 1699/404/733
f 1695/399/730 1701/399/730 1702/400/730
f 1693/404/732 1699/404/732 1700/402/732
f 1691/411/735 1697/411/735 1698/406/735
f 1694/402/731 1700/402/731 1701/399/731
f 1704/411/833 1715/411/833 1716/406/833
f 1710/402/834 1708/404/834 1717/404/834
f 1712/399/835 1719/399/835 1720/400/835
f 1704/411/836 1714/413/836 1720/413/836
f 1710/402/837 1718/402/837 1719/399/837
f 1706/406/838 1716/406/838 1717/404/838
f 1720/413/736 1726/413/736 1721/411/736
f 1716/406/733 1722/406/733 1723/404/733
f 1719/399/730 1725/399/730 1726/400/730
f 1717/404/732 1723/404/732 1724/402/732
f 1715/411/735 1721/411/735 1722/406/735
f 1718/402/731 1724/402/731 1725/399/731
f 1728/411/833 1739/411/833 1740/406/833
f 1734/402/834 1732/404/834 1741/404/834
f 1736/399/835 1743/399/835 1744/400/835
f 1728/411/836 1738/413/836 1744/413/836
f 1734/402/837 1742/402/837 1743/399/837
f 1730/406/838 1740/406/838 1741/404/838
f 1744/413/736 1750/413/736 1745/411/736
f 1740/406/733 1746/406/733 1747/404/733
f 1743/399/730 1749/399/730 1750/400/730
f 1741/404/732 1747/404/732 1748/402/732
f 1739/411/735 1745/411/735 1746/406/735
f 1742/402/731 1748/402/731 1749/399/731
f 1752/411/833 1763/411/833 1764/406/833
f 1758/402/834 1756/404/834 1765/404/834
f 1760/399/835 1767/399/835 1768/400/835
f 1752/411/836 1762/413/836 1768/413/836
f 1758/402/837 1766/402/837 1767/399/837
f 1754/406/838 1764/406/838 1765/404/838
f 1768/413/736 1774/413/736 1769/411/736
f 1764/406/733 1770/406/733 1771/404/733
f 1767/399/730 1773/399/730 1774/400/730
f 1765/404/732 1771/404/732 1772/402/732
f 1763/411/735 1769/411/735 1770/406/735
f 1766/402/731 1772/402/731 1773/399/731
f 1776/411/833 1787/411/833 1788/406/833
f 1782/402/834 1780/404/834 1789/404/834
f 1784/399/835 1791/399/835 1792/400/835
f 1776/411/836 1786/413/836 1792/413/836
f 1782/402/837 1790/402/837 1791/399/837
f 1778/406/838 1788/406/838 1789/404/838
f 1792/413/736 1798/413/736 1793/411/736
f 1788/406/733 1794/406/733 1795/404/733
f 1791/399/730 1797/399/730 1798/400/730
f 1789/404/732 1795/404/732 1796/402/732
f 1787/411/735 1793/411/735 1794/406/735
f 1790/402/731 1796/402/731 1797/399/731
f 1769/411/735 1829/411/735 1830/406/735
f 1676/402/731 1808/402/731 1809/399/731
f 1796/402/731 1838/402/731 1839/399/731
f 1654/413/736 1804/413/736 1799/411/736
f 1774/413/736 1834/413/736 1829/411/736
f 1677/399/730 1809/399/730 1810/400/730
f 1797/399/730 1839/399/730 1840/400/730
f 1746/406/733 1824/406/733 1825/404/733
f 1651/404/732 1801/404/732 1802/402/732
f 1771/404/732 1831/404/732 1832/402/732
f 1745/411/735 1823/411/735 1824/406/735
f 1652/402/731 1802/402/731 1803/399/731
f 1772/402/731 1832/402/731 1833/399/731
f 1750/413/736 1828/413/736 1823/411/736
f 1653/399/730 1803/399/730 1804/400/730
f 1773/399/730 1833/399/730 1834/400/730
f 1722/406/733 1818/406/733 1819/404/733
f 1747/404/732 1825/404/732 1826/402/732
f 1721/411/735 1817/411/735 1818/406/735
f 1748/402/731 1826/402/731 1827/399/731
f 1726/413/736 1822/413/736 1817/411/736
f 1749/399/730 1827/399/730 1828/400/730
f 1698/406/733 1812/406/733 1813/404/733
f 1723/404/732 1819/404/732 1820/402/732
f 1697/411/735 1811/411/735 1812/406/735
f 1724/402/731 1820/402/731 1821/399/731
f 1702/413/736 1816/413/736 1811/411/736
f 1725/399/730 1821/399/730 1822/400/730
f 1674/406/733 1806/406/733 1807/404/733
f 1794/406/733 1836/406/733 1837/404/733
f 1699/404/732 1813/404/732 1814/402/732
f 1673/411/735 1805/411/735 1806/406/735
f 1793/411/735 1835/411/735 1836/406/735
f 1700/402/731 1814/402/731 1815/399/731
f 1678/413/736 1810/413/736 1805/411/736
f 1798/413/736 1840/413/736 1835/411/736
f 1701/399/730 1815/399/730 1816/400/730
f 1650/406/733 1800/406/733 1801/404/733
f 1770/406/733 1830/406/733 1831/404/733
f 1675/404/732 1807/404/732 1808/402/732
f 1795/404/732 1837/404/732 1838/402/732
f 1649/411/735 1799/411/735 1800/406/735
f 1803/399/730 1845/399/730 1846/400/730
f 1834/413/736 1876/413/736 1871/411/736
f 1817/411/735 1859/411/735 1860/406/735
f 1806/406/733 1848/406/733 1849/404/733
f 1831/404/732 1873/404/732 1874/402/732
f 1822/413/736 1864/413/736 1859/411/736
f 1805/411/735 1847/411/735 1848/406/735
f 1832/402/731 1874/402/731 1875/399/731
f 1819/404/732 1861/404/732 1862/402/732
f 1810/413/736 1852/413/736 1847/411/736
f 1833/399/730 1875/399/730 1876/400/730
f 1820/402/731 1862/402/731 1863/399/731
f 1807/404/732 1849/404/732 1850/402/732
f 1836/406/733 1878/406/733 1879/404/733
f 1821/399/730 1863/399/730 1864/400/730
f 1808/402/731 1850/402/731 1851/399/731
f 1835/411/735 1877/411/735 1878/406/735
f 1824/406/733 1866/406/733 1867/404/733
f 1809/399/730 1851/399/730 1852/400/730
f 1840/413/736 1882/413/736 1877/411/736
f 1823/411/735 1865/411/735 1866/406/735
f 1812/406/733 1854/406/733 1855/404/733
f 1837/404/732 1879/404/732 1880/402/732
f 1828/413/736 1870/413/736 1865/411/736
f 1811/411/735 1853/411/735 1854/406/735
f 1838/402/731 1880/402/731 1881/399/731
f 1800/406/733 1842/406/733 1843/404/733
f 1825/404/732 1867/404/732 1868/402/732
f 1816/413/736 1858/413/736 1853/411/736
f 1839/399/730 1881/399/730 1882/400/730
f 1799/411/735 1841/411/735 1842/406/735
f 1826/402/731 1868/402/731 1869/399/731
f 1813/404/732 1855/404/732 1856/402/732
f 1804/413/736 1846/413/736 1841/411/736
f 1827/399/730 1869/399/730 1870/400/730
f 1814/402/731 1856/402/731 1857/399/731
f 1801/404/732 1843/404/732 1844/402/732
f 1830/406/733 1872/406/733 1873/404/733
f 1815/399/730 1857/399/730 1858/400/730
f 1802/402/731 1844/402/731 1845/399/731
f 1829/411/735 1871/411/735 1872/406/735
f 1818/406/733 1860/406/733 1861/404/733
f 1890/402/839 1888/404/839 1886/406/839
f 1886/406/839 1884/411/839 1894/400/839
f 1894/400/839 1892/399/839 1886/406/839
f 1924/400/839 1922/399/839 1916/406/839
f 1922/399/839 1920/402/839 1916/406/839
f 1920/402/839 1918/404/839 1916/406/839
f 1935/411/839 1925/413/839 1927/399/839
f 1927/399/839 1929/402/839 1931/404/839
f 1931/404/839 1933/406/839 1927/399/839
f 1901/400/839 1903/399/839 1909/406/839
f 1903/399/839 1905/402/839 1909/406/839
f 1905/402/839 1907/404/839 1909/406/839
f 1900/400/839 1898/399/839 1939/406/839
f 1898/399/839 1896/402/839 1939/406/839
f 1896/402/839 1937/404/839 1939/406/839
f 1948/400/839 1946/399/839 1951/406/839
f 1946/399/839 1944/402/839 1951/406/839
f 1944/402/839 1949/404/839 1951/406/839
f 1960/400/839 1958/399/839 1963/406/839
f 1958/399/839 1956/402/839 1963/406/839
f 1956/402/839 1961/404/839 1963/406/839
f 1977/411/833 1985/411/833 1986/406/833
f 1982/402/834 1981/404/834 1987/404/834
f 1983/399/835 1989/399/835 1990/400/835
f 1977/411/836 1984/413/836 1990/413/836
f 1982/402/837 1988/402/837 1989/399/837
f 1979/406/838 1986/406/838 1987/404/838
f 1990/413/736 1996/413/736 1991/411/736
f 1986/406/733 1992/406/733 1993/404/733
f 1989/399/730 1995/399/730 1996/400/730
f 1987/404/732 1993/404/732 1994/402/732
f 1985/411/735 1991/411/735 1992/406/735
f 1988/402/731 1994/402/731 1995/399/731
f 1995/399/847 1994/402/847 2000/402/847
f 1996/400/848 1995/399/848 2001/399/848
f 1992/406/849 1998/406/849 1999/404/849
f 1991/411/850 1997/411/850 1998/406/850
f 1991/411/851 1996/413/851 2002/413/851
f 1993/404/852 1999/404/852 2000/402/852
f 2003/411/833 2009/411/833 2010/406/833
f 2006/402/834 2005/404/834 2011/404/834
f 2007/399/835 2013/399/835 2014/400/835
f 2003/411/836 2008/413/836 2014/413/836
f 2006/402/837 2012/402/837 2013/399/837
f 2004/406/838 2010/406/838 2011/404/838
f 2014/413/736 2020/413/736 2015/411/736
f 2010/406/733 2016/406/733 2017/404/733
f 2013/399/730 2019/399/730 2020/400/730
f 2011/404/732 2017/404/732 2018/402/732
f 2009/411/735 2015/411/735 2016/406/735
f 2012/402/731 2018/402/731 2019/399/731
f 2019/399/847 2018/402/847 2024/402/847
f 2020/400/848 2019/399/848 2025/399/848
f 2016/406/849 2022/406/849 2023/404/849
f 2015/411/850 2021/411/850 2022/406/850
f 2015/411/851 2020/413/851 2026/413/851
f 2017/404/852 2023/404/852 2024/402/852
f 2030/406/833 2028/411/833 2036/411/833
f 2033/402/834 2032/404/834 2038/404/834
f 2034/399/835 2040/399/835 2041/400/835
f 2028/411/836 2035/413/836 2041/413/836
f 2033/402/837 2039/402/837 2040/399/837
f 2030/406/838 2037/406/838 2038/404/838
f 2041/413/736 2047/413/736 2042/411/736
f 2037/406/733 2043/406/733 2044/404/733
f 2040/399/730 2046/399/730 2047/400/730
f 2038/404/732 2044/404/732 2045/402/732
f 2036/411/735 2042/411/735 2043/406/735
f 2039/402/731 2045/402/731 2046/399/731
f 2045/402/731 2051/402/731 2052/399/731
f 2046/399/730 2052/399/730 2053/400/730
f 2043/406/733 2049/406/733 2050/404/733
f 2042/411/735 2048/411/735 2049/406/735
f 2047/413/736 2053/413/736 2048/411/736
f 2044/404/732 2050/404/732 2051/402/732
f 2049/406/733 2055/406/733 2056/404/733
f 2048/411/735 2054/411/735 2055/406/735
f 2053/413/736 2059/413/736 2054/411/736
f 2050/404/732 2056/404/732 2057/402/732
f 2051/402/731 2057/402/731 2058/399/731
f 2052/399/730 2058/399/730 2059/400/730
f 2061/411/833 2069/411/833 2070/406/833
f 2065/402/834 2064/404/834 2071/404/834
f 2066/399/835 2073/399/835 2074/400/835
f 2061/411/836 2068/413/836 2074/413/836
f 2065/402/837 2072/402/837 2073/399/837
f 2063/406/838 2070/406/838 2071/404/838
f 2246/411/1027 2243/470/1027 2080/413/1027
f 2244/406/1028 2076/406/1028 2077/404/1028
f 2243/400/1029 2245/399/1029 2079/399/1029
f 2247/467/1030 2077/404/1030 2078/402/1030
f 2244/406/1031 2246/411/1031 2075/411/1031
f 2248/402/1032 2078/402/1032 2079/399/1032
f 2079/399/1033 2078/402/1033 2084/402/1033
f 2080/400/1034 2079/399/1034 2085/399/1034
f 2076/406/1035 2082/406/1035 2083/404/1035
f 2075/411/1036 2081/411/1036 2082/406/1036
f 2080/413/1037 2086/413/1037 2081/411/1037
f 2077/404/1038 2083/404/1038 2084/402/1038
f 2082/406/733 2088/406/733 2089/404/733
f 2081/411/735 2087/411/735 2088/406/735
f 2086/413/736 2092/413/736 2087/411/736
f 2083/404/732 2089/404/732 2090/402/732
f 2084/402/731 2090/402/731 2091/399/731
f 2085/399/730 2091/399/730 2092/400/730
f 2208/411/833 2213/411/833 2214/406/833
f 2205/402/834 2206/404/834 2215/404/834
f 2210/399/835 2217/399/835 2218/400/835
f 2208/411/836 2212/413/836 2218/413/836
f 2205/402/837 2216/402/837 2217/399/837
f 2207/406/838 2214/406/838 2215/404/838
f 2218/413/736 2224/413/736 2219/411/736
f 2214/406/733 2220/406/733 2221/404/733
f 2217/399/730 2223/399/730 2224/400/730
f 2215/404/732 2221/404/732 2222/402/732
f 2213/411/735 2219/411/735 2220/406/735
f 2216/402/731 2222/402/731 2223/399/731
f 2072/402/1039 2242/402/1039 2241/399/1039
f 2070/406/1040 2069/411/1040 2237/411/1040
f 2071/404/1041 2239/404/1041 2242/402/1041
f 2074/400/1042 2073/399/1042 2241/399/1042
f 2070/406/1043 2240/406/1043 2239/404/1043
f 2069/411/1044 2074/413/1044 2238/413/1044
f 2242/402/1045 2248/402/1045 2245/399/1045
f 2240/406/1046 2237/411/1046 2246/411/1046
f 2242/402/1047 2239/404/1047 2247/467/1047
f 2241/399/1048 2245/399/1048 2243/400/1048
f 2239/404/1049 2240/406/1049 2244/406/1049
f 2238/413/1050 2243/470/1050 2246/411/1050
f 2250/365/1051 2251/366/1051 2249/367/1051
f 2252/368/1052 2255/369/1052 2251/370/1052
f 2254/371/1053 2249/372/1053 2253/373/1053
f 2255/374/1054 2249/375/1054 2251/376/1054
f 2252/377/1055 2254/378/1055 2256/379/1055
f 2250/365/1051 2252/393/1051 2251/366/1051
f 2252/368/1056 2256/394/1056 2255/369/1056
f 2254/371/1057 2250/395/1057 2249/372/1057
f 2255/374/1054 2253/396/1054 2249/375/1054
f 2252/377/1055 2250/397/1055 2254/378/1055
f 2267/398/1058 2266/399/1058 2268/400/1058
f 2265/401/1059 2264/402/1059 2266/399/1059
f 2263/403/1060 2262/404/1060 2264/402/1060
f 2261/405/1061 2260/406/1061 2262/404/1061
f 2259/407/1062 2261/408/1062 2263/409/1062
f 2259/410/1063 2258/411/1063 2260/406/1063
f 2257/412/1064 2268/413/1064 2258/411/1064
f 2267/398/1058 2265/401/1058 2266/399/1058
f 2265/401/1059 2263/403/1059 2264/402/1059
f 2263/403/1060 2261/405/1060 2262/404/1060
f 2261/405/1061 2259/410/1061 2260/406/1061
f 2263/409/1062 2265/416/1062 2259/407/1062
f 2265/416/1062 2267/414/1062 2259/407/1062
f 2267/414/1062 2257/417/1062 2259/407/1062
f 2259/410/1063 2257/412/1063 2258/411/1063
f 2257/412/1064 2267/415/1064 2268/413/1064
f 2279/398/1065 2278/399/1065 2280/400/1065
f 2277/401/1066 2276/402/1066 2278/399/1066
f 2275/403/1067 2274/404/1067 2276/402/1067
f 2273/405/1068 2272/406/1068 2274/404/1068
f 2271/407/1069 2273/408/1069 2275/409/1069
f 2271/410/1070 2270/411/1070 2272/406/1070
f 2269/412/1071 2280/413/1071 2270/411/1071
f 2279/398/1072 2277/401/1072 2278/399/1072
f 2277/401/1073 2275/403/1073 2276/402/1073
f 2275/403/1074 2273/405/1074 2274/404/1074
f 2273/405/1075 2271/410/1075 2272/406/1075
f 2275/409/1069 2277/416/1069 2271/407/1069
f 2277/416/1069 2279/414/1069 2271/407/1069
f 2279/414/1076 2269/417/1076 2271/407/1076
f 2271/410/1077 2269/412/1077 2270/411/1077
f 2269/412/1078 2279/415/1078 2280/413/1078
f 2281/471/1079 2282/472/1079 18/473/1079 19/474/1079
f 2283/475/1080 25/476/1080 24/477/1080 2284/478/1080
f 2295/398/1081 2294/399/1081 2296/400/1081
f 2293/401/1082 2292/402/1082 2294/399/1082
f 2291/403/1083 2290/404/1083 2292/402/1083
f 2289/405/1084 2288/406/1084 2290/404/1084
f 2287/407/734 2289/408/734 2291/409/734
f 2287/410/1085 2286/411/1085 2288/406/1085
f 2285/412/1086 2296/413/1086 2286/411/1086
f 2295/398/1081 2293/401/1081 2294/399/1081
f 2293/401/1082 2291/403/1082 2292/402/1082
f 2291/403/1083 2289/405/1083 2290/404/1083
f 2289/405/1084 2287/410/1084 2288/406/1084
f 2291/409/734 2293/416/734 2287/407/734
f 2293/416/734 2295/414/734 2287/407/734
f 2295/414/734 2285/417/734 2287/407/734
f 2287/410/1085 2285/412/1085 2286/411/1085
f 2285/412/1086 2295/415/1086 2296/413/1086
f 2307/398/1081 2306/399/1081 2308/400/1081
f 2305/401/1082 2304/402/1082 2306/399/1082
f 2303/403/1083 2302/404/1083 2304/402/1083
f 2301/405/1084 2300/406/1084 2302/404/1084
f 2299/407/734 2301/408/734 2303/409/734
f 2299/410/1085 2298/411/1085 2300/406/1085
f 2297/412/1086 2308/413/1086 2298/411/1086
f 2307/398/1081 2305/401/1081 2306/399/1081
f 2305/401/1082 2303/403/1082 2304/402/1082
f 2303/403/1083 2301/405/1083 2302/404/1083
f 2301/405/1084 2299/410/1084 2300/406/1084
f 2303/409/734 2305/416/734 2299/407/734
f 2305/416/734 2307/414/734 2299/407/734
f 2307/414/734 2297/417/734 2299/407/734
f 2299/410/1085 2297/412/1085 2298/411/1085
f 2297/412/1086 2307/415/1086 2308/413/1086
f 2319/398/1081 2318/399/1081 2320/400/1081
f 2317/401/1082 2316/402/1082 2318/399/1082
f 2315/403/1083 2314/404/1083 2316/402/1083
f 2313/405/1084 2312/406/1084 2314/404/1084
f 2311/407/734 2313/408/734 2315/409/734
f 2311/410/1085 2310/411/1085 2312/406/1085
f 2309/412/1086 2320/413/1086 2310/411/1086
f 2319/398/1081 2317/401/1081 2318/399/1081
f 2317/401/1082 2315/403/1082 2316/402/1082
f 2315/403/1083 2313/405/1083 2314/404/1083
f 2313/405/1084 2311/410/1084 2312/406/1084
f 2315/409/734 2317/416/734 2311/407/734
f 2317/416/734 2319/414/734 2311/407/734
f 2319/414/734 2309/417/734 2311/407/734
f 2311/410/1085 2309/412/1085 2310/411/1085
f 2309/412/1086 2319/415/1086 2320/413/1086
f 2331/398/1081 2330/399/1081 2332/400/1081
f 2329/401/1082 2328/402/1082 2330/399/1082
f 2327/403/1083 2326/404/1083 2328/402/1083
f 2325/405/1084 2324/406/1084 2326/404/1084
f 2323/407/734 2325/408/734 2327/409/734
f 2323/410/1085 2322/411/1085 2324/406/1085
f 2321/412/1086 2332/413/1086 2322/411/1086
f 2331/398/1081 2329/401/1081 2330/399/1081
f 2329/401/1082 2327/403/1082 2328/402/1082
f 2327/403/1083 2325/405/1083 2326/404/1083
f 2325/405/1084 2323/410/1084 2324/406/1084
f 2327/409/734 2329/416/734 2323/407/734
f 2329/416/734 2331/414/734 2323/407/734
f 2331/414/734 2321/417/734 2323/407/734
f 2323/410/1085 2321/412/1085 2322/411/1085
f 2321/412/1086 2331/415/1086 2332/413/1086
f 2343/398/1081 2342/399/1081 2344/400/1081
f 2341/401/1082 2340/402/1082 2342/399/1082
f 2339/403/1083 2338/404/1083 2340/402/1083
f 2337/405/1084 2336/406/1084 2338/404/1084
f 2335/407/734 2337/408/734 2339/409/734
f 2335/410/1085 2334/411/1085 2336/406/1085
f 2333/412/1086 2344/413/1086 2334/411/1086
f 2343/398/1081 2341/401/1081 2342/399/1081
f 2341/401/1082 2339/403/1082 2340/402/1082
f 2339/403/1083 2337/405/1083 2338/404/1083
f 2337/405/1084 2335/410/1084 2336/406/1084
f 2339/409/734 2341/416/734 2335/407/734
f 2341/416/734 2343/414/734 2335/407/734
f 2343/414/734 2333/417/734 2335/407/734
f 2335/410/1085 2333/412/1085 2334/411/1085
f 2333/412/1086 2343/415/1086 2344/413/1086
f 2355/398/1087 2354/399/1087 2356/400/1087
f 2353/401/1088 2352/402/1088 2354/399/1088
f 2351/403/1089 2350/404/1089 2352/402/1089
f 2349/405/1090 2348/406/1090 2350/404/1090
f 2347/407/734 2349/408/734 2351/409/734
f 2347/410/1091 2346/411/1091 2348/406/1091
f 2345/412/1092 2356/413/1092 2346/411/1092
f 2355/398/1087 2353/401/1087 2354/399/1087
f 2353/401/1088 2351/403/1088 2352/402/1088
f 2351/403/1089 2349/405/1089 2350/404/1089
f 2349/405/1090 2347/410/1090 2348/406/1090
f 2351/409/734 2353/416/734 2347/407/734
f 2353/416/734 2355/414/734 2347/407/734
f 2355/414/734 2345/417/734 2347/407/734
f 2347/410/1091 2345/412/1091 2346/411/1091
f 2345/412/1092 2355/415/1092 2356/413/1092
f 2367/398/1087 2366/399/1087 2368/400/1087
f 2365/401/1088 2364/402/1088 2366/399/1088
f 2363/403/1089 2362/404/1089 2364/402/1089
f 2361/405/1090 2360/406/1090 2362/404/1090
f 2359/407/734 2361/408/734 2363/409/734
f 2359/410/1091 2358/411/1091 2360/406/1091
f 2357/412/1092 2368/413/1092 2358/411/1092
f 2367/398/1087 2365/401/1087 2366/399/1087
f 2365/401/1088 2363/403/1088 2364/402/1088
f 2363/403/1089 2361/405/1089 2362/404/1089
f 2361/405/1090 2359/410/1090 2360/406/1090
f 2363/409/734 2365/416/734 2359/407/734
f 2365/416/734 2367/414/734 2359/407/734
f 2367/414/734 2357/417/734 2359/407/734
f 2359/410/1091 2357/412/1091 2358/411/1091
f 2357/412/1092 2367/415/1092 2368/413/1092
f 2379/398/1087 2378/399/1087 2380/400/1087
f 2377/401/1088 2376/402/1088 2378/399/1088
f 2375/403/1089 2374/404/1089 2376/402/1089
f 2373/405/1090 2372/406/1090 2374/404/1090
f 2371/407/734 2373/408/734 2375/409/734
f 2371/410/1091 2370/411/1091 2372/406/1091
f 2369/412/1092 2380/413/1092 2370/411/1092
f 2379/398/1087 2377/401/1087 2378/399/1087
f 2377/401/1088 2375/403/1088 2376/402/1088
f 2375/403/1089 2373/405/1089 2374/404/1089
f 2373/405/1090 2371/410/1090 2372/406/1090
f 2375/409/734 2377/416/734 2371/407/734
f 2377/416/734 2379/414/734 2371/407/734
f 2379/414/734 2369/417/734 2371/407/734
f 2371/410/1091 2369/412/1091 2370/411/1091
f 2369/412/1092 2379/415/1092 2380/413/1092
f 2391/398/1093 2390/399/1093 2392/400/1093
f 2389/401/1094 2388/402/1094 2390/399/1094
f 2387/403/1095 2386/404/1095 2388/402/1095
f 2385/405/1096 2384/406/1096 2386/404/1096
f 2383/407/734 2385/408/734 2387/409/734
f 2383/410/1097 2382/411/1097 2384/406/1097
f 2381/412/1098 2392/413/1098 2382/411/1098
f 2391/398/1093 2389/401/1093 2390/399/1093
f 2389/401/1094 2387/403/1094 2388/402/1094
f 2387/403/1095 2385/405/1095 2386/404/1095
f 2385/405/1096 2383/410/1096 2384/406/1096
f 2387/409/734 2389/416/734 2383/407/734
f 2389/416/734 2391/414/734 2383/407/734
f 2391/414/734 2381/417/734 2383/407/734
f 2383/410/1097 2381/412/1097 2382/411/1097
f 2381/412/1098 2391/415/1098 2392/413/1098
f 2403/398/1099 2402/399/1099 2404/400/1099
f 2401/401/1100 2400/402/1100 2402/399/1100
f 2399/403/1101 2398/404/1101 2400/402/1101
f 2397/405/1102 2396/406/1102 2398/404/1102
f 2395/407/734 2397/408/734 2399/409/734
f 2395/410/1103 2394/411/1103 2396/406/1103
f 2393/412/1104 2404/413/1104 2394/411/1104
f 2403/398/1099 2401/401/1099 2402/399/1099
f 2401/401/1100 2399/403/1100 2400/402/1100
f 2399/403/1101 2397/405/1101 2398/404/1101
f 2397/405/1102 2395/410/1102 2396/406/1102
f 2399/409/734 2401/416/734 2395/407/734
f 2401/416/734 2403/414/734 2395/407/734
f 2403/414/734 2393/417/734 2395/407/734
f 2395/410/1103 2393/412/1103 2394/411/1103
f 2393/412/1104 2403/415/1104 2404/413/1104
f 2415/398/1099 2414/399/1099 2416/400/1099
f 2413/401/1100 2412/402/1100 2414/399/1100
f 2411/403/1101 2410/404/1101 2412/402/1101
f 2409/405/1102 2408/406/1102 2410/404/1102
f 2407/407/734 2409/408/734 2411/409/734
f 2407/410/1103 2406/411/1103 2408/406/1103
f 2405/412/1104 2416/413/1104 2406/411/1104
f 2415/398/1099 2413/401/1099 2414/399/1099
f 2413/401/1100 2411/403/1100 2412/402/1100
f 2411/403/1101 2409/405/1101 2410/404/1101
f 2409/405/1102 2407/410/1102 2408/406/1102
f 2411/409/734 2413/416/734 2407/407/734
f 2413/416/734 2415/414/734 2407/407/734
f 2415/414/734 2405/417/734 2407/407/734
f 2407/410/1103 2405/412/1103 2406/411/1103
f 2405/412/1104 2415/415/1104 2416/413/1104
f 2427/398/1081 2426/399/1081 2428/400/1081
f 2425/401/1082 2424/402/1082 2426/399/1082
f 2423/403/1083 2422/404/1083 2424/402/1083
f 2421/405/1084 2420/406/1084 2422/404/1084
f 2419/407/734 2421/408/734 2423/409/734
f 2419/410/1085 2418/411/1085 2420/406/1085
f 2417/412/1086 2428/413/1086 2418/411/1086
f 2427/398/1081 2425/401/1081 2426/399/1081
f 2425/401/1082 2423/403/1082 2424/402/1082
f 2423/403/1083 2421/405/1083 2422/404/1083
f 2421/405/1084 2419/410/1084 2420/406/1084
f 2423/409/734 2425/416/734 2419/407/734
f 2425/416/734 2427/414/734 2419/407/734
f 2427/414/734 2417/417/734 2419/407/734
f 2419/410/1085 2417/412/1085 2418/411/1085
f 2417/412/1086 2427/415/1086 2428/413/1086
f 2439/398/1081 2438/399/1081 2440/400/1081
f 2437/401/1082 2436/402/1082 2438/399/1082
f 2435/403/1083 2434/404/1083 2436/402/1083
f 2433/405/1084 2432/406/1084 2434/404/1084
f 2431/407/734 2433/408/734 2435/409/734
f 2431/410/1085 2430/411/1085 2432/406/1085
f 2429/412/1086 2440/413/1086 2430/411/1086
f 2439/398/1081 2437/401/1081 2438/399/1081
f 2437/401/1082 2435/403/1082 2436/402/1082
f 2435/403/1083 2433/405/1083 2434/404/1083
f 2433/405/1084 2431/410/1084 2432/406/1084
f 2435/409/734 2437/416/734 2431/407/734
f 2437/416/734 2439/414/734 2431/407/734
f 2439/414/734 2429/417/734 2431/407/734
f 2431/410/1085 2429/412/1085 2430/411/1085
f 2429/412/1086 2439/415/1086 2440/413/1086
f 2451/398/1081 2450/399/1081 2452/400/1081
f 2449/401/1082 2448/402/1082 2450/399/1082
f 2447/403/1083 2446/404/1083 2448/402/1083
f 2445/405/1084 2444/406/1084 2446/404/1084
f 2443/407/734 2445/408/734 2447/409/734
f 2443/410/1085 2442/411/1085 2444/406/1085
f 2441/412/1086 2452/413/1086 2442/411/1086
f 2451/398/1081 2449/401/1081 2450/399/1081
f 2449/401/1082 2447/403/1082 2448/402/1082
f 2447/403/1083 2445/405/1083 2446/404/1083
f 2445/405/1084 2443/410/1084 2444/406/1084
f 2447/409/734 2449/416/734 2443/407/734
f 2449/416/734 2451/414/734 2443/407/734
f 2451/414/734 2441/417/734 2443/407/734
f 2443/410/1085 2441/412/1085 2442/411/1085
f 2441/412/1086 2451/415/1086 2452/413/1086
f 2463/398/1081 2462/399/1081 2464/400/1081
f 2461/401/1082 2460/402/1082 2462/399/1082
f 2459/403/1083 2458/404/1083 2460/402/1083
f 2457/405/1084 2456/406/1084 2458/404/1084
f 2455/407/734 2457/408/734 2459/409/734
f 2455/410/1085 2454/411/1085 2456/406/1085
f 2453/412/1086 2464/413/1086 2454/411/1086
f 2463/398/1081 2461/401/1081 2462/399/1081
f 2461/401/1082 2459/403/1082 2460/402/1082
f 2459/403/1083 2457/405/1083 2458/404/1083
f 2457/405/1084 2455/410/1084 2456/406/1084
f 2459/409/734 2461/416/734 2455/407/734
f 2461/416/734 2463/414/734 2455/407/734
f 2463/414/734 2453/417/734 2455/407/734
f 2455/410/1085 2453/412/1085 2454/411/1085
f 2453/412/1086 2463/415/1086 2464/413/1086
f 2475/398/1081 2474/399/1081 2476/400/1081
f 2473/401/1082 2472/402/1082 2474/399/1082
f 2471/403/1083 2470/404/1083 2472/402/1083
f 2469/405/1084 2468/406/1084 2470/404/1084
f 2467/407/734 2469/408/734 2471/409/734
f 2467/410/1085 2466/411/1085 2468/406/1085
f 2465/412/1086 2476/413/1086 2466/411/1086
f 2475/398/1081 2473/401/1081 2474/399/1081
f 2473/401/1082 2471/403/1082 2472/402/1082
f 2471/403/1083 2469/405/1083 2470/404/1083
f 2469/405/1084 2467/410/1084 2468/406/1084
f 2471/409/734 2473/416/734 2467/407/734
f 2473/416/734 2475/414/734 2467/407/734
f 2475/414/734 2465/417/734 2467/407/734
f 2467/410/1085 2465/412/1085 2466/411/1085
f 2465/412/1086 2475/415/1086 2476/413/1086
f 2487/398/1081 2486/399/1081 2488/400/1081
f 2485/401/1082 2484/402/1082 2486/399/1082
f 2483/403/1083 2482/404/1083 2484/402/1083
f 2481/405/1084 2480/406/1084 2482/404/1084
f 2479/407/734 2481/408/734 2483/409/734
f 2479/410/1085 2478/411/1085 2480/406/1085
f 2477/412/1086 2488/413/1086 2478/411/1086
f 2487/398/1081 2485/401/1081 2486/399/1081
f 2485/401/1082 2483/403/1082 2484/402/1082
f 2483/403/1083 2481/405/1083 2482/404/1083
f 2481/405/1084 2479/410/1084 2480/406/1084
f 2483/409/734 2485/416/734 2479/407/734
f 2485/416/734 2487/414/734 2479/407/734
f 2487/414/734 2477/417/734 2479/407/734
f 2479/410/1085 2477/412/1085 2478/411/1085
f 2477/412/1086 2487/415/1086 2488/413/1086
f 2499/398/1081 2498/399/1081 2500/400/1081
f 2497/401/1082 2496/402/1082 2498/399/1082
f 2495/403/1083 2494/404/1083 2496/402/1083
f 2493/405/1084 2492/406/1084 2494/404/1084
f 2491/407/734 2493/408/734 2495/409/734
f 2491/410/1085 2490/411/1085 2492/406/1085
f 2489/412/1086 2500/413/1086 2490/411/1086
f 2499/398/1081 2497/401/1081 2498/399/1081
f 2497/401/1082 2495/403/1082 2496/402/1082
f 2495/403/1083 2493/405/1083 2494/404/1083
f 2493/405/1084 2491/410/1084 2492/406/1084
f 2495/409/734 2497/416/734 2491/407/734
f 2497/416/734 2499/414/734 2491/407/734
f 2499/414/734 2489/417/734 2491/407/734
f 2491/410/1085 2489/412/1085 2490/411/1085
f 2489/412/1086 2499/415/1086 2500/413/1086
f 2511/398/1081 2510/399/1081 2512/400/1081
f 2509/401/1082 2508/402/1082 2510/399/1082
f 2507/403/1083 2506/404/1083 2508/402/1083
f 2505/405/1084 2504/406/1084 2506/404/1084
f 2503/407/734 2505/408/734 2507/409/734
f 2503/410/1085 2502/411/1085 2504/406/1085
f 2501/412/1086 2512/413/1086 2502/411/1086
f 2511/398/1081 2509/401/1081 2510/399/1081
f 2509/401/1082 2507/403/1082 2508/402/1082
f 2507/403/1083 2505/405/1083 2506/404/1083
f 2505/405/1084 2503/410/1084 2504/406/1084
f 2507/409/734 2509/416/734 2503/407/734
f 2509/416/734 2511/414/734 2503/407/734
f 2511/414/734 2501/417/734 2503/407/734
f 2503/410/1085 2501/412/1085 2502/411/1085
f 2501/412/1086 2511/415/1086 2512/413/1086
f 2523/398/1081 2522/399/1081 2524/400/1081
f 2521/401/1082 2520/402/1082 2522/399/1082
f 2519/403/1083 2518/404/1083 2520/402/1083
f 2517/405/1084 2516/406/1084 2518/404/1084
f 2515/407/734 2517/408/734 2519/409/734
f 2515/410/1085 2514/411/1085 2516/406/1085
f 2513/412/1086 2524/413/1086 2514/411/1086
f 2523/398/1081 2521/401/1081 2522/399/1081
f 2521/401/1082 2519/403/1082 2520/402/1082
f 2519/403/1083 2517/405/1083 2518/404/1083
f 2517/405/1084 2515/410/1084 2516/406/1084
f 2519/409/734 2521/416/734 2515/407/734
f 2521/416/734 2523/414/734 2515/407/734
f 2523/414/734 2513/417/734 2515/407/734
f 2515/410/1085 2513/412/1085 2514/411/1085
f 2513/412/1086 2523/415/1086 2524/413/1086
f 2535/398/1081 2534/399/1081 2536/400/1081
f 2533/401/1082 2532/402/1082 2534/399/1082
f 2531/403/1083 2530/404/1083 2532/402/1083
f 2529/405/1084 2528/406/1084 2530/404/1084
f 2527/407/734 2529/408/734 2531/409/734
f 2527/410/1085 2526/411/1085 2528/406/1085
f 2525/412/1086 2536/413/1086 2526/411/1086
f 2535/398/1081 2533/401/1081 2534/399/1081
f 2533/401/1082 2531/403/1082 2532/402/1082
f 2531/403/1083 2529/405/1083 2530/404/1083
f 2529/405/1084 2527/410/1084 2528/406/1084
f 2531/409/734 2533/416/734 2527/407/734
f 2533/416/734 2535/414/734 2527/407/734
f 2535/414/734 2525/417/734 2527/407/734
f 2527/410/1085 2525/412/1085 2526/411/1085
f 2525/412/1086 2535/415/1086 2536/413/1086
f 2547/398/1081 2546/399/1081 2548/400/1081
f 2545/401/1082 2544/402/1082 2546/399/1082
f 2543/403/1083 2542/404/1083 2544/402/1083
f 2541/405/1084 2540/406/1084 2542/404/1084
f 2539/407/734 2541/408/734 2543/409/734
f 2539/410/1085 2538/411/1085 2540/406/1085
f 2537/412/1086 2548/413/1086 2538/411/1086
f 2547/398/1081 2545/401/1081 2546/399/1081
f 2545/401/1082 2543/403/1082 2544/402/1082
f 2543/403/1083 2541/405/1083 2542/404/1083
f 2541/405/1084 2539/410/1084 2540/406/1084
f 2543/409/734 2545/416/734 2539/407/734
f 2545/416/734 2547/414/734 2539/407/734
f 2547/414/734 2537/417/734 2539/407/734
f 2539/410/1085 2537/412/1085 2538/411/1085
f 2537/412/1086 2547/415/1086 2548/413/1086
f 2559/398/1081 2558/399/1081 2560/400/1081
f 2557/401/1082 2556/402/1082 2558/399/1082
f 2555/403/1083 2554/404/1083 2556/402/1083
f 2553/405/1084 2552/406/1084 2554/404/1084
f 2551/407/734 2553/408/734 2555/409/734
f 2551/410/1085 2550/411/1085 2552/406/1085
f 2549/412/1086 2560/413/1086 2550/411/1086
f 2559/398/1081 2557/401/1081 2558/399/1081
f 2557/401/1082 2555/403/1082 2556/402/1082
f 2555/403/1083 2553/405/1083 2554/404/1083
f 2553/405/1084 2551/410/1084 2552/406/1084
f 2555/409/734 2557/416/734 2551/407/734
f 2557/416/734 2559/414/734 2551/407/734
f 2559/414/734 2549/417/734 2551/407/734
f 2551/410/1085 2549/412/1085 2550/411/1085
f 2549/412/1086 2559/415/1086 2560/413/1086
f 2571/398/1081 2570/399/1081 2572/400/1081
f 2569/401/1082 2568/402/1082 2570/399/1082
f 2567/403/1083 2566/404/1083 2568/402/1083
f 2565/405/1084 2564/406/1084 2566/404/1084
f 2563/407/734 2565/408/734 2567/409/734
f 2563/410/1085 2562/411/1085 2564/406/1085
f 2561/412/1086 2572/413/1086 2562/411/1086
f 2571/398/1081 2569/401/1081 2570/399/1081
f 2569/401/1082 2567/403/1082 2568/402/1082
f 2567/403/1083 2565/405/1083 2566/404/1083
f 2565/405/1084 2563/410/1084 2564/406/1084
f 2567/409/734 2569/416/734 2563/407/734
f 2569/416/734 2571/414/734 2563/407/734
f 2571/414/734 2561/417/734 2563/407/734
f 2563/410/1085 2561/412/1085 2562/411/1085
f 2561/412/1086 2571/415/1086 2572/413/1086
f 2583/398/1081 2582/399/1081 2584/400/1081
f 2581/401/1082 2580/402/1082 2582/399/1082
f 2579/403/1083 2578/404/1083 2580/402/1083
f 2577/405/1084 2576/406/1084 2578/404/1084
f 2575/407/734 2577/408/734 2579/409/734
f 2575/410/1085 2574/411/1085 2576/406/1085
f 2573/412/1086 2584/413/1086 2574/411/1086
f 2583/398/1081 2581/401/1081 2582/399/1081
f 2581/401/1082 2579/403/1082 2580/402/1082
f 2579/403/1083 2577/405/1083 2578/404/1083
f 2577/405/1084 2575/410/1084 2576/406/1084
f 2579/409/734 2581/416/734 2575/407/734
f 2581/416/734 2583/414/734 2575/407/734
f 2583/414/734 2573/417/734 2575/407/734
f 2575/410/1085 2573/412/1085 2574/411/1085
f 2573/412/1086 2583/415/1086 2584/413/1086
f 2595/398/1081 2594/399/1081 2596/400/1081
f 2593/401/1082 2592/402/1082 2594/399/1082
f 2591/403/1083 2590/404/1083 2592/402/1083
f 2589/405/1084 2588/406/1084 2590/404/1084
f 2587/407/734 2589/408/734 2591/409/734
f 2587/410/1085 2586/411/1085 2588/406/1085
f 2585/412/1086 2596/413/1086 2586/411/1086
f 2595/398/1081 2593/401/1081 2594/399/1081
f 2593/401/1082 2591/403/1082 2592/402/1082
f 2591/403/1083 2589/405/1083 2590/404/1083
f 2589/405/1084 2587/410/1084 2588/406/1084
f 2591/409/734 2593/416/734 2587/407/734
f 2593/416/734 2595/414/734 2587/407/734
f 2595/414/734 2585/417/734 2587/407/734
f 2587/410/1085 2585/412/1085 2586/411/1085
f 2585/412/1086 2595/415/1086 2596/413/1086
f 2607/398/1081 2606/399/1081 2608/400/1081
f 2605/401/1082 2604/402/1082 2606/399/1082
f 2603/403/1083 2602/404/1083 2604/402/1083
f 2601/405/1084 2600/406/1084 2602/404/1084
f 2599/407/734 2601/408/734 2603/409/734
f 2599/410/1085 2598/411/1085 2600/406/1085
f 2597/412/1086 2608/413/1086 2598/411/1086
f 2607/398/1081 2605/401/1081 2606/399/1081
f 2605/401/1082 2603/403/1082 2604/402/1082
f 2603/403/1083 2601/405/1083 2602/404/1083
f 2601/405/1084 2599/410/1084 2600/406/1084
f 2603/409/734 2605/416/734 2599/407/734
f 2605/416/734 2607/414/734 2599/407/734
f 2607/414/734 2597/417/734 2599/407/734
f 2599/410/1085 2597/412/1085 2598/411/1085
f 2597/412/1086 2607/415/1086 2608/413/1086
f 2619/398/1081 2618/399/1081 2620/400/1081
f 2617/401/1082 2616/402/1082 2618/399/1082
f 2615/403/1083 2614/404/1083 2616/402/1083
f 2613/405/1084 2612/406/1084 2614/404/1084
f 2611/407/734 2613/408/734 2615/409/734
f 2611/410/1085 2610/411/1085 2612/406/1085
f 2609/412/1086 2620/413/1086 2610/411/1086
f 2619/398/1081 2617/401/1081 2618/399/1081
f 2617/401/1082 2615/403/1082 2616/402/1082
f 2615/403/1083 2613/405/1083 2614/404/1083
f 2613/405/1084 2611/410/1084 2612/406/1084
f 2615/409/734 2617/416/734 2611/407/734
f 2617/416/734 2619/414/734 2611/407/734
f 2619/414/734 2609/417/734 2611/407/734
f 2611/410/1085 2609/412/1085 2610/411/1085
f 2609/412/1086 2619/415/1086 2620/413/1086
f 2631/398/1081 2630/399/1081 2632/400/1081
f 2629/401/1082 2628/402/1082 2630/399/1082
f 2627/403/1083 2626/404/1083 2628/402/1083
f 2625/405/1084 2624/406/1084 2626/404/1084
f 2623/407/734 2625/408/734 2627/409/734
f 2623/410/1085 2622/411/1085 2624/406/1085
f 2621/412/1086 2632/413/1086 2622/411/1086
f 2631/398/1081 2629/401/1081 2630/399/1081
f 2629/401/1082 2627/403/1082 2628/402/1082
f 2627/403/1083 2625/405/1083 2626/404/1083
f 2625/405/1084 2623/410/1084 2624/406/1084
f 2627/409/734 2629/416/734 2623/407/734
f 2629/416/734 2631/414/734 2623/407/734
f 2631/414/734 2621/417/734 2623/407/734
f 2623/410/1085 2621/412/1085 2622/411/1085
f 2621/412/1086 2631/415/1086 2632/413/1086
f 2643/398/1081 2642/399/1081 2644/400/1081
f 2641/401/1082 2640/402/1082 2642/399/1082
f 2639/403/1083 2638/404/1083 2640/402/1083
f 2637/405/1084 2636/406/1084 2638/404/1084
f 2635/407/734 2637/408/734 2639/409/734
f 2635/410/1085 2634/411/1085 2636/406/1085
f 2633/412/1086 2644/413/1086 2634/411/1086
f 2643/398/1081 2641/401/1081 2642/399/1081
f 2641/401/1082 2639/403/1082 2640/402/1082
f 2639/403/1083 2637/405/1083 2638/404/1083
f 2637/405/1084 2635/410/1084 2636/406/1084
f 2639/409/734 2641/416/734 2635/407/734
f 2641/416/734 2643/414/734 2635/407/734
f 2643/414/734 2633/417/734 2635/407/734
f 2635/410/1085 2633/412/1085 2634/411/1085
f 2633/412/1086 2643/415/1086 2644/413/1086
f 2655/398/1081 2654/399/1081 2656/400/1081
f 2653/401/1082 2652/402/1082 2654/399/1082
f 2651/403/1083 2650/404/1083 2652/402/1083
f 2649/405/1084 2648/406/1084 2650/404/1084
f 2647/407/734 2649/408/734 2651/409/734
f 2647/410/1085 2646/411/1085 2648/406/1085
f 2645/412/1086 2656/413/1086 2646/411/1086
f 2655/398/1081 2653/401/1081 2654/399/1081
f 2653/401/1082 2651/403/1082 2652/402/1082
f 2651/403/1083 2649/405/1083 2650/404/1083
f 2649/405/1084 2647/410/1084 2648/406/1084
f 2651/409/734 2653/416/734 2647/407/734
f 2653/416/734 2655/414/734 2647/407/734
f 2655/414/734 2645/417/734 2647/407/734
f 2647/410/1085 2645/412/1085 2646/411/1085
f 2645/412/1086 2655/415/1086 2656/413/1086
f 2667/398/1081 2666/399/1081 2668/400/1081
f 2665/401/1082 2664/402/1082 2666/399/1082
f 2663/403/1083 2662/404/1083 2664/402/1083
f 2661/405/1084 2660/406/1084 2662/404/1084
f 2659/407/734 2661/408/734 2663/409/734
f 2659/410/1085 2658/411/1085 2660/406/1085
f 2657/412/1086 2668/413/1086 2658/411/1086
f 2667/398/1081 2665/401/1081 2666/399/1081
f 2665/401/1082 2663/403/1082 2664/402/1082
f 2663/403/1083 2661/405/1083 2662/404/1083
f 2661/405/1084 2659/410/1084 2660/406/1084
f 2663/409/734 2665/416/734 2659/407/734
f 2665/416/734 2667/414/734 2659/407/734
f 2667/414/734 2657/417/734 2659/407/734
f 2659/410/1085 2657/412/1085 2658/411/1085
f 2657/412/1086 2667/415/1086 2668/413/1086
f 2679/398/1081 2678/399/1081 2680/400/1081
f 2677/401/1082 2676/402/1082 2678/399/1082
f 2675/403/1083 2674/404/1083 2676/402/1083
f 2673/405/1084 2672/406/1084 2674/404/1084
f 2671/407/734 2673/408/734 2675/409/734
f 2671/410/1085 2670/411/1085 2672/406/1085
f 2669/412/1086 2680/413/1086 2670/411/1086
f 2679/398/1081 2677/401/1081 2678/399/1081
f 2677/401/1082 2675/403/1082 2676/402/1082
f 2675/403/1083 2673/405/1083 2674/404/1083
f 2673/405/1084 2671/410/1084 2672/406/1084
f 2675/409/734 2677/416/734 2671/407/734
f 2677/416/734 2679/414/734 2671/407/734
f 2679/414/734 2669/417/734 2671/407/734
f 2671/410/1085 2669/412/1085 2670/411/1085
f 2669/412/1086 2679/415/1086 2680/413/1086
f 2691/398/1081 2690/399/1081 2692/400/1081
f 2689/401/1082 2688/402/1082 2690/399/1082
f 2687/403/1083 2686/404/1083 2688/402/1083
f 2685/405/1084 2684/406/1084 2686/404/1084
f 2683/407/734 2685/408/734 2687/409/734
f 2683/410/1085 2682/411/1085 2684/406/1085
f 2681/412/1086 2692/413/1086 2682/411/1086
f 2691/398/1081 2689/401/1081 2690/399/1081
f 2689/401/1082 2687/403/1082 2688/402/1082
f 2687/403/1083 2685/405/1083 2686/404/1083
f 2685/405/1084 2683/410/1084 2684/406/1084
f 2687/409/734 2689/416/734 2683/407/734
f 2689/416/734 2691/414/734 2683/407/734
f 2691/414/734 2681/417/734 2683/407/734
f 2683/410/1085 2681/412/1085 2682/411/1085
f 2681/412/1086 2691/415/1086 2692/413/1086
f 2703/398/1081 2702/399/1081 2704/400/1081
f 2701/401/1082 2700/402/1082 2702/399/1082
f 2699/403/1083 2698/404/1083 2700/402/1083
f 2697/405/1084 2696/406/1084 2698/404/1084
f 2695/407/734 2697/408/734 2699/409/734
f 2695/410/1085 2694/411/1085 2696/406/1085
f 2693/412/1086 2704/413/1086 2694/411/1086
f 2703/398/1081 2701/401/1081 2702/399/1081
f 2701/401/1082 2699/403/1082 2700/402/1082
f 2699/403/1083 2697/405/1083 2698/404/1083
f 2697/405/1084 2695/410/1084 2696/406/1084
f 2699/409/734 2701/416/734 2695/407/734
f 2701/416/734 2703/414/734 2695/407/734
f 2703/414/734 2693/417/734 2695/407/734
f 2695/410/1085 2693/412/1085 2694/411/1085
f 2693/412/1086 2703/415/1086 2704/413/1086
f 2715/398/1081 2714/399/1081 2716/400/1081
f 2713/401/1082 2712/402/1082 2714/399/1082
f 2711/403/1083 2710/404/1083 2712/402/1083
f 2709/405/1084 2708/406/1084 2710/404/1084
f 2707/407/734 2709/408/734 2711/409/734
f 2707/410/1085 2706/411/1085 2708/406/1085
f 2705/412/1086 2716/413/1086 2706/411/1086
f 2715/398/1081 2713/401/1081 2714/399/1081
f 2713/401/1082 2711/403/1082 2712/402/1082
f 2711/403/1083 2709/405/1083 2710/404/1083
f 2709/405/1084 2707/410/1084 2708/406/1084
f 2711/409/734 2713/416/734 2707/407/734
f 2713/416/734 2715/414/734 2707/407/734
f 2715/414/734 2705/417/734 2707/407/734
f 2707/410/1085 2705/412/1085 2706/411/1085
f 2705/412/1086 2715/415/1086 2716/413/1086
f 2727/398/1081 2726/399/1081 2728/400/1081
f 2725/401/1082 2724/402/1082 2726/399/1082
f 2723/403/1083 2722/404/1083 2724/402/1083
f 2721/405/1084 2720/406/1084 2722/404/1084
f 2719/407/734 2721/408/734 2723/409/734
f 2719/410/1085 2718/411/1085 2720/406/1085
f 2717/412/1086 2728/413/1086 2718/411/1086
f 2727/398/1081 2725/401/1081 2726/399/1081
f 2725/401/1082 2723/403/1082 2724/402/1082
f 2723/403/1083 2721/405/1083 2722/404/1083
f 2721/405/1084 2719/410/1084 2720/406/1084
f 2723/409/734 2725/416/734 2719/407/734
f 2725/416/734 2727/414/734 2719/407/734
f 2727/414/734 2717/417/734 2719/407/734
f 2719/410/1085 2717/412/1085 2718/411/1085
f 2717/412/1086 2727/415/1086 2728/413/1086
f 2739/398/1081 2738/399/1081 2740/400/1081
f 2737/401/1082 2736/402/1082 2738/399/1082
f 2735/403/1083 2734/404/1083 2736/402/1083
f 2733/405/1084 2732/406/1084 2734/404/1084
f 2731/407/734 2733/408/734 2735/409/734
f 2731/410/1085 2730/411/1085 2732/406/1085
f 2729/412/1086 2740/413/1086 2730/411/1086
f 2739/398/1081 2737/401/1081 2738/399/1081
f 2737/401/1082 2735/403/1082 2736/402/1082
f 2735/403/1083 2733/405/1083 2734/404/1083
f 2733/405/1084 2731/410/1084 2732/406/1084
f 2735/409/734 2737/416/734 2731/407/734
f 2737/416/734 2739/414/734 2731/407/734
f 2739/414/734 2729/417/734 2731/407/734
f 2731/410/1085 2729/412/1085 2730/411/1085
f 2729/412/1086 2739/415/1086 2740/413/1086
f 2751/398/1081 2750/399/1081 2752/400/1081
f 2749/401/1082 2748/402/1082 2750/399/1082
f 2747/403/1083 2746/404/1083 2748/402/1083
f 2745/405/1084 2744/406/1084 2746/404/1084
f 2743/407/734 2745/408/734 2747/409/734
f 2743/410/1085 2742/411/1085 2744/406/1085
f 2741/412/1086 2752/413/1086 2742/411/1086
f 2751/398/1081 2749/401/1081 2750/399/1081
f 2749/401/1082 2747/403/1082 2748/402/1082
f 2747/403/1083 2745/405/1083 2746/404/1083
f 2745/405/1084 2743/410/1084 2744/406/1084
f 2747/409/734 2749/416/734 2743/407/734
f 2749/416/734 2751/414/734 2743/407/734
f 2751/414/734 2741/417/734 2743/407/734
f 2743/410/1085 2741/412/1085 2742/411/1085
f 2741/412/1086 2751/415/1086 2752/413/1086
f 2763/398/1081 2762/399/1081 2764/400/1081
f 2761/401/1082 2760/402/1082 2762/399/1082
f 2759/403/1083 2758/404/1083 2760/402/1083
f 2757/405/1084 2756/406/1084 2758/404/1084
f 2755/407/734 2757/408/734 2759/409/734
f 2755/410/1085 2754/411/1085 2756/406/1085
f 2753/412/1086 2764/413/1086 2754/411/1086
f 2763/398/1081 2761/401/1081 2762/399/1081
f 2761/401/1082 2759/403/1082 2760/402/1082
f 2759/403/1083 2757/405/1083 2758/404/1083
f 2757/405/1084 2755/410/1084 2756/406/1084
f 2759/409/734 2761/416/734 2755/407/734
f 2761/416/734 2763/414/734 2755/407/734
f 2763/414/734 2753/417/734 2755/407/734
f 2755/410/1085 2753/412/1085 2754/411/1085
f 2753/412/1086 2763/415/1086 2764/413/1086
f 2775/398/1081 2774/399/1081 2776/400/1081
f 2773/401/1082 2772/402/1082 2774/399/1082
f 2771/403/1083 2770/404/1083 2772/402/1083
f 2769/405/1084 2768/406/1084 2770/404/1084
f 2767/407/734 2769/408/734 2771/409/734
f 2767/410/1085 2766/411/1085 2768/406/1085
f 2765/412/1086 2776/413/1086 2766/411/1086
f 2775/398/1081 2773/401/1081 2774/399/1081
f 2773/401/1082 2771/403/1082 2772/402/1082
f 2771/403/1083 2769/405/1083 2770/404/1083
f 2769/405/1084 2767/410/1084 2768/406/1084
f 2771/409/734 2773/416/734 2767/407/734
f 2773/416/734 2775/414/734 2767/407/734
f 2775/414/734 2765/417/734 2767/407/734
f 2767/410/1085 2765/412/1085 2766/411/1085
f 2765/412/1086 2775/415/1086 2776/413/1086
f 2787/398/1081 2786/399/1081 2788/400/1081
f 2785/401/1082 2784/402/1082 2786/399/1082
f 2783/403/1083 2782/404/1083 2784/402/1083
f 2781/405/1084 2780/406/1084 2782/404/1084
f 2779/407/734 2781/408/734 2783/409/734
f 2779/410/1085 2778/411/1085 2780/406/1085
f 2777/412/1086 2788/413/1086 2778/411/1086
f 2787/398/1081 2785/401/1081 2786/399/1081
f 2785/401/1082 2783/403/1082 2784/402/1082
f 2783/403/1083 2781/405/1083 2782/404/1083
f 2781/405/1084 2779/410/1084 2780/406/1084
f 2783/409/734 2785/416/734 2779/407/734
f 2785/416/734 2787/414/734 2779/407/734
f 2787/414/734 2777/417/734 2779/407/734
f 2779/410/1085 2777/412/1085 2778/411/1085
f 2777/412/1086 2787/415/1086 2788/413/1086
f 2799/398/1081 2798/399/1081 2800/400/1081
f 2797/401/1082 2796/402/1082 2798/399/1082
f 2795/403/1083 2794/404/1083 2796/402/1083
f 2793/405/1084 2792/406/1084 2794/404/1084
f 2791/407/734 2793/408/734 2795/409/734
f 2791/410/1085 2790/411/1085 2792/406/1085
f 2789/412/1086 2800/413/1086 2790/411/1086
f 2799/398/1081 2797/401/1081 2798/399/1081
f 2797/401/1082 2795/403/1082 2796/402/1082
f 2795/403/1083 2793/405/1083 2794/404/1083
f 2793/405/1084 2791/410/1084 2792/406/1084
f 2795/409/734 2797/416/734 2791/407/734
f 2797/416/734 2799/414/734 2791/407/734
f 2799/414/734 2789/417/734 2791/407/734
f 2791/410/1085 2789/412/1085 2790/411/1085
f 2789/412/1086 2799/415/1086 2800/413/1086
f 2811/398/1081 2810/399/1081 2812/400/1081
f 2809/401/1082 2808/402/1082 2810/399/1082
f 2807/403/1083 2806/404/1083 2808/402/1083
f 2805/405/1084 2804/406/1084 2806/404/1084
f 2803/407/734 2805/408/734 2807/409/734
f 2803/410/1085 2802/411/1085 2804/406/1085
f 2801/412/1086 2812/413/1086 2802/411/1086
f 2811/398/1081 2809/401/1081 2810/399/1081
f 2809/401/1082 2807/403/1082 2808/402/1082
f 2807/403/1083 2805/405/1083 2806/404/1083
f 2805/405/1084 2803/410/1084 2804/406/1084
f 2807/409/734 2809/416/734 2803/407/734
f 2809/416/734 2811/414/734 2803/407/734
f 2811/414/734 2801/417/734 2803/407/734
f 2803/410/1085 2801/412/1085 2802/411/1085
f 2801/412/1086 2811/415/1086 2812/413/1086
f 2823/398/1081 2822/399/1081 2824/400/1081
f 2821/401/1082 2820/402/1082 2822/399/1082
f 2819/403/1083 2818/404/1083 2820/402/1083
f 2817/405/1084 2816/406/1084 2818/404/1084
f 2815/407/734 2817/408/734 2819/409/734
f 2815/410/1085 2814/411/1085 2816/406/1085
f 2813/412/1086 2824/413/1086 2814/411/1086
f 2823/398/1081 2821/401/1081 2822/399/1081
f 2821/401/1082 2819/403/1082 2820/402/1082
f 2819/403/1083 2817/405/1083 2818/404/1083
f 2817/405/1084 2815/410/1084 2816/406/1084
f 2819/409/734 2821/416/734 2815/407/734
f 2821/416/734 2823/414/734 2815/407/734
f 2823/414/734 2813/417/734 2815/407/734
f 2815/410/1085 2813/412/1085 2814/411/1085
f 2813/412/1086 2823/415/1086 2824/413/1086
f 2835/398/1081 2834/399/1081 2836/400/1081
f 2833/401/1082 2832/402/1082 2834/399/1082
f 2831/403/1083 2830/404/1083 2832/402/1083
f 2829/405/1084 2828/406/1084 2830/404/1084
f 2827/407/734 2829/408/734 2831/409/734
f 2827/410/1085 2826/411/1085 2828/406/1085
f 2825/412/1086 2836/413/1086 2826/411/1086
f 2835/398/1081 2833/401/1081 2834/399/1081
f 2833/401/1082 2831/403/1082 2832/402/1082
f 2831/403/1083 2829/405/1083 2830/404/1083
f 2829/405/1084 2827/410/1084 2828/406/1084
f 2831/409/734 2833/416/734 2827/407/734
f 2833/416/734 2835/414/734 2827/407/734
f 2835/414/734 2825/417/734 2827/407/734
f 2827/410/1085 2825/412/1085 2826/411/1085
f 2825/412/1086 2835/415/1086 2836/413/1086
f 2847/398/1081 2846/399/1081 2848/400/1081
f 2845/401/1082 2844/402/1082 2846/399/1082
f 2843/403/1083 2842/404/1083 2844/402/1083
f 2841/405/1084 2840/406/1084 2842/404/1084
f 2839/407/734 2841/408/734 2843/409/734
f 2839/410/1085 2838/411/1085 2840/406/1085
f 2837/412/1086 2848/413/1086 2838/411/1086
f 2847/398/1081 2845/401/1081 2846/399/1081
f 2845/401/1082 2843/403/1082 2844/402/1082
f 2843/403/1083 2841/405/1083 2842/404/1083
f 2841/405/1084 2839/410/1084 2840/406/1084
f 2843/409/734 2845/416/734 2839/407/734
f 2845/416/734 2847/414/734 2839/407/734
f 2847/414/734 2837/417/734 2839/407/734
f 2839/410/1085 2837/412/1085 2838/411/1085
f 2837/412/1086 2847/415/1086 2848/413/1086
f 2859/398/1081 2858/399/1081 2860/400/1081
f 2857/401/1082 2856/402/1082 2858/399/1082
f 2855/403/1083 2854/404/1083 2856/402/1083
f 2853/405/1084 2852/406/1084 2854/404/1084
f 2851/407/734 2853/408/734 2855/409/734
f 2851/410/1085 2850/411/1085 2852/406/1085
f 2849/412/1086 2860/413/1086 2850/411/1086
f 2859/398/1081 2857/401/1081 2858/399/1081
f 2857/401/1082 2855/403/1082 2856/402/1082
f 2855/403/1083 2853/405/1083 2854/404/1083
f 2853/405/1084 2851/410/1084 2852/406/1084
f 2855/409/734 2857/416/734 2851/407/734
f 2857/416/734 2859/414/734 2851/407/734
f 2859/414/734 2849/417/734 2851/407/734
f 2851/410/1085 2849/412/1085 2850/411/1085
f 2849/412/1086 2859/415/1086 2860/413/1086
f 2871/398/730 2870/399/730 2872/400/730
f 2869/401/731 2868/402/731 2870/399/731
f 2867/403/732 2866/404/732 2868/402/732
f 2865/405/733 2864/406/733 2866/404/733
f 2863/407/734 2865/408/734 2867/409/734
f 2863/410/735 2862/411/735 2864/406/735
f 2871/398/730 2869/401/730 2870/399/730
f 2869/401/731 2867/403/731 2868/402/731
f 2865/405/733 2863/410/733 2864/406/733
f 2867/409/734 2869/416/734 2863/407/734
f 2869/416/734 2871/414/734 2863/407/734
f 2871/414/734 2861/417/734 2863/407/734
f 2863/410/735 2861/412/735 2862/411/735
f 2862/411/833 2874/406/833 2864/406/833
f 2868/402/834 2875/404/834 2876/402/834
f 2870/399/835 2878/400/835 2872/400/835
f 2862/411/836 2878/413/836 2873/411/836
f 2868/402/837 2877/399/837 2870/399/837
f 2864/406/838 2875/404/838 2866/404/838
f 2878/413/736 2879/411/736 2873/411/736
f 2874/406/733 2881/404/733 2875/404/733
f 2877/399/730 2884/400/730 2878/400/730
f 2875/404/732 2882/402/732 2876/402/732
f 2873/411/735 2880/406/735 2874/406/735
f 2876/402/731 2883/399/731 2877/399/731
f 2880/406/733 2887/404/733 2881/404/733
f 2879/411/735 2886/406/735 2880/406/735
f 2884/413/736 2885/411/736 2879/411/736
f 2881/404/732 2888/402/732 2882/402/732
f 2882/402/731 2889/399/731 2883/399/731
f 2883/399/730 2890/400/730 2884/400/730
f 2885/411/735 2892/406/735 2886/406/735
f 2890/413/736 2891/411/736 2885/411/736
f 2887/404/732 2894/402/732 2888/402/732
f 2888/402/731 2895/399/731 2889/399/731
f 2889/399/730 2896/400/730 2890/400/730
f 2886/406/733 2893/404/733 2887/404/733
f 2862/411/833 2873/411/833 2874/406/833
f 2868/402/834 2866/404/834 2875/404/834
f 2870/399/835 2877/399/835 2878/400/835
f 2862/411/836 2872/413/836 2878/413/836
f 2868/402/837 2876/402/837 2877/399/837
f 2864/406/838 2874/406/838 2875/404/838
f 2878/413/736 2884/413/736 2879/411/736
f 2874/406/733 2880/406/733 2881/404/733
f 2877/399/730 2883/399/730 2884/400/730
f 2875/404/732 2881/404/732 2882/402/732
f 2873/411/735 2879/411/735 2880/406/735
f 2876/402/731 2882/402/731 2883/399/731
f 2880/406/733 2886/406/733 2887/404/733
f 2879/411/735 2885/411/735 2886/406/735
f 2884/413/736 2890/413/736 2885/411/736
f 2881/404/732 2887/404/732 2888/402/732
f 2882/402/731 2888/402/731 2889/399/731
f 2883/399/730 2889/399/730 2890/400/730
f 2885/411/735 2891/411/735 2892/406/735
f 2890/413/736 2896/413/736 2891/411/736
f 2887/404/732 2893/404/732 2894/402/732
f 2888/402/731 2894/402/731 2895/399/731
f 2889/399/730 2895/399/730 2896/400/730
f 2886/406/733 2892/406/733 2893/404/733
f 2907/398/730 2906/399/730 2908/400/730
f 2905/401/731 2904/402/731 2906/399/731
f 2903/403/732 2902/404/732 2904/402/732
f 2901/405/733 2900/406/733 2902/404/733
f 2899/407/734 2901/408/734 2903/409/734
f 2899/410/735 2898/411/735 2900/406/735
f 2907/398/730 2905/401/730 2906/399/730
f 2905/401/731 2903/403/731 2904/402/731
f 2901/405/733 2899/410/733 2900/406/733
f 2903/409/734 2905/416/734 2899/407/734
f 2905/416/734 2907/414/734 2899/407/734
f 2907/414/734 2897/417/734 2899/407/734
f 2899/410/735 2897/412/735 2898/411/735
f 2898/411/833 2910/406/833 2900/406/833
f 2904/402/834 2911/404/834 2912/402/834
f 2906/399/835 2914/400/835 2908/400/835
f 2898/411/836 2914/413/836 2909/411/836
f 2904/402/837 2913/399/837 2906/399/837
f 2900/406/838 2911/404/838 2902/404/838
f 2914/413/736 2915/411/736 2909/411/736
f 2910/406/733 2917/404/733 2911/404/733
f 2913/399/730 2920/400/730 2914/400/730
f 2911/404/732 2918/402/732 2912/402/732
f 2909/411/735 2916/406/735 2910/406/735
f 2912/402/731 2919/399/731 2913/399/731
f 2916/406/733 2923/404/733 2917/404/733
f 2915/411/735 2922/406/735 2916/406/735
f 2920/413/736 2921/411/736 2915/411/736
f 2917/404/732 2924/402/732 2918/402/732
f 2918/402/731 2925/399/731 2919/399/731
f 2919/399/730 2926/400/730 2920/400/730
f 2921/411/735 2928/406/735 2922/406/735
f 2926/413/736 2927/411/736 2921/411/736
f 2923/404/732 2930/402/732 2924/402/732
f 2924/402/731 2931/399/731 2925/399/731
f 2925/399/730 2932/400/730 2926/400/730
f 2922/406/733 2929/404/733 2923/404/733
f 2898/411/833 2909/411/833 2910/406/833
f 2904/402/834 2902/404/834 2911/404/834
f 2906/399/835 2913/399/835 2914/400/835
f 2898/411/836 2908/413/836 2914/413/836
f 2904/402/837 2912/402/837 2913/399/837
f 2900/406/838 2910/406/838 2911/404/838
f 2914/413/736 2920/413/736 2915/411/736
f 2910/406/733 2916/406/733 2917/404/733
f 2913/399/730 2919/399/730 2920/400/730
f 2911/404/732 2917/404/732 2918/402/732
f 2909/411/735 2915/411/735 2916/406/735
f 2912/402/731 2918/402/731 2919/399/731
f 2916/406/733 2922/406/733 2923/404/733
f 2915/411/735 2921/411/735 2922/406/735
f 2920/413/736 2926/413/736 2921/411/736
f 2917/404/732 2923/404/732 2924/402/732
f 2918/402/731 2924/402/731 2925/399/731
f 2919/399/730 2925/399/730 2926/400/730
f 2921/411/735 2927/411/735 2928/406/735
f 2926/413/736 2932/413/736 2927/411/736
f 2923/404/732 2929/404/732 2930/402/732
f 2924/402/731 2930/402/731 2931/399/731
f 2925/399/730 2931/399/730 2932/400/730
f 2922/406/733 2928/406/733 2929/404/733
f 2943/398/730 2942/399/730 2944/400/730
f 2941/401/731 2940/402/731 2942/399/731
f 2939/403/732 2938/404/732 2940/402/732
f 2937/405/733 2936/406/733 2938/404/733
f 2935/407/734 2937/408/734 2939/409/734
f 2935/410/735 2934/411/735 2936/406/735
f 2943/398/730 2941/401/730 2942/399/730
f 2941/401/731 2939/403/731 2940/402/731
f 2937/405/733 2935/410/733 2936/406/733
f 2939/409/734 2941/416/734 2935/407/734
f 2941/416/734 2943/414/734 2935/407/734
f 2943/414/734 2933/417/734 2935/407/734
f 2935/410/735 2933/412/735 2934/411/735
f 2934/411/833 2946/406/833 2936/406/833
f 2940/402/834 2947/404/834 2948/402/834
f 2942/399/835 2950/400/835 2944/400/835
f 2934/411/836 2950/413/836 2945/411/836
f 2940/402/837 2949/399/837 2942/399/837
f 2936/406/838 2947/404/838 2938/404/838
f 2950/413/736 2951/411/736 2945/411/736
f 2946/406/733 2953/404/733 2947/404/733
f 2949/399/730 2956/400/730 2950/400/730
f 2947/404/732 2954/402/732 2948/402/732
f 2945/411/735 2952/406/735 2946/406/735
f 2948/402/731 2955/399/731 2949/399/731
f 2952/406/733 2959/404/733 2953/404/733
f 2951/411/735 2958/406/735 2952/406/735
f 2956/413/736 2957/411/736 2951/411/736
f 2953/404/732 2960/402/732 2954/402/732
f 2954/402/731 2961/399/731 2955/399/731
f 2955/399/730 2962/400/730 2956/400/730
f 2957/411/735 2964/406/735 2958/406/735
f 2962/413/736 2963/411/736 2957/411/736
f 2959/404/732 2966/402/732 2960/402/732
f 2960/402/731 2967/399/731 2961/399/731
f 2961/399/730 2968/400/730 2962/400/730
f 2958/406/733 2965/404/733 2959/404/733
f 2934/411/833 2945/411/833 2946/406/833
f 2940/402/834 2938/404/834 2947/404/834
f 2942/399/835 2949/399/835 2950/400/835
f 2934/411/836 2944/413/836 2950/413/836
f 2940/402/837 2948/402/837 2949/399/837
f 2936/406/838 2946/406/838 2947/404/838
f 2950/413/736 2956/413/736 2951/411/736
f 2946/406/733 2952/406/733 2953/404/733
f 2949/399/730 2955/399/730 2956/400/730
f 2947/404/732 2953/404/732 2954/402/732
f 2945/411/735 2951/411/735 2952/406/735
f 2948/402/731 2954/402/731 2955/399/731
f 2952/406/733 2958/406/733 2959/404/733
f 2951/411/735 2957/411/735 2958/406/735
f 2956/413/736 2962/413/736 2957/411/736
f 2953/404/732 2959/404/732 2960/402/732
f 2954/402/731 2960/402/731 2961/399/731
f 2955/399/730 2961/399/730 2962/400/730
f 2957/411/735 2963/411/735 2964/406/735
f 2962/413/736 2968/413/736 2963/411/736
f 2959/404/732 2965/404/732 2966/402/732
f 2960/402/731 2966/402/731 2967/399/731
f 2961/399/730 2967/399/730 2968/400/730
f 2958/406/733 2964/406/733 2965/404/733
f 2861/479/736 2871/480/736 2872/481/736 2862/482/736
f 2898/483/736 2897/484/736 2907/485/736 2908/486/736
f 2866/404/732 2867/403/732 2865/408/732
f 2901/408/732 2902/404/732 2903/409/732
f 2937/408/732 2938/404/732 2939/409/732
f 2934/411/736 2933/417/736 2943/398/736 2944/413/736
f 1968/487/734 1967/488/734 2969/488/734 2970/487/734
l 7 5
l 71 70
l 1261 1260
l 1274 1275
l 1276 1277
l 1277 1278
l 1279 1276
